site_id,water_year,peak_swe,peak_day,sm50_day,apr1_swe,peak_swe_pct,sm50_diff
301,1985,19,186,198,18.8,149,0
301,1986,17.3,170,205,14.7,136,7
301,1987,11.4,182,197,11.2,89,-1
301,1988,8.4,168,185,5.6,66,-13
301,1989,18.6,171,198,17.5,146,0
301,1990,12,166,185,7.6,94,-13
301,1991,6.3,180,197,5.6,49,-1
301,1992,5.5,159,181,0.3,43,-17
301,1993,21.4,148,212,16.7,168,14
301,1994,10.9,178,195,8.6,85,-3
301,1995,23.5,175,232,22.9,184,34
301,1996,15.4,187,212,15,121,14
301,1997,11.3,168,198,8.5,89,0
301,1998,23.5,200,217,20.7,184,19
301,1999,22.1,195,213,20.1,173,15
301,2000,15.2,165,190,11.6,119,-8
301,2001,10.3,157,182,4,81,-16
301,2002,12.1,178,193,11.6,95,-5
301,2003,8.7,110,165,3.2,68,-33
301,2004,17.5,154,186,8.9,137,-12
301,2005,11.5,187,207,10.6,90,9
301,2006,18.1,200,216,14.6,142,18
301,2007,9.3,154,183,4.6,73,-15
301,2008,14.5,159,200,13.2,114,2
301,2009,13.4,167,201,11,105,3
301,2010,14.5,189,217,13.3,114,19
301,2011,18.8,180,220,18.7,147,22
301,2012,8.4,198,206,6.8,66,8
301,2013,8.8,161,176,1.3,69,-22
301,2014,4,187,192,3.6,31,-6
301,2015,2.5,109,120,0,20,-78
301,2016,18.1,149,191,15.9,142,-7
301,2017,22.8,160,211,19,179,13
301,2018,7.3,178,188,5.8,57,-10
301,2019,22.6,168,204,21.4,177,6
301,2020,8.8,124,198,7.3,69,0
301,2021,14.3,176,189,11,112,-9
301,2022,10.8,168,180,3.4,85,-18
301,2023,25.7,185,211,25.1,202,13
301,2024,17,187,206,16.5,133,8
301,2025,18.5,173,198,16.8,145,0
301,2026,5.1,147,159,0.1,40,-39
302,1983,32.9,216,265,29.6,127,14
302,1984,35.8,220,269,28.6,138,18
302,1985,24.8,183,234,24.8,95,-17
302,1986,29.2,226,243,27.7,112,-8
302,1987,22.1,186,221,22.1,85,-30
302,1988,23.6,193,237,22.3,91,-14
302,1989,26.7,188,249,25.3,103,-2
302,1990,22.6,182,249,22.5,87,-2
302,1991,27,212,263,21.3,104,12
302,1992,18.9,202,221,17,73,-30
302,1993,31.9,220,238,25.7,123,-13
302,1994,25,198,245,23,96,-6
302,1995,42.1,221,271,35.2,162,20
302,1996,29.7,213,259,24.7,114,8
302,1997,50.1,213,253,41,193,2
302,1998,28.6,204,271,24,110,20
302,1999,37.6,215,253,34.6,145,2
302,2000,25.7,194,238,25.6,99,-13
302,2001,17,207,237,13.2,65,-14
302,2002,26.8,211,251,25.8,103,0
302,2003,27.9,225,248,21.8,107,-3
302,2004,23.5,213,256,22.1,90,5
302,2005,20.4,206,244,14.3,78,-7
302,2006,35,206,245,29.9,135,-6
302,2007,18.7,208,243,14.9,72,-8
302,2008,29.8,217,270,27,115,19
302,2009,25.6,227,251,18.9,98,0
302,2010,24.8,226,267,16.7,95,16
302,2011,28.4,223,272,22.2,109,21
302,2012,25.2,203,249,23.7,97,-2
302,2013,24.3,206,251,20.1,93,0
302,2014,26.3,212,251,24.1,101,0
302,2015,15,196,236,13.7,58,-15
302,2016,26.6,215,250,25.1,102,-1
302,2017,32.8,216,252,27.1,126,1
302,2018,21.7,215,243,17.7,83,-8
302,2019,25,205,257,20.4,96,6
302,2020,20.2,209,257,17.6,78,6
302,2021,17.1,198,228,16.8,66,-23
302,2022,21.2,227,261,13.8,82,10
302,2023,27.4,206,244,23.5,105,-7
302,2024,20,222,252,15.6,77,1
302,2025,22.3,210,248,21.4,86,-3
302,2026,13,213,225,10.8,50,-26
303,1981,4,189,202,3.6,53,16
303,1982,9.7,176,193,8,128,7
303,1983,15.3,209,222,11,203,36
303,1984,15.6,193,223,15.1,207,37
303,1985,7.6,184,193,7.6,101,7
303,1986,3.8,147,150,0.6,50,-36
303,1987,16.1,196,229,14.7,213,43
303,1988,9.3,174,180,1.6,123,-6
303,1989,9.1,147,180,2.4,121,-6
303,1990,5.2,160,174,2.3,69,-12
303,1991,6.8,172,194,5.4,90,8
303,1992,10.1,186,197,9.7,134,11
303,1993,16.9,191,212,14.7,224,26
303,1994,9.5,200,207,5.7,126,21
303,1995,7.7,218,228,3.7,102,42
303,1996,4.7,137,165,1.1,62,-21
303,1997,6.7,157,171,0.1,89,-15
303,1998,10.8,172,198,8.6,143,12
303,1999,7.3,219,226,0,97,40
303,2000,9,187,200,8.7,119,14
303,2001,5.3,171,185,3.8,70,-1
303,2002,5.8,162,176,0.2,77,-10
303,2003,7.4,182,196,7.1,98,10
303,2004,8.1,159,175,0,107,-11
303,2005,14.9,194,221,13.9,197,35
303,2006,2.3,176,187,2.1,30,1
303,2007,11.9,164,184,6.1,158,-2
303,2008,16.4,177,205,13.7,217,19
303,2009,8.7,141,173,3.6,115,-13
303,2010,10.2,179,197,9.6,135,11
303,2011,6,134,162,1,79,-24
303,2012,8.2,165,194,5.3,109,8
303,2013,5.7,164,182,1.5,75,-4
303,2014,3.3,136,146,0,44,-40
303,2015,3.5,162,175,0,46,-11
303,2016,6.1,135,158,0.5,81,-28
303,2017,9.3,132,170,6.9,123,-16
303,2018,1.4,150,154,0,19,-32
303,2019,12.7,169,202,11.6,168,16
303,2020,6.6,157,178,2.3,87,-8
303,2021,8.2,177,190,7.5,109,4
303,2022,7.3,175,199,6.5,97,13
303,2023,3.1,151,166,2.3,41,-20
303,2024,8,193,197,6.8,106,11
303,2025,3.5,145,153,0,46,-33
303,2026,0.8,219,220,0,11,34
304,1981,13.8,203,218,11.5,77,6
304,1982,39,204,231,35.3,217,18
304,1983,39.9,187,236,39.2,222,24
304,1984,34.8,224,242,29.9,194,30
304,1985,27.1,182,219,26.9,151,6
304,1986,21.6,196,230,21,120,18
304,1987,24,197,210,23.6,134,-2
304,1988,15.9,190,199,15.1,89,-14
304,1989,29.8,188,218,28.8,166,6
304,1990,11.3,168,197,10,63,-16
304,1991,13.8,179,213,13.2,77,0
304,1992,10.3,122,178,1.3,57,-34
304,1993,27.1,169,223,26.5,151,10
304,1994,18.4,173,200,16.1,103,-12
304,1995,23.9,178,226,23.1,133,14
304,1996,18.8,187,212,18.6,105,-0
304,1997,22.1,169,217,19.4,123,4
304,1998,24.9,200,214,22.2,139,2
304,1999,30,194,233,29.1,167,20
304,2000,16.6,175,202,15.7,92,-10
304,2001,14.4,197,216,12.4,80,4
304,2002,17.4,177,206,15.9,97,-6
304,2003,14.4,189,214,13.5,80,2
304,2004,21.3,159,195,17.7,119,-18
304,2005,10.9,196,207,9.4,61,-6
304,2006,24.6,193,214,23.6,137,2
304,2007,12.1,162,203,10.8,67,-10
304,2008,21,208,228,19.3,117,16
304,2009,21.1,187,224,20.1,118,12
304,2010,16.8,192,226,14.9,94,14
304,2011,20.6,213,237,18.5,115,24
304,2012,15.2,193,208,14.6,85,-4
304,2013,15.7,175,208,13.9,87,-4
304,2014,12.4,190,204,9.7,69,-8
304,2015,8.8,152,173,2,49,-40
304,2016,18.2,184,195,18.2,101,-18
304,2017,19.9,183,221,19.9,111,8
304,2018,12.4,178,208,11.8,69,-4
304,2019,22.2,198,218,18.2,124,6
304,2020,17.7,192,212,17.3,99,-0
304,2021,20.1,177,203,19.6,112,-10
304,2022,15.8,203,230,11.5,88,18
304,2023,24.7,204,224,22.7,138,12
304,2024,19.8,165,205,18.6,110,-8
304,2025,26.2,175,207,25.4,146,-6
304,2026,5.5,156,170,0,31,-42
306,1981,18.3,196,240,17.5,63,4
306,1982,0,365,365,,0,129
306,1983,47.3,213,274,43.8,163,38
306,1984,37.6,225,258,31.3,129,22
306,1985,27.7,191,233,27.7,95,-3
306,1986,41.2,202,244,39.5,142,8
306,1987,18.6,181,212,18.5,64,-24
306,1988,23.6,188,234,22.6,81,-2
306,1989,35.2,189,235,33.5,121,-1
306,1990,19.7,184,226,19.7,68,-10
306,1991,22.7,226,247,20.1,78,11
306,1992,18.4,195,220,18,63,-16
306,1993,38.8,205,240,33.2,133,4
306,1994,20,196,224,18.9,69,-12
306,1995,43,223,258,38.7,148,22
306,1996,40.1,208,254,37.3,138,18
306,1997,46.8,207,248,46.3,161,12
306,1998,29.4,200,255,28.4,101,19
306,1999,40,194,256,39.1,137,20
306,2000,27.7,184,236,27.7,95,0
306,2001,17.8,204,225,15.6,61,-11
306,2002,28.8,201,239,27.4,99,3
306,2003,34.1,225,244,29.9,117,8
306,2004,26.1,160,209,23.5,90,-27
306,2005,20.5,188,229,19.9,70,-7
306,2006,42.2,204,232,39.7,145,-4
306,2007,21.2,162,220,20.1,73,-16
306,2008,31.5,196,234,30.9,108,-2
306,2009,27.1,198,236,26.3,93,0
306,2010,23.8,196,244,21.9,82,8
306,2011,38.2,214,256,31.8,131,20
306,2012,34.8,186,230,34.7,120,-6
306,2013,25.2,206,224,23.1,87,-12
306,2014,32.4,190,236,30.9,111,0
306,2015,23.5,198,218,22,81,-18
306,2016,34.5,182,222,34.1,119,-14
306,2017,49.5,211,244,47,170,8
306,2018,27.7,203,223,25.6,95,-13
306,2019,34.9,203,237,33.4,120,1
306,2020,25.3,192,225,24.8,87,-11
306,2021,23.7,186,219,23.7,81,-17
306,2022,23.8,227,240,19.9,82,4
306,2023,40.6,208,237,37.4,140,1
306,2024,26.4,195,229,25.6,91,-7
306,2025,38.5,190,225,37,132,-11
306,2026,22,168,221,18.4,76,-15
307,1981,31.4,198,240,27.1,92,-5
307,1982,49.4,226,264,41.8,144,19
307,1983,30.9,225,243,26.1,90,-2
307,1984,28.1,221,252,22.9,82,7
307,1985,31,211,237,28.8,90,-8
307,1986,36.2,231,244,35.1,106,-1
307,1987,31.3,204,222,30.3,91,-23
307,1988,33.4,190,236,31.1,97,-9
307,1989,38.4,213,251,35.1,112,6
307,1990,42.4,200,263,42.4,124,18
307,1991,58.3,219,255,46.2,170,10
307,1992,25.1,184,231,25.1,73,-14
307,1993,27.4,217,233,22,80,-12
307,1994,27.9,194,238,26.2,81,-7
307,1995,38.6,228,262,31.5,113,17
307,1996,43.4,225,257,39.2,127,12
307,1997,51.6,199,252,46.3,150,7
307,1998,26.4,201,222,23,77,-23
307,1999,47.5,206,259,44.8,138,14
307,2000,31.6,192,236,29.2,92,-9
307,2001,25.6,206,240,18.9,75,-5
307,2002,51.8,221,271,40.6,151,26
307,2003,32.2,192,245,30.7,94,0
307,2004,30.3,182,249,28.8,88,4
307,2005,22.8,205,238,19.4,66,-7
307,2006,36.8,203,236,33.3,107,-9
307,2007,33.4,204,245,29.1,97,0
307,2008,47.2,257,277,39.5,138,32
307,2009,34.3,228,256,28.2,100,11
307,2010,29.5,225,258,24.7,86,13
307,2011,53.8,222,274,37.7,157,29
307,2012,43.4,205,260,42.3,127,15
307,2013,37.1,207,243,32.3,108,-2
307,2014,46.4,209,251,41.7,135,6
307,2015,28.9,198,234,27.1,84,-11
307,2016,25.8,185,221,25.6,75,-24
307,2017,40,216,247,36.1,117,2
307,2019,25.6,201,243,20.6,75,-2
307,2020,41.2,205,244,36.8,120,-1
307,2021,35.5,210,246,31.4,103,1
307,2022,37.6,208,250,31.3,110,5
307,2023,32.5,210,229,29.5,95,-16
307,2024,18.4,222,234,17.9,54,-11
307,2025,26.1,206,229,24,76,-16
307,2026,37,170,237,35,108,-8
308,1981,3.9,162,178,2,65,10
308,1982,8.7,138,162,4.5,145,-6
308,1983,14.7,177,210,13.3,245,42
308,1984,4,73,94,0,67,-74
308,1985,10.7,135,185,5.7,178,18
308,1986,3.3,170,178,0,55,10
308,1987,10.8,182,194,10.3,180,26
308,1988,7.2,132,150,0,120,-18
308,1989,6.4,131,151,0,107,-16
308,1990,6.9,143,156,0,115,-12
308,1991,10.9,181,193,10.5,182,26
308,1992,11.5,163,192,8.6,192,24
308,1993,12.3,157,172,3.7,205,4
308,1994,7.8,152,169,0.1,130,2
308,1995,7.6,122,153,0,127,-14
308,1996,2,152,160,0,33,-8
308,1997,7.9,158,168,0,132,0
308,1998,13.2,190,206,11.8,220,38
308,1999,3.6,187,194,0,60,26
308,2000,4.1,162,170,0.1,68,2
308,2001,8.9,164,177,0.2,148,10
308,2002,2.2,100,139,0,37,-28
308,2003,5.5,153,167,0,92,-0
308,2004,5.2,158,164,0,87,-4
308,2005,8.1,157,174,3,135,6
308,2006,2.4,166,177,0,40,10
308,2007,5.2,148,161,0,87,-6
308,2008,10.5,147,169,0,175,2
308,2009,8.5,142,162,0,142,-6
308,2010,18.2,163,187,10.8,303,20
308,2011,3,152,162,0,50,-6
308,2012,4.8,82,133,0,80,-34
308,2013,4.6,162,168,0,77,0
308,2014,2.3,89,116,0,38,-52
308,2015,2.1,157,161,0,35,-6
308,2016,6.9,105,141,0,115,-26
308,2017,6.5,117,136,0,108,-32
308,2018,2.1,154,160,0,35,-8
308,2019,7.2,147,177,0.1,120,10
308,2020,5.5,92,144,0,92,-24
308,2021,5.4,124,158,0,90,-10
308,2022,2.5,104,135,0,42,-32
308,2023,12.8,155,193,10.2,213,26
308,2024,6.2,137,156,5.4,103,-12
308,2025,3.8,167,175,0.1,63,8
308,2026,2.4,145,150,0,40,-18
309,1981,14.1,237,252,11.7,62,3
309,1982,25.9,233,269,21.9,114,20
309,1983,22.5,239,263,19.3,99,14
309,1984,27.5,225,260,21.5,121,11
309,1985,19.1,207,244,16.6,84,-5
309,1986,30.3,226,256,23.2,134,7
309,1987,17.3,199,229,16.4,76,-20
309,1988,27.3,222,248,18.7,121,-1
309,1989,21,217,249,17.3,93,0
309,1990,33.9,230,267,25.2,150,18
309,1991,28,220,250,19.2,124,1
309,1992,20.8,209,242,14.4,92,-7
309,1993,20.2,222,243,15.3,89,-6
309,1994,24.3,198,237,22.8,107,-12
309,1995,26,227,263,16.9,115,14
309,1996,27,221,257,21.7,119,8
309,1997,26.5,218,247,22.3,117,-2
309,1998,22.9,204,256,18.8,101,7
309,1999,26.5,230,260,19.7,117,11
309,2000,22.7,210,248,19.6,100,-1
309,2001,18.2,207,235,14.3,80,-14
309,2002,19.1,225,249,15.8,84,0
309,2003,21.6,225,244,19.4,95,-5
309,2004,19.3,208,249,17.1,85,0
309,2005,21,230,258,15.5,93,9
309,2006,16.9,191,230,16.3,75,-19
309,2007,23.9,219,249,19.3,106,0
309,2008,20.9,229,266,17.1,92,17
309,2009,22.2,227,245,18.9,98,-4
309,2010,19.9,239,259,13.1,88,10
309,2011,41.1,244,272,24,181,23
309,2012,23.7,220,251,20.5,105,2
309,2013,17.9,215,237,14,79,-12
309,2014,31.7,229,253,25.2,140,4
309,2015,17.1,210,244,15.7,75,-5
309,2016,17.1,215,246,14.9,75,-3
309,2017,24.7,216,251,18.8,109,2
309,2018,24.4,208,239,20.5,108,-10
309,2019,22.6,244,260,15.9,100,11
309,2020,23,211,247,20,102,-2
309,2021,20.9,213,245,16.4,92,-4
309,2022,19.6,217,258,13.6,87,9
309,2023,20.2,213,239,18.4,89,-10
309,2024,19.7,228,253,12.5,87,4
309,2025,24,215,252,20.5,106,3
309,2026,20.5,222,241,15.1,91,-8
310,1981,7.8,181,194,7.1,101,20
310,1982,9.9,182,196,9.8,128,22
310,1983,17.6,197,212,17.1,227,38
310,1984,6.6,151,166,1.1,85,-8
310,1985,16.1,156,187,10.3,208,12
310,1986,5.4,141,159,0,70,-16
310,1987,17,189,203,16.1,219,28
310,1988,7.9,162,176,1.6,102,2
310,1989,8,141,161,0,103,-14
310,1990,4.5,169,175,0,58,0
310,1991,14,179,194,12.5,181,20
310,1992,10.5,166,193,8.6,135,18
310,1993,17.3,156,198,14.3,223,24
310,1994,6.8,153,176,2.2,88,2
310,1995,10.4,163,181,3.9,134,6
310,1996,3.3,128,139,0.1,43,-36
310,1997,10.5,152,176,2,135,2
310,1998,11.5,172,203,10.8,148,28
310,1999,3.8,138,145,0,49,-30
310,2000,2.2,162,168,0,28,-6
310,2001,10.4,170,185,6.4,134,10
310,2002,4.2,138,164,0,54,-10
310,2003,8.9,159,192,7.4,115,18
310,2004,7.6,158,174,0,98,-0
310,2005,11.5,157,192,9.9,148,18
310,2006,3.4,166,181,0.9,44,6
310,2007,5.9,149,166,0,76,-8
310,2008,12,150,179,1.7,155,4
310,2009,10,148,173,0.6,129,-2
310,2010,16.5,177,199,15.2,213,24
310,2011,5.3,153,164,0,68,-10
310,2012,6.2,125,169,0,80,-6
310,2013,8.2,161,175,0,106,0
310,2014,3.2,130,139,0,41,-36
310,2015,4.4,124,145,0,57,-30
310,2016,5.3,136,146,0,68,-28
310,2017,7.7,124,167,0,99,-8
310,2018,2.1,124,129,0,27,-46
310,2019,10.2,169,182,4.3,132,8
310,2020,7.8,139,164,0,101,-10
310,2021,2.1,125,134,0,27,-40
310,2022,5.2,152,170,0.6,67,-4
310,2023,10,156,192,8.5,129,18
310,2024,6.9,139,196,6.2,89,22
310,2025,1.1,167,170,0,14,-4
310,2026,1.6,121,128,0,21,-46
311,1981,17,197,223,14.8,96,-4
311,1982,31.1,203,238,26.9,176,12
311,1983,23.1,197,236,21.8,131,10
311,1984,10.7,198,233,10.7,60,6
311,1985,19,192,227,18.3,107,0
311,1986,14.7,187,232,14.7,83,6
311,1987,17.1,200,217,16.5,97,-10
311,1988,15.9,191,222,14.3,90,-4
311,1989,19.6,188,222,18.8,111,-4
311,1990,21.6,178,235,20.3,122,8
311,1991,26.6,194,233,23.1,150,6
311,1992,14.3,162,215,13.7,81,-12
311,1993,13.6,195,224,13.4,77,-2
311,1994,14.5,174,218,13.6,82,-8
311,1995,18.8,207,229,17.8,106,2
311,1996,21.3,187,246,21.1,120,20
311,1997,35.9,212,231,32.6,203,4
311,1998,14.2,182,215,14,80,-12
311,1999,29.1,182,238,29,164,12
311,2000,17.9,182,231,17.8,101,4
311,2001,13.6,196,224,11,77,-2
311,2002,22.7,196,233,22.1,128,6
311,2003,17.5,188,228,16.4,99,2
311,2004,14.3,161,210,13.7,81,-16
311,2005,9.7,196,215,9,55,-12
311,2006,18,189,225,17.6,102,-2
311,2007,16.1,163,219,15.2,91,-8
311,2008,20.7,209,234,20.3,117,8
311,2009,21.4,189,236,20,121,10
311,2010,10.8,198,228,10,61,2
311,2011,26,214,248,21.1,147,22
311,2012,26.3,193,231,26.2,149,4
311,2013,18.1,205,224,16.7,102,-2
311,2014,21.2,189,234,20.9,120,8
311,2015,9.2,178,206,8.2,52,-20
311,2016,14.9,181,204,14.5,84,-22
311,2017,17.1,200,233,16.7,97,6
311,2018,22.4,201,225,18.8,127,-2
311,2019,16.9,201,224,14.7,95,-2
311,2020,16.7,192,225,15.5,94,-2
311,2021,13.8,185,218,13.8,78,-8
311,2022,17.7,208,241,16.6,100,14
311,2023,13.8,191,216,13.2,78,-10
311,2024,14.1,183,225,14,80,-2
311,2025,17.1,175,218,16.3,97,-8
311,2026,14,169,216,13.5,79,-10
312,1981,21.3,194,233,20.3,78,4
312,1982,41,204,255,34.7,150,26
312,1983,35,210,247,33.9,128,18
312,1984,29.6,220,247,26.4,108,18
312,1985,26.8,186,230,26.6,98,2
312,1986,32.5,168,240,31.3,119,12
312,1987,15.8,175,210,15.6,58,-18
312,1988,19.3,189,226,18.8,71,-2
312,1989,29.1,187,225,28.3,107,-4
312,1990,19.4,180,222,18.2,71,-6
312,1991,20.1,213,237,17.8,74,8
312,1992,17.2,151,215,16.3,63,-14
312,1993,30,201,235,26.8,110,6
312,1994,16,194,219,15.7,59,-10
312,1995,30.7,194,242,29.2,112,14
312,1996,34.1,209,251,31.5,125,22
312,1997,39.8,202,236,39.2,146,8
312,1998,22.1,205,225,20.3,81,-4
312,1999,35.6,193,238,35.4,130,10
312,2000,24.4,183,220,24.3,89,-8
312,2001,13.2,204,221,11.3,48,-8
312,2002,25.8,182,231,25.7,95,2
312,2003,30.5,190,241,29.2,112,12
312,2004,23.6,164,212,20.2,86,-16
312,2005,16.3,204,221,15.7,60,-8
312,2006,36.5,197,229,33.9,134,0
312,2007,21.2,163,219,19.4,78,-10
312,2008,28.4,195,232,27.6,104,4
312,2009,29.2,199,238,27.2,107,10
312,2010,19.1,197,231,17.5,70,2
312,2011,33.6,215,253,28.7,123,24
312,2012,29.2,183,228,29,107,-0
312,2013,20.9,179,221,20.4,77,-8
312,2014,27.7,189,234,26.5,101,6
312,2015,17.5,141,211,14.1,64,-18
312,2016,29.5,186,217,29.5,108,-12
312,2017,41,209,240,38.7,150,12
312,2018,26.9,201,221,24.7,99,-8
312,2019,31.3,191,227,28.6,115,-2
312,2020,21.1,189,224,21.1,77,-4
312,2021,22.2,183,214,22.2,81,-14
312,2022,22.5,214,240,18.5,82,12
312,2023,31.4,206,231,28.9,115,2
312,2024,21.2,194,226,20.1,78,-2
312,2025,31.2,177,216,30.3,114,-12
312,2026,19.4,168,219,16.3,71,-10
313,1981,18.2,235,249,13.7,103,2
313,1982,21.8,203,262,17.6,124,15
313,1983,22.3,233,251,17.8,127,4
313,1984,18.8,221,262,14.4,107,15
313,1985,16.3,191,231,15.9,93,-16
313,1986,20.8,228,244,14.7,118,-3
313,1987,12.8,204,218,12.4,73,-29
313,1988,15.1,223,238,12.5,86,-9
313,1989,16.1,212,254,14.8,91,7
313,1990,13.2,231,253,12.7,75,6
313,1991,20.1,228,254,12.9,114,7
313,1992,13,208,224,11.1,74,-23
313,1993,18.2,219,239,11.8,103,-8
313,1994,12.4,198,224,10.5,70,-23
313,1995,26.5,228,258,15.2,151,11
313,1996,18.9,224,253,15.3,107,6
313,1997,23.9,215,245,18.6,136,-2
313,1998,14.8,203,233,12.1,84,-14
313,1999,19.5,230,257,16.4,111,10
313,2000,10.2,192,236,9.6,58,-11
313,2001,16.5,206,234,11.6,94,-13
313,2002,14.9,224,245,11.1,85,-2
313,2003,20.2,226,246,13.8,115,-1
313,2004,13.5,204,247,11.8,77,0
313,2005,19.6,225,261,10.5,111,14
313,2006,18.6,200,233,14.4,106,-14
313,2007,17.1,208,231,14,97,-16
313,2008,18.1,257,269,14.1,103,22
313,2009,24.9,227,255,18.3,141,8
313,2010,20.6,242,268,15.4,117,21
313,2011,25.9,247,274,15.3,147,27
313,2012,14.9,202,232,13.6,85,-15
313,2013,14.6,217,250,12,83,3
313,2014,22.3,212,249,20,127,2
313,2015,13.5,209,244,11.6,77,-3
313,2016,15.6,214,249,14.7,89,2
313,2017,16.2,215,247,12.5,92,0
313,2018,22.4,199,248,19.5,127,1
313,2019,16.2,215,254,13.3,92,7
313,2020,16.2,211,245,14.3,92,-2
313,2021,14.9,209,248,12.8,85,1
313,2022,16.6,245,261,12.1,94,14
313,2023,19.5,210,240,14.6,111,-7
313,2024,13.8,223,251,10.1,78,4
313,2025,15,209,246,13.5,85,-1
313,2026,12.7,213,240,9.8,72,-7
314,1981,8.7,196,205,8.2,49,-14
314,1982,29.7,199,230,26.5,167,12
314,1983,17.1,183,240,17.1,96,22
314,1984,16.3,198,232,14.3,92,14
314,1985,16.1,180,212,15.9,91,-6
314,1986,23.6,167,232,21.6,133,14
314,1987,11.6,187,201,11.6,65,-18
314,1988,15.4,195,205,14.6,87,-14
314,1989,23.3,199,221,21.1,131,2
314,1990,14.5,182,198,14.4,82,-20
314,1991,12.3,186,226,12.3,69,8
314,1992,9.9,162,187,6.3,56,-32
314,1993,15.7,173,227,13.9,88,8
314,1994,12.5,181,203,11.9,70,-16
314,1995,21.6,182,228,21.5,122,10
314,1996,25,184,230,25,141,12
314,1997,30.6,197,227,30.1,172,8
314,1998,16.4,181,218,16.2,92,-0
314,1999,24.4,194,231,23.8,137,12
314,2000,17.7,175,205,17.6,100,-14
314,2001,8.7,172,208,8,49,-10
314,2002,14.2,180,213,13.3,80,-6
314,2003,20.9,182,211,20.6,118,-8
314,2004,17.8,162,196,14.3,100,-22
314,2005,12.8,193,208,12,72,-10
314,2006,21,185,212,20.8,118,-6
314,2007,13.9,162,200,11.4,78,-18
314,2008,21.2,195,230,20.6,119,12
314,2009,16.2,189,222,15.7,91,4
314,2010,10,192,207,9,56,-12
314,2011,26.3,214,237,22.1,148,18
314,2012,19.6,175,207,18.2,110,-12
314,2013,15.5,205,219,15,87,0
314,2014,25.2,190,226,24.5,142,8
314,2015,15,177,205,13.8,85,-14
314,2016,16.2,189,208,16.2,91,-10
314,2017,27.1,161,222,23.9,153,4
314,2018,19.8,196,219,17.3,112,0
314,2019,18.8,200,222,17.4,106,4
314,2020,18.3,190,221,17.1,103,2
314,2021,16.5,184,212,16.5,93,-6
314,2022,12.8,201,224,11.3,72,6
314,2023,20.2,189,222,18.7,114,4
314,2024,16.3,186,218,16.3,92,-0
314,2025,18.8,175,217,18.2,106,-2
314,2026,15.5,169,194,11.4,87,-24
315,1981,11.4,234,245,7.9,114,15
315,1982,16,224,262,12.1,160,32
315,1983,14.6,231,244,10.1,146,14
315,1984,10.1,226,245,7.5,101,15
315,1985,9.8,196,228,9.4,98,-2
315,1986,12.8,231,243,6.7,128,13
315,1987,8.6,205,220,7.5,86,-10
315,1988,9.1,223,237,6.4,91,7
315,1989,7.2,213,236,6.4,72,6
315,1990,8.8,215,241,8.5,88,11
315,1991,11.7,223,241,6.3,117,11
315,1992,7.9,194,220,6.9,79,-10
315,1993,11.2,217,232,8,112,2
315,1994,11.5,199,228,7.4,115,-2
315,1995,16.2,217,258,12,162,28
315,1996,10,225,248,9,100,18
315,1997,14,214,242,11.1,140,12
315,1998,13.3,208,231,9.7,133,1
315,1999,10.8,223,242,9.1,108,12
315,2000,7.8,190,217,7.4,78,-13
315,2001,10,205,227,6.8,100,-3
315,2002,6.4,221,232,5.2,64,2
315,2003,10,217,238,7.8,100,8
315,2004,9.1,213,222,6.5,91,-8
315,2005,8.7,205,234,5.2,87,4
315,2006,12.1,203,229,8.6,121,-1
315,2007,8.4,209,224,6.4,84,-6
315,2008,8.3,210,231,6.9,83,1
315,2009,10.2,199,235,8.7,102,5
315,2010,8.4,198,243,7.1,84,13
315,2011,13.3,223,249,8.2,133,19
315,2012,7.8,192,218,6.4,78,-12
315,2013,6.7,209,222,6,67,-8
315,2014,13.7,212,236,12.3,137,6
315,2015,7.5,210,223,6.3,75,-7
315,2016,10.4,201,219,10.1,104,-11
315,2017,7.6,211,222,4.9,76,-8
315,2018,12.4,199,226,10.4,124,-4
315,2019,9,204,226,8.2,90,-4
315,2020,8.8,208,220,7.6,88,-10
315,2021,6.3,208,218,5.8,63,-12
315,2022,10.6,214,231,6.2,106,1
315,2023,13.8,209,227,10.2,138,-3
315,2024,7.8,194,226,7.5,78,-4
315,2025,9.8,208,225,9.1,98,-5
315,2026,5,171,197,3.8,50,-33
316,1981,8.4,189,206,8,75,4
316,1982,15.7,187,223,15.7,140,21
316,1983,19.6,201,228,17.8,175,26
316,1984,22.8,196,225,21.6,204,23
316,1985,19.3,187,218,19,172,16
316,1986,14.7,190,213,13.3,131,11
316,1987,14.9,198,218,12.4,133,16
316,1988,13.8,188,214,13.5,123,12
316,1989,13.3,161,197,10.6,119,-5
316,1990,9.6,192,219,8.4,86,17
316,1991,16.2,182,206,16.1,145,4
316,1992,17.3,188,211,17.3,154,9
316,1993,17.3,192,218,17.1,154,16
316,1994,15.1,195,218,13.9,135,16
316,1995,18.1,171,228,17.3,162,26
316,1996,9.3,184,202,9.3,83,0
316,1997,13.4,168,217,11.2,120,15
316,1998,11.2,201,216,10.3,100,14
316,1999,7.5,171,201,5.2,67,-1
316,2000,8.6,187,198,8.5,77,-4
316,2001,10.7,172,208,9.7,96,6
316,2002,7,165,187,4.9,63,-15
316,2003,11.6,174,208,11.3,104,6
316,2004,9.9,160,201,6.7,88,-1
316,2005,14.9,184,222,14.8,133,20
316,2006,7.2,184,198,6.6,64,-4
316,2007,10.2,160,201,9.7,91,-1
316,2008,16.8,172,208,15.8,150,6
316,2009,13.7,200,208,12.3,122,6
316,2010,12.3,181,209,12.1,110,7
316,2011,6.7,161,173,3,60,-29
316,2012,8.8,167,184,4.3,79,-18
316,2013,8.9,165,198,7.7,79,-4
316,2014,6.2,172,194,5.3,55,-8
316,2015,11.2,160,187,7,100,-15
316,2016,9.1,153,193,7.1,81,-9
316,2017,16.1,188,202,15.3,144,0
316,2018,4.9,175,189,4,44,-13
316,2019,17.4,174,207,16,155,5
316,2020,11.9,184,200,11.9,106,-2
316,2021,10.6,180,191,9.8,95,-11
316,2022,10.5,175,191,8,94,-11
316,2023,17.8,181,205,17.5,159,3
316,2024,13,182,202,12.6,116,0
316,2025,5.3,172,180,1.3,47,-22
316,2026,6.4,148,166,0,57,-36
317,1986,11.9,173,195,9.2,94,-8
317,1987,7.5,185,200,7.2,59,-2
317,1988,9.7,177,201,9.3,77,-2
317,1989,13,175,197,10.9,103,-6
317,1990,9.4,177,196,8.6,74,-6
317,1991,11.7,179,220,11.2,92,18
317,1992,9.6,179,194,9.4,76,-8
317,1993,14.2,204,217,12.1,112,14
317,1994,9.3,178,203,8,74,0
317,1995,10.6,164,212,9.8,84,10
317,1996,11.4,180,213,11,90,10
317,1997,17.6,197,208,14.9,139,6
317,1998,13.2,171,210,12.4,104,8
317,1999,13.1,164,211,10,104,8
317,2000,12.4,176,194,11.1,98,-8
317,2001,10.8,171,202,9,85,-0
317,2002,11.6,176,192,10.5,92,-10
317,2003,13.1,161,196,11.8,104,-6
317,2004,14.1,164,179,6,111,-24
317,2005,13.6,172,197,12.1,108,-6
317,2006,14.3,178,196,13.4,113,-6
317,2007,9.1,163,179,5.5,72,-24
317,2008,18.5,196,213,16.9,146,10
317,2009,18.9,192,207,17,149,4
317,2010,12.6,190,203,9.5,100,0
317,2011,15.2,214,224,11.5,120,22
317,2012,11.2,164,182,3.1,89,-20
317,2013,7.6,179,210,6.6,60,8
317,2014,12.9,186,202,12.4,102,-0
317,2015,7.2,161,180,1.2,57,-22
317,2016,13.4,180,197,12.7,106,-6
317,2017,11,158,173,1.9,87,-30
317,2018,6.4,181,199,6.2,51,-4
317,2019,13.5,172,203,13.3,107,0
317,2020,12.7,184,209,12.7,100,6
317,2021,8.4,166,196,7.8,66,-6
317,2022,9.2,172,202,7.8,73,-0
317,2023,19.2,190,213,18.7,152,10
317,2024,12.2,184,202,12.2,96,-0
317,2025,10.7,174,194,8,85,-8
317,2026,4.8,150,169,0,38,-34
318,1981,9.8,199,217,8.9,87,-8
318,1982,15.4,204,237,12.6,137,12
318,1983,10.3,231,239,8.9,92,14
318,1984,14.3,222,236,9.2,127,11
318,1985,7.5,190,212,7.5,67,-13
318,1986,14.1,228,240,9.7,125,15
318,1987,7.9,185,210,7.9,70,-15
318,1988,8,193,228,7.5,71,3
318,1989,8.8,194,219,8.3,78,-6
318,1990,8.1,185,231,8.1,72,6
318,1991,13.6,224,243,7.2,121,18
318,1992,6.9,208,214,6.5,61,-11
318,1993,13.8,221,231,8.7,123,6
318,1994,7.4,197,204,6.6,66,-21
318,1995,16,227,248,9.3,142,23
318,1996,11.7,211,225,11.1,104,0
318,1997,15.6,212,226,12.3,139,1
318,1998,11.1,203,220,9.4,99,-5
318,1999,16.8,229,239,12.1,149,14
318,2000,9.3,185,212,9.3,83,-13
318,2001,9.8,206,218,7.4,87,-7
318,2002,6.6,180,226,6.5,59,1
318,2003,11.1,225,234,8.4,99,9
318,2004,8.3,162,210,7.3,74,-15
318,2005,10.9,225,236,7.2,97,11
318,2006,11.5,201,218,10.4,102,-7
318,2007,7.4,187,214,7.1,66,-11
318,2008,11.6,210,229,11.1,103,4
318,2009,12.9,216,232,10.7,115,7
318,2010,11.5,225,245,9.8,102,20
318,2011,14.8,213,248,11.5,132,23
318,2012,9.5,193,208,8.9,84,-17
318,2013,8.5,205,225,7.6,76,0
318,2014,10.8,189,230,10.1,96,5
318,2015,7.1,199,212,5.9,63,-13
318,2016,11.5,189,222,11.5,102,-3
318,2017,13.9,211,224,10.8,124,-1
318,2018,13.4,206,223,11,119,-2
318,2019,9.7,201,226,8.3,86,1
318,2020,11.4,202,222,10,101,-3
318,2021,7.9,210,219,6.6,70,-6
318,2022,11,217,238,8,98,13
318,2023,14.8,208,228,12.2,132,3
318,2024,10.8,194,229,10.3,96,4
318,2025,9.8,188,222,9.4,87,-3
318,2026,7.9,169,204,5.1,70,-21
319,1981,16,197,212,15.3,90,-10
319,1982,26.2,203,228,23.1,148,6
319,1983,28.9,200,230,28.2,163,8
319,1984,25,199,237,22.8,141,14
319,1985,16.8,184,213,16.8,95,-10
319,1986,18.1,178,216,17.3,102,-6
319,1987,11.3,185,205,11.3,64,-18
319,1988,13.7,194,210,12.9,77,-12
319,1989,25.1,189,218,24.8,141,-4
319,1990,11.6,181,200,11.4,65,-22
319,1991,13,201,221,12.5,73,-2
319,1992,13.5,154,200,11.2,76,-22
319,1993,20.2,178,225,18.9,114,2
319,1994,13,177,210,12.7,73,-12
319,1995,23.8,187,227,23.8,134,4
319,1996,17.4,189,225,16.8,98,2
319,1997,25.7,177,224,25.4,145,2
319,1998,16.6,172,215,16.1,94,-8
319,1999,26.7,193,233,26.7,150,10
319,2000,18.3,178,211,18.1,103,-12
319,2001,9.2,197,216,7.9,52,-6
319,2002,19.6,180,217,19.5,110,-6
319,2003,18.1,202,235,17.3,102,12
319,2004,19.3,170,215,17.9,109,-8
319,2005,11.3,190,215,10.9,64,-8
319,2006,22.9,186,223,22.2,129,0
319,2007,14.9,163,213,14,84,-10
319,2008,23.6,207,234,22.2,133,12
319,2009,16.1,189,229,15.9,91,6
319,2010,14.7,196,230,13.6,83,8
319,2011,22.7,215,247,21,128,24
319,2012,17.5,182,223,17,99,0
319,2013,11.4,175,217,10.9,64,-6
319,2014,13.8,189,227,13.4,78,4
319,2015,10,130,200,6.2,56,-22
319,2016,18.7,180,215,18.2,105,-8
319,2017,18,161,222,16.4,101,-0
319,2018,15.5,173,217,15.1,87,-6
319,2019,22,159,225,21.1,124,2
319,2020,18.2,184,223,18.2,103,0
319,2021,19,180,220,18.6,107,-2
319,2022,12.6,206,237,10.2,71,14
319,2023,20.6,185,229,19.8,116,6
319,2024,15.8,192,226,14.7,89,4
319,2025,23.1,190,222,22.9,130,-0
319,2026,10.4,168,194,6.8,59,-28
320,1981,14.6,188,227,14.1,103,-0
320,1982,28.3,201,235,25.3,199,8
320,1983,27.6,209,242,27,194,14
320,1984,18.3,217,233,15.9,129,6
320,1985,14.7,192,218,14.7,104,-10
320,1986,23.3,203,240,21.8,164,12
320,1987,8.9,196,212,8.9,63,-16
320,1988,11.4,194,226,10.7,80,-2
320,1989,17.6,187,221,17.1,124,-6
320,1990,10.4,181,221,10.2,73,-6
320,1991,12.2,227,237,10.1,86,10
320,1992,11,185,213,11,77,-14
320,1993,17.7,210,231,16.5,125,4
320,1994,8.6,197,221,7.9,61,-6
320,1995,26,220,248,23.5,183,20
320,1996,18.4,219,238,16.7,130,10
320,1997,24.2,199,232,23.6,170,4
320,1998,16.6,202,241,14.8,117,14
320,1999,20.9,218,246,19.6,147,18
320,2000,13.6,202,231,12.7,96,4
320,2001,9.9,206,221,8,70,-6
320,2002,13.5,200,230,12,95,2
320,2003,17.6,220,239,14.2,124,12
320,2004,13.1,161,220,12.9,92,-8
320,2005,14.2,207,236,11.7,100,8
320,2006,24.5,199,233,18.9,173,6
320,2007,9.3,208,221,9.1,65,-6
320,2008,15.3,211,231,14.8,108,4
320,2009,15.9,200,231,15.2,112,4
320,2010,10.7,193,221,10.4,75,-6
320,2011,18.4,209,230,16.6,130,2
320,2012,16.8,183,207,16.6,118,-20
320,2013,11.7,184,209,11.7,82,-18
320,2014,11.8,191,205,11.5,83,-22
320,2015,9.4,138,185,5.4,66,-42
320,2016,14.2,169,205,14,100,-22
320,2017,25.3,203,225,23.7,178,-2
320,2018,13.7,177,215,13.1,96,-12
320,2019,21.5,199,223,19.6,151,-4
320,2020,11.8,191,214,11.2,83,-14
320,2021,9,182,202,8.9,63,-26
320,2022,11.8,177,229,10.8,83,2
320,2023,20.2,206,228,18.6,142,0
320,2024,13.9,187,211,13.8,98,-16
320,2025,15.6,189,209,15.1,110,-18
320,2026,15.9,168,193,10.2,112,-34
321,1982,34.4,199,236,32,169,10
321,1983,31.6,233,249,28.3,155,22
321,1984,45,225,245,36.8,221,18
321,1985,24.3,190,216,24.3,119,-10
321,1986,24.1,176,234,22.3,118,8
321,1987,14.3,185,208,14.3,70,-18
321,1988,19.3,191,214,18.5,95,-12
321,1989,29.8,191,218,27.8,146,-8
321,1990,16.2,169,201,15.5,80,-26
321,1991,20.9,227,246,15,103,20
321,1992,12.5,180,200,11.4,61,-26
321,1993,26.4,202,232,22.8,130,6
321,1994,14.4,193,223,12,71,-4
321,1995,26.3,227,246,20,129,20
321,1996,27.3,188,227,26.2,134,0
321,1997,27.7,197,228,26,136,2
321,1998,18.1,201,246,16.2,89,20
321,1999,21.7,218,240,18.8,107,14
321,2000,17.2,177,214,17.1,85,-12
321,2001,15.8,197,220,13.5,78,-6
321,2002,18.7,178,228,18.2,92,2
321,2003,21,223,238,16.1,103,12
321,2004,19.8,160,197,14,97,-30
321,2005,22.5,214,237,18.4,111,10
321,2006,32.8,194,226,29.6,161,-0
321,2007,15.9,206,223,14.2,78,-4
321,2008,21.5,195,231,19.8,106,4
321,2009,25.7,199,226,20.8,126,-0
321,2010,17.4,225,249,12.8,86,22
321,2011,32.8,214,259,25.9,161,32
321,2012,14.6,174,206,13.9,72,-20
321,2013,19.4,205,219,17.7,95,-8
321,2014,15.5,189,216,14.6,76,-10
321,2015,13.3,164,203,9,65,-24
321,2016,24.9,184,228,24.9,122,2
321,2017,25.6,212,237,23,126,10
321,2018,14.3,180,211,13.6,70,-16
321,2019,25.7,199,225,20.7,126,-2
321,2020,19,190,214,18.6,93,-12
321,2021,18.3,183,213,18.3,90,-14
321,2022,13,174,230,11.5,64,4
321,2023,30.4,208,232,27.4,149,6
321,2024,23.6,192,228,23.3,116,2
321,2025,20.9,188,212,20.1,103,-14
321,2026,9.4,163,175,0,46,-52
322,1981,20.8,192,211,17.8,105,-26
322,1982,19.8,196,246,17.8,100,8
322,1983,21.8,234,254,15,110,16
322,1984,26.4,223,238,18.3,134,0
322,1985,16.3,210,233,14.3,83,-4
322,1986,32.7,202,245,27.3,166,8
322,1987,12.4,199,222,11.4,63,-16
322,1988,19.1,213,238,16.8,97,0
322,1989,17.8,196,233,15.2,90,-4
322,1990,20.7,218,243,17.7,105,6
322,1991,15.5,218,235,12.9,78,-2
322,1992,15.2,208,222,14.4,77,-16
322,1993,26.1,210,238,21.4,132,0
322,1994,19.6,200,232,17.2,99,-6
322,1995,25.5,243,259,16,129,22
322,1996,29.7,218,234,26.7,150,-4
322,1997,30.7,215,244,23,155,6
322,1998,19.9,211,237,15,101,-0
322,1999,26,219,246,15.6,132,8
322,2000,22.2,208,234,19.9,112,-4
322,2001,15.2,206,230,11.8,77,-8
322,2002,9.5,186,227,9.4,48,-10
322,2003,24.7,223,242,23.6,125,4
322,2004,18.6,209,234,12.6,94,-4
322,2005,18.5,224,238,15.2,94,0
322,2006,17.3,191,232,17,88,-6
322,2007,22.6,209,232,20.7,114,-6
322,2008,19.5,229,245,16.5,99,8
322,2009,26.6,211,239,17.5,135,2
322,2010,16.8,230,245,12.7,85,8
322,2011,29.1,234,256,20.7,147,18
322,2012,14.4,175,217,13.2,73,-20
322,2013,17.5,222,236,10.3,89,-2
322,2014,27.3,198,240,26.1,138,2
322,2015,17.7,211,243,14.7,90,6
322,2016,18,191,239,17.5,91,2
322,2017,23.3,191,244,22.3,118,6
322,2018,14.2,193,224,11.8,72,-14
322,2019,20,197,244,19.6,101,6
322,2020,23.8,208,229,20.6,121,-8
322,2021,20.4,211,240,18,103,2
322,2022,18,201,229,15.8,91,-8
322,2023,23.7,189,230,21.8,120,-8
322,2024,21.8,224,242,19.1,110,4
322,2025,19.1,190,225,18.2,97,-12
322,2026,14,169,203,9.4,71,-34
323,1981,53.2,225,282,44.1,92,35
323,1982,85.4,218,302,79.6,148,55
323,1983,73.6,210,251,66.5,127,4
323,1984,43.6,227,264,38.1,75,17
323,1985,65.6,211,239,59.7,113,-8
323,1986,37.7,187,241,37.7,65,-6
323,1987,55.5,203,230,53.7,96,-17
323,1988,53.1,198,238,45.4,92,-9
323,1989,55.5,213,262,54.7,96,15
323,1990,58.4,212,260,56.9,101,13
323,1991,75.1,205,252,64,130,5
323,1992,43.3,201,229,40.6,75,-18
323,1993,49.6,215,238,41.7,86,-9
323,1994,41,183,244,41,71,-3
323,1995,63.3,202,242,61.2,109,-5
323,1996,55.9,228,253,52.1,97,6
323,1997,93.3,206,258,86.3,161,11
323,1998,49.4,199,235,48.6,85,-12
323,1999,91.5,217,261,88.1,158,14
323,2000,65.1,209,251,59.5,113,4
323,2001,31.2,214,238,25.6,54,-9
323,2002,82,202,258,74.6,142,11
323,2003,59.1,201,248,55.7,102,1
323,2004,53,168,241,52.3,92,-6
323,2005,42.3,200,229,39.7,73,-18
323,2006,70.3,207,249,63.2,122,2
323,2007,56.8,195,237,55.5,98,-10
323,2008,66.8,226,263,63.3,115,16
323,2009,51.4,228,246,47.7,89,-1
323,2010,45.4,217,247,40.1,78,0
323,2011,79.2,228,269,60.4,137,22
323,2012,76.4,206,263,73.7,132,16
323,2013,58.9,207,247,52.6,102,0
323,2014,63.5,222,251,55.9,110,4
323,2015,26.6,199,219,24.5,46,-28
323,2016,49.5,189,227,49.2,86,-20
323,2017,53.3,215,249,47.1,92,2
323,2018,67.4,201,240,57.4,117,-7
323,2019,43.7,200,237,37.5,76,-10
323,2020,65,200,255,62.2,112,8
323,2021,47.6,194,237,45.8,82,-10
323,2022,53,234,264,44.1,92,17
323,2023,41.1,211,232,38.2,71,-15
323,2024,46.7,196,248,44.3,81,1
323,2025,58.6,203,242,55.4,101,-5
323,2026,37,170,226,36,64,-21
324,1982,37.3,203,240,33.6,164,25
324,1983,39.9,199,244,39.2,176,29
324,1984,31.9,196,238,28.9,141,23
324,1985,25,182,212,24.8,110,-3
324,1986,23.8,171,207,22.3,105,-8
324,1987,13.8,179,199,13.3,61,-16
324,1988,14.9,183,201,14.8,66,-14
324,1989,33.1,190,221,32.9,146,6
324,1990,16.3,169,194,14,72,-21
324,1991,13.7,179,222,13.2,60,7
324,1992,14,149,183,5.7,62,-32
324,1993,31,175,225,27.3,137,10
324,1994,15.8,165,202,14,70,-13
324,1995,27.8,168,224,26.5,122,9
324,1996,16.6,161,215,16.1,73,0
324,1997,25.6,184,217,25.6,113,2
324,1998,25,200,215,22.9,110,0
324,1999,39.5,200,231,37.9,174,16
324,2000,26.4,179,205,25.9,116,-10
324,2001,12,196,215,10.2,53,0
324,2002,27.2,182,217,27.1,120,2
324,2003,18.3,189,220,17.6,81,5
324,2004,24.3,165,195,19.3,107,-20
324,2005,14.8,188,216,14.4,65,1
324,2006,38.5,194,217,36.6,170,2
324,2007,19,163,209,15.6,84,-6
324,2008,27.2,195,226,26.6,120,11
324,2009,17.9,187,209,17.6,79,-6
324,2010,28,197,231,25.5,123,16
324,2011,32.5,214,247,30.3,143,32
324,2012,21.5,182,213,20.6,95,-2
324,2013,16.5,177,208,14.8,73,-7
324,2014,13.7,186,215,13.5,60,0
324,2015,11.6,129,182,5.4,51,-33
324,2016,26.3,173,204,25.9,116,-11
324,2017,23.9,183,224,23.9,105,9
324,2018,16.7,173,209,15.8,74,-6
324,2019,30.8,171,213,29.1,136,-2
324,2020,19.6,191,216,19,86,1
324,2021,23,180,216,22.7,101,1
324,2022,14.9,174,237,12.5,66,22
324,2023,36.1,208,234,33.1,159,19
324,2024,19.8,191,225,18.2,87,10
324,2025,30.9,189,217,30.9,136,2
324,2026,9.9,168,189,5.2,44,-26
325,1981,4,194,205,3.5,54,-4
325,1982,9.5,194,211,7.8,128,2
325,1983,4.2,178,206,4,56,-2
325,1984,7.2,221,229,4.6,97,20
325,1985,4,192,198,3.5,54,-10
325,1986,5.5,174,211,5.1,74,2
325,1987,4.2,187,201,4.2,56,-8
325,1988,4.2,190,199,4.1,56,-10
325,1989,4.7,196,204,4.2,63,-4
325,1990,5.1,197,205,5.1,68,-4
325,1991,6.9,218,227,5.8,93,18
325,1992,4.6,165,186,3.1,62,-22
325,1993,5.2,175,209,4.2,70,0
325,1994,6.1,194,201,5.5,82,-8
325,1995,6,175,201,4.9,81,-8
325,1996,7.6,190,210,7.5,102,2
325,1997,7.9,199,219,6.9,106,10
325,1998,8.5,203,212,6.5,114,4
325,1999,6.4,164,194,4.1,86,-14
325,2000,5.9,177,196,5.8,79,-12
325,2001,6.1,188,208,5.4,82,-0
325,2002,5.8,183,195,5.8,78,-14
325,2003,7.8,191,201,7.4,105,-8
325,2004,6.3,169,183,2.5,85,-26
325,2005,4.9,183,195,4.9,66,-14
325,2006,6.1,184,193,6.1,82,-16
325,2007,5.3,195,212,4.5,71,4
325,2008,9.8,196,225,9.5,132,16
325,2009,9.8,189,219,9.3,132,10
325,2010,8.2,194,209,6.6,110,0
325,2011,11.5,217,246,8.8,154,38
325,2012,8.7,164,189,4.9,117,-20
325,2013,9.2,207,220,8.3,123,12
325,2014,11.5,192,216,11.3,154,8
325,2015,7.8,163,189,5.1,105,-20
325,2016,7.4,185,199,7.4,99,-10
325,2017,7.2,214,220,4.6,97,12
325,2018,11.2,192,212,10.4,150,4
325,2019,7.5,174,202,7.1,101,-6
325,2020,9,189,213,8.7,121,4
325,2021,9,184,220,9,121,12
325,2022,6.2,177,218,5.2,83,10
325,2023,10.1,189,213,9.2,136,4
325,2024,6.9,194,208,4.8,93,-0
325,2025,5.8,175,195,5.4,78,-14
325,2026,5,168,174,0,67,-34
326,1981,22,230,254,17.4,87,-0
326,1982,29.9,211,275,25.9,119,20
326,1983,25.8,226,258,22,103,4
326,1984,23.6,226,261,16.7,94,6
326,1985,20.5,194,240,19.9,82,-14
326,1986,32.8,230,254,28,130,-0
326,1987,14.8,197,222,13.8,59,-32
326,1988,23.1,223,248,17.7,92,-6
326,1989,27.6,202,254,25.3,110,-0
326,1990,26.7,230,264,22.7,106,10
326,1991,25.4,219,254,21.3,101,-0
326,1992,24.4,208,238,18.4,97,-16
326,1993,22.8,219,243,16,91,-12
326,1994,21.4,215,237,19.2,85,-18
326,1995,29.3,227,260,24.1,117,6
326,1996,41.4,220,263,36.4,165,8
326,1997,40.9,216,255,35.4,163,0
326,1998,20.8,205,245,19.3,83,-10
326,1999,29.3,227,262,26.3,117,8
326,2000,23.3,231,250,21,93,-4
326,2001,14.6,205,235,11.9,58,-20
326,2002,24.9,225,251,21.2,99,-4
326,2003,31.1,226,254,26.5,124,-0
326,2004,20.6,213,252,18.7,82,-2
326,2005,18.6,225,259,14.9,74,4
326,2006,23.9,211,246,21.4,95,-8
326,2007,22.1,209,245,17.9,88,-10
326,2008,29.7,227,273,26,118,18
326,2009,28.7,226,261,23.3,114,6
326,2010,17.9,226,260,13.5,71,6
326,2011,34.4,223,275,27.2,137,20
326,2012,28.2,220,263,24.7,112,8
326,2013,20.2,215,252,15.9,80,-2
326,2014,34.9,213,267,31,139,12
326,2015,21.2,210,252,18.9,84,-2
326,2016,18.7,207,250,16.8,74,-4
326,2017,36.4,215,263,31.5,145,8
326,2018,42.3,207,263,37.1,168,8
326,2019,25.7,240,269,18.9,102,14
326,2020,26.7,230,257,22.9,106,2
326,2021,21.8,227,250,20.3,87,-4
326,2022,21.7,246,267,15,86,12
326,2023,21.3,211,248,18.8,85,-6
326,2024,20.8,223,255,14.8,83,0
326,2025,25.9,217,250,21.3,103,-4
326,2026,29.2,216,250,25.7,116,-4
327,1983,29.9,221,254,25.5,129,29
327,1984,35.6,222,240,28.5,153,15
327,1985,39,213,250,35.1,168,25
327,1986,33.3,211,242,28.5,144,17
327,1987,36.6,202,245,32.8,158,20
327,1988,20.5,174,227,18.3,88,2
327,1989,29.2,189,220,26.7,126,-5
327,1990,23.6,215,240,15.3,102,15
327,1991,25,186,225,24.4,108,0
327,1992,16.7,180,216,16.6,72,-9
327,1993,33.7,222,240,27.8,145,15
327,1994,20.6,217,235,17.3,89,10
327,1995,37.8,231,257,30.7,163,32
327,1996,19.7,207,219,18.1,85,-6
327,1997,42.8,216,244,36.3,184,19
327,1998,23.2,204,235,19.9,100,10
327,1999,29.2,219,241,14.9,126,16
327,2000,23.3,189,219,21.9,100,-6
327,2001,32.9,206,234,27.2,142,9
327,2002,12.5,179,191,9.8,54,-34
327,2003,16.7,191,219,16,72,-6
327,2004,24.4,210,225,20.6,105,0
327,2005,37.7,195,240,37.2,163,15
327,2006,17.9,198,220,16,77,-5
327,2007,15.7,163,226,14.7,68,1
327,2008,31.7,202,233,27.9,137,8
327,2009,27.2,201,219,22.3,117,-6
327,2010,22.6,190,220,21.3,97,-5
327,2011,25.1,217,247,22.2,108,22
327,2012,17.1,175,194,11.7,74,-31
327,2013,16,201,213,15.1,69,-12
327,2014,21.4,191,223,19.9,92,-2
327,2015,16.1,161,196,11.7,69,-29
327,2016,20.5,185,228,20.5,88,3
327,2017,27.1,191,228,25.9,117,3
327,2018,13.3,188,209,13.2,57,-16
327,2019,38,202,254,34.4,164,29
327,2020,23.2,201,223,22.8,100,-2
327,2021,20.1,183,221,20.1,87,-4
327,2022,22.1,197,213,20.8,95,-12
327,2023,32.4,211,232,31.1,140,7
327,2024,22.2,197,223,21.5,96,-2
327,2025,18.9,190,210,17.4,81,-15
327,2026,10.6,163,177,1.2,46,-48
328,1981,15.2,211,248,14.6,76,8
328,1982,26.8,198,262,24.8,134,22
328,1983,21.3,233,248,19.1,106,8
328,1984,23.8,223,239,18.5,119,-2
328,1985,14.4,195,226,14.4,72,-14
328,1986,24.1,227,245,19,120,4
328,1987,11.4,199,216,11.2,57,-24
328,1988,14.9,219,234,13.1,74,-6
328,1989,19,189,238,18.3,95,-2
328,1990,16.1,197,241,15.9,80,0
328,1991,21.9,223,246,15.9,109,6
328,1992,16.4,195,222,15.9,82,-18
328,1993,21.7,217,239,17,108,-2
328,1994,13.4,198,223,12.2,67,-18
328,1995,27.3,219,248,22.4,136,8
328,1996,24,221,250,20.4,120,10
328,1997,31.3,204,241,29.6,156,0
328,1998,19.8,203,241,16.6,99,0
328,1999,21.3,206,244,20,106,4
328,2000,16.4,193,235,16.2,82,-6
328,2001,14.4,206,225,11.7,72,-16
328,2002,18.4,205,241,16.6,92,0
328,2003,20.3,225,241,15.1,101,0
328,2004,17.7,183,233,17.5,88,-8
328,2005,15.5,205,234,14,77,-6
328,2006,23.8,203,233,20.6,119,-8
328,2007,14.4,206,224,12.9,72,-16
328,2008,21.6,217,247,19.1,108,6
328,2009,24.6,222,242,20.7,123,2
328,2010,16.3,224,246,12.5,81,6
328,2011,27.8,223,256,23.5,139,16
328,2012,18.3,203,230,16.8,91,-10
328,2013,19,206,233,16.8,95,-8
328,2014,24,210,241,21.4,120,0
328,2015,13.5,199,227,13,67,-14
328,2016,17.1,190,230,17.1,85,-10
328,2017,20.5,214,241,17.9,102,0
328,2018,22.7,207,236,19.5,113,-4
328,2019,20.6,200,240,18.2,103,-0
328,2020,18.9,204,242,18,94,2
328,2021,14.6,210,232,12.9,73,-8
328,2022,14.8,216,249,11.4,74,8
328,2023,22.2,211,234,20.8,111,-6
328,2024,14.9,194,241,14.8,74,0
328,2025,15.4,207,231,14.8,77,-10
328,2026,13.2,168,225,11.7,66,-16
329,1981,4.2,168,196,3.4,48,4
329,1982,15.4,192,208,14.8,176,16
329,1983,25.1,198,238,21.6,287,46
329,1984,25.1,217,225,22.1,287,33
329,1985,13.7,172,189,10.4,157,-3
329,1986,10.2,147,195,7.8,117,3
329,1987,12.1,184,199,12.1,138,7
329,1988,11.3,187,197,11.3,129,5
329,1989,9.9,157,181,4.2,113,-11
329,1990,11,169,190,7.2,126,-2
329,1991,10.6,181,220,10.2,121,28
329,1992,7.6,178,187,5.5,87,-5
329,1993,12.8,188,207,12.8,146,15
329,1994,8.5,154,183,4,97,-9
329,1995,6.6,160,187,4.5,75,-5
329,1996,11.3,161,193,9.9,129,1
329,1997,12.7,161,200,6.7,145,8
329,1998,10.9,201,211,9.1,125,19
329,1999,6.4,150,177,1.5,73,-15
329,2000,8.7,176,191,7.5,99,-1
329,2001,7.2,170,182,3,82,-10
329,2002,8.6,171,186,6,98,-6
329,2003,8.6,173,195,7.5,98,3
329,2004,9.6,160,174,0.3,110,-18
329,2005,7.9,185,200,7.9,90,8
329,2006,12.9,190,209,12.2,147,17
329,2007,6.5,156,168,0.4,74,-24
329,2008,12.8,172,203,10.7,146,11
329,2009,6.9,187,204,5.4,79,12
329,2010,11.2,167,201,9.5,128,9
329,2011,13.9,181,203,13,159,11
329,2012,8.6,164,181,1.8,98,-11
329,2013,9.4,164,183,4,107,-9
329,2014,8.8,189,193,8,101,1
329,2015,8,159,171,0,91,-21
329,2016,10.6,139,191,9.2,121,-1
329,2017,10.1,161,171,4.8,115,-21
329,2018,6.3,161,188,4.9,72,-4
329,2019,16.2,176,208,15.8,185,16
329,2020,8.5,148,194,6,97,2
329,2021,9.3,178,189,8.4,106,-3
329,2022,7.9,175,188,6.6,90,-4
329,2023,20.2,189,212,18.5,231,20
329,2024,11.8,185,202,11.6,135,10
329,2025,7.9,172,192,5,90,0
329,2026,3.6,147,153,0,41,-39
330,1981,10.4,191,200,9.9,93,0
330,1982,17.6,176,212,16.3,158,12
330,1983,16.1,200,237,15.5,144,37
330,1984,12.8,198,222,12.5,115,22
330,1985,10.6,185,195,10.6,95,-5
330,1986,20,173,211,13.4,179,11
330,1987,9,184,197,9,81,-3
330,1988,8.6,173,191,5.9,77,-9
330,1989,8.7,160,197,8.1,78,-3
330,1990,11,169,189,8.3,99,-11
330,1991,10.1,181,189,9,91,-11
330,1992,6.7,163,183,1.3,60,-17
330,1993,15.1,173,210,14,135,10
330,1994,8.7,177,198,6.9,78,-2
330,1995,10,181,191,9.6,90,-9
330,1996,17.1,182,213,16.7,153,13
330,1997,16.3,165,201,13.8,146,1
330,1998,11.8,201,211,10.6,106,11
330,1999,10.8,164,198,6.4,97,-2
330,2000,11,175,190,9.2,99,-10
330,2001,6.7,170,184,3.9,60,-16
330,2002,10.2,177,188,7.9,91,-12
330,2003,6.6,181,193,5.6,59,-7
330,2004,8.7,160,175,0.4,78,-25
330,2005,12.7,184,200,12.7,114,0
330,2006,15.1,189,206,14.4,135,6
330,2007,6.8,163,172,1.1,61,-28
330,2008,15.3,195,211,13.9,137,11
330,2009,11.3,199,205,9.3,101,5
330,2010,12.6,190,204,9.7,113,4
330,2011,21.4,212,230,19.4,192,30
330,2012,7.7,173,189,4.9,69,-11
330,2013,9,203,212,6.1,81,12
330,2014,13.4,189,203,13,120,3
330,2015,8.3,160,183,3.6,74,-17
330,2016,11.9,185,200,11.9,107,0
330,2017,20.9,164,217,17.3,187,17
330,2018,7,180,199,6.3,63,-1
330,2019,16.9,185,211,16.4,152,11
330,2020,16.5,187,210,16.4,148,10
330,2021,9.3,181,203,8.7,83,3
330,2022,10.2,175,204,9.4,91,4
330,2023,22,190,222,20,197,22
330,2024,15,192,206,15,135,6
330,2025,14.6,174,199,12.4,131,-1
330,2026,8.6,161,176,0,77,-24
331,1981,2.4,177,184,1.6,21,-14
331,1982,14.9,194,209,14.1,130,10
331,1983,8.7,183,201,8.7,76,2
331,1984,18.3,198,221,17,160,22
331,1985,12.7,183,194,12.7,111,-4
331,1986,11.4,147,179,2.8,100,-20
331,1987,9.3,154,190,8.7,81,-8
331,1988,8.3,183,195,8.1,72,-4
331,1989,16.1,187,199,15.6,141,0
331,1990,8.5,133,184,4.5,74,-14
331,1991,5.6,126,148,3.2,49,-50
331,1992,5.3,78,121,0,46,-78
331,1993,11.4,170,197,7.8,100,-2
331,1994,9.4,180,194,8,82,-4
331,1995,8.2,178,188,7.6,72,-10
331,1996,5.5,130,167,0.5,48,-32
331,1997,14.4,170,200,11.3,126,2
331,1998,18.9,162,206,16.1,165,8
331,1999,12.9,193,208,11.8,113,10
331,2000,13.8,181,194,12.8,121,-4
331,2001,8.1,164,207,5.5,71,8
331,2002,14.7,177,205,13.8,128,6
331,2003,7.6,187,199,6,66,0
331,2004,17.4,167,193,15.2,152,-6
331,2005,6.7,188,206,6,59,8
331,2006,16,179,211,15.1,140,12
331,2007,9.4,164,186,5.2,82,-12
331,2008,20,213,225,15.5,175,26
331,2009,16.7,191,205,14,146,6
331,2010,11.5,193,204,9.2,100,6
331,2011,19.2,182,220,19,168,22
331,2012,12.3,183,203,12,107,4
331,2013,10.3,176,188,8.1,90,-10
331,2014,10,155,195,9.9,87,-4
331,2015,4.9,160,166,0,43,-32
331,2016,11.1,182,192,10.7,97,-6
331,2017,12.3,160,187,7.2,107,-12
331,2018,8.4,172,198,7.3,73,-0
331,2019,15.6,177,205,15.1,136,6
331,2020,14.8,188,204,14.1,129,6
331,2021,16.2,176,201,15.7,141,2
331,2022,9.8,168,187,5.9,86,-12
331,2023,16,190,214,14.5,140,16
331,2024,10.4,187,199,10.1,91,0
331,2025,15.6,173,198,14.1,136,-0
331,2026,4.2,151,169,0,37,-30
332,1981,23,189,212,23,64,-16
332,1982,55.4,195,235,53.1,154,7
332,1983,66.6,234,258,54.1,186,30
332,1984,74,222,242,68.7,206,14
332,1985,40.8,185,218,40.8,114,-10
332,1986,66.7,179,236,60.3,186,8
332,1987,26,190,211,26,72,-17
332,1988,23.7,173,228,21,66,0
332,1989,47.4,187,220,45.8,132,-8
332,1990,24.8,175,202,24.6,69,-26
332,1991,35.3,220,241,31.3,98,13
332,1992,18.3,182,198,17.2,51,-30
332,1993,43.7,179,237,41.5,122,9
332,1994,27.6,193,221,26.8,77,-7
332,1995,45.2,220,249,43.1,126,21
332,1996,40.2,205,229,37.5,112,1
332,1997,70.1,177,234,68.7,195,6
332,1998,58.4,202,245,53.5,163,17
332,1999,35.4,218,239,30.9,99,11
332,2000,36.4,186,218,36.4,101,-10
332,2001,29.1,197,221,24.8,81,-7
332,2002,33.7,178,226,32.8,94,-2
332,2003,24.8,191,228,23.2,69,0
332,2004,36.5,166,218,33.3,102,-10
332,2005,53.7,194,243,52.7,150,15
332,2006,56.5,189,229,53.2,157,1
332,2007,22.6,163,200,18.8,63,-28
332,2008,45.1,196,234,43.2,126,6
332,2009,53.1,199,231,46.6,148,3
332,2010,34.6,196,231,27.5,96,3
332,2011,59.4,217,256,54.3,165,28
332,2012,26.7,182,215,23.5,74,-13
332,2013,20,178,218,17.1,56,-10
332,2014,38.9,189,230,36.8,108,2
332,2015,17.8,164,188,10.1,50,-40
332,2016,33.4,186,219,33.3,93,-9
332,2017,58.1,164,228,52.7,162,0
332,2018,18.9,180,209,18.6,53,-19
332,2019,49.8,187,228,46.9,139,0
332,2020,30.7,190,216,30.4,86,-12
332,2021,26.5,183,217,26.5,74,-11
332,2022,19.8,174,215,16.3,55,-13
332,2023,82.8,197,237,79.9,231,9
332,2024,53.4,194,235,52,149,7
332,2025,34.6,175,215,33.1,96,-13
332,2026,17.9,163,176,0,50,-52
333,1981,8.4,176,192,7.7,45,-7
333,1982,25.5,192,212,24.8,137,13
333,1983,28.1,191,222,25.8,151,23
333,1984,34.2,183,223,34.1,183,24
333,1985,30.5,174,199,30.1,164,0
333,1986,29.4,176,203,24.6,158,4
333,1987,11.6,184,196,11.6,62,-3
333,1988,11.5,178,194,11.1,62,-5
333,1989,25.6,158,194,20.8,137,-5
333,1990,10.7,171,186,7.7,57,-13
333,1991,18.3,182,200,17.5,98,1
333,1992,8,165,182,2,43,-17
333,1993,24.8,168,200,18.1,133,1
333,1994,15.9,175,200,13.9,85,1
333,1995,21.4,159,195,16,115,-4
333,1996,19,179,200,18.4,102,1
333,1997,32.4,168,216,28.6,174,17
333,1998,31.6,199,215,30.2,169,16
333,1999,17.5,170,207,14.4,94,8
333,2000,19.2,175,198,18.4,103,-1
333,2001,16.6,169,202,12.4,89,3
333,2002,20.4,176,195,18.2,109,-4
333,2003,12.4,161,193,8.2,66,-6
333,2004,25.8,168,191,18.9,138,-8
333,2005,24.3,184,210,24.2,130,11
333,2006,27.2,180,206,26.1,146,7
333,2007,10.3,157,175,1,55,-24
333,2008,29.7,192,217,29.1,159,18
333,2009,20.2,192,209,18.9,108,10
333,2010,16.8,190,204,13.4,90,5
333,2011,31.2,193,219,30.7,167,20
333,2012,13.9,165,186,7.6,75,-13
333,2013,8.8,162,184,4.8,47,-15
333,2014,15.8,154,196,13.7,85,-3
333,2015,7.4,126,169,0.2,40,-30
333,2016,13.8,142,190,11.2,74,-9
333,2017,30.9,132,189,17.5,166,-10
333,2018,5.5,172,181,1.1,29,-18
333,2019,26.6,177,203,25.8,143,4
333,2020,16,156,193,12,86,-6
333,2021,14.1,158,188,11.3,76,-11
333,2022,12.9,167,182,6.3,69,-17
333,2023,47,191,221,45.1,252,22
333,2024,28.4,185,205,28.4,152,6
333,2025,18.8,160,192,13.5,101,-7
333,2026,4.7,148,161,0,25,-38
334,1981,13.2,205,225,12.1,75,-5
334,1982,18.6,195,240,17.1,105,10
334,1983,32.2,233,249,24.8,182,19
334,1984,24,193,226,22.3,136,-4
334,1985,15.9,188,216,15.9,90,-14
334,1986,23.3,209,231,18.8,132,1
334,1987,11.5,190,216,10.7,65,-14
334,1988,13.8,223,234,12.3,78,4
334,1989,13.5,186,201,13.5,76,-29
334,1990,11.6,191,231,10.8,66,1
334,1991,14.4,235,254,9.3,82,24
334,1992,12.5,185,207,12.1,71,-23
334,1993,26.7,180,233,26.4,151,3
334,1994,14.4,194,236,11.7,82,6
334,1995,29.2,228,266,22.1,165,36
334,1996,18.4,206,225,15.7,104,-5
334,1997,22.7,200,230,20.7,129,0
334,1998,26.3,230,266,21.7,149,36
334,1999,21.2,219,240,14.8,120,10
334,2000,13.7,203,221,13.4,78,-9
334,2001,19.9,206,226,14.6,113,-4
334,2002,14.3,183,229,14.3,81,-1
334,2003,21.3,224,242,12.7,121,12
334,2004,16.9,207,221,14.4,96,-9
334,2005,40,225,247,34.7,227,17
334,2006,24.5,202,230,20.7,139,0
334,2007,14.4,208,229,12,82,-1
334,2008,14.8,201,232,14.3,84,2
334,2009,23.7,199,229,19.4,134,-1
334,2010,21,227,251,15.7,119,21
334,2011,28.3,243,262,22.5,160,32
334,2012,9.6,202,215,8.8,54,-15
334,2013,12.1,205,222,8.4,69,-8
334,2014,12,190,217,11.1,68,-13
334,2015,7,166,201,4.9,40,-29
334,2016,16.8,184,237,16.8,95,7
334,2017,21.7,194,236,20.6,123,6
334,2018,10.4,190,210,9.9,59,-20
334,2019,26.1,205,260,20.5,148,30
334,2020,14.6,204,222,13.1,83,-8
334,2021,12.1,201,220,12,69,-10
334,2022,13.2,199,220,12.5,75,-10
334,2023,31.8,192,240,30.2,180,10
334,2024,19.8,191,235,19.2,112,5
334,2025,17.5,190,224,16.6,99,-6
334,2026,10.4,163,192,5.4,59,-38
335,1981,13.8,192,245,11.7,59,6
335,1982,23.6,234,259,19,102,20
335,1983,32.6,234,265,21.5,141,26
335,1984,33.4,222,259,24.6,144,20
335,1985,20.8,195,242,19.1,90,2
335,1986,24.8,214,242,20.1,107,2
335,1987,17.5,199,228,16.3,75,-12
335,1988,22.6,226,249,20.1,97,10
335,1989,21.5,201,237,18.6,93,-2
335,1990,15.9,223,244,13.4,69,4
335,1991,23.8,216,243,18.1,103,4
335,1992,23.3,209,228,21.1,100,-12
335,1993,30.8,215,246,22.7,133,6
335,1994,20.2,198,233,17,87,-6
335,1995,23.1,243,262,14.8,100,22
335,1996,30.5,216,236,25.3,131,-4
335,1997,31.4,216,248,19.7,135,8
335,1998,23.8,211,240,18.4,103,0
335,1999,23.1,218,245,14,100,6
335,2000,19.3,209,230,17.4,83,-10
335,2001,22.3,205,235,18.5,96,-4
335,2002,11.1,179,217,10.9,48,-22
335,2003,26,225,238,20.5,112,-2
335,2004,14.9,199,224,12.4,64,-16
335,2005,19.8,226,238,16.4,85,-2
335,2006,24,203,232,20.9,103,-8
335,2007,22.2,209,239,16.3,96,-0
335,2008,24.4,229,247,21,105,8
335,2009,24.7,202,232,19.2,106,-8
335,2010,24.5,228,242,17.6,106,2
335,2011,34.8,238,255,25.2,150,16
335,2012,13,158,208,9.7,56,-32
335,2013,22.9,223,246,15.4,99,6
335,2014,26.7,229,248,24.8,115,8
335,2015,19.4,236,251,15.1,84,12
335,2016,23.6,217,248,20.8,102,8
335,2017,18.6,189,246,16.7,80,6
335,2018,18.5,208,230,14.8,80,-10
335,2019,22.7,214,253,20.6,98,14
335,2020,25.3,209,237,22.1,109,-2
335,2021,19.6,211,240,18,84,0
335,2022,18,218,229,15.4,78,-10
335,2023,21,212,242,18.6,91,2
335,2024,24,212,246,21.7,103,6
335,2025,22.5,190,243,21.6,97,4
335,2026,12.2,169,194,7.5,53,-46
336,1981,3,164,168,2,30,-22
336,1982,15.2,194,212,13.7,151,22
336,1983,18.1,194,217,15.7,180,27
336,1984,19.1,196,225,18,190,35
336,1985,9.1,183,191,9.1,91,1
336,1986,13.2,147,181,4.4,131,-9
336,1987,3.3,172,185,2.3,33,-5
336,1988,6.9,180,196,6.8,69,6
336,1989,11.5,159,194,10.5,114,4
336,1990,8.7,170,184,5,87,-6
336,1991,6.5,178,180,2.4,65,-10
336,1992,4.5,147,163,0,45,-27
336,1993,13.9,169,199,8.4,138,9
336,1994,5.1,164,180,0.4,51,-10
336,1995,7.6,143,184,3.9,76,-6
336,1996,11.2,161,198,10.2,111,8
336,1997,12.4,165,199,8.4,123,9
336,1998,10.2,163,204,7.2,101,14
336,1999,10.3,194,203,8,102,13
336,2000,10,177,190,8.8,100,0
336,2001,6.3,169,182,2,63,-8
336,2002,12.2,172,190,10.4,121,0
336,2003,6.3,161,176,2,63,-14
336,2004,11.2,160,178,3.6,111,-12
336,2005,7.7,183,199,7.7,77,9
336,2006,14.9,192,209,14.5,148,19
336,2007,6.5,157,172,1.8,65,-18
336,2008,12.9,195,212,11.6,128,22
336,2009,10.9,188,204,10.1,108,14
336,2010,10.1,190,203,8.4,100,13
336,2011,14.4,181,220,13.8,143,30
336,2012,7,173,184,2.8,70,-6
336,2013,6.4,162,182,2,64,-8
336,2014,5.9,156,175,2.2,59,-15
336,2015,4.9,128,163,0,49,-27
336,2016,11.1,151,190,9.5,110,0
336,2017,14.2,162,190,10.1,141,0
336,2018,5.4,173,183,2.7,54,-7
336,2019,12.4,169,200,10.4,123,10
336,2020,9.8,171,194,8.4,98,4
336,2021,7.5,163,191,6.7,75,1
336,2022,6.6,172,181,2,66,-9
336,2023,16.3,190,212,14.7,162,22
336,2024,14.7,169,201,14.2,146,11
336,2025,11.3,172,194,8.6,112,4
336,2026,1.1,72,80,0,11,-110
337,1981,12.3,198,216,11.9,65,-10
337,1982,17.5,195,229,16.3,93,2
337,1983,37.1,230,243,31.6,197,16
337,1984,43.5,219,239,39.3,231,12
337,1985,25.3,190,231,24.5,135,4
337,1986,21.3,202,232,19.8,113,6
337,1987,14.3,198,212,13.6,76,-14
337,1988,26.8,189,230,26.1,143,4
337,1989,20.3,179,204,19.5,108,-22
337,1990,13.2,193,220,11.5,70,-6
337,1991,20.5,234,248,11.9,109,22
337,1992,19.1,183,211,19,102,-16
337,1993,18.3,202,225,15.9,97,-2
337,1994,14.7,213,227,11.1,78,0
337,1995,32.3,207,249,24.9,172,22
337,1996,16.8,191,220,15.4,89,-6
337,1997,17.3,196,218,13.1,92,-8
337,1998,25.6,203,259,22,136,32
337,1999,22.4,218,238,16.4,119,12
337,2000,12.4,182,216,12.3,66,-10
337,2001,23.6,204,224,18.7,126,-2
337,2002,16.5,187,229,16.4,88,2
337,2003,18.5,223,236,11.6,98,10
337,2004,17.7,170,220,16.5,94,-6
337,2005,30.4,224,238,26.2,162,12
337,2006,21.5,208,226,17.4,114,-0
337,2007,14.6,207,228,12.4,78,2
337,2008,19.4,196,229,18.3,103,2
337,2009,26.1,201,230,18.1,139,4
337,2010,19.9,225,248,17,106,22
337,2011,27.3,192,252,25.3,145,26
337,2012,12.3,202,209,9.5,65,-18
337,2013,16.3,206,224,14.5,87,-2
337,2014,14,192,222,12.9,74,-4
337,2015,7.3,165,203,4.8,39,-24
337,2016,23.6,215,233,21.8,126,6
337,2017,21,203,224,20.6,112,-2
337,2018,10.9,189,218,10.8,58,-8
337,2019,28.5,200,249,25.2,152,22
337,2020,15,194,215,14.4,80,-12
337,2021,23.9,211,226,19.5,127,-0
337,2022,10.3,176,219,9.7,55,-8
337,2023,38.6,191,234,36.6,205,8
337,2024,20.9,194,227,20.2,111,0
337,2025,17.1,192,220,15.5,91,-6
337,2026,5.2,165,171,0,28,-56
338,1982,55.1,203,259,47.8,170,24
338,1983,46.8,201,247,45.4,144,12
338,1984,36.8,222,255,31.4,113,20
338,1985,32.7,182,234,32.4,101,-2
338,1986,43.1,181,244,43,133,8
338,1987,20.5,185,217,20.5,63,-18
338,1988,20.8,196,233,19.8,64,-2
338,1989,37,190,234,36,114,-2
338,1990,22.2,181,225,22.1,68,-10
338,1991,26,213,237,22.4,80,2
338,1992,27.1,193,220,25.9,83,-16
338,1993,43.3,212,241,35.9,133,6
338,1994,22.5,193,221,20.7,69,-14
338,1995,37.7,204,245,37,116,10
338,1996,37,206,248,35.5,114,12
338,1997,46.5,197,240,44.1,143,4
338,1998,33.4,201,237,31.9,103,2
338,1999,48.2,195,246,46.4,148,10
338,2000,31.3,184,233,31.3,96,-2
338,2001,18.1,197,226,15.2,56,-10
338,2002,29.8,196,238,29.4,92,2
338,2003,36.7,225,250,34.3,113,14
338,2004,29.5,169,219,28.1,91,-16
338,2005,22.9,205,231,20.7,70,-4
338,2006,48.2,204,233,42.7,148,-2
338,2007,24.8,169,221,24,76,-14
338,2008,35.9,194,242,35.3,110,6
338,2009,30.2,189,235,29.1,93,-0
338,2010,25.4,197,248,22.9,78,12
338,2011,43.7,213,259,37.5,134,24
338,2012,34.3,202,237,33.3,106,2
338,2013,23.1,203,224,21.4,71,-12
338,2014,33.2,190,236,32.3,102,0
338,2015,19.3,135,215,17.1,59,-20
338,2016,32.6,185,219,32.6,100,-16
338,2017,38,209,243,36.7,117,8
338,2018,32.4,201,226,28.5,100,-10
338,2019,33.4,190,227,31.4,103,-8
338,2020,30.8,201,232,29.6,95,-4
338,2021,29.2,183,217,29.2,90,-18
338,2022,25.2,213,246,21.5,78,10
338,2023,35.2,209,236,30.8,108,0
338,2024,27.6,193,230,25.9,85,-6
338,2025,38.3,191,222,38,118,-14
338,2026,21.5,169,221,18.8,66,-14
339,1981,16.6,195,244,15.3,86,-4
339,1982,27.3,198,258,26.9,141,10
339,1983,35.3,234,271,27.1,182,23
339,1984,33.4,224,246,26.2,173,-2
339,1985,23,215,256,19.8,119,8
339,1986,28.3,230,252,24.6,146,4
339,1987,18.1,202,254,16.3,94,6
339,1988,20.5,224,254,16.4,106,6
339,1989,16.4,192,242,16,85,-6
339,1990,13.8,217,250,10.2,71,2
339,1991,19.5,232,260,16.2,101,12
339,1992,16.9,209,245,16.5,87,-3
339,1993,26.7,221,263,25.6,138,15
339,1994,15.6,216,248,11.2,81,0
339,1995,30.1,230,277,22.1,156,29
339,1996,17.9,206,251,15.5,93,3
339,1997,24.8,216,256,21.2,128,8
339,1998,28.2,230,275,23.1,146,27
339,1999,20.3,218,266,12,105,18
339,2000,14.4,210,242,13.8,74,-6
339,2001,16.9,210,246,14.4,87,-2
339,2002,8.5,226,243,7.5,44,-5
339,2003,18.3,223,247,14.7,95,-1
339,2004,18.2,207,248,14.5,94,0
339,2005,36.6,229,266,27.9,189,18
339,2006,20.7,203,237,17.3,107,-11
339,2007,15.1,208,240,11.9,78,-8
339,2008,19.3,210,257,18.3,100,9
339,2009,24.5,215,245,21.2,127,-3
339,2010,25.3,233,255,20.8,131,7
339,2011,36.6,237,273,27.8,189,25
339,2012,14.7,202,233,11.8,76,-15
339,2013,16.3,210,244,14.7,84,-4
339,2014,17.2,226,246,14.7,89,-2
339,2015,16.5,239,257,9.3,85,9
339,2016,21.2,223,252,17.9,110,4
339,2017,25.7,214,248,25.2,133,0
339,2018,9.7,205,222,9.5,50,-26
339,2019,36.3,242,273,27.6,188,25
339,2020,19.4,207,230,16.7,100,-18
339,2021,13.6,210,229,13.6,70,-19
339,2022,19.9,199,230,19.6,103,-18
339,2023,36.6,210,263,35.4,189,15
339,2024,20.8,200,248,19.8,107,0
339,2025,15.7,190,241,14.9,81,-7
339,2026,8.9,163,218,5.7,46,-30
340,1984,31.2,197,223,29.6,149,5
340,1985,26.1,183,210,26.1,125,-8
340,1986,43.7,179,231,42,209,13
340,1987,11,175,200,10.4,53,-18
340,1988,8.4,170,186,5.4,40,-32
340,1989,26.4,187,201,26,126,-17
340,1990,12.5,176,196,11.6,60,-22
340,1991,13.2,181,219,13,63,1
340,1992,9.1,184,194,9.1,43,-24
340,1993,31.6,195,227,30.8,151,9
340,1994,8.9,164,197,7.5,42,-21
340,1995,39,228,247,37.3,186,29
340,1996,30.8,189,223,29.8,147,5
340,1997,32.2,161,211,27.4,154,-7
340,1998,28.4,199,241,26,136,23
340,1999,31.3,194,232,27.7,149,14
340,2000,19.5,165,210,18.4,93,-8
340,2001,10.5,164,201,6.8,50,-17
340,2002,18.1,178,216,17.8,86,-2
340,2003,21.2,223,234,17.3,101,16
340,2004,21.3,159,196,16.8,102,-22
340,2005,27.6,192,232,27.4,132,14
340,2006,36.9,206,228,32.9,176,10
340,2007,11,161,192,9.1,53,-26
340,2008,19.4,148,212,18.3,93,-6
340,2009,17.6,199,218,16.5,84,0
340,2010,24.2,196,232,22,116,14
340,2011,36.4,181,237,36,174,19
340,2012,12.4,191,208,11.7,59,-10
340,2013,18.4,164,197,13.5,88,-21
340,2014,7.8,159,176,4.2,37,-42
340,2015,8.4,163,174,0,40,-44
340,2016,25.1,185,224,25.1,120,6
340,2017,53.4,203,238,50.7,255,20
340,2018,20.7,182,218,20.6,99,0
340,2019,41.5,189,225,40.7,198,7
340,2020,18,191,212,17.2,86,-6
340,2021,14.6,178,202,13.5,70,-16
340,2022,18.6,172,216,16,89,-2
340,2023,45.3,193,234,44.6,216,16
340,2024,21.8,191,224,21.3,104,6
340,2025,21.5,189,214,21.2,103,-4
340,2026,13.5,147,173,1.1,64,-45
341,1981,16.6,196,206,14.4,56,-23
341,1982,35.4,206,234,32.5,120,5
341,1983,64,225,249,58.1,217,20
341,1984,38.8,196,239,35.2,132,10
341,1985,35.1,189,230,34.8,119,1
341,1986,27.1,146,230,25.3,92,1
341,1987,27.5,180,217,27.1,93,-12
341,1988,18.3,180,228,18.1,62,-1
341,1989,32.6,186,219,32,111,-10
341,1990,16.1,169,200,15.3,55,-29
341,1991,27.5,209,247,23.4,93,18
341,1992,13.5,176,200,12.5,46,-29
341,1993,38.5,202,231,35.6,131,2
341,1994,20.1,193,221,19.4,68,-8
341,1995,48.3,203,244,42.7,164,15
341,1996,26.4,207,225,25.5,90,-4
341,1997,25.4,197,222,25.2,86,-7
341,1998,39.7,208,259,34.8,135,30
341,1999,45.3,194,242,40.8,154,13
341,2000,31,183,217,30.8,105,-12
341,2001,16.3,204,218,11.3,55,-11
341,2002,31.4,181,225,30.8,107,-4
341,2003,34,226,243,28.6,115,14
341,2004,33.4,207,239,32.9,113,10
341,2005,25.3,202,238,23,86,9
341,2006,46.7,203,231,37.9,159,2
341,2007,24.6,207,228,23.3,84,-1
341,2008,36.6,211,234,34,124,5
341,2009,22,197,230,21,75,1
341,2010,29.6,213,253,24.2,101,24
341,2011,40.8,199,266,39.1,139,37
341,2012,30.6,202,230,26.8,104,1
341,2013,22.9,202,221,22.4,78,-8
341,2014,6.4,190,214,5.4,22,-15
341,2015,7.5,161,205,4.2,25,-24
341,2016,29.3,179,226,29.1,99,-3
341,2017,40.7,209,239,37.4,138,10
341,2018,11.9,201,220,11.3,40,-9
341,2019,31,183,225,31,105,-4
341,2020,17.8,190,219,16.8,60,-10
341,2021,21,195,224,20.8,71,-5
341,2022,15.4,212,234,12.1,52,5
341,2023,35.9,203,237,33.4,122,8
341,2024,21.8,198,230,21.4,74,1
341,2025,31.9,189,235,30.8,108,6
341,2026,7.5,147,174,1.1,25,-55
342,1981,9.5,200,213,8,67,-16
342,1982,21,206,238,18.3,147,8
342,1983,21,235,247,15.4,147,18
342,1984,11.6,184,291,11.6,81,62
342,1985,12.4,189,212,12.4,87,-18
342,1986,24.1,208,258,,169,28
342,1987,11.8,188,211,11.8,83,-18
342,1988,8.4,187,226,8.4,59,-4
342,1989,13.2,185,214,12.9,93,-16
342,1990,12.3,195,235,11.7,86,6
342,1991,16.2,219,233,12.8,114,4
342,1992,8.1,183,210,8,57,-20
342,1993,17.1,220,233,13.4,120,4
342,1994,14.2,192,219,13.1,100,-10
342,1995,20.7,227,256,17,145,26
342,1996,16.3,213,230,15.7,114,0
342,1997,19.8,199,226,19.1,139,-4
342,1998,14.4,202,231,12.2,101,2
342,1999,17.3,208,237,16.3,121,8
342,2000,12.4,203,217,11.4,87,-12
342,2001,12.6,198,218,9.8,88,-12
342,2002,13,216,231,12.1,91,2
342,2003,12.3,192,229,12,86,-0
342,2004,13.2,195,218,12,93,-12
342,2005,15.5,195,235,15.4,109,6
342,2006,16.1,191,220,15.4,113,-10
342,2007,11.1,188,213,10.9,78,-16
342,2008,14.3,196,230,13.7,100,0
342,2009,14.3,200,229,12.3,100,-0
342,2010,10.4,198,232,7.9,73,2
342,2011,19.6,214,249,15.7,138,20
342,2012,13.6,187,219,13.5,95,-10
342,2013,11.5,209,223,9.6,81,-6
342,2014,16.3,191,234,15.9,114,4
342,2015,10.2,200,218,9.9,72,-12
342,2016,11.8,214,230,11.1,83,0
342,2017,23.1,211,237,20.8,162,8
342,2018,14,198,220,13.1,98,-10
342,2019,14.9,199,231,13.2,105,2
342,2020,11.2,204,219,9.6,79,-10
342,2021,11,210,225,9.6,77,-4
342,2022,12,216,230,8.7,84,0
342,2023,16.7,209,229,14.8,117,-0
342,2024,14.1,193,230,14,99,0
342,2025,12.4,207,223,11.5,87,-6
342,2026,10.8,188,222,9.7,76,-8
343,1981,1.9,70,74,0,12,-114
343,1982,22.1,206,220,14.4,142,32
343,1983,35.1,212,236,31.8,225,48
343,1984,12.4,195,217,9.3,79,28
343,1985,27,182,197,26.6,173,8
343,1986,9.5,145,153,0,61,-36
343,1987,16.6,177,191,13.6,106,2
343,1988,13.6,112,148,0,87,-40
343,1989,19.6,172,192,16.6,126,4
343,1990,12.6,143,176,0.6,81,-12
343,1991,7,177,200,5.1,45,12
343,1992,3.9,106,123,0,25,-66
343,1993,31,157,221,26.4,199,32
343,1994,8.5,151,161,0,54,-28
343,1995,19.1,120,207,11.4,122,18
343,1996,13.6,124,132,10.8,87,-56
343,1997,14,158,172,1.2,90,-16
343,1998,26.1,163,211,18.3,167,22
343,1999,41.4,193,231,38.6,265,42
343,2000,20.6,164,189,15.3,132,0
343,2001,8.4,157,173,0,54,-16
343,2002,20.3,170,188,15.3,130,-0
343,2003,16.9,95,123,2.2,108,-66
343,2004,24.1,158,188,14.6,154,-0
343,2005,8.9,107,149,4.2,57,-40
343,2006,23.9,200,214,22.2,153,26
343,2007,14.5,154,175,5.1,93,-14
343,2008,30,184,220,30,192,32
343,2009,16.2,169,202,14,104,14
343,2010,10.4,197,208,6.4,67,20
343,2011,26.2,181,225,24.8,168,36
343,2012,17.8,190,211,17,114,22
343,2013,14,158,183,7,90,-6
343,2014,1.2,131,134,0.7,8,-54
343,2015,0.9,97,99,0,6,-90
343,2016,15,108,158,8.8,96,-30
343,2017,22.9,152,214,20.3,147,26
343,2018,11.3,178,188,8.2,72,-0
343,2019,20.8,165,199,17.1,133,10
343,2020,13.8,142,191,7.7,88,2
343,2021,16.1,177,189,12.9,103,0
343,2022,17.2,102,169,0,110,-20
343,2023,32.7,190,220,30.7,210,32
343,2024,17.5,166,200,15.8,112,12
343,2025,27.4,185,201,26,176,12
343,2026,3.7,146,149,0.1,24,-40
344,1981,6,153,200,5,26,-9
344,1982,30.2,193,211,27.4,133,2
344,1983,31.5,197,230,30.3,139,21
344,1984,36.2,196,231,34.5,159,22
344,1985,32.2,183,213,32.2,142,4
344,1986,23.8,146,202,18.8,105,-7
344,1987,22.6,178,197,20.8,100,-12
344,1988,16.3,144,186,10.2,72,-23
344,1989,36.8,172,201,31.3,162,-8
344,1990,21.4,166,192,16.4,94,-17
344,1991,17.1,194,217,15.4,75,8
344,1992,12.6,144,174,0.3,56,-35
344,1993,31.9,154,218,23.8,141,9
344,1994,13.9,152,201,11.2,61,-8
344,1995,23.5,122,219,22.4,104,10
344,1996,24.3,159,211,22.1,107,2
344,1997,22.3,168,203,17.9,98,-6
344,1998,20,163,212,16.8,88,3
344,1999,38.8,194,230,35.7,171,21
344,2000,27,171,198,22.5,119,-11
344,2001,12.7,164,182,5.7,56,-27
344,2002,28.8,179,209,26.6,127,0
344,2003,16.1,210,229,12.9,71,20
344,2004,34.1,158,197,26.4,150,-12
344,2005,7.4,145,165,4.6,33,-44
344,2006,36.6,193,219,35.2,161,10
344,2007,21.7,155,209,17,96,0
344,2008,33.2,185,228,33.2,146,19
344,2009,25.8,186,220,24.8,114,11
344,2010,16.5,192,228,14.1,73,19
344,2011,28.1,181,233,26.9,124,24
344,2012,23.1,189,219,22,102,10
344,2013,15.4,161,196,12,68,-13
344,2014,6.1,146,176,3.3,27,-33
344,2015,3.2,109,131,0,14,-78
344,2016,29.5,168,197,26.1,130,-12
344,2017,27.4,160,214,23.1,121,5
344,2018,12.8,177,205,10.5,56,-4
344,2019,25.3,167,208,23.8,111,-1
344,2020,20,190,204,19.7,88,-5
344,2021,26.2,178,200,24.4,115,-9
344,2022,16.5,149,185,9.3,73,-24
344,2023,34.8,190,225,31.3,153,16
344,2024,31.2,168,212,29.4,137,3
344,2025,31.5,174,210,30.4,139,1
344,2026,6.3,157,169,0,28,-40
345,1986,50.4,232,265,43.3,187,14
345,1987,26.6,208,249,23.8,99,-2
345,1988,29.6,223,253,22.1,110,2
345,1989,30.5,190,247,28.2,113,-4
345,1990,25,231,253,20.1,93,2
345,1991,35.9,221,261,29.1,133,10
345,1992,20.2,207,233,18.8,75,-18
345,1993,39.8,223,263,34.2,148,12
345,1994,24.6,221,248,21.2,91,-3
345,1995,36.3,233,262,27.4,135,11
345,1996,35.2,212,253,31.2,131,2
345,1997,37.5,221,257,32,139,6
345,1998,29.7,209,267,25.2,110,16
345,1999,28.9,230,258,19.2,107,7
345,2000,23.5,208,241,22.6,87,-10
345,2001,25.9,207,243,21,96,-8
345,2002,16.6,182,230,16.4,62,-21
345,2003,27.7,224,247,22.1,103,-4
345,2004,26,209,242,22.5,97,-9
345,2005,32.3,226,265,30.4,120,14
345,2006,32.9,202,246,29.5,122,-5
345,2007,23,211,241,20.8,86,-10
345,2008,34.4,230,268,31.4,128,17
345,2009,31.4,210,245,29.1,117,-6
345,2010,26.1,191,251,21.9,97,0
345,2011,46,238,273,35.5,171,22
345,2012,19.4,174,231,18.8,72,-20
345,2013,22.7,207,246,17.9,84,-5
345,2014,25.7,201,251,24.2,96,0
345,2015,20.5,239,255,16.5,76,4
345,2016,25.8,225,255,20.9,96,4
345,2017,29.9,212,253,29,111,2
345,2018,21.6,204,236,19,80,-15
345,2019,34.9,238,274,32.1,130,23
345,2020,23.1,210,243,21.4,86,-8
345,2021,21,183,244,21,78,-7
345,2022,23.6,197,232,21.7,88,-19
345,2023,43.9,195,257,40.5,163,6
345,2024,25.7,221,251,22.6,96,0
345,2025,19.8,194,235,18.6,74,-16
345,2026,12.7,171,227,9.4,47,-24
346,1992,5.8,149,186,4.2,59,-26
346,1993,8.1,173,212,6.7,83,0
346,1994,7.1,191,202,5.8,72,-10
346,1995,7.1,202,214,6.2,72,2
346,1996,9.1,189,221,9.1,93,9
346,1997,19.8,197,223,19.1,202,11
346,1998,9.7,200,212,8.8,99,0
346,1999,9.2,194,211,9,94,-1
346,2000,10.9,182,207,10.8,111,-5
346,2001,13.3,197,217,9.9,136,5
346,2002,9.8,197,213,9,100,1
346,2003,10.5,189,210,9.2,107,-2
346,2004,10,158,207,8.6,102,-5
346,2005,6.9,200,209,5.3,70,-3
346,2006,9.6,185,212,9.3,98,0
346,2007,7.1,161,210,5.5,72,-2
346,2008,13.1,209,230,10.3,134,18
346,2009,10.9,188,216,10.3,111,4
346,2010,10.5,197,210,9.2,107,-2
346,2011,21.1,215,231,18.2,215,19
346,2012,11.4,182,209,11.3,116,-3
346,2013,6.1,178,217,5.8,62,5
346,2014,14.5,185,221,14.4,148,9
346,2015,8.7,128,194,4.9,89,-18
346,2016,8.2,181,196,7.9,84,-16
346,2017,9.7,161,217,8.3,99,5
346,2018,16,196,219,13.7,163,7
346,2019,12.8,198,221,11.5,131,9
346,2020,10.2,190,212,9.4,104,0
346,2021,8.5,177,212,8.3,87,0
346,2022,7.8,172,215,5.9,80,3
346,2023,12.8,189,216,12.5,131,4
346,2024,8.1,193,209,7.8,83,-3
346,2025,10.2,189,212,9,104,0
346,2026,7.9,187,204,7.1,81,-8
347,1981,28.2,193,241,27,68,-8
347,1982,56.4,206,261,50.1,136,12
347,1983,44.1,202,253,42.4,107,4
347,1984,40.1,221,264,32.9,97,14
347,1985,37,191,237,36.5,89,-12
347,1986,49.3,228,255,43.5,119,6
347,1987,23.6,184,211,23.3,57,-38
347,1988,34.3,224,240,31.1,83,-10
347,1989,52.6,187,242,51.2,127,-8
347,1990,30.1,168,250,28.8,73,0
347,1991,37,226,250,32.2,89,0
347,1992,33.7,195,232,32.2,81,-18
347,1993,47.2,224,255,36.3,114,6
347,1994,33,193,236,30.4,80,-14
347,1995,61.8,228,266,54.7,149,16
347,1996,51,221,257,49,123,8
347,1997,73.9,215,252,69.9,179,2
347,1998,40.8,201,263,37.4,99,14
347,1999,58.3,231,265,50.5,141,16
347,2000,36.6,187,248,36.6,89,-2
347,2001,28.6,207,227,23.8,69,-22
347,2002,41.3,212,247,38.6,100,-2
347,2003,41.4,219,248,31.7,100,-2
347,2004,40,188,253,39.9,97,4
347,2005,36.8,205,241,33.1,89,-8
347,2006,56.9,201,247,48.6,138,-2
347,2007,32.2,206,228,30.7,78,-22
347,2008,49.3,214,269,47.2,119,20
347,2009,44.2,221,246,36.3,107,-4
347,2010,28.4,223,255,23.4,69,6
347,2011,57.9,213,273,48.5,140,24
347,2012,44,220,254,41.3,106,4
347,2013,40.5,211,235,33.7,98,-14
347,2014,46.2,228,249,41.3,112,-0
347,2015,27.1,199,226,25,66,-24
347,2016,32.6,188,243,31.9,79,-6
347,2017,52.6,211,251,46.5,127,2
347,2018,47.5,217,250,42.1,115,0
347,2019,47.1,199,258,41.6,114,8
347,2020,36.3,202,246,34.5,88,-4
347,2021,30.2,210,231,28.5,73,-18
347,2022,32.2,227,254,27.2,78,4
347,2023,46.5,191,249,44.8,112,-0
347,2024,34,223,253,33.3,82,4
347,2025,34.5,194,241,33.1,83,-8
347,2026,30.3,213,237,24.5,73,-12
348,1981,8.7,191,205,8,90,-3
348,1982,15.3,199,232,15,159,24
348,1983,16,204,240,14.2,166,32
348,1984,20.3,197,230,18.1,210,22
348,1985,11.4,187,200,11.4,118,-8
348,1986,13.4,175,213,11.2,139,5
348,1987,7.6,184,207,7.6,79,-1
348,1988,8.1,174,223,7.8,84,15
348,1989,8.3,159,193,6.8,86,-15
348,1990,6.5,187,198,6.4,67,-10
348,1991,6.6,185,229,6.6,68,21
348,1992,7.3,191,208,7.1,76,0
348,1993,19.6,192,224,18.2,203,16
348,1994,7.5,194,202,6,78,-6
348,1995,17.9,207,224,12.1,185,16
348,1996,9.9,206,218,9.4,103,10
348,1997,15.3,198,217,9.9,159,9
348,1998,8.4,201,216,6.9,87,8
348,1999,6.4,167,195,3.6,66,-13
348,2000,9.1,175,198,8.8,94,-10
348,2001,9.2,171,208,8.1,95,0
348,2002,8,173,189,6.7,83,-19
348,2003,9.4,192,208,8.7,97,0
348,2004,9.8,161,196,5.6,102,-12
348,2005,12.2,184,217,12.1,126,9
348,2006,11.6,190,209,10.9,120,1
348,2007,5.5,163,177,2.2,57,-31
348,2008,13.1,196,212,11.6,136,4
348,2009,8.8,200,206,7.9,91,-2
348,2010,12.4,192,210,11.1,128,2
348,2011,13.1,181,220,12.9,136,12
348,2012,7.3,164,189,4.3,76,-19
348,2013,7.7,177,205,6.8,80,-3
348,2014,9.5,189,202,9.3,98,-6
348,2015,10,164,188,6,104,-20
348,2016,11.2,184,197,11.2,116,-11
348,2017,11.5,163,200,10.6,119,-8
348,2018,6.9,182,192,6.6,72,-16
348,2019,14.1,186,209,13.9,146,1
348,2020,11,183,208,10.8,114,0
348,2021,10.7,183,195,10.7,111,-13
348,2022,7.4,174,191,6.3,77,-17
348,2023,17.5,191,214,17.3,181,6
348,2024,13,192,204,12.2,135,-4
348,2025,10.1,189,199,8.7,105,-9
348,2026,3.6,147,160,0,37,-48
349,1981,9.5,196,234,9,80,11
349,1982,17.5,203,237,15.3,148,14
349,1983,11.2,197,238,10,95,15
349,1984,12.2,220,234,10.7,103,11
349,1985,9.9,189,215,9.8,84,-8
349,1986,8.9,177,233,8.2,75,10
349,1987,7.2,183,209,7.2,61,-14
349,1988,10.1,193,227,9.5,85,4
349,1989,13.9,188,219,13.1,117,-4
349,1990,11.9,182,203,11.7,100,-20
349,1991,11.8,202,231,10.5,100,8
349,1992,9.3,181,211,8.7,78,-12
349,1993,11,202,226,8.8,93,3
349,1994,10.8,192,204,9.8,91,-19
349,1995,12.1,215,235,9.3,102,12
349,1996,17.2,219,240,16.1,145,17
349,1997,19.1,208,228,18,161,5
349,1998,10.8,202,216,8.2,91,-7
349,1999,16.4,194,233,15.3,138,10
349,2000,10,186,206,9.6,84,-17
349,2001,10.7,205,221,8.3,90,-2
349,2002,9.5,211,230,9.1,80,7
349,2003,14.6,191,236,12.9,123,13
349,2004,9,169,203,7.4,76,-20
349,2005,9.5,204,229,7.3,80,6
349,2006,12.9,190,219,11.6,109,-4
349,2007,9.4,204,213,8.7,79,-10
349,2008,14.3,210,231,13,121,8
349,2009,15.3,200,235,14.4,129,12
349,2010,10,196,228,8,84,5
349,2011,18.1,214,236,15.1,153,13
349,2012,13.8,177,207,13.2,116,-16
349,2013,8.4,178,218,7.9,71,-5
349,2014,18.6,191,233,17.9,157,10
349,2015,10.4,162,201,7,88,-22
349,2016,8.9,184,203,8.9,75,-20
349,2017,11.9,166,220,11.7,100,-3
349,2018,19.4,202,222,16.6,164,-1
349,2019,13.9,200,224,12.4,117,1
349,2020,12,202,220,10.6,101,-3
349,2021,11.8,183,219,11.8,100,-4
349,2022,11.6,206,228,9.5,98,5
349,2023,14.1,207,216,13.2,119,-7
349,2024,8.4,194,208,7.9,71,-15
349,2025,11.1,188,214,10.1,94,-9
349,2026,11.9,169,203,9.8,100,-20
350,1981,22.3,235,256,,83,5
350,1982,38.9,236,278,31.3,145,27
350,1983,35.2,236,266,27,131,15
350,1984,29.1,227,270,21.9,108,19
350,1985,24.8,211,249,22.4,92,-2
350,1986,42.2,231,258,35.3,157,7
350,1987,21.7,205,227,19.2,81,-24
350,1988,20.5,217,243,16,76,-8
350,1989,26.5,200,252,25.2,99,1
350,1990,31.8,240,268,22.4,118,17
350,1991,32.2,231,260,23.7,120,9
350,1992,21.4,209,234,14.6,80,-17
350,1993,24.2,222,259,17.2,90,8
350,1994,19.7,217,237,17.4,73,-14
350,1995,35.8,227,271,26.5,133,20
350,1996,41.6,244,267,35,155,16
350,1997,43.4,217,257,37.9,162,6
350,1998,22.7,210,272,20.5,85,21
350,1999,37.4,231,268,30.8,139,17
350,2000,20.5,232,248,17.5,76,-3
350,2001,17.9,207,235,14.1,67,-16
350,2002,27.5,226,250,21,102,-1
350,2003,31.4,226,251,26.1,117,0
350,2004,19.8,216,250,18.2,74,-1
350,2005,18.9,227,250,14.3,70,-1
350,2006,24.9,208,245,22.1,93,-6
350,2007,23.2,210,241,19,86,-10
350,2008,32.1,258,274,26.5,120,23
350,2009,33.4,229,263,25,124,12
350,2010,22.9,238,265,15.8,85,14
350,2011,43.1,244,277,26.9,161,26
350,2012,26.8,206,251,24.6,100,0
350,2013,26.9,219,250,20.5,100,-1
350,2014,36.3,225,254,31.9,135,3
350,2015,20.2,209,250,17.8,75,-1
350,2016,24.2,216,251,21.7,90,0
350,2017,43.2,215,263,37.9,161,12
350,2018,38,216,251,32.8,142,0
350,2019,30.4,241,263,22.3,113,12
350,2020,26.5,211,249,21.8,99,-2
350,2021,23.5,228,249,19.7,88,-2
350,2022,27.5,227,262,17.2,102,11
350,2023,24.2,211,242,20.8,90,-9
350,2024,25.7,224,254,22.2,96,3
350,2025,28.4,215,243,23.8,106,-8
350,2026,25.9,221,245,21.4,96,-6
351,1982,50.4,203,237,42.8,155,17
351,1983,21,188,212,18.6,65,-8
351,1984,29.3,224,242,22.1,90,22
351,1985,57.1,182,234,56.6,176,14
351,1986,29.8,145,207,16.3,92,-13
351,1987,25,181,209,24.1,77,-11
351,1988,33.3,191,228,31.8,103,8
351,1989,52.2,188,213,49.7,161,-7
351,1990,43.6,166,199,37.2,134,-21
351,1991,29.5,194,234,25.1,91,14
351,1992,9.4,116,150,0,29,-70
351,1993,37.8,156,216,28.6,116,-4
351,1994,27.7,177,212,25,85,-8
351,1995,28.5,121,214,22,88,-6
351,1996,23.8,160,215,20.3,73,-5
351,1997,46.5,197,225,44.8,143,5
351,1998,28.2,162,214,25.1,87,-6
351,1999,53,193,254,49.8,163,34
351,2000,44.6,175,218,43.5,137,-2
351,2001,25.9,197,225,19,80,5
351,2002,61.7,187,241,61.5,190,21
351,2003,23.6,190,237,19,73,17
351,2004,39.3,159,209,33.7,121,-11
351,2005,7.1,201,207,4.3,22,-13
351,2006,41.1,179,218,40,127,-2
351,2007,27.4,154,221,23,84,1
351,2008,91.8,214,270,80.4,283,50
351,2009,52.7,187,240,49.5,162,20
351,2010,19.3,192,231,14.4,59,11
351,2011,46.5,213,257,35.1,143,37
351,2012,43.5,190,230,41.2,134,10
351,2013,36.2,176,219,33.8,112,-1
351,2014,19.6,188,215,19.1,60,-5
351,2015,5.7,97,117,0.9,18,-103
351,2016,26.3,182,204,25.5,81,-16
351,2017,43.4,160,236,41.6,134,16
351,2018,35.4,201,222,30.2,109,2
351,2019,26.9,166,211,24.5,83,-9
351,2020,38,188,222,35.7,117,2
351,2021,41,182,218,40.9,126,-2
351,2022,38.5,203,246,28.6,119,26
351,2023,49,203,228,41.1,151,8
351,2024,28.9,167,226,27,89,6
351,2025,25.4,174,206,22.1,78,-14
351,2026,11.9,164,189,7,37,-31
352,1981,0,365,365,,0,164
352,1982,21.6,193,217,20.8,144,16
352,1983,21.6,188,214,21,144,13
352,1984,18.8,197,221,18.1,126,20
352,1985,19.8,186,210,19.8,132,9
352,1986,21.3,147,189,12.4,142,-12
352,1987,16.3,154,197,14.4,109,-4
352,1988,16.3,184,200,16.3,109,-1
352,1989,19.5,187,202,18.6,130,1
352,1990,20,167,198,18.5,134,-3
352,1991,12.4,182,205,12.2,83,4
352,1992,10.8,161,186,6.4,72,-15
352,1993,13.7,172,207,12.5,92,6
352,1994,13.7,178,202,12.8,92,1
352,1995,21.1,142,210,18.8,141,9
352,1996,15.3,189,201,13.2,102,0
352,1997,26,169,218,24.2,174,17
352,1998,16.4,162,204,13.4,110,3
352,1999,19.8,171,207,18.7,132,6
352,2000,16,174,194,13.8,107,-7
352,2001,8.8,147,203,6.5,59,2
352,2002,14.8,174,196,12.9,99,-5
352,2003,13.5,161,183,6.4,90,-18
352,2004,12,159,176,5.4,80,-25
352,2005,3.2,110,112,2,21,-89
352,2006,18.4,171,206,16.1,123,5
352,2007,20.8,155,179,7.8,139,-22
352,2008,20.8,150,212,19.9,139,11
352,2009,16.5,186,203,15.5,110,2
352,2010,13,151,201,8.9,87,0
352,2011,15.5,182,214,13.8,104,13
352,2012,19.6,186,207,19.5,131,6
352,2013,12.2,152,183,6,82,-18
352,2014,15.1,156,194,13,101,-7
352,2015,5.9,116,137,0,39,-64
352,2016,14.8,135,188,10.6,99,-13
352,2017,15.8,164,205,14.8,106,4
352,2018,12.7,163,197,9.4,85,-4
352,2019,16.9,167,192,11.4,113,-9
352,2020,12.1,151,193,8,81,-8
352,2021,15.2,150,196,12.6,102,-5
352,2022,11.7,104,182,5.6,78,-19
352,2023,13.2,172,208,12.3,88,7
352,2024,11.2,168,187,7.9,75,-14
352,2025,12.8,175,188,7.8,86,-13
352,2026,6.2,167,171,0,41,-30
353,1981,14.4,198,242,13.8,55,-4
353,1982,46.2,206,264,41.1,177,18
353,1983,29.5,233,255,22.8,113,9
353,1984,28.1,222,260,22.5,108,14
353,1985,21.6,191,231,21.1,83,-15
353,1986,47.1,232,258,44.6,180,12
353,1987,17.6,196,217,17.1,67,-29
353,1988,21.8,194,237,20.6,84,-9
353,1989,28.8,190,241,26.6,110,-5
353,1990,18.5,212,247,18.2,71,1
353,1991,22.9,223,249,19.9,88,3
353,1992,15.6,208,221,13.3,60,-25
353,1993,29.7,224,246,22.6,114,0
353,1994,20.3,200,226,18.9,78,-20
353,1995,29.4,228,260,24,113,14
353,1996,41.3,232,257,35.3,158,11
353,1997,44.6,220,253,41.5,171,7
353,1998,25.9,203,246,24.3,99,0
353,1999,33.6,230,257,29,129,11
353,2000,25.2,204,238,24.9,97,-8
353,2001,18.1,206,226,15.5,69,-20
353,2002,24.1,215,243,21,92,-3
353,2003,23.6,225,242,23,90,-4
353,2004,20.6,207,234,20.1,79,-12
353,2005,20.2,206,240,19.1,77,-6
353,2006,31.1,204,235,28.5,119,-11
353,2007,24.2,209,231,20.4,93,-15
353,2008,28.4,209,263,26.3,109,17
353,2009,32.5,220,246,26.6,125,0
353,2010,20.9,226,252,14.5,80,6
353,2011,45.8,222,272,33.7,175,26
353,2012,24.6,204,245,22.9,94,-1
353,2013,22.7,208,237,17.8,87,-9
353,2014,39.3,231,250,36.2,151,4
353,2015,24.5,215,247,22.9,94,1
353,2016,27.1,221,247,25,104,1
353,2017,48.1,214,252,42.2,184,6
353,2018,37.7,204,243,31.8,144,-3
353,2019,26.3,202,256,22.6,101,10
353,2020,29.7,222,246,25.4,114,0
353,2021,19.7,213,245,19.1,75,-1
353,2022,23.9,223,253,16.7,92,7
353,2023,28.5,209,239,24.7,109,-7
353,2024,27.4,228,250,23.6,105,4
353,2025,28.6,215,243,26.4,110,-3
353,2026,25.7,208,229,23.1,98,-17
354,1990,0,365,365,,0,164
354,1991,10,215,224,8.7,123,23
354,1992,8.7,174,192,7.1,107,-9
354,1993,7,176,211,6.1,86,10
354,1994,14.2,194,206,13.1,175,5
354,1995,6.6,183,196,6.6,81,-5
354,1996,10.2,184,219,10.2,126,18
354,1997,11.3,196,220,9.5,140,19
354,1998,9.1,173,209,8.8,112,8
354,1999,8,165,204,6.6,99,3
354,2000,7.3,192,201,6.3,90,0
354,2001,8.2,188,209,7.8,101,8
354,2002,6,187,196,5.6,74,-5
354,2003,8.4,182,197,8.2,104,-4
354,2004,6.6,171,184,3.3,81,-17
354,2005,5.4,179,191,5.3,67,-10
354,2006,7.9,180,196,7.8,98,-5
354,2007,5.4,162,178,1.4,67,-23
354,2008,9.7,197,213,8.1,120,12
354,2009,8.3,153,201,7.3,102,0
354,2010,6.6,191,200,4.5,81,-1
354,2011,11.4,214,223,10.3,141,22
354,2012,8.7,157,175,0,107,-26
354,2013,6.8,207,216,6.2,84,15
354,2014,9.6,191,205,9,119,4
354,2015,5.8,156,168,0,72,-33
354,2016,5.3,157,190,4.2,65,-11
354,2017,4.8,166,171,0,59,-30
354,2018,9.5,190,209,7.8,117,8
354,2019,8.8,171,190,6.8,109,-11
354,2020,7.9,158,206,7.1,98,5
354,2021,4.9,170,187,4.3,60,-14
354,2022,4.2,147,178,1,52,-23
354,2023,10.1,189,202,9.3,125,1
354,2024,3.1,158,172,0,38,-29
354,2025,5.5,162,193,3.9,68,-8
354,2026,4.4,153,171,0,54,-30
355,1981,10.4,197,213,9.9,82,-10
355,1982,18.6,202,230,16.5,147,8
355,1983,12.8,201,236,12.3,101,14
355,1984,13.6,220,233,11.6,108,10
355,1985,12,190,213,11.9,95,-10
355,1986,13.6,178,234,13,108,12
355,1987,8.8,187,208,8.8,70,-14
355,1988,11.3,194,224,10.1,89,2
355,1989,13.1,188,215,12.8,104,-8
355,1990,10.1,185,203,10.1,80,-20
355,1991,11.7,224,236,9.6,92,14
355,1992,9.8,181,213,9.6,77,-10
355,1993,11.6,209,225,9.5,92,2
355,1994,10.7,194,215,9.1,85,-8
355,1995,17.9,220,237,13.5,142,14
355,1996,19.5,218,235,16.6,154,12
355,1997,20.1,207,228,19.7,159,6
355,1998,12.7,202,219,10.2,100,-4
355,1999,15.4,194,233,14.3,122,10
355,2000,11.9,191,214,11.6,94,-8
355,2001,8.6,205,220,6.8,68,-2
355,2002,9.3,202,224,9.1,74,2
355,2003,16.3,188,229,15.5,129,6
355,2004,10.8,169,209,9.2,85,-14
355,2005,7.2,204,218,6.6,57,-4
355,2006,13.5,193,219,11.9,107,-4
355,2007,9.5,186,215,9.2,75,-8
355,2008,14.3,195,230,13.5,113,8
355,2009,15.7,199,233,14.5,124,10
355,2010,8.4,196,229,7,66,6
355,2011,16.3,214,238,13.5,129,16
355,2012,12.6,192,210,12.4,100,-12
355,2013,10.7,181,219,9.9,85,-4
355,2014,17.7,190,229,17,140,6
355,2015,10.5,199,213,9.7,83,-10
355,2016,14.3,185,220,14.3,113,-2
355,2017,16.6,209,223,14,131,0
355,2018,18,203,222,15.4,142,-0
355,2019,11.7,200,220,10,92,-2
355,2020,12.8,204,223,12.4,101,0
355,2021,10.5,185,219,10.3,83,-4
355,2022,12,216,238,9,95,16
355,2023,14,208,225,11.9,111,2
355,2024,10,194,226,9.2,79,4
355,2025,12.6,192,221,12.1,100,-2
355,2026,11.4,167,218,10.3,90,-4
356,1981,22.9,203,235,21.7,78,1
356,1982,53.2,201,251,46.7,182,17
356,1983,63.6,191,262,63.6,218,28
356,1984,32.4,208,238,28.6,111,4
356,1985,32,186,236,32,110,2
356,1986,44.6,175,243,42.4,153,9
356,1987,15.3,192,220,15.1,52,-14
356,1988,17.3,126,184,8.4,59,-50
356,1989,32.5,179,233,31.5,111,-1
356,1990,17.2,177,224,17.1,59,-10
356,1991,22.1,216,248,20.9,76,14
356,1992,20.8,185,219,20.8,71,-15
356,1993,45.6,209,257,43.4,156,23
356,1994,18.7,197,237,17,64,3
356,1995,64.7,234,275,56.6,222,41
356,1996,36.6,206,247,33.7,125,13
356,1997,36.9,162,225,33.8,126,-9
356,1998,44,201,266,39.8,151,32
356,1999,40.3,195,256,35.9,138,22
356,2000,26.1,184,237,26.1,89,3
356,2001,22.6,204,228,17.9,77,-6
356,2002,29.3,181,231,28.9,100,-3
356,2003,32.6,225,247,21.7,112,13
356,2004,29.1,162,223,26.8,100,-11
356,2005,47,200,252,46.1,161,18
356,2006,44.3,206,247,36.6,152,13
356,2007,15.6,164,223,13.8,53,-11
356,2008,27,176,230,26.2,92,-4
356,2009,25.7,201,230,25.4,88,-4
356,2010,31.1,214,256,27,107,22
356,2011,46.1,210,269,45.6,158,35
356,2012,15.6,199,217,14,53,-17
356,2013,20.8,162,211,18.7,71,-23
356,2014,17.7,189,220,17.2,61,-14
356,2015,8.9,158,171,0,30,-63
356,2016,30.7,180,227,30.5,105,-7
356,2017,63.3,203,245,55.8,217,11
356,2018,20.3,184,217,20.3,70,-17
356,2019,54.5,189,251,53.2,187,17
356,2020,28,194,222,23.2,96,-12
356,2021,21.7,180,214,21.5,74,-20
356,2022,18.7,165,219,15.3,64,-15
356,2023,74.4,192,255,72.9,255,21
356,2024,34,193,232,33.6,116,-2
356,2025,26,188,221,25.2,89,-13
356,2026,18.2,148,179,8.4,62,-55
357,1981,13.8,197,202,13.8,83,-5
357,1982,30.7,198,224,27.9,185,17
357,1983,27.9,199,219,27.2,169,12
357,1984,25.7,191,234,24.1,155,27
357,1985,21.1,184,197,21.1,127,-10
357,1986,17.8,178,211,15.5,108,4
357,1987,11.4,181,193,10.7,69,-14
357,1988,8.9,145,194,7.4,54,-13
357,1989,26.4,188,203,25.1,160,-4
357,1990,15.9,172,193,13.5,96,-14
357,1991,13.9,177,214,13.2,84,7
357,1992,10.8,146,179,1.9,65,-28
357,1993,20.4,169,222,18,123,15
357,1994,12.8,153,198,10,77,-9
357,1995,16.4,182,214,16.1,99,7
357,1996,13.5,159,198,11.9,82,-9
357,1997,21,168,208,17,127,1
357,1998,17.8,164,213,15.7,108,6
357,1999,26.9,193,231,26.2,163,24
357,2000,19.5,174,204,18.5,118,-3
357,2001,10.9,170,210,9,66,3
357,2002,17.3,178,207,16.3,105,0
357,2003,12.7,190,222,11.3,77,15
357,2004,19,163,202,16.3,115,-5
357,2005,7.7,186,208,7.6,47,1
357,2006,26.7,189,218,25.6,161,11
357,2007,15.1,160,199,11.7,91,-8
357,2008,21,195,222,20.7,127,15
357,2009,16.7,188,207,15.9,101,0
357,2010,14.8,192,207,13.2,89,0
357,2011,20.5,181,224,19.8,124,17
357,2012,17.7,190,207,17,107,0
357,2013,9.6,175,188,7,58,-19
357,2014,12.2,155,204,10.9,74,-3
357,2015,8.9,130,169,1.2,54,-38
357,2016,17.9,169,194,16.4,108,-13
357,2017,19,160,213,16,115,6
357,2018,9.9,174,203,8.9,60,-4
357,2019,21.7,166,206,20.5,131,-1
357,2020,15.4,187,206,15.3,93,-1
357,2021,15.8,151,199,13.8,95,-8
357,2022,9.8,158,181,4.3,59,-26
357,2023,21.2,191,216,19.2,128,9
357,2024,16.8,167,204,15.8,102,-3
357,2025,22.9,174,209,20.9,138,2
357,2026,7.1,159,175,0.4,43,-32
358,1982,14.9,214,258,12.7,78,16
358,1983,18.6,236,254,14,97,12
358,1984,23.6,223,260,17.8,123,18
358,1985,16.1,196,222,14.7,84,-20
358,1986,23.6,230,246,19.6,123,4
358,1987,15.4,197,218,15.2,80,-24
358,1988,13.4,224,241,13.1,70,-1
358,1989,16,199,234,14,83,-8
358,1990,24,227,250,18.7,125,8
358,1991,23.8,220,242,17.3,124,0
358,1992,16.3,207,226,13.1,85,-16
358,1993,16.5,215,232,12.7,86,-10
358,1994,18.3,197,228,16.1,95,-14
358,1995,24.1,226,259,16.3,126,17
358,1996,25,219,253,19.9,130,11
358,1997,22.5,215,243,19.1,117,1
358,1998,20.4,202,237,16.4,106,-5
358,1999,24.1,230,252,16.5,126,10
358,2000,18.2,211,242,15.9,95,0
358,2001,14.5,206,227,10.6,76,-15
358,2002,16.7,225,245,13,87,3
358,2003,19.2,226,241,17.3,100,-1
358,2004,17,215,231,14.4,89,-11
358,2005,18.9,225,247,14.1,98,5
358,2006,14.7,191,232,14.2,77,-10
358,2007,20.6,219,248,17.5,107,6
358,2008,21.8,229,248,17.8,114,6
358,2009,19.2,223,238,17.5,100,-4
358,2010,15.6,226,249,11.1,81,7
358,2011,33.2,244,267,20.3,173,25
358,2012,21.4,205,235,18.8,111,-7
358,2013,17.6,218,237,13.2,92,-5
358,2014,26.5,229,243,21.5,138,1
358,2015,15.8,204,242,13.4,82,0
358,2016,14.7,214,242,12.2,77,0
358,2017,23.9,216,246,19,124,4
358,2018,22.6,216,236,18.7,118,-6
358,2019,16.9,224,251,12.4,88,9
358,2020,19.8,203,244,16.7,103,2
358,2021,20,228,244,15.2,104,2
358,2022,19.8,215,255,13.2,103,13
358,2023,17.8,211,233,15.3,93,-9
358,2024,18.3,223,250,12.3,95,8
358,2025,20.1,216,242,15.4,105,0
358,2026,14.6,220,237,11,76,-5
359,1981,8.8,194,207,8.5,51,-9
359,1982,43.2,204,227,41.1,250,11
359,1983,29.2,213,242,28.2,169,26
359,1984,57.2,223,246,47.7,331,30
359,1985,22,185,200,22,127,-16
359,1986,24.1,172,205,19.5,139,-11
359,1987,10.2,181,197,10.1,59,-19
359,1988,12.4,194,203,12,72,-13
359,1989,24.5,188,203,23.6,142,-13
359,1990,10.4,161,188,8,60,-28
359,1991,12.3,182,229,12.2,71,13
359,1992,9,163,186,5.5,52,-30
359,1993,20.9,171,224,18.1,121,8
359,1994,10.4,193,202,9.3,60,-14
359,1995,14.5,183,229,14.5,84,13
359,1996,20.5,188,216,20,118,0
359,1997,27.8,168,220,25,161,4
359,1998,17.3,200,214,15.8,100,-2
359,1999,19.6,195,233,17.2,113,17
359,2000,15.4,177,204,15.1,89,-12
359,2001,10.6,171,210,8.9,61,-6
359,2002,19.7,180,213,19.4,114,-3
359,2003,9.6,190,226,8.2,55,10
359,2004,19.4,166,195,14.8,112,-21
359,2005,15.6,188,219,15.5,90,3
359,2006,27.8,190,218,26.3,161,2
359,2007,13.7,163,210,11.2,79,-6
359,2008,19.4,196,224,18.6,112,8
359,2009,17.7,199,222,15.5,102,6
359,2010,15.5,196,222,13.4,90,6
359,2011,20.8,210,234,18.3,120,18
359,2012,17.3,173,201,15.6,100,-15
359,2013,13.7,179,216,11.9,79,0
359,2014,14.7,170,202,13.7,85,-14
359,2015,12.3,137,194,8,71,-22
359,2016,19.3,184,204,19.3,112,-12
359,2017,20.3,163,221,18.3,117,5
359,2018,11.3,180,208,10.7,65,-8
359,2019,20.9,198,218,20.2,121,2
359,2020,20,191,211,19.1,116,-5
359,2021,16.2,183,206,16.2,94,-10
359,2022,15.6,175,218,12.7,90,2
359,2023,26.1,193,222,24.2,151,6
359,2024,23.8,193,225,23.2,138,9
359,2025,21,176,205,20,121,-11
359,2026,8.1,164,175,0,47,-41
360,1981,22.7,230,248,18.7,98,10
360,1982,28.3,204,264,23,122,26
360,1983,25.1,200,242,22.7,108,4
360,1984,25.5,221,245,22,110,6
360,1985,21.3,191,224,20.3,92,-14
360,1986,24.1,230,243,20.3,104,4
360,1987,14.4,203,212,14.3,62,-26
360,1988,18.3,195,230,17.1,79,-8
360,1989,21,216,245,19.8,91,6
360,1990,22.1,197,250,21,95,12
360,1991,24.9,225,246,17.9,108,8
360,1992,18.6,208,220,15.2,80,-18
360,1993,22.7,218,233,16.1,98,-6
360,1994,19.6,196,224,16.3,85,-14
360,1995,28.8,227,248,21.7,124,10
360,1996,25.4,220,250,22.6,110,12
360,1997,31.9,209,236,27.1,138,-2
360,1998,19.7,201,223,16.1,85,-16
360,1999,23.6,199,241,23.2,102,2
360,2000,16.9,191,231,16.3,73,-8
360,2001,16.8,205,225,13.1,73,-14
360,2002,23.8,223,244,19,103,6
360,2003,25.7,225,241,20.4,111,2
360,2004,18.7,187,222,18,81,-16
360,2005,15.9,205,237,13.8,69,-2
360,2006,27.1,197,230,23,117,-8
360,2007,19.1,204,223,16.9,83,-16
360,2008,23.9,210,262,20.9,103,24
360,2009,26.4,227,243,23.2,114,4
360,2010,23.6,225,252,16.8,102,14
360,2011,31.4,223,263,22.4,136,24
360,2012,25.3,203,232,22.9,109,-6
360,2013,20.5,208,228,18,89,-10
360,2014,29.2,213,241,26.8,126,2
360,2015,17.4,199,235,16.3,75,-4
360,2016,21.6,191,244,20.8,93,6
360,2017,20.4,215,240,17.3,88,2
360,2018,29.6,201,236,25.5,128,-2
360,2019,22.3,199,244,19.5,96,6
360,2020,22.2,208,241,19.7,96,2
360,2021,20.3,208,241,19.1,88,2
360,2022,18.1,214,248,13.5,78,10
360,2023,24.4,212,232,22.7,105,-6
360,2024,14.8,194,231,13,64,-8
360,2025,20.4,205,237,18.9,88,-2
360,2026,18.5,201,224,16.2,80,-14
361,1981,17.1,197,207,15.4,113,2
361,1982,23.6,208,231,22,155,26
361,1983,31.2,185,233,30.9,205,28
361,1984,27.9,198,234,25.7,184,28
361,1985,19,183,199,19,125,-6
361,1986,21.5,172,207,18.6,141,2
361,1987,12.8,180,198,12.7,84,-8
361,1988,13.8,186,200,13.8,91,-6
361,1989,23.8,188,214,22.6,157,8
361,1990,13.7,170,190,10.8,90,-16
361,1991,14.3,181,214,13.4,94,8
361,1992,10.6,149,183,5,70,-22
361,1993,21.8,172,224,20.2,143,18
361,1994,13.1,155,200,10.5,86,-6
361,1995,16.7,183,216,16.7,110,10
361,1996,10.9,160,193,8.1,72,-12
361,1997,20.6,168,209,18.1,136,4
361,1998,16.2,166,212,13.8,107,6
361,1999,24.8,172,229,23.4,163,24
361,2000,19.2,177,201,18.1,126,-4
361,2001,9.6,160,207,6.6,63,2
361,2002,15.7,177,197,13.4,103,-8
361,2003,10.1,162,205,8.9,66,-0
361,2004,19.3,160,193,14.4,127,-12
361,2005,6.1,110,170,4.7,40,-36
361,2006,19.1,186,216,18.3,126,10
361,2007,10.3,162,187,5.6,68,-18
361,2008,20.7,195,228,20.5,136,22
361,2009,16.1,187,204,15.1,106,-2
361,2010,12.4,196,206,11.8,82,0
361,2011,18.9,182,233,18.2,124,28
361,2012,14.2,182,206,13.3,93,0
361,2013,12.2,158,195,9.7,80,-10
361,2014,12.9,157,202,12.1,85,-4
361,2015,8.7,129,162,0.3,57,-44
361,2016,16.3,173,193,15.1,107,-12
361,2017,20.4,160,216,16.4,134,10
361,2018,9.7,173,205,8.5,64,-0
361,2019,20.1,170,210,18.9,132,4
361,2020,14.7,150,207,14.1,97,2
361,2021,16.1,155,203,15.3,106,-2
361,2022,10.4,131,182,4.9,68,-24
361,2023,21.3,190,217,19.7,140,12
361,2024,15.8,166,199,14,104,-6
361,2025,20.9,175,204,19.3,138,-2
361,2026,4.9,148,169,0,32,-36
362,1981,5.3,187,198,4.9,72,17
362,1982,14.4,198,208,14.4,195,27
362,1983,10.3,139,200,9.9,139,19
362,1984,13.2,197,206,12.9,178,25
362,1985,14.4,183,193,14.4,195,12
362,1986,9.1,146,180,2.5,123,-1
362,1987,12.3,156,190,10.6,166,9
362,1988,7.2,183,193,6.9,97,12
362,1989,18.3,172,198,16.8,247,17
362,1990,6.7,166,179,1.1,91,-2
362,1991,4.7,119,149,3,64,-32
362,1992,5.2,129,133,0,70,-48
362,1993,10.2,156,184,5.5,138,3
362,1994,7,152,181,2.5,95,0
362,1995,7.5,141,181,2.2,101,0
362,1996,7.3,131,168,2.2,99,-13
362,1997,11.8,167,180,4.4,159,-1
362,1998,9.6,164,190,5.8,130,9
362,1999,8.7,167,197,6.4,118,16
362,2000,11.5,175,191,9.5,155,10
362,2001,6.1,138,172,0,82,-9
362,2002,9.7,177,191,8.3,131,10
362,2003,7.2,160,181,1.8,97,0
362,2004,14,160,181,5.3,189,0
362,2005,3.6,155,160,0.4,49,-21
362,2006,9.4,172,195,8,127,14
362,2007,4.4,128,167,0.1,59,-14
362,2008,10.5,194,210,9.9,142,29
362,2009,12,187,203,11.2,162,22
362,2010,5.4,147,181,2.5,73,0
362,2011,11.4,182,207,10.9,154,26
362,2012,5.9,145,196,5.3,80,15
362,2013,6.8,152,180,0.8,92,-1
362,2014,7.1,154,176,2.2,96,-5
362,2015,3.4,97,131,0,46,-50
362,2016,7,138,174,1.4,95,-7
362,2017,9.6,160,175,3.4,130,-6
362,2018,5.8,159,187,3.3,78,6
362,2019,16.2,166,202,14.4,219,21
362,2020,12.9,145,197,10.7,174,16
362,2021,15.8,178,199,15,214,18
362,2022,9.4,163,179,2.8,127,-2
362,2023,9,186,211,8.4,122,30
362,2024,9.2,162,193,6.4,124,12
362,2025,12.9,146,190,9,174,9
362,2026,1.8,125,131,0,24,-50
363,1981,6.2,138,203,4.5,65,-6
363,1982,15.3,203,216,13.6,161,6
363,1983,10.5,197,213,7.5,111,4
363,1984,6.8,160,204,4.7,72,-6
363,1985,10.3,192,202,9.7,108,-8
363,1986,10,175,189,6.7,105,-20
363,1987,7.8,182,192,7.4,82,-18
363,1988,10.1,194,202,9.7,106,-8
363,1989,10.6,189,205,10.2,112,-4
363,1990,11.9,181,203,11.1,125,-6
363,1991,12.6,217,233,9,133,24
363,1992,8,178,198,6.8,84,-12
363,1993,7.7,174,218,7.5,81,8
363,1994,9,194,205,8.7,95,-4
363,1995,6.9,186,220,6.9,73,10
363,1996,15.1,189,228,15.1,159,18
363,1997,18,198,217,15.8,189,8
363,1998,8,201,211,7.9,84,2
363,1999,12.7,188,213,12,134,4
363,2000,10.1,186,205,9.9,106,-4
363,2001,7,198,209,6.2,74,-0
363,2002,8.8,186,226,8.6,93,16
363,2003,10.3,183,206,10.3,108,-4
363,2004,8.3,169,189,5.2,87,-20
363,2005,8.4,187,209,8,88,-0
363,2006,10.5,180,199,10.3,111,-10
363,2007,7.9,163,204,5.4,83,-6
363,2008,12.2,194,224,11.5,128,14
363,2009,15,192,222,13.8,158,12
363,2010,7.1,197,205,6.2,75,-4
363,2011,17.2,194,227,16.3,181,18
363,2012,10,167,197,7.3,105,-12
363,2013,7.1,176,210,6.3,75,0
363,2014,15.4,190,215,15,162,6
363,2015,8.9,150,182,3.6,94,-28
363,2016,7.7,184,196,7.7,81,-14
363,2017,8.5,161,185,4.8,89,-24
363,2018,17.8,193,215,16,187,6
363,2019,10.2,177,206,9.8,107,-4
363,2020,13.2,188,210,12.8,139,0
363,2021,9.3,183,206,9.3,98,-4
363,2022,6.4,175,197,4.6,67,-12
363,2023,12,189,213,11.6,126,4
363,2024,7.5,184,199,7.5,79,-10
363,2025,8.8,175,198,7.4,93,-12
363,2026,6.8,169,176,0.6,72,-34
364,1981,9.1,188,208,8.3,74,-4
364,1982,18.5,194,219,17.8,151,7
364,1983,26.2,206,243,21.3,214,31
364,1984,24.8,219,230,21.6,202,18
364,1985,16.6,185,200,16.6,136,-12
364,1986,16.3,202,216,13.4,133,4
364,1987,11.6,196,207,10.1,95,-5
364,1988,13.7,209,226,13.3,112,14
364,1989,13.6,179,194,12.5,111,-18
364,1990,8.1,183,202,8.1,66,-10
364,1991,10.7,220,233,9.7,87,21
364,1992,10.1,189,211,10.1,82,-1
364,1993,20.2,199,227,18.9,165,15
364,1994,11.4,194,206,9.3,93,-6
364,1995,18.1,206,241,16.2,148,29
364,1996,14.1,184,215,14.1,115,3
364,1997,16.8,196,219,12.2,137,7
364,1998,18.5,202,225,16,151,13
364,1999,12,218,230,7.9,98,18
364,2000,12,176,205,11.6,98,-7
364,2001,12.7,181,212,11.9,104,0
364,2002,10.9,173,191,9.3,89,-21
364,2003,12.5,192,211,12.2,102,-1
364,2004,14.2,164,212,11,116,0
364,2005,21.4,195,232,20.5,175,20
364,2006,14.5,190,213,14,118,1
364,2007,9,163,190,7.4,73,-22
364,2008,16.5,197,213,14.8,135,1
364,2009,15.2,202,216,13.5,124,4
364,2010,16.4,191,233,15.6,134,21
364,2011,24.9,216,242,20.6,203,30
364,2012,8.3,174,191,6.2,68,-21
364,2013,10.3,166,208,8.7,84,-4
364,2014,5.6,187,198,5.3,46,-14
364,2015,6.4,167,183,3.1,52,-29
364,2016,9.9,186,206,9.9,81,-6
364,2017,5.4,161,171,4.4,44,-41
364,2018,1.6,179,182,0.5,13,-30
364,2019,16.2,201,226,12.8,132,14
364,2020,7.4,184,211,7.4,60,-1
364,2021,6.8,184,192,6.8,56,-20
364,2022,5.5,183,191,5.5,45,-21
364,2023,13.3,191,215,12.9,109,3
364,2024,8,186,203,8,65,-9
364,2025,3.1,175,180,1.6,25,-32
364,2026,1.1,147,148,0,9,-64
365,1995,28.8,216,244,20.7,117,10
365,1996,28.5,220,248,25.6,116,14
365,1997,39,216,235,34.3,159,0
365,1998,21.5,201,223,17.4,88,-12
365,1999,25.1,197,236,24,102,2
365,2000,20.3,191,217,20.2,83,-18
365,2001,19.4,206,224,14.4,79,-10
365,2002,23.8,225,244,19.3,97,10
365,2003,25.6,225,239,22.5,104,4
365,2004,17.5,174,217,16.5,71,-18
365,2005,21.8,205,234,19,89,-0
365,2006,24.3,189,226,22.3,99,-8
365,2007,15.8,206,220,12.3,64,-14
365,2008,25.2,210,244,21.1,103,10
365,2009,27.8,221,239,22,113,4
365,2010,25.1,225,247,20.5,102,12
365,2011,36.7,223,254,27,149,20
365,2012,22.6,217,231,18.9,92,-4
365,2013,22.3,207,226,17.7,91,-8
365,2014,33.8,201,239,32.1,138,4
365,2015,23.7,198,233,21.6,97,-2
365,2016,20.7,185,221,20.7,84,-14
365,2017,24.5,215,235,19.3,100,0
365,2018,38.4,206,234,30.3,156,-0
365,2019,28.2,215,243,22.8,115,8
365,2020,24.6,203,234,23.3,100,-0
365,2021,21.7,209,230,20.3,88,-4
365,2022,17.7,216,239,14,72,4
365,2023,24.8,207,227,22.1,101,-8
365,2024,16,194,227,15.4,65,-8
365,2025,22.4,212,232,19.9,91,-2
365,2026,15.3,168,218,11.8,62,-16
366,1986,1.6,363,,,7,
366,1987,24.7,198,218,24.6,104,-8
366,1988,17.3,193,229,17.2,73,4
366,1989,30.4,187,221,28.3,127,-4
366,1990,24.9,183,228,24.9,104,2
366,1991,27.1,217,240,22.6,114,14
366,1992,17.6,185,212,17.5,74,-14
366,1993,34.4,222,240,27.7,144,14
366,1994,22.6,198,223,19.7,95,-2
366,1995,33.2,221,255,28.1,139,30
366,1996,31.3,206,229,28.2,131,4
366,1997,29.9,217,230,27.6,125,4
366,1998,28.5,202,238,25.5,119,12
366,1999,27.1,218,240,18.5,114,14
366,2000,19.8,185,211,19.7,83,-14
366,2001,18.9,207,221,13.6,79,-4
366,2002,19.6,180,217,19.3,82,-8
366,2003,19.3,191,227,17.7,81,2
366,2004,19.6,160,215,15.4,82,-10
366,2005,37.9,194,240,36.3,159,14
366,2006,36,194,229,33.7,151,4
366,2007,16.7,163,212,14.2,70,-14
366,2008,34.1,196,234,31.2,143,8
366,2009,27.3,200,225,21.5,114,-0
366,2010,24.1,197,241,18.7,101,16
366,2011,38.4,215,255,31,161,30
366,2012,15.2,173,207,12.4,64,-18
366,2013,17.9,206,223,12.9,75,-2
366,2014,22.8,190,218,21.7,96,-8
366,2015,13.3,159,194,8.1,56,-32
366,2016,21.2,185,226,21,89,0
366,2017,31.8,166,223,29.1,133,-2
366,2018,17.5,181,211,17.2,73,-14
366,2019,36.1,200,228,32.3,151,2
366,2020,23.6,190,217,23.1,99,-8
366,2021,16.3,184,215,16.3,68,-10
366,2022,15.7,174,220,14.2,66,-6
366,2023,42.5,190,232,40.7,178,6
366,2024,27,194,228,26.9,113,2
366,2025,21.9,175,212,20.8,92,-14
366,2026,16.4,163,179,5.6,69,-46
367,1981,13.1,196,217,11.4,51,-20
367,1983,33.8,236,262,23.8,133,25
367,1984,34.6,222,244,24.3,136,7
367,1985,24.5,210,238,20.1,96,1
367,1986,40.6,205,243,36.9,160,6
367,1987,17.5,197,218,16.6,69,-19
367,1988,27.9,225,246,25.3,110,9
367,1989,24.1,200,231,20.1,95,-6
367,1990,23.8,219,240,20.7,94,3
367,1991,20.7,218,242,15.8,81,5
367,1992,18.5,208,220,16.1,73,-17
367,1993,30.3,214,239,23,119,2
367,1994,25.5,199,231,22.4,100,-6
367,1995,29.4,243,266,14.8,116,29
367,1996,35.6,217,247,28.9,140,10
367,1997,42.5,215,243,35.2,167,6
367,1998,25.6,205,236,21.3,101,-1
367,1999,29,221,248,17.9,114,11
367,2000,19,193,230,17.9,75,-7
367,2001,23,207,232,17,90,-5
367,2002,13.8,186,226,13.8,54,-11
367,2003,20.5,224,240,18,81,3
367,2004,17.6,209,224,14.4,69,-13
367,2005,20.3,225,238,17.3,80,1
367,2006,26.9,203,232,25.8,106,-5
367,2007,22.4,207,231,19.5,88,-6
367,2008,24.4,198,245,21.5,96,8
367,2009,26.9,202,234,23.4,106,-3
367,2010,26.1,228,247,20,103,10
367,2011,42.7,218,259,32.7,168,22
367,2012,17.2,159,214,15.6,68,-23
367,2013,21.2,208,235,15.9,83,-2
367,2014,33,191,245,31.4,130,8
367,2015,21.4,210,244,18.3,84,7
367,2016,26.5,215,246,24.1,104,9
367,2017,24.2,171,230,22.4,95,-7
367,2018,27.5,205,228,24.6,108,-9
367,2019,25.4,201,250,23.7,100,13
367,2020,30.6,209,236,27.7,120,-1
367,2021,24.4,185,237,24.2,96,0
367,2022,21.5,200,230,17.5,84,-7
367,2023,26.5,190,230,24.9,104,-7
367,2024,24.6,202,244,24.4,97,7
367,2025,23.7,190,237,23.2,93,0
367,2026,15.5,169,196,9.9,61,-41
368,1981,16.7,205,246,15.9,85,4
368,1982,31.2,206,252,27.6,159,10
368,1983,32.1,232,260,23.3,164,18
368,1984,22.1,221,242,19,113,-0
368,1985,21.3,209,241,20,109,-2
368,1986,32,211,248,26.1,163,6
368,1987,18.5,196,248,17.4,94,6
368,1988,14.4,216,234,13,73,-8
368,1989,16.3,192,233,15.2,83,-10
368,1990,19.5,215,249,15.7,99,6
368,1991,16.3,222,254,14.5,83,12
368,1992,12,208,226,11.6,61,-16
368,1993,24.8,223,246,20.6,127,4
368,1994,15.5,218,237,13.3,79,-6
368,1995,34.1,243,276,22.7,174,34
368,1996,22.9,212,251,20.2,117,8
368,1997,27.5,216,250,23.1,140,8
368,1998,24,228,272,19,122,30
368,1999,29.2,230,264,17.1,149,22
368,2000,15.6,203,231,14.6,80,-12
368,2001,23.8,206,237,18,121,-6
368,2002,12.2,211,231,10.7,62,-12
368,2003,18.2,225,242,13,93,-0
368,2004,20.2,207,231,16.7,103,-12
368,2005,39.8,225,259,33.9,203,16
368,2006,26,197,236,23.1,133,-6
368,2007,16.5,210,229,13.9,84,-14
368,2008,20.7,196,248,19.5,106,6
368,2009,19,199,227,15.4,97,-16
368,2010,13.9,192,244,11.5,71,2
368,2011,40.1,243,265,28.7,205,22
368,2012,15.1,182,218,14.6,77,-24
368,2013,17.9,206,235,12.4,91,-8
368,2014,18,199,233,16.5,92,-10
368,2015,11.7,237,248,10.4,60,6
368,2016,17.7,223,248,15.7,90,6
368,2017,28.9,183,243,28.9,147,0
368,2018,14.5,198,221,13.2,74,-22
368,2019,30.7,244,263,24.2,157,20
368,2020,21.2,210,228,19.4,108,-14
368,2021,14.2,184,221,14.2,72,-22
368,2022,18.7,201,220,16.8,95,-22
368,2023,27.5,212,239,25.8,140,-4
368,2024,20.4,193,242,20.2,104,-0
368,2025,16.7,192,223,16.2,85,-20
368,2026,13.2,169,203,8.6,67,-40
369,1981,8.4,192,206,6.7,71,-20
369,1982,13.8,195,221,12.2,117,-5
369,1983,11.5,234,242,8.5,98,16
369,1984,21,225,236,14.8,179,10
369,1985,11,189,219,10.7,94,-7
369,1986,10.8,201,224,8.4,92,-2
369,1987,9.3,197,211,9,79,-15
369,1988,9.3,186,210,9.2,79,-16
369,1989,11,187,205,8.7,94,-21
369,1990,10.3,217,233,8.4,88,7
369,1991,11.5,214,230,10.1,98,4
369,1992,8.9,182,215,8.6,76,-11
369,1993,18,208,233,13.4,153,7
369,1994,11.4,202,227,9.3,97,1
369,1995,19.1,230,257,13.2,163,31
369,1996,16.8,207,227,15.2,143,1
369,1997,14.5,215,227,12.6,123,1
369,1998,12.3,211,226,9.1,105,0
369,1999,10.9,219,233,6.6,93,7
369,2000,9.8,188,216,9.4,83,-10
369,2001,11.2,206,224,9.7,95,-2
369,2002,6.6,181,190,5.7,56,-36
369,2003,10.5,210,227,9.3,89,1
369,2004,5.8,196,218,4.8,49,-8
369,2005,9.5,195,226,8.8,81,0
369,2006,13.8,190,214,12.9,117,-12
369,2007,11.1,197,214,9.7,94,-12
369,2008,17.8,202,235,15.1,151,9
369,2009,12.5,202,213,11.7,106,-13
369,2010,12,192,222,11.5,102,-4
369,2011,17.3,216,243,14.3,147,17
369,2012,6.4,176,189,3.8,54,-37
369,2013,11,209,226,7.3,94,0
369,2014,15.2,198,221,14.1,129,-5
369,2015,11.4,180,230,10.7,97,4
369,2016,12.9,204,234,10.9,110,8
369,2017,14.4,189,223,13.6,123,-3
369,2018,9.7,201,218,8,83,-8
369,2019,15.8,198,245,15.3,134,19
369,2020,14.3,209,222,13.6,122,-4
369,2021,10.7,185,220,10.7,91,-6
369,2022,10,198,219,8.7,85,-7
369,2023,10.8,192,222,10.7,92,-4
369,2024,12.7,195,233,12.3,108,7
369,2025,10.6,175,209,9.7,90,-17
369,2026,5.4,169,178,0.4,46,-48
370,1987,16.3,175,209,16,51,-18
370,1988,19.8,194,224,18.6,62,-4
370,1989,29.2,183,244,29.2,91,16
370,1990,22,169,200,20.1,69,-28
370,1991,22.2,202,230,19.5,69,2
370,1992,20.1,162,210,17.6,63,-18
370,1993,33.5,211,231,28,105,4
370,1994,18.7,177,214,17.9,59,-14
370,1995,27,195,233,26.4,85,6
370,1996,32.9,188,239,32.9,103,12
370,1997,39.6,197,227,38.5,124,-0
370,1998,27.1,202,220,24.7,85,-8
370,1999,48.8,200,241,47.1,153,14
370,2000,30.6,186,221,30.6,96,-6
370,2001,16.5,205,223,14.1,52,-4
370,2002,34.5,193,232,33.2,108,4
370,2003,37.2,203,241,35.1,116,14
370,2004,31.8,170,218,31.2,100,-10
370,2005,19.5,201,223,17.9,61,-4
370,2006,40.1,200,229,37.2,126,2
370,2007,21.9,184,221,21.8,69,-6
370,2008,36.8,212,235,35.2,115,8
370,2009,28.9,186,233,28.2,90,6
370,2010,23.5,197,233,21.6,74,6
370,2011,38.6,216,255,34.9,121,28
370,2012,32.1,191,228,31.7,100,0
370,2013,21.7,202,221,21.2,68,-6
370,2014,37.4,189,231,36.1,117,4
370,2015,19.8,134,210,17.1,62,-18
370,2016,34.4,183,214,34.3,108,-14
370,2017,35,167,235,34.8,110,8
370,2018,29,174,219,27.6,91,-8
370,2019,40,201,223,36.7,125,-4
370,2020,33,191,222,32,103,-6
370,2021,28.4,178,213,28,89,-14
370,2022,22.1,215,237,19.1,69,10
370,2023,33.6,193,227,31.9,105,-0
370,2024,25.4,193,225,24.1,79,-2
370,2025,41.1,190,219,40.6,129,-8
370,2026,22.3,170,219,19.1,70,-8
371,1981,11.7,191,208,11,69,-14
371,1982,30.1,197,231,28.7,178,9
371,1983,32,232,249,28.4,189,27
371,1984,32.7,221,236,30.1,193,14
371,1985,20.6,182,215,20.3,122,-7
371,1986,24.3,210,237,22.3,143,15
371,1987,13,193,211,12.4,77,-11
371,1988,14.3,173,227,13.6,84,5
371,1989,16.7,179,199,14.6,99,-23
371,1990,11.2,183,218,11.2,66,-4
371,1991,14.5,218,239,12.4,86,17
371,1992,15.3,184,208,15.3,90,-14
371,1993,27.3,196,230,25.5,161,8
371,1994,13.7,194,218,11.9,81,-4
371,1995,24.2,208,247,20.7,143,25
371,1996,26.1,205,223,25.4,154,1
371,1997,31.5,195,227,27.7,186,5
371,1998,23,203,229,19.6,136,7
371,1999,16.7,197,233,14.9,99,11
371,2000,17.7,184,209,17.7,104,-13
371,2001,14.2,195,221,13.1,84,-1
371,2002,13.9,180,196,13.3,82,-26
371,2003,15.5,190,227,13.9,91,5
371,2004,15.9,160,201,11.3,94,-21
371,2005,21.1,194,232,19.9,124,10
371,2006,26.5,203,224,23.9,156,2
371,2007,9.8,163,190,8,58,-32
371,2008,20.8,197,223,18.4,123,1
371,2009,19.1,201,220,16.4,113,-2
371,2010,15.9,190,229,13.5,94,7
371,2011,25,216,247,22.3,147,25
371,2012,10.3,174,195,7,61,-27
371,2013,14,204,216,12,83,-6
371,2014,17.2,190,218,16.5,101,-4
371,2015,13.4,165,210,9.8,79,-12
371,2016,14.4,184,206,14.4,85,-16
371,2017,22.3,166,224,21.4,132,2
371,2018,9.7,180,206,9.3,57,-16
371,2019,22.9,201,229,22.1,135,7
371,2020,18.6,203,218,18,110,-4
371,2021,12,183,213,12,71,-9
371,2022,12.4,175,212,12.3,73,-10
371,2023,28.5,191,229,27.3,168,7
371,2024,18.5,192,216,18.1,109,-6
371,2025,15.2,189,210,14.1,90,-12
371,2026,7.7,161,173,0,45,-49
373,1981,4.5,167,196,3.6,43,0
373,1982,13.2,192,207,11.8,128,11
373,1983,19.5,198,235,16.6,188,39
373,1984,24.6,216,233,23.6,238,37
373,1985,15.2,185,196,15.2,147,0
373,1986,11,146,159,1.6,106,-37
373,1987,8.4,176,191,6.8,81,-5
373,1988,4.3,153,183,1.8,42,-13
373,1989,14,156,196,12.7,135,0
373,1990,7.6,169,186,5,73,-10
373,1991,8.7,178,206,8.1,84,10
373,1992,4.6,161,174,0,44,-22
373,1993,12.6,159,205,7.9,122,9
373,1994,6.8,160,183,3.2,66,-13
373,1995,10.4,143,207,8.9,100,11
373,1996,10.9,188,213,10.3,105,17
373,1997,9.1,169,198,5.7,88,2
373,1998,13.5,199,215,12.2,130,19
373,1999,12.8,193,210,11.9,124,14
373,2000,10.9,176,194,9.8,105,-2
373,2001,5.6,170,180,1.7,54,-16
373,2002,13.6,177,194,12.8,131,-2
373,2003,4.5,161,174,0,43,-22
373,2004,16.7,161,186,8.6,161,-10
373,2005,10.3,188,216,10.3,100,20
373,2006,15.7,194,212,12.8,152,16
373,2007,7.7,163,178,2.6,74,-18
373,2008,12.6,195,213,12.4,122,17
373,2009,9.2,170,203,8.3,89,7
373,2010,9.9,190,203,9.2,96,7
373,2011,18.3,193,226,17.6,177,30
373,2012,7.2,182,194,6.1,70,-2
373,2013,9.1,162,185,5.2,88,-11
373,2014,5.6,187,194,5.1,54,-2
373,2015,1.9,129,143,0,18,-53
373,2016,12.1,135,189,10,117,-7
373,2017,14.4,159,190,10.4,139,-6
373,2018,5.3,179,189,4.3,51,-7
373,2019,14.6,182,206,14.4,141,10
373,2020,12.2,190,199,12.1,118,3
373,2021,13,178,195,12.4,126,-1
373,2022,9.1,173,182,4.1,88,-14
373,2023,21.8,191,211,19.7,211,15
373,2024,14.3,192,204,12.8,138,8
373,2025,16,173,194,11.8,155,-2
373,2026,3.8,148,164,0.1,37,-32
374,1981,11.7,187,207,10.9,62,-20
374,1982,33.5,195,231,30.9,176,4
374,1983,23.5,232,243,17.3,124,16
374,1984,31,223,235,27.4,163,8
374,1985,23,184,217,23,121,-10
374,1986,33,197,240,32.6,174,13
374,1987,13.5,190,209,13.3,71,-18
374,1988,17.3,188,224,17.2,91,-3
374,1989,21.9,187,217,20.3,115,-10
374,1990,13.8,185,202,13.8,73,-25
374,1991,15.4,182,232,15.1,81,5
374,1992,9.4,179,200,8.8,49,-27
374,1993,21.5,202,231,19.5,113,4
374,1994,18.3,199,221,15.8,96,-6
374,1995,20.8,215,235,19.9,109,8
374,1996,25.9,205,228,25.1,136,1
374,1997,35,200,233,33.4,184,6
374,1998,22.3,202,232,19.9,117,5
374,1999,25.9,219,238,21.7,136,11
374,2000,16.3,187,213,16.3,86,-14
374,2001,14.7,198,214,12.2,77,-13
374,2002,18.7,176,221,18,98,-6
374,2003,17.2,193,227,16,91,0
374,2004,16.6,160,217,13.5,87,-10
374,2005,21.7,194,234,21.1,114,7
374,2006,26.9,189,228,25.6,142,1
374,2007,13.8,196,214,13.3,73,-13
374,2008,19.1,197,233,18.3,101,6
374,2009,21,200,227,19,111,0
374,2010,12.2,225,243,8.7,64,16
374,2011,36.6,217,255,30.5,193,28
374,2012,14.8,182,214,14.1,78,-13
374,2013,14.3,204,222,11.9,75,-5
374,2014,24.6,192,230,23.9,129,3
374,2015,13,164,204,10.4,68,-23
374,2016,18.9,183,220,18.8,99,-7
374,2017,33.6,213,236,31.7,177,9
374,2018,14.9,182,217,14.8,78,-10
374,2019,24.9,197,227,23.3,131,0
374,2020,20,190,220,19.4,105,-7
374,2021,14.8,184,218,14.8,78,-9
374,2022,17,200,224,14,89,-3
374,2023,31.8,209,231,29.2,167,4
374,2024,22.8,194,227,22.8,120,0
374,2025,18.7,177,214,18.4,98,-13
374,2026,14.3,162,178,4.5,75,-49
375,1981,4.5,198,221,3.3,16,-12
375,1984,31.9,216,253,27.9,112,20
375,1985,31.6,190,236,31.5,110,3
375,1986,25.6,147,240,23.1,90,7
375,1987,24.3,197,221,23.6,85,-12
375,1988,24.8,193,234,24,87,1
375,1989,31.9,188,229,29.7,112,-4
375,1990,26.2,183,234,26.2,92,1
375,1991,23.1,199,238,19.5,81,5
375,1992,18.3,159,213,15.6,64,-20
375,1993,23.9,201,223,21,84,-10
375,1994,24.4,191,221,23.5,85,-12
375,1995,25.9,143,233,25.4,91,0
375,1996,19,162,239,18,66,6
375,1997,52.8,171,248,51.7,185,15
375,1998,30.3,202,237,29.4,106,4
375,1999,57.3,200,260,56.3,200,27
375,2000,30.2,180,241,30,106,8
375,2001,17.1,201,234,15.9,60,1
375,2002,37.2,188,233,37.1,130,0
375,2003,22.8,178,238,21.6,80,5
375,2004,26.4,186,219,26.3,92,-14
375,2005,6.7,198,208,5.4,23,-25
375,2006,37,201,233,36.6,129,0
375,2007,31.4,162,224,27.3,110,-9
375,2008,36.5,195,241,36.2,128,8
375,2009,33.1,198,240,31.5,116,7
375,2010,28.5,198,244,24.6,100,11
375,2011,36.5,212,250,32.6,128,17
375,2012,38.2,192,235,37.8,134,2
375,2013,23.1,177,221,22,81,-12
375,2014,28,188,228,27.6,98,-5
375,2015,6.2,115,166,0.2,22,-67
375,2016,31,181,216,30.1,108,-17
375,2017,34.1,181,235,33.2,119,2
375,2018,28.7,201,223,25.5,100,-10
375,2019,22.2,167,219,20.6,78,-14
375,2020,28.8,192,223,28.5,101,-10
375,2021,32.5,184,225,32.5,114,-8
375,2022,25.6,205,241,20.2,90,8
375,2023,23.8,204,223,22.1,83,-10
375,2024,22.2,182,223,22.1,78,-10
375,2025,28.5,175,216,26.6,100,-17
375,2026,19.9,167,209,16,70,-24
376,1982,38.2,206,238,33.3,130,5
376,1983,2,1,,,7,
376,1984,30.2,199,252,26,103,19
376,1985,26.1,185,233,25.8,89,0
376,1986,19.8,214,238,19.3,68,5
376,1987,25.5,204,221,24.8,87,-12
376,1988,23.5,191,225,22.5,80,-8
376,1989,28.9,192,227,26.9,99,-6
376,1990,26.5,180,231,25.9,90,-2
376,1991,31.4,194,233,27.6,107,0
376,1992,23.9,184,220,23.9,82,-13
376,1993,22.3,211,227,19.8,76,-6
376,1994,27.2,196,221,24.3,93,-12
376,1995,34.2,204,233,32,117,0
376,1996,23.3,188,240,23.2,80,7
376,1997,49.5,203,240,47.3,169,7
376,1998,31.3,200,222,30.2,107,-11
376,1999,50.4,204,249,47.8,172,16
376,2000,34.3,199,239,33,117,6
376,2001,20.1,198,231,16.3,69,-2
376,2002,34.5,199,242,32.7,118,9
376,2003,33.2,202,244,31.3,113,11
376,2004,27.1,185,221,27.1,92,-12
376,2005,21,199,222,18.8,72,-11
376,2006,38.2,201,232,34.6,130,-1
376,2007,22.4,176,225,21.7,76,-8
376,2008,34,209,240,30.7,116,7
376,2009,27.5,200,241,24.4,94,8
376,2010,28.5,193,238,26.2,97,5
376,2011,38,220,253,29.2,130,20
376,2012,37.3,204,242,33.6,127,9
376,2013,27.5,202,227,23,94,-6
376,2014,29.6,211,239,26.7,101,6
376,2015,13.8,198,214,13,47,-19
376,2016,29.2,183,218,29,100,-15
376,2017,28.3,210,239,25.3,97,6
376,2018,40,201,233,32,137,0
376,2019,24.3,198,224,21.7,83,-9
376,2020,29.4,191,233,29.2,100,0
376,2021,23.3,195,225,23,80,-8
376,2022,24.5,226,252,21.2,84,19
376,2023,25.6,207,227,22.5,87,-6
376,2024,22.8,193,228,22.4,78,-5
376,2025,28.1,191,228,27.4,96,-5
376,2026,13.8,198,217,12.5,47,-16
377,1981,9.1,196,212,8.6,70,-22
377,1983,13.4,204,241,11.3,103,7
377,1984,20.3,221,244,12.3,156,10
377,1985,12.3,195,221,11.1,95,-13
377,1986,14.5,202,239,13,112,5
377,1987,12.3,196,218,11.6,95,-16
377,1988,17.8,222,238,13.1,137,4
377,1989,10.3,201,223,9.1,79,-11
377,1990,16,217,243,13.3,123,9
377,1991,16.9,216,234,11.9,130,0
377,1992,11.6,208,220,9.7,89,-14
377,1993,12.8,216,230,9.6,98,-4
377,1994,15.7,199,226,14.2,121,-8
377,1995,16.7,226,248,10,128,14
377,1996,15.3,221,244,13,118,10
377,1997,17.4,217,235,14,134,1
377,1998,13.7,204,230,10.5,105,-4
377,1999,12.6,206,240,8.8,97,6
377,2000,13.2,193,237,11.3,102,3
377,2001,9.9,206,225,8.4,76,-9
377,2002,10.5,217,233,8.9,81,-1
377,2003,14.2,225,238,12.5,109,4
377,2004,9.9,205,222,9.4,76,-12
377,2005,11.4,225,234,9.3,88,0
377,2006,10.6,202,229,9.7,82,-5
377,2007,14,220,231,13,108,-3
377,2008,17.3,229,249,12.5,133,15
377,2009,14,191,234,12.5,108,0
377,2010,14.9,225,245,9.3,115,11
377,2011,17.6,234,252,10.9,135,18
377,2012,12.4,201,222,11.2,95,-12
377,2013,12.5,215,229,9.6,96,-5
377,2014,18.4,213,239,15.7,142,5
377,2015,11.6,203,233,9.7,89,-1
377,2016,11.6,215,234,8.7,89,0
377,2017,13.5,215,228,10.3,104,-6
377,2018,11.8,203,229,9.9,91,-5
377,2019,9.6,224,245,8.1,74,11
377,2020,12.8,204,234,10.9,98,0
377,2021,14.6,210,237,10.7,112,3
377,2022,14.8,214,242,9.4,114,8
377,2023,13.4,212,230,12.6,103,-4
377,2024,11,223,242,7.3,85,8
377,2025,13.4,214,238,11,103,4
377,2026,7.4,188,225,5.2,57,-9
378,1981,13.9,195,210,12.1,84,-12
378,1982,24.3,194,234,23.6,146,12
378,1983,27.3,233,249,22.3,164,26
378,1984,30.2,222,236,24,182,14
378,1985,21.5,192,229,21.5,130,6
378,1986,27.1,179,233,26,163,10
378,1987,16.8,199,214,15.9,101,-8
378,1988,20.6,190,226,20.1,124,4
378,1989,18.6,188,206,16.8,112,-16
378,1990,11.2,196,223,10.2,67,0
378,1991,22.7,213,232,19,137,10
378,1992,20,189,215,20,120,-8
378,1993,27.8,203,236,21.7,167,14
378,1994,16.2,200,222,13.5,98,-0
378,1995,25.9,225,249,16.8,156,26
378,1996,24.6,206,226,23.2,148,4
378,1997,30.2,199,229,25,182,6
378,1998,27.1,204,230,21.3,163,8
378,1999,17.9,220,234,12.4,108,12
378,2000,16.4,188,213,16.1,99,-10
378,2001,14.7,197,223,12.3,89,0
378,2002,12.1,179,200,11.2,73,-22
378,2003,15.2,207,232,14.1,92,10
378,2004,13.2,169,217,10.2,80,-6
378,2005,15.6,195,225,15,94,2
378,2006,19.4,190,214,18,117,-8
378,2007,13,163,209,11,78,-14
378,2008,19.6,198,234,16.6,118,12
378,2009,17.4,196,219,15.9,105,-4
378,2010,16.8,191,230,13.9,101,8
378,2011,23.6,215,247,19.5,142,24
378,2012,10.8,160,189,6.9,65,-34
378,2013,14,207,224,10.9,84,2
378,2014,17,190,218,15.8,102,-4
378,2015,12.5,165,197,9.2,75,-26
378,2016,15.5,185,227,15.4,93,4
378,2017,12.5,161,198,9.1,75,-24
378,2018,11.3,204,213,10.4,68,-10
378,2019,18,177,220,17.8,108,-2
378,2020,14.1,188,214,13.8,85,-8
378,2021,12.6,183,211,12.6,76,-12
378,2022,12,175,211,11.8,72,-12
378,2023,22.8,191,222,21.9,137,-0
378,2024,15.9,186,208,15.7,96,-14
378,2025,14.2,189,208,12.6,86,-14
378,2026,8.1,160,177,0.4,49,-46
379,1981,9.4,195,213,8.9,66,-19
379,1982,22.4,203,238,20.2,156,6
379,1983,14.1,232,244,11.5,98,12
379,1984,12.6,204,236,10.6,88,4
379,1985,11,192,211,10.8,77,-21
379,1986,24.2,181,240,23.6,169,8
379,1987,14.4,184,211,14.4,100,-21
379,1988,14.1,190,224,13.5,98,-8
379,1989,19.5,193,221,18.6,136,-11
379,1990,12.9,195,239,12.6,90,7
379,1991,16.1,219,243,12.7,112,11
379,1992,11.5,207,218,9.3,80,-14
379,1993,14.2,220,232,11.9,99,0
379,1994,12,198,225,11.1,84,-7
379,1995,19.4,218,256,13.7,135,24
379,1996,23.6,218,249,21.4,164,17
379,1997,24.6,207,235,23.9,171,3
379,1998,17.7,202,237,15,123,5
379,1999,17.9,213,241,16,125,9
379,2000,13.3,191,232,12.6,93,0
379,2001,10.1,205,223,8.5,70,-9
379,2002,15.8,214,239,14.2,110,7
379,2003,18.2,183,237,18.2,127,5
379,2004,12.6,206,223,10.8,88,-9
379,2005,11.8,225,236,9.7,82,4
379,2006,14.5,202,229,13.8,101,-3
379,2007,12.9,209,224,11.3,90,-8
379,2008,17.2,209,247,16.5,120,15
379,2009,19.2,219,237,15.7,134,5
379,2010,11.7,226,244,8.4,82,12
379,2011,23.2,223,257,15.8,162,25
379,2012,14.2,202,227,13.9,99,-5
379,2013,13.2,208,229,10.4,92,-3
379,2014,0,365,365,,0,133
379,2015,12.9,155,212,11.5,90,-20
379,2016,10.8,185,208,10.8,75,-24
379,2017,23.7,166,225,23.5,165,-7
379,2018,18.2,198,220,15.7,127,-12
379,2019,13.6,198,225,10.2,95,-7
379,2020,14.6,201,219,12.5,102,-13
379,2021,11.3,209,226,10.4,79,-6
379,2022,10.2,215,229,6.9,71,-3
379,2023,11.9,191,215,10.8,83,-17
379,2024,11.8,184,225,11.8,82,-7
379,2025,12.6,185,218,12.3,88,-14
379,2026,11.1,169,177,3.2,77,-55
380,1981,9,192,206,7.9,66,-14
380,1982,20.1,195,230,19.1,147,10
380,1983,17.1,215,240,14.5,125,20
380,1984,25.1,223,237,22,183,16
380,1985,19.5,188,220,19,142,-0
380,1986,24.1,185,227,23.3,176,6
380,1987,16.3,198,214,15.4,119,-6
380,1988,11.5,191,221,11.1,84,0
380,1989,14.7,187,207,13.1,107,-14
380,1990,7.7,214,223,7.3,56,2
380,1991,12.9,186,224,12.4,94,4
380,1992,11.7,186,213,11.7,85,-8
380,1993,26.5,202,234,24,193,14
380,1994,13.6,198,223,11.8,99,2
380,1995,24.1,226,253,20.6,176,32
380,1996,21,184,224,21,153,4
380,1997,21.3,195,225,19.1,155,4
380,1998,14.8,201,224,12.2,108,4
380,1999,14.6,219,233,10.2,107,12
380,2000,13.3,189,214,13,97,-6
380,2001,12,197,213,10.9,88,-8
380,2002,10.1,179,202,9.8,74,-18
380,2003,13.8,184,229,13.4,101,8
380,2004,12,196,218,11.2,88,-2
380,2005,18.3,194,231,17.9,134,10
380,2006,16.4,190,212,15.2,120,-8
380,2007,11.1,183,211,11.1,81,-10
380,2008,23.7,196,232,21.9,173,12
380,2009,18.5,190,214,16.8,135,-6
380,2010,13.3,194,219,12,97,-2
380,2011,18.4,210,238,17,134,18
380,2012,8.2,177,194,6.5,60,-26
380,2013,11.8,204,217,8.8,86,-4
380,2014,16.4,190,217,16.2,120,-4
380,2015,11.5,178,216,11.1,84,-4
380,2016,13.3,190,228,13.1,97,8
380,2017,21.3,189,222,21,155,2
380,2018,10.1,192,210,8.8,74,-10
380,2019,19.4,187,240,19.1,142,20
380,2020,13.6,189,217,13.6,99,-4
380,2021,11.1,184,212,11.1,81,-8
380,2022,13.2,189,213,12.8,96,-8
380,2023,21,191,225,20.8,153,4
380,2024,16,194,216,16,117,-4
380,2025,14.7,189,209,13.3,107,-12
380,2026,8.4,161,180,3.4,61,-40
381,1981,5.1,160,200,4.5,61,-4
381,1982,12.5,188,219,12.4,149,14
381,1983,9.4,187,210,8.9,112,6
381,1984,6.9,196,205,6.7,82,0
381,1985,8,186,197,8,95,-8
381,1986,8.8,175,201,7,105,-4
381,1987,5.5,179,196,4.9,65,-8
381,1988,7.3,193,200,7.1,87,-4
381,1989,9.7,189,202,9.4,115,-2
381,1990,6.6,176,195,6.4,79,-10
381,1991,6.5,182,214,6.4,77,10
381,1992,7.3,169,188,5.1,87,-16
381,1993,8.2,176,204,6.4,98,-0
381,1994,5.9,193,203,5.6,70,-2
381,1995,8,182,206,7.7,95,2
381,1996,12.2,189,221,12.1,145,16
381,1997,17,195,221,16.4,202,16
381,1998,6.6,200,211,6.1,79,6
381,1999,11,166,213,10.7,131,8
381,2000,9.2,175,203,8.9,110,-2
381,2001,6.4,198,209,5.5,76,4
381,2002,7,180,208,6.9,83,4
381,2003,10.1,191,211,9.7,120,6
381,2004,8.5,160,189,4.8,101,-16
381,2005,3.7,184,191,3.7,44,-14
381,2006,10.1,188,206,9.9,120,2
381,2007,6.9,158,177,3.1,82,-28
381,2008,10.2,195,220,9.9,121,16
381,2009,10.1,189,216,9.6,120,12
381,2010,5.8,196,204,4.7,69,-0
381,2011,11,197,220,10.7,131,16
381,2012,11.3,174,195,8.9,135,-10
381,2013,6.4,176,185,4.4,76,-20
381,2014,13.8,175,201,12.6,164,-4
381,2015,7.9,146,173,0,94,-32
381,2016,8,182,191,7.2,95,-14
381,2017,10,161,188,6,119,-16
381,2018,12.6,179,207,11.6,150,2
381,2019,8.9,170,201,8,106,-4
381,2020,8.3,188,205,8,99,0
381,2021,7.9,165,190,6.9,94,-14
381,2022,7.1,170,181,2.8,85,-24
381,2023,9.2,190,209,8.9,110,4
381,2024,5.1,168,187,4.1,61,-18
381,2025,8.4,175,192,6.2,100,-12
381,2026,9.5,167,177,2.5,113,-28
382,1992,0,366,366,,0,172
382,1993,18.5,169,205,14.2,150,11
382,1994,8.4,152,185,4.9,68,-9
382,1995,13.6,145,194,11.6,111,0
382,1996,11.5,166,194,10.8,93,0
382,1997,13.1,171,202,10.9,107,8
382,1998,13.4,165,205,11.9,109,11
382,1999,17,169,208,16.1,138,14
382,2000,12.3,178,194,11.7,100,0
382,2001,9.6,168,182,4.3,78,-12
382,2002,15.7,166,191,13.3,128,-3
382,2003,8.6,163,187,4.5,70,-7
382,2004,13,161,187,7.7,106,-7
382,2005,9.3,184,198,9.2,76,4
382,2006,16.7,185,209,16.5,136,15
382,2007,10.7,161,184,5.4,87,-10
382,2008,14.7,188,214,14.7,120,20
382,2009,12.3,167,198,10.8,100,4
382,2010,13.4,189,207,12.7,109,13
382,2011,16,181,208,14.7,130,14
382,2012,11,174,194,9.3,89,0
382,2013,5.2,163,182,1.6,42,-12
382,2014,7.3,147,177,2.9,59,-17
382,2015,6.8,126,155,0,55,-39
382,2016,12.5,171,192,10.5,102,-2
382,2017,18.2,160,190,12.4,148,-4
382,2018,9.6,173,195,8,78,1
382,2019,17.3,177,199,15.9,141,5
382,2020,10.5,168,194,8.1,85,0
382,2021,11.9,167,192,10.4,97,-2
382,2022,8.6,167,183,4.2,70,-11
382,2023,23.6,192,213,22.7,192,19
382,2024,15.8,168,198,13.5,128,4
382,2025,17.8,175,198,15.7,145,4
382,2026,2.8,148,154,0,23,-40
383,1986,15,171,203,11.9,110,1
383,1987,15.8,190,206,14.3,116,4
383,1988,11.2,172,194,9,82,-8
383,1989,14.7,159,186,9,108,-16
383,1990,8.3,170,187,5.1,61,-15
383,1991,12.1,183,202,12.1,89,0
383,1992,20.8,184,208,20.8,152,6
383,1993,31.5,154,216,29.6,231,14
383,1994,11.6,162,203,9.4,85,1
383,1995,20.9,164,214,20.6,153,12
383,1996,3.9,163,184,1.8,29,-18
383,1997,23.2,165,215,20.5,170,13
383,1998,14.5,201,214,13.6,106,12
383,1999,7.1,165,178,1.6,52,-24
383,2000,13.5,185,203,13.4,99,1
383,2001,14.7,169,203,11.8,108,1
383,2002,7.3,172,183,3.1,53,-19
383,2003,12.7,174,202,11.9,93,0
383,2004,17.2,161,183,7.7,126,-19
383,2005,35.8,186,225,35.8,262,23
383,2006,8.5,185,196,8.1,62,-6
383,2007,5.3,162,170,0.3,39,-32
383,2008,24.6,166,207,22.8,180,5
383,2009,12.9,147,202,8.5,95,0
383,2010,23,187,216,22.3,168,14
383,2011,16.6,163,195,12.1,122,-7
383,2012,12.5,162,182,4.1,92,-20
383,2013,10.5,164,197,8.4,77,-5
383,2014,9.2,168,184,5,67,-18
383,2015,10.8,167,181,4.3,79,-21
383,2016,13.8,133,191,10.4,101,-11
383,2017,15.4,160,190,8.6,113,-12
383,2018,4.3,157,182,1.5,32,-20
383,2019,26.1,183,211,26.1,191,9
383,2020,15.8,184,204,15.8,116,2
383,2021,11.3,179,192,10.6,83,-10
383,2022,9.1,165,190,7.4,67,-12
383,2023,32.5,190,212,32.3,238,10
383,2024,15,173,198,14.6,110,-4
383,2025,7,172,177,0,51,-25
383,2026,5.3,149,161,0,39,-41
384,1981,8,195,210,6.6,55,-16
384,1982,22.6,203,233,18.7,156,6
384,1983,12.2,202,242,11.4,84,16
384,1984,10,196,228,9.5,69,2
384,1985,12.8,189,214,12,88,-12
384,1986,14.7,170,238,13.8,101,12
384,1987,7.3,196,207,7.3,50,-20
384,1988,11.8,194,226,9.8,81,-0
384,1989,19.4,192,217,18.6,134,-10
384,1990,12.1,181,202,11.5,83,-24
384,1991,14.7,225,235,11.9,101,8
384,1992,12.1,182,212,11.7,83,-14
384,1993,16.3,209,228,13.6,112,2
384,1994,11.4,193,215,10.5,79,-12
384,1995,17,186,234,16.8,117,8
384,1996,21.6,189,242,21.6,149,16
384,1997,23.7,185,230,23.6,163,4
384,1998,13.4,201,219,12.5,92,-8
384,1999,18.9,198,235,17.9,130,8
384,2000,13.2,187,217,13,91,-10
384,2001,10.9,204,221,8.8,75,-6
384,2002,13.4,207,227,12.9,92,0
384,2003,14.3,191,235,13.4,99,8
384,2004,11.4,169,214,10.8,79,-12
384,2005,9.7,187,219,9.3,67,-8
384,2006,15.4,202,219,14.8,106,-8
384,2007,12.2,194,215,11.1,84,-12
384,2008,19.4,210,239,18.3,134,12
384,2009,15.1,221,233,13.6,104,6
384,2010,9,193,230,8,62,4
384,2011,21.7,214,249,17.5,150,22
384,2012,13,191,223,12.4,90,-4
384,2013,12.6,206,222,10.6,87,-4
384,2014,16,201,232,15.2,110,6
384,2015,10.4,196,212,9.6,72,-14
384,2016,10.7,184,216,10.7,74,-10
384,2017,18.8,212,227,17.2,130,0
384,2018,18.7,201,226,16.6,129,-0
384,2019,14.9,199,227,13.2,103,0
384,2020,15.6,201,226,15,108,-0
384,2021,12.7,203,220,12.2,88,-6
384,2022,10.9,216,237,8,75,10
384,2023,15.3,208,228,14.5,106,2
384,2024,11.1,194,228,11,77,2
384,2025,13,192,221,12.3,90,-6
384,2026,11,169,216,9,76,-10
385,1981,25.3,230,251,21,82,2
385,1982,42,228,267,33.3,136,18
385,1983,36.9,231,261,32.5,119,12
385,1984,35.4,225,269,27.3,114,20
385,1985,24.3,209,236,23.1,79,-14
385,1986,37.5,230,254,28.8,121,4
385,1987,20.3,197,221,20.1,66,-28
385,1988,23.3,223,238,19.3,75,-12
385,1989,30.7,213,255,28.8,99,6
385,1990,25.8,238,266,24.5,83,16
385,1991,34.6,230,254,23.4,112,4
385,1992,23.7,208,232,21.2,77,-18
385,1993,35.3,222,260,27,114,10
385,1994,22.3,197,239,20,72,-10
385,1995,43.9,226,272,35.1,142,22
385,1996,42.1,244,262,33.5,136,12
385,1997,47,220,252,41,152,2
385,1998,30.2,203,274,25.5,98,24
385,1999,38,227,262,32.2,123,12
385,2000,25.5,192,248,24.7,82,-2
385,2001,21,206,230,17,68,-20
385,2002,29.3,223,249,24.6,95,-0
385,2003,32.1,225,248,22.7,104,-2
385,2004,28.5,205,262,26.1,92,12
385,2005,23.4,225,259,19.8,76,10
385,2006,37.9,203,247,31.8,122,-2
385,2007,22.4,207,230,20,72,-20
385,2008,35.3,229,271,30.5,114,22
385,2009,36.8,223,253,29.2,119,4
385,2010,25.3,225,259,19.3,82,10
385,2011,38.7,224,272,30.7,125,22
385,2012,29.7,221,249,26.2,96,-0
385,2013,28.6,207,250,24.5,92,0
385,2014,34.9,211,248,28.8,113,-2
385,2015,20.2,199,243,18.3,65,-6
385,2016,25.8,213,248,24.8,83,-2
385,2017,35.9,215,249,29.5,116,-0
385,2018,35.7,215,246,30.3,115,-4
385,2019,31.7,201,256,26.4,102,6
385,2020,27,202,248,24.9,87,-2
385,2021,25.8,210,250,22.2,83,0
385,2022,27.5,222,265,21.2,89,16
385,2023,33.4,206,241,30.8,108,-8
385,2024,24.3,223,252,21.3,79,2
385,2025,26.7,214,244,24.7,86,-6
385,2026,29.2,214,240,23.2,94,-10
387,1991,10.7,183,189,10.7,103,8
387,1992,7.6,145,190,6,73,9
387,1993,20.1,158,204,17,194,23
387,1994,11.5,154,183,5.7,111,2
387,1995,13.5,165,190,12.4,130,9
387,1996,10.3,179,190,9.3,100,9
387,1997,32,159,175,9.5,309,-6
387,1998,9.5,160,177,7.3,92,-4
387,1999,6.5,148,162,0,63,-19
387,2000,10.2,175,191,8.8,99,10
387,2001,12.9,170,183,6.2,125,2
387,2002,6.2,149,174,0,60,-7
387,2003,7.3,172,184,3.9,71,3
387,2004,12.6,156,173,0.1,122,-8
387,2005,16.8,152,196,15.5,162,15
387,2006,6.1,184,193,5.6,59,12
387,2007,9.1,152,166,0,88,-15
387,2008,19.3,151,188,10.7,186,7
387,2009,12.9,147,172,1.5,125,-9
387,2010,15.3,167,193,10.9,148,12
387,2011,13.9,159,171,2.8,134,-10
387,2012,10.4,157,170,0,100,-11
387,2013,9.9,153,179,1.1,96,-2
387,2014,9.4,160,172,0,91,-9
387,2015,5.2,155,168,0,50,-13
387,2016,10,131,164,0,97,-17
387,2017,15.3,160,170,2.2,148,-11
387,2018,4.4,153,164,0,43,-17
387,2019,19.3,175,199,17.1,186,18
387,2020,9.1,142,190,7.4,88,9
387,2021,7.2,157,183,3,70,2
387,2022,10.4,152,176,0.6,100,-5
387,2023,20.8,182,204,20.5,201,23
387,2024,8.6,154,186,4.9,83,5
387,2025,4.8,143,161,0,46,-20
387,2026,3.9,147,155,0.2,38,-26
388,1981,18.1,196,212,13.8,56,-12
388,1982,51.8,200,233,44.6,159,10
388,1983,40.4,200,236,38.6,124,12
388,1984,41,216,244,35.6,126,20
388,1985,42.5,184,232,42.5,131,8
388,1986,31.1,146,232,26.8,96,8
388,1987,30.6,184,210,30.6,94,-14
388,1988,26.6,190,229,25.7,82,6
388,1989,49,188,222,47,151,-2
388,1990,26.6,166,208,24.9,82,-16
388,1991,23.6,201,235,20.7,73,12
388,1992,18.1,146,187,11.3,56,-36
388,1993,41.1,204,235,35.6,126,12
388,1994,22.8,194,216,21.4,70,-8
388,1995,27.8,203,233,25.2,86,10
388,1996,21.6,188,224,21.5,66,0
388,1997,37.6,167,226,34.1,116,2
388,1998,26.6,163,218,25,82,-6
388,1999,54.9,194,241,49.8,169,18
388,2000,39.1,175,222,38.6,120,-2
388,2001,22.7,197,220,18.5,70,-4
388,2002,42.9,184,227,42.2,132,4
388,2003,23.2,190,232,19.2,71,8
388,2004,36.5,161,217,34.9,112,-6
388,2005,19.7,197,217,16.4,61,-6
388,2006,44.3,193,223,43.5,136,-0
388,2007,33.1,162,226,31.1,102,2
388,2008,52.8,208,241,49.9,162,18
388,2009,38.8,197,230,36.2,119,6
388,2010,28.8,192,243,24.3,89,20
388,2011,54,214,256,45.6,166,32
388,2012,35.6,190,225,34.6,110,2
388,2013,30.7,179,217,29.2,94,-6
388,2014,23.5,188,215,23.1,72,-8
388,2015,7.2,123,169,2.6,22,-54
388,2016,33,181,212,32.4,102,-12
388,2017,38.6,181,234,36.8,119,10
388,2018,24.9,178,217,23.9,77,-6
388,2019,32.6,198,218,31.9,100,-6
388,2020,32.4,189,215,31.9,100,-8
388,2021,33.2,180,217,33.1,102,-6
388,2022,27.5,204,245,18.8,85,22
388,2023,43.7,204,230,36.9,134,6
388,2024,34.6,183,228,34.2,106,4
388,2025,43.6,174,219,42.4,134,-4
388,2026,10.4,158,179,3.8,32,-44
389,1983,28.6,235,250,22.3,179,24
389,1984,30.4,223,242,20.3,190,16
389,1985,14.4,192,221,13.2,90,-4
389,1986,21.1,200,234,12.6,132,8
389,1987,17.1,196,223,17.1,107,-2
389,1988,19.1,198,234,17.6,119,8
389,1989,10,197,206,8.8,62,-20
389,1990,11.5,203,235,10.8,72,10
389,1991,20.6,219,237,16.9,129,12
389,1992,15,186,214,15,94,-12
389,1993,27,214,239,14.5,169,14
389,1994,19.7,193,225,17.7,123,-0
389,1995,29.4,226,257,11.3,184,32
389,1996,19.5,218,234,12,122,8
389,1997,26.7,216,233,21.2,167,8
389,1998,13.8,204,218,12.7,86,-8
389,1999,15.5,210,233,10.3,97,8
389,2000,17.2,203,218,15.5,108,-8
389,2001,13.8,196,222,11.6,86,-4
389,2002,9.6,181,212,9.4,60,-14
389,2003,15.7,191,229,14.7,98,4
389,2004,11.9,171,217,10.1,74,-8
389,2005,11.8,189,223,11.3,74,-2
389,2006,16.5,191,225,16.3,103,-0
389,2007,12.9,183,214,12.9,81,-12
389,2008,16.9,228,243,13.2,106,18
389,2009,14.9,211,230,12.2,93,4
389,2010,18.2,194,240,14.6,114,14
389,2011,13.9,218,238,10.9,87,12
389,2012,17.6,177,211,15.8,110,-14
389,2013,13.7,207,225,9.4,86,-0
389,2014,19.7,200,234,19.1,123,8
389,2015,8.9,159,214,6.5,56,-12
389,2016,20.6,215,235,17.4,129,10
389,2017,13,215,224,10.6,81,-2
389,2018,8.9,203,214,7.8,56,-12
389,2019,16.3,196,227,15.7,102,2
389,2020,17,201,226,15.4,106,0
389,2021,14.2,204,228,13.4,89,2
389,2022,13.4,206,227,11.4,84,2
389,2023,16.1,189,218,13,101,-8
389,2024,12.3,195,219,9.8,77,-6
389,2025,9.9,189,221,8.3,62,-4
389,2026,5.6,168,175,0,35,-50
390,1981,12,190,206,10.4,79,-2
390,1982,18.6,190,213,17.8,122,5
390,1983,29.7,198,237,27,195,29
390,1984,22.1,192,221,21.3,145,13
390,1985,15.6,183,195,15.6,103,-13
390,1986,15.4,170,208,12,101,0
390,1987,13.2,192,206,13.2,87,-2
390,1988,13.3,186,218,13.3,88,10
390,1989,10.3,157,189,8,68,-19
390,1990,8.8,173,197,8.2,58,-11
390,1991,12.4,184,218,12.1,82,10
390,1992,16.7,185,208,16.5,110,0
390,1993,28.9,182,214,28.4,190,6
390,1994,12.1,194,202,10.7,80,-6
390,1995,23.4,207,227,22.3,154,19
390,1996,12.5,183,207,12.1,82,-1
390,1997,16.1,198,209,13,106,1
390,1998,20.3,201,216,16.6,134,8
390,1999,13.1,196,221,8.5,86,13
390,2000,13.8,176,197,13.2,91,-11
390,2001,16.3,171,211,14.8,107,3
390,2002,7.3,177,187,5.8,48,-21
390,2003,9.7,191,208,9.5,64,0
390,2004,14.7,160,201,10.1,97,-7
390,2005,31.1,193,232,31.1,205,24
390,2006,16,189,209,15.5,105,1
390,2007,8.2,163,187,6.3,54,-21
390,2008,17.9,176,208,16.6,118,0
390,2009,13.8,200,211,13.6,91,3
390,2010,21.1,191,221,19.5,139,13
390,2011,24.3,198,220,23.2,160,12
390,2012,9,180,193,7.5,59,-15
390,2013,11.3,165,205,9.4,74,-3
390,2014,8.6,189,199,8.2,57,-9
390,2015,10.4,166,195,7.6,68,-13
390,2016,15.9,185,204,15.9,105,-4
390,2017,15.7,161,199,13.8,103,-9
390,2018,8.7,181,191,8.2,57,-17
390,2019,19.4,187,211,19,128,3
390,2020,16,184,209,16,105,1
390,2021,9.7,183,194,9.7,64,-14
390,2022,9.8,183,198,9.8,64,-10
390,2023,27.2,190,214,26.5,179,6
390,2024,18,192,206,17.6,118,-2
390,2025,7,175,192,5.6,46,-16
390,2026,7.7,147,174,0,51,-34
391,1981,14.6,187,201,14.5,74,-13
391,1982,22.6,205,225,20.1,115,11
391,1983,27.6,223,240,24.8,141,26
391,1984,24.6,196,236,22.1,126,22
391,1985,20.6,183,197,20.6,105,-17
391,1986,25.3,196,226,24.3,129,12
391,1987,17,181,204,16.6,87,-10
391,1988,11.1,163,200,9.9,57,-14
391,1989,26.9,187,202,25.5,137,-12
391,1990,13.4,169,192,10,68,-22
391,1991,19.6,233,246,12.5,100,32
391,1992,9.1,174,187,6.3,46,-27
391,1993,27.2,203,227,24.6,139,13
391,1994,13,179,202,12.6,66,-12
391,1995,31.5,224,240,28.6,161,26
391,1996,22.4,187,218,21.2,114,4
391,1997,20.9,169,210,17.8,107,-4
391,1998,29.5,199,249,26.8,151,35
391,1999,27.9,193,230,26.6,142,16
391,2000,16.5,171,194,14.6,84,-20
391,2001,13.6,204,219,8.3,69,5
391,2002,20.6,178,209,19.2,105,-5
391,2003,22.7,223,237,11.9,116,23
391,2004,22.1,158,194,17.4,113,-20
391,2005,18.3,186,234,18.1,93,20
391,2006,24.1,201,219,19.9,123,5
391,2007,11.4,162,211,9.7,58,-3
391,2008,19.6,192,220,19.2,100,6
391,2009,17.2,192,218,15.5,88,4
391,2010,17,187,232,16.2,87,18
391,2011,27.9,209,252,24.9,142,38
391,2012,13.7,199,211,11.5,70,-3
391,2013,12.2,163,201,7.6,62,-13
391,2014,11.5,188,199,10.1,59,-15
391,2015,5.4,109,144,0,28,-70
391,2016,21.1,183,196,20.8,108,-18
391,2017,22.4,161,217,21.4,114,3
391,2018,11.9,177,207,11.2,61,-7
391,2019,24.2,199,210,23.8,123,-4
391,2020,17.4,190,207,16.7,89,-7
391,2021,16.5,178,199,15.7,84,-15
391,2022,12.4,167,190,8.2,63,-24
391,2023,29.6,190,227,28.5,151,13
391,2024,23.3,191,217,23.1,119,3
391,2025,25.5,185,207,24.4,130,-7
391,2026,5.4,147,169,0,28,-45
392,1981,19.5,207,242,17,79,8
392,1982,35.6,206,244,31.9,145,10
392,1983,39.7,232,260,28.2,162,26
392,1984,27.7,198,241,25.3,113,8
392,1985,27.7,189,235,27.5,113,2
392,1986,45.8,223,252,39,187,18
392,1987,22.8,195,220,22.1,93,-14
392,1988,20.9,190,230,20.9,85,-4
392,1989,29,188,233,26.9,118,-0
392,1990,18.9,184,230,18.9,77,-4
392,1991,27.5,224,242,22.7,112,8
392,1992,19.1,182,213,18.8,78,-20
392,1993,41.5,224,244,32.7,169,10
392,1994,25.6,197,228,23,104,-6
392,1995,31.9,226,259,25.3,130,26
392,1996,31,213,247,29.6,126,14
392,1997,36,216,235,32.3,147,2
392,1998,26.5,204,241,23.7,108,8
392,1999,30.5,230,248,21.6,124,14
392,2000,23.1,187,229,22.5,94,-4
392,2001,20.7,197,226,16.4,84,-8
392,2002,20.9,184,226,20.9,85,-8
392,2003,20.3,191,235,18.7,83,2
392,2004,17.5,171,220,16.1,71,-14
392,2005,28.4,194,239,27.5,116,6
392,2006,32.2,203,232,29.7,131,-2
392,2007,19.3,168,225,19,79,-8
392,2008,29.6,197,255,26.8,121,22
392,2009,29.6,199,230,24,121,-4
392,2010,23.2,227,248,17.4,95,14
392,2011,42.2,219,262,32.5,172,28
392,2012,15.2,182,218,14.1,62,-16
392,2013,22.6,205,228,16.3,92,-6
392,2014,23.5,190,233,22.9,96,-0
392,2015,13.3,166,211,11.6,54,-22
392,2016,21,185,234,21,86,0
392,2017,34.5,217,240,33.5,141,6
392,2018,15.4,203,217,14.8,63,-16
392,2019,29.3,199,248,25,119,14
392,2020,21.9,203,224,20.8,89,-10
392,2021,16.1,183,220,16.1,66,-14
392,2022,20.2,208,230,16.9,82,-4
392,2023,35.8,208,234,32.5,146,0
392,2024,25.1,194,233,25,102,-0
392,2025,20.1,190,221,19.5,82,-12
392,2026,15,164,204,9,61,-30
393,1981,14.2,192,211,13,85,-7
393,1982,24.3,196,222,20.6,145,4
393,1983,20.5,232,241,16.8,122,23
393,1984,18.1,198,229,16.6,108,11
393,1985,17.3,182,211,17.1,103,-7
393,1986,24.1,197,237,21.6,143,19
393,1987,13.3,185,206,13.3,79,-12
393,1988,14.3,189,201,14.3,85,-17
393,1989,20.7,187,204,19,123,-14
393,1990,14.7,182,200,14.6,88,-18
393,1991,14.6,185,230,14.6,87,12
393,1992,13.7,181,198,12.9,82,-20
393,1993,19.5,203,230,18.5,116,12
393,1994,12.8,194,205,11.6,76,-13
393,1995,17.9,187,231,17.4,107,13
393,1996,18.7,190,225,17.6,111,7
393,1997,23.2,196,221,22.5,138,3
393,1998,17.7,202,216,16.3,105,-2
393,1999,17.8,198,234,16.1,106,16
393,2000,13.7,185,212,13.6,82,-6
393,2001,14.3,198,211,11.8,85,-7
393,2002,16.3,184,213,16.3,97,-5
393,2003,16.8,191,210,15.1,100,-8
393,2004,12.2,172,211,11.3,73,-7
393,2005,18.5,194,221,17.4,110,3
393,2006,20,190,215,19.3,119,-3
393,2007,13.9,182,211,13.8,83,-7
393,2008,20.8,196,230,19.1,124,12
393,2009,21.1,200,220,18,126,2
393,2010,14.4,197,233,11.5,86,15
393,2011,26.6,217,247,21,158,29
393,2012,11.6,191,208,11.3,69,-10
393,2013,16.8,200,222,12.7,100,4
393,2014,15,199,217,14.4,89,-1
393,2015,9.6,179,207,8.9,57,-11
393,2016,14.2,186,219,14.2,85,1
393,2017,19.9,185,223,19.7,118,5
393,2018,10.6,201,211,10,63,-7
393,2019,21.5,196,228,19.2,128,10
393,2020,17.3,190,217,16.9,103,-1
393,2021,13.5,200,217,13,80,-1
393,2022,16.5,200,223,14.2,98,5
393,2023,25.3,190,225,23.2,151,7
393,2024,18.3,193,226,18.3,109,8
393,2025,17.4,189,215,16.6,104,-3
393,2026,10.8,169,198,6.7,64,-20
394,1981,5.7,174,193,3.8,61,2
394,1982,16.6,187,201,16.1,178,10
394,1983,16.8,199,208,13.6,181,17
394,1984,16.6,158,200,13.2,178,9
394,1985,13.9,185,195,13.3,149,4
394,1986,12.2,153,196,7.1,131,5
394,1987,10.3,196,207,8.9,111,16
394,1988,12.4,179,196,9.4,133,5
394,1989,12.9,159,175,2.7,139,-16
394,1990,5.3,170,186,3.2,57,-5
394,1991,14.1,186,200,12.9,152,9
394,1992,12,184,197,12,129,6
394,1993,18.4,158,205,15.9,198,14
394,1994,8.9,165,203,7.5,96,12
394,1995,10.8,164,198,9.4,116,7
394,1996,5.3,174,181,1.5,57,-10
394,1997,13.3,154,186,7.7,143,-5
394,1998,7.7,171,206,6.6,83,15
394,1999,5.4,146,169,0,58,-22
394,2000,6.7,174,191,5.4,72,0
394,2001,12.4,169,198,9.4,133,7
394,2002,6.1,162,175,0.8,66,-16
394,2003,8.7,158,195,7.2,94,4
394,2004,9.4,159,177,0.6,101,-14
394,2005,15.6,184,202,15.3,168,11
394,2006,4.8,176,191,4.2,52,0
394,2007,8.4,157,172,0.9,90,-19
394,2008,15.8,171,199,12.7,170,8
394,2009,11.1,144,193,6.6,119,2
394,2010,13.8,180,202,13.3,148,11
394,2011,9.6,161,183,4.7,103,-8
394,2012,8.8,159,178,0.2,95,-13
394,2013,6.6,155,181,2.3,71,-10
394,2014,5.6,161,177,0.8,60,-14
394,2015,9.7,159,177,1.5,104,-14
394,2016,8.6,140,175,3.1,92,-16
394,2017,17.3,152,194,10,186,3
394,2018,3.7,159,175,0,40,-16
394,2019,15.2,167,201,13.4,163,10
394,2020,9.2,156,187,6.1,99,-4
394,2021,8.6,178,191,7.6,92,0
394,2022,9,167,189,6.6,97,-2
394,2023,14.6,178,205,14.4,157,14
394,2024,10,181,198,9.3,108,7
394,2025,3.6,172,177,0,39,-14
394,2026,4.7,148,157,0,51,-34
395,1981,5,121,134,0,60,-40
395,1982,11.8,134,205,8.2,141,30
395,1983,14.2,182,205,13.9,170,30
395,1984,12.9,156,198,9.2,154,24
395,1985,9.4,144,189,8.1,113,14
395,1986,15.2,146,177,2.1,182,2
395,1987,9.1,149,179,2.3,109,4
395,1988,6.1,133,151,0,73,-24
395,1989,12.1,160,192,8.8,145,18
395,1990,5.8,139,171,0,69,-4
395,1991,3.9,178,184,2.4,47,10
395,1992,5.2,108,134,0,62,-40
395,1993,18.5,156,186,10,222,12
395,1994,7,151,163,0,84,-12
395,1995,10.9,123,169,2.4,131,-6
395,1996,8.4,129,169,0.7,101,-6
395,1997,9.8,136,172,0,117,-2
395,1998,10.1,152,185,5.4,121,10
395,1999,17.8,161,206,15.9,213,32
395,2000,11.6,164,185,6.1,139,10
395,2001,5.7,154,171,0,68,-4
395,2002,12.6,145,184,6.6,151,10
395,2003,6.5,117,163,0,78,-12
395,2004,12.2,157,173,2.2,146,-2
395,2005,6.6,144,161,0.3,79,-14
395,2006,16.7,180,206,16.2,200,32
395,2007,7.3,154,169,0,87,-6
395,2008,12.4,149,196,8.7,149,22
395,2009,7.7,157,189,5.1,92,14
395,2010,6.8,147,176,2.5,81,2
395,2011,12.2,181,202,11.2,146,28
395,2012,8.3,182,202,7.6,99,28
395,2013,5.6,151,167,0,67,-8
395,2014,2.6,135,148,0,31,-26
395,2015,1.7,82,84,0,20,-90
395,2016,14,129,187,9,168,12
395,2017,15.6,159,187,9.3,187,12
395,2018,2.4,159,164,0,29,-10
395,2019,12.6,158,192,9.7,151,18
395,2020,6.7,118,156,0,80,-18
395,2021,8.8,143,177,1.5,105,2
395,2022,7.2,123,160,0,86,-14
395,2023,15.9,188,209,14.7,190,34
395,2024,7.4,158,177,2,89,2
395,2025,14.5,173,194,11.7,174,20
395,2026,2.4,115,151,0,29,-24
396,1981,12.7,193,211,12.6,86,-12
396,1982,19.5,207,239,17.6,131,16
396,1983,29.1,233,258,16.8,196,36
396,1984,17.3,218,233,14,116,10
396,1985,15.3,194,213,15.3,103,-10
396,1986,24,210,243,20.6,162,20
396,1987,14.4,198,219,13.8,97,-4
396,1988,10.1,187,202,10.1,68,-20
396,1989,12.5,187,202,12.4,84,-20
396,1990,17.7,193,221,17.3,119,-2
396,1991,15,218,234,14.6,101,12
396,1992,11.7,184,210,11.7,79,-12
396,1993,25.3,202,232,18.7,170,10
396,1994,11.7,195,222,10.6,79,-0
396,1995,26.1,228,258,21.5,176,36
396,1996,13.7,205,219,12.6,92,-4
396,1997,18.6,196,223,16.5,125,0
396,1998,18.9,209,242,16.3,127,20
396,1999,17.6,229,240,11.9,119,18
396,2000,11.8,188,211,11.4,79,-12
396,2001,19.5,197,226,12.9,131,4
396,2002,11.1,184,212,10.9,75,-10
396,2003,10.8,190,209,10.2,73,-14
396,2004,12.1,160,219,10.5,81,-4
396,2005,36,195,236,34.9,242,14
396,2006,17.5,192,222,15.7,118,-0
396,2007,12.8,183,221,12.8,86,-2
396,2008,15.1,197,224,14.6,102,2
396,2009,17.9,200,222,12.9,121,-0
396,2010,14.7,192,241,13.1,99,18
396,2011,22,216,252,18,148,30
396,2012,11.5,175,208,10.3,77,-14
396,2013,14.3,208,226,10.4,96,4
396,2014,11.6,190,208,10.3,78,-14
396,2015,7.4,165,189,4.4,50,-34
396,2016,13.8,223,244,12.7,93,22
396,2017,19.5,185,222,19.4,131,-0
396,2018,9.8,192,210,9.8,66,-12
396,2019,17.8,200,253,15.8,120,30
396,2020,16.3,192,223,15.8,110,0
396,2021,10.6,185,217,10.6,71,-6
396,2022,11.3,190,211,11.3,76,-12
396,2023,22.5,199,231,20.1,152,8
396,2024,14.7,191,215,14.6,99,-8
396,2025,10.5,188,211,10.4,71,-12
396,2026,9.8,167,180,3.4,66,-42
398,1981,5,76,85,0,40,-104
398,1982,16.8,119,208,13.1,134,20
398,1983,11.7,144,176,5.2,94,-12
398,1984,13.9,155,202,10.1,111,14
398,1985,22.3,181,197,21.3,178,8
398,1986,21.3,145,178,7.5,170,-10
398,1987,15,155,180,5.5,120,-8
398,1988,13.9,183,201,13.8,111,12
398,1989,17.5,172,196,16.1,140,8
398,1990,14.8,144,188,9.7,118,-0
398,1991,6.2,104,137,1,50,-52
398,1992,3.1,116,127,0,25,-62
398,1993,18.8,169,189,12.4,150,0
398,1994,8.9,151,188,5.7,71,-0
398,1995,13.2,141,188,7.8,106,-0
398,1996,6.3,153,178,2.7,50,-10
398,1997,23.8,167,199,17.2,190,10
398,1998,13.2,162,201,9.7,106,12
398,1999,18.2,165,220,11.9,146,32
398,2000,17.6,166,196,14.6,141,8
398,2001,8.2,160,178,2.1,66,-10
398,2002,20,171,201,18,160,12
398,2003,5.1,159,167,0.1,41,-22
398,2004,13.2,159,183,6.2,106,-6
398,2005,4,108,159,1.1,32,-30
398,2006,17,171,205,15.2,136,16
398,2007,11.9,154,177,4.1,95,-12
398,2008,23.1,192,223,22.6,185,34
398,2009,18.2,184,207,17.5,146,18
398,2010,5.7,128,168,1.2,46,-20
398,2011,13,190,214,11,104,26
398,2012,16.5,191,207,16.1,132,18
398,2013,10.3,151,186,6.8,82,-2
398,2014,7.1,154,187,4,57,-2
398,2015,2.1,97,116,0,17,-72
398,2016,9.8,168,187,6.7,78,-2
398,2017,19.6,160,193,12.8,157,4
398,2018,9.2,178,194,7.6,74,6
398,2019,14.7,167,199,12.7,118,10
398,2020,12,188,199,11.4,96,10
398,2021,14.8,176,200,14.3,118,12
398,2022,16.2,151,191,9.5,130,2
398,2023,18,189,214,16.1,144,26
398,2024,13.9,168,196,10.7,111,8
398,2025,12,174,194,9.4,96,6
398,2026,4.2,147,160,0,34,-28
399,1981,13.9,191,208,12.6,77,-14
399,1982,27.3,196,229,25.1,150,7
399,1983,27,232,243,24.3,149,21
399,1984,27.8,222,233,24.8,153,11
399,1985,23.8,188,216,23.3,131,-6
399,1986,29.5,203,234,26,163,12
399,1987,11.8,184,205,11.8,65,-17
399,1988,14.8,173,204,14.7,82,-18
399,1989,18.2,160,201,16.6,100,-21
399,1990,18.8,184,217,18.8,104,-5
399,1991,18.7,184,232,18.7,103,10
399,1992,9.1,180,194,8,50,-28
399,1993,26.4,191,231,24.6,145,9
399,1994,14.1,194,204,13.3,78,-18
399,1995,24.6,221,244,20.1,136,22
399,1996,25.8,206,224,24.3,142,2
399,1997,30.8,197,225,28.6,170,3
399,1998,22.3,202,223,19.9,123,1
399,1999,17.9,219,236,13.7,99,14
399,2000,19.5,177,210,19,107,-12
399,2001,14.5,197,213,12.7,80,-9
399,2002,15.5,179,197,14.6,85,-25
399,2003,18.4,190,226,16.9,101,4
399,2004,16.9,160,197,11.5,93,-25
399,2005,26.5,195,233,25.6,146,11
399,2006,25.9,190,224,24.3,143,2
399,2007,9.8,163,204,8.1,54,-18
399,2008,24.6,196,227,22.5,136,5
399,2009,24.1,201,222,18.3,133,0
399,2010,15.3,191,229,12.7,84,7
399,2011,28,214,247,25.1,154,25
399,2012,11.7,174,204,9.1,64,-18
399,2013,14.4,177,217,11.3,79,-5
399,2014,16.6,189,217,15.3,91,-5
399,2015,10.5,160,193,6,58,-29
399,2016,15.5,184,206,15.5,85,-16
399,2017,25.2,184,222,25,139,0
399,2018,10.2,180,208,10,56,-14
399,2019,25.9,186,228,25.2,143,6
399,2020,17.3,183,214,17.2,95,-8
399,2021,13.7,183,206,13.7,75,-16
399,2022,13.3,185,210,13.3,73,-12
399,2023,34.8,191,230,33.7,192,8
399,2024,23.2,193,226,21.8,128,4
399,2025,16.4,189,209,15.4,90,-13
399,2026,8.2,158,176,0,45,-46
400,1981,10.2,183,198,10.2,78,-10
400,1982,21.3,192,217,20.6,164,8
400,1983,19.8,198,236,18.6,152,28
400,1984,22.6,196,225,20.3,174,16
400,1985,18.1,183,198,18.1,139,-10
400,1986,19.5,171,212,16.1,150,4
400,1987,9.7,182,199,9.6,75,-10
400,1988,12.1,187,200,11.5,93,-8
400,1989,15,187,198,14.4,115,-10
400,1990,12.2,185,202,12.2,94,-6
400,1991,15.7,196,226,14.8,121,18
400,1992,9,184,194,9,69,-14
400,1993,20.8,169,210,18.9,160,2
400,1994,11.7,182,203,11.5,90,-6
400,1995,16.5,183,223,16.5,127,14
400,1996,16.8,189,217,16,129,8
400,1997,22.2,195,217,18.6,171,8
400,1998,16.3,192,213,15.7,125,4
400,1999,11.3,194,214,9.6,87,6
400,2000,9,187,206,9,69,-2
400,2001,10.2,171,208,9.5,78,-0
400,2002,10.5,179,194,8.9,81,-14
400,2003,13.5,193,208,12.5,104,-0
400,2004,13.1,169,191,9.5,101,-18
400,2005,17.9,194,209,17.6,138,0
400,2006,18,190,210,17.6,138,2
400,2007,8.4,163,196,8.1,65,-12
400,2008,17.6,196,221,16.6,135,12
400,2009,17.9,200,213,14.1,138,4
400,2010,11.6,192,208,9.7,89,-0
400,2011,21.6,182,221,21.3,166,12
400,2012,9.4,174,201,7.5,72,-8
400,2013,8.9,203,212,8.2,68,4
400,2014,11.9,189,205,10.9,92,-4
400,2015,7.4,161,190,5.2,57,-18
400,2016,11.4,186,205,11.4,88,-4
400,2017,19.9,164,213,17.7,153,4
400,2018,7.8,180,205,7.2,60,-4
400,2019,17.7,185,209,17.5,136,0
400,2020,12.9,183,208,12.6,99,-0
400,2021,12.3,183,196,12.3,95,-12
400,2022,9.5,175,201,8.2,73,-8
400,2023,28.5,191,214,27.7,219,6
400,2024,13.8,186,204,13.8,106,-4
400,2025,13.2,175,197,11.4,102,-12
400,2026,4.8,148,163,0,37,-46
401,1981,2.7,196,202,0.9,22,-1
401,1982,18.8,202,225,16.6,155,22
401,1983,15.8,150,201,14.8,131,-2
401,1984,11.8,215,232,9.8,98,29
401,1985,21,182,198,20.3,174,-5
401,1986,17.8,145,179,7,147,-24
401,1987,9,154,187,6.4,74,-16
401,1988,13.8,185,202,13.8,114,-1
401,1989,19.3,187,201,18.3,160,-2
401,1990,18.4,144,192,13.4,152,-11
401,1991,7.4,103,139,5.7,61,-64
401,1992,2.3,113,126,0,19,-77
401,1993,14.2,156,199,10.2,117,-4
401,1994,9,177,195,6.5,74,-8
401,1995,11.3,142,219,10.4,93,16
401,1996,13.7,159,191,10.5,113,-12
401,1997,26.3,164,217,22.2,217,14
401,1998,17.9,163,211,15.9,148,8
401,1999,26.4,192,235,25.4,218,32
401,2000,19.4,176,203,18.8,160,0
401,2001,8.4,169,208,5.7,69,5
401,2002,25.4,171,215,24.5,210,12
401,2003,8,161,203,5.6,66,0
401,2004,14.8,160,191,9.6,122,-12
401,2005,3.9,110,116,1.3,32,-87
401,2006,18.4,178,213,17.9,152,10
401,2007,12.2,154,188,7,101,-15
401,2008,26.5,194,234,25.7,219,31
401,2009,18.5,186,224,16.6,153,21
401,2010,4.7,194,202,2.8,39,-1
401,2011,13,198,228,11,107,25
401,2012,16.6,191,209,16.4,137,6
401,2013,9.9,179,203,8.3,82,0
401,2014,7.6,154,195,6.9,63,-8
401,2015,2.7,97,111,0,22,-92
401,2016,10,129,191,7.8,83,-12
401,2017,17.2,160,216,14.7,142,13
401,2018,6.2,179,207,5.6,51,4
401,2019,12,172,203,11.6,99,0
401,2020,7.7,190,204,7.2,64,1
401,2021,12.8,182,209,12.7,106,6
401,2022,12,103,227,7.5,99,24
401,2023,13.8,189,217,12,114,14
401,2024,10.5,168,198,8.4,87,-5
401,2025,9.6,174,193,7.2,79,-10
401,2026,1.9,103,125,0,16,-78
402,1981,11.3,196,214,9.8,63,-28
402,1982,16.9,212,257,14.1,94,16
402,1983,22,235,262,14.1,122,20
402,1984,26.6,223,260,15,148,18
402,1985,15.1,210,222,11.9,84,-20
402,1986,26.4,210,244,22,147,2
402,1987,13,205,219,11.8,72,-22
402,1988,20.4,224,240,16.3,113,-2
402,1989,13.2,202,234,10.8,73,-8
402,1990,19,229,250,13.9,106,8
402,1991,20.7,219,245,15.5,115,4
402,1992,15,208,220,12.4,83,-22
402,1993,17.2,222,239,10.4,96,-2
402,1994,19.9,198,228,18,111,-14
402,1995,26,226,263,15,144,22
402,1996,22.4,224,252,19.1,124,10
402,1997,23.1,216,245,17.8,128,4
402,1998,19.3,206,237,14.2,107,-4
402,1999,25.2,230,248,15.2,140,6
402,2000,17.8,210,242,14.5,99,0
402,2001,12.2,206,225,9.9,68,-16
402,2002,16.4,218,241,13.5,91,-0
402,2003,18.1,224,241,16.5,101,-0
402,2004,14,215,224,12.1,78,-18
402,2005,20.3,226,248,14,113,6
402,2006,13.1,187,232,12.9,73,-10
402,2007,16.6,219,233,13.9,92,-8
402,2008,21.5,241,265,15.8,119,24
402,2009,20,200,241,17.3,111,-0
402,2010,19.7,225,252,11.2,109,10
402,2011,27.8,243,261,16,154,20
402,2012,16.1,175,224,13.4,89,-18
402,2013,16.6,218,238,11.5,92,-4
402,2014,25.3,228,247,20.7,141,6
402,2015,14.4,211,248,11.7,80,6
402,2016,14.1,214,245,11.5,78,4
402,2017,22,216,249,15.3,122,8
402,2018,17.9,202,236,15.8,99,-6
402,2019,16.6,241,255,11.3,92,14
402,2020,15.9,203,240,13.9,88,-2
402,2021,19.3,218,241,15.7,107,-0
402,2022,16.9,217,256,11.8,94,14
402,2023,15.9,211,237,14.6,88,-4
402,2024,17.6,238,250,11.4,98,8
402,2025,13.9,219,242,10.8,77,0
402,2026,12,168,225,7.7,67,-16
403,1981,17.1,235,250,14.6,91,6
403,1982,25.9,203,263,21.7,139,19
403,1983,23.6,232,254,19.6,126,10
403,1984,26.7,221,260,20.3,143,16
403,1985,15.6,189,222,15.4,83,-22
403,1986,23.1,229,248,16.3,124,4
403,1987,15.2,182,212,15.1,81,-32
403,1988,15.8,223,236,13.7,84,-8
403,1989,16.5,193,245,16.1,88,1
403,1990,14.5,233,251,14.1,78,7
403,1991,25.1,224,252,15.4,134,8
403,1992,16,207,226,13.6,86,-18
403,1993,21.4,222,242,15,114,-2
403,1994,15.3,197,224,13.2,82,-20
403,1995,29.4,227,259,21.1,157,15
403,1996,24.1,220,257,18.5,129,13
403,1997,26.6,215,244,21.7,142,0
403,1998,20.1,202,245,17.3,107,1
403,1999,23.2,229,257,18.6,124,13
403,2000,17.1,230,247,15.8,91,3
403,2001,16.1,206,230,13.1,86,-14
403,2002,17.2,223,248,14.1,92,4
403,2003,23,225,244,16.7,123,0
403,2004,12.9,206,224,12.3,69,-20
403,2005,15.2,225,242,13.1,81,-2
403,2006,18.1,206,234,15.9,97,-10
403,2007,17.8,209,231,15,95,-13
403,2008,22.1,226,267,18,118,23
403,2009,21.5,224,242,17.6,115,-2
403,2010,19.3,225,259,13.9,103,15
403,2011,24.1,223,270,17.4,129,26
403,2012,16.5,202,236,13.8,88,-8
403,2013,15.1,207,248,12.4,81,4
403,2014,20.8,226,242,17.5,111,-2
403,2015,12.6,210,243,10.3,67,-1
403,2016,15.4,190,244,15,82,0
403,2017,17.5,215,244,10.8,94,0
403,2018,24.1,207,241,19.6,129,-3
403,2019,16.8,216,246,14.5,90,2
403,2020,19.8,203,244,18.8,106,0
403,2021,14.4,210,244,13.7,77,0
403,2022,18.6,227,261,11.9,99,17
403,2023,21,210,235,19.4,112,-9
403,2024,15.9,223,251,12.6,85,7
403,2025,16.6,213,243,16,89,-1
403,2026,12.5,213,226,9.6,67,-18
405,1984,9.5,218,229,7.8,114,15
405,1985,6.2,184,196,6.2,75,-18
405,1986,12.1,176,216,11,146,2
405,1987,10.6,186,206,10.6,128,-8
405,1988,5.9,187,198,5.9,71,-16
405,1989,7.5,188,199,7.4,90,-15
405,1990,6.9,184,198,6.9,83,-16
405,1991,9.3,217,233,7.2,112,19
405,1992,7.2,185,197,7.2,87,-17
405,1993,7.1,190,216,6.7,86,2
405,1994,6.9,196,203,5.7,83,-11
405,1995,11.4,226,250,7.7,137,36
405,1996,10.3,189,221,9.9,124,7
405,1997,10.8,196,224,10.1,130,10
405,1998,12.3,202,221,10.6,148,7
405,1999,19.6,213,241,9.8,236,27
405,2000,6.3,174,205,5.9,76,-9
405,2001,4.6,198,202,3.1,55,-12
405,2002,5.6,181,193,5.3,67,-21
405,2003,9.2,190,201,8.8,111,-13
405,2004,6,160,182,1.8,72,-32
405,2005,7.3,179,200,7.2,88,-14
405,2006,5.8,186,198,5.8,70,-16
405,2007,5.1,164,176,3.5,61,-38
405,2008,7.7,194,218,7,93,4
405,2009,9.7,215,228,7.7,117,14
405,2010,9.4,226,242,6.7,113,28
405,2011,11.5,233,250,8.3,139,36
405,2012,8.1,174,190,5.4,98,-24
405,2013,6.5,184,211,6.5,78,-3
405,2014,9.9,186,215,9.7,119,1
405,2015,6.7,167,183,3.2,81,-31
405,2016,9.3,185,235,9.3,112,21
405,2017,17.8,194,225,16.9,214,11
405,2018,10.5,197,210,9.7,127,-4
405,2019,7.9,200,219,6.9,95,5
405,2020,8.5,201,213,7.2,102,-1
405,2021,7.5,210,227,7,90,13
405,2022,8.8,174,228,7.6,106,14
405,2023,9,190,215,7.8,108,1
405,2024,8.6,187,207,8.5,104,-7
405,2025,7.9,175,198,7.4,95,-16
405,2026,6.9,168,177,0,83,-37
406,1982,40.6,197,232,35.5,144,15
406,1983,51,189,240,48.6,181,23
406,1984,47.6,207,242,44,168,25
406,1985,38.7,184,222,38.7,137,5
406,1986,34.7,146,225,28.8,123,8
406,1987,25,176,198,22.3,88,-19
406,1988,17.3,133,190,11.1,61,-27
406,1989,52,188,221,49.2,184,4
406,1990,19.2,165,188,12.8,68,-29
406,1991,20.6,193,226,17.7,73,9
406,1992,12.9,147,174,0,46,-43
406,1993,38.8,158,230,33.2,137,13
406,1994,19.7,152,200,13.9,70,-17
406,1995,28.1,121,229,23.7,99,12
406,1996,25.9,161,218,24.1,92,1
406,1997,34.8,167,220,29.3,123,3
406,1998,32.3,164,218,28.6,114,1
406,1999,56.6,194,239,53.8,200,22
406,2000,37.9,171,211,34.3,134,-6
406,2001,13.5,157,181,5,48,-36
406,2002,42.4,171,216,38.7,150,-1
406,2003,22.1,213,235,18,78,18
406,2004,39.7,159,213,30.7,141,-4
406,2005,9.6,141,165,8,34,-52
406,2006,51.1,195,228,49.3,181,11
406,2007,31.6,162,213,24.2,112,-4
406,2008,42.5,195,231,41.3,150,14
406,2009,34.2,188,227,32.4,121,10
406,2010,24,196,243,20.7,85,26
406,2011,41.3,199,254,39.5,146,37
406,2012,30.8,191,223,29,109,6
406,2013,21.5,161,206,16.3,76,-11
406,2014,9.4,188,195,8.7,33,-22
406,2015,3.1,82,83,0.2,11,-134
406,2016,28.4,169,196,25.6,101,-21
406,2017,33.1,160,222,30.2,117,5
406,2018,14.8,177,206,11.6,52,-11
406,2019,27.1,170,211,26.5,96,-6
406,2020,19.1,144,204,18,68,-13
406,2021,21.2,177,192,17.9,75,-25
406,2022,13.9,103,178,4.8,49,-39
406,2023,35.4,192,227,31,125,10
406,2024,30.3,167,215,28.2,107,-2
406,2025,36.9,176,209,35.2,131,-8
406,2026,4.6,147,164,0,16,-53
407,1981,17.6,230,245,12.8,97,2
407,1982,18.7,211,263,15.3,103,20
407,1983,28.6,234,259,19.3,157,16
407,1984,30.3,221,248,18,166,4
407,1985,14.7,191,220,13.1,81,-24
407,1986,24.1,230,245,17,132,2
407,1987,18.5,195,220,18.1,102,-24
407,1988,21.3,223,240,12.1,117,-4
407,1989,17.6,215,242,13.4,97,-2
407,1990,20,232,251,14.5,110,8
407,1991,32,224,253,17.3,176,10
407,1992,16.3,208,224,14.5,90,-20
407,1993,19.3,218,240,10.6,106,-4
407,1994,19.3,198,232,16.8,106,-12
407,1995,32,240,269,17.1,176,26
407,1996,24,224,257,20.8,132,14
407,1997,24.9,215,243,18.1,137,-0
407,1998,17,203,231,12.8,93,-12
407,1999,19.1,213,247,10.9,105,4
407,2000,13.8,192,239,11.5,76,-4
407,2001,12.4,206,225,9.7,68,-18
407,2002,16.3,225,243,8.6,90,-0
407,2003,26.1,225,245,20.9,143,2
407,2004,12.4,196,232,11.1,68,-12
407,2005,21.1,227,255,11.3,116,12
407,2006,11.8,213,230,9.9,65,-14
407,2007,15.1,206,226,10.9,83,-18
407,2008,15.8,242,261,10.8,87,18
407,2009,23.2,223,243,15.9,127,-0
407,2010,22,225,254,13.6,121,10
407,2011,25.4,243,266,12.1,140,22
407,2012,16.7,203,227,13.5,92,-16
407,2013,15.5,217,235,9.6,85,-8
407,2014,26.7,227,249,22.4,147,6
407,2015,16.3,233,249,11.6,90,6
407,2016,12.1,215,244,10.8,66,0
407,2017,17.3,215,246,11.3,95,2
407,2018,17.1,207,237,13.6,94,-6
407,2019,21.2,240,256,15.1,116,12
407,2020,20.8,202,247,17.1,114,4
407,2021,19.4,225,245,13.3,107,2
407,2022,20,216,257,10.7,110,14
407,2023,17.2,210,233,15,95,-10
407,2024,11,223,248,8.2,60,4
407,2025,19.6,214,240,13,108,-4
407,2026,6,168,181,3.6,33,-62
408,1981,13.8,191,204,12,56,-16
408,1982,38.6,196,234,35.7,157,14
408,1983,28.5,232,246,25,116,26
408,1984,30.9,222,236,27.2,125,16
408,1985,24.1,187,221,23.6,98,0
408,1986,27.6,189,224,26.5,112,4
408,1987,16.3,188,208,15.7,66,-12
408,1988,28.7,185,227,28.6,116,6
408,1989,25.6,189,208,22.1,104,-12
408,1990,23.5,185,204,23.5,95,-16
408,1991,26.4,198,231,25.5,107,10
408,1992,19.6,182,211,18,80,-10
408,1993,30.6,208,231,25,124,10
408,1994,22.9,199,221,19.9,93,0
408,1995,25,222,241,21.7,101,20
408,1996,37.9,184,231,37.9,154,10
408,1997,30.8,197,228,28.3,125,8
408,1998,21.4,176,216,21.1,87,-4
408,1999,20.4,173,232,18.5,83,12
408,2000,30.6,188,215,29.7,124,-6
408,2001,20.9,183,214,20.9,85,-6
408,2002,18.9,176,197,18,77,-24
408,2003,23.6,193,229,22.5,96,8
408,2004,20,162,200,15.6,81,-20
408,2005,19.7,185,217,19.1,80,-4
408,2006,31.6,186,219,30.7,128,-2
408,2007,18.7,162,209,16.6,76,-12
408,2008,30.6,195,235,26.9,124,14
408,2009,28.6,190,220,27,116,-0
408,2010,21.9,191,236,17.9,89,16
408,2011,42,216,249,35.6,170,28
408,2012,18.9,159,191,12,77,-30
408,2013,23,207,223,19.7,93,2
408,2014,37.8,191,237,36.5,153,16
408,2015,18.7,165,198,14.9,76,-22
408,2016,24.9,190,232,24.4,101,12
408,2017,24.4,167,201,18.8,99,-20
408,2018,26,193,220,22.3,105,-0
408,2019,29.4,188,220,29.3,119,-0
408,2020,31.3,178,222,30.4,127,2
408,2021,22.2,184,214,22.1,90,-6
408,2022,20.5,201,224,17.9,83,4
408,2023,31,187,222,30.4,126,2
408,2024,27,184,219,27,110,-2
408,2025,25.5,177,210,24.3,103,-10
408,2026,17.5,162,177,3.5,71,-44
409,1987,20.8,190,208,19.8,116,2
409,1988,15.1,173,194,11.3,84,-12
409,1989,18.3,160,190,12.3,102,-16
409,1990,8.9,168,199,8.1,49,-7
409,1991,23,183,218,23,128,12
409,1992,19.4,184,209,19.4,108,3
409,1993,36.7,200,227,33.5,204,21
409,1994,14.4,153,206,12.3,80,0
409,1995,22.1,182,233,22,123,27
409,1996,13.3,179,194,11.7,74,-12
409,1997,23.4,158,216,18.3,130,10
409,1998,21.5,201,218,16.4,119,12
409,1999,9.3,150,177,2.4,52,-29
409,2000,18.8,186,206,18.7,104,0
409,2001,16.8,196,210,14.5,93,4
409,2002,10.9,160,187,8.7,61,-19
409,2003,18.3,173,200,17.2,102,-6
409,2004,18.5,157,184,8.9,103,-22
409,2005,29.5,182,225,29.4,164,19
409,2006,17.7,189,204,15.8,98,-2
409,2007,16.3,161,194,12.7,91,-12
409,2008,22.3,173,211,19.7,124,5
409,2009,17.4,189,207,15.6,97,1
409,2010,25,191,210,23.3,139,4
409,2011,21.5,180,217,20.2,119,11
409,2012,16.4,160,184,7.6,91,-22
409,2013,17.6,163,204,12.8,98,-2
409,2014,13.5,167,195,11.8,75,-11
409,2015,10.8,161,179,2.8,60,-27
409,2016,17.5,163,198,16.9,97,-8
409,2017,24.4,161,194,16.4,136,-12
409,2018,7.3,175,188,5.9,41,-18
409,2019,28.5,186,210,28.5,158,4
409,2020,15.5,184,206,15.5,86,0
409,2021,15.4,183,193,15.4,86,-13
409,2022,21.8,170,200,20.1,121,-6
409,2023,46,190,219,45,256,13
409,2024,20.4,184,203,20.4,113,-3
409,2025,14.7,174,192,9.4,82,-14
409,2026,10.5,163,173,0,58,-33
410,1981,3.4,192,200,3.2,69,1
410,1982,10.5,191,213,9.4,212,14
410,1983,4.8,189,203,4.6,97,4
410,1984,4.9,188,205,4.9,99,6
410,1985,5.7,184,197,5.7,115,-2
410,1986,5.3,169,190,3.4,107,-9
410,1987,3.2,153,189,2.5,65,-10
410,1988,5.4,171,198,5.3,109,-1
410,1989,7.2,187,202,6.7,145,3
410,1990,4.7,178,191,4.4,95,-8
410,1991,4.9,184,217,4.9,99,18
410,1992,4,154,178,0.3,81,-21
410,1993,5,174,199,3.7,101,0
410,1994,3.1,192,197,3,63,-2
410,1995,3,142,173,1.2,61,-26
410,1996,5.4,184,199,5.4,109,0
410,1997,8.4,165,213,7,170,14
410,1998,4.2,172,205,3,85,6
410,1999,6.1,169,200,4.9,123,1
410,2000,4.6,171,191,3.4,93,-8
410,2001,5.1,204,210,3.8,103,11
410,2002,4.8,186,199,4.7,97,0
410,2003,6.9,163,197,5.3,139,-2
410,2004,5.3,160,178,1,107,-21
410,2005,2.7,179,190,2.6,55,-9
410,2006,4.9,171,193,4.1,99,-6
410,2007,4.5,153,171,0,91,-28
410,2008,7,190,214,6.7,141,15
410,2009,5.5,188,202,5.3,111,3
410,2010,4.4,196,202,3.9,89,3
410,2011,6.4,182,216,6,129,17
410,2012,5.3,161,186,2.9,107,-13
410,2013,3.9,163,186,2.8,79,-13
410,2014,8.1,183,202,8.1,164,3
410,2015,3.6,118,166,0,73,-33
410,2016,3.6,135,164,1.5,73,-35
410,2017,5.6,161,174,0.3,113,-25
410,2018,7.3,191,207,6.8,147,8
410,2019,7.6,182,204,7.5,154,5
410,2020,4.5,188,205,4.3,91,6
410,2021,5.8,179,199,5.7,117,0
410,2022,4.4,152,179,0.9,89,-20
410,2023,6.6,188,209,6.3,133,10
410,2024,3,168,188,2.6,61,-11
410,2025,5.1,172,190,3,103,-9
410,2026,2.1,167,170,0,42,-29
411,1984,0,366,366,,0,114
411,1985,53.7,211,256,51.2,115,4
411,1986,43.9,228,246,41.3,94,-6
411,1987,38.1,202,229,36.4,82,-23
411,1988,42.6,194,251,40.4,92,-1
411,1989,51.6,189,256,49.2,111,4
411,1990,49.7,181,269,49.4,107,17
411,1991,52.1,195,265,49.5,112,13
411,1992,41.2,202,243,37.8,89,-9
411,1993,43.6,217,242,35.1,94,-10
411,1994,33.6,198,238,30.1,72,-14
411,1995,45.7,215,254,41.4,98,2
411,1996,54.5,219,261,45.7,117,9
411,1997,92.8,220,265,81.7,200,13
411,1998,38.5,203,245,36.3,83,-7
411,1999,79.3,226,267,76.9,171,15
411,2000,53.2,192,252,53.2,114,0
411,2001,30,216,243,26.2,65,-9
411,2002,65.7,221,269,60.2,141,17
411,2003,52.2,190,251,50.8,112,-1
411,2004,41.9,186,254,41.8,90,2
411,2005,31.4,202,241,27.9,68,-11
411,2006,55.5,201,251,49.2,119,-1
411,2007,43,204,248,40.6,92,-4
411,2008,63.1,210,273,59.3,136,21
411,2009,46.6,227,253,42.1,100,1
411,2010,33.4,222,253,27.4,72,1
411,2011,69.6,222,280,55.7,150,28
411,2012,53,204,267,50.7,114,15
411,2013,45.4,213,251,39.7,98,-1
411,2014,61.7,224,267,55.5,133,15
411,2015,32.9,199,238,29.7,71,-14
411,2016,44.4,181,245,44.3,95,-7
411,2017,49.6,215,252,44.6,107,0
411,2018,62.8,201,248,53.9,135,-4
411,2019,45.8,200,247,39.1,98,-5
411,2020,46.4,211,257,43.7,100,5
411,2021,44,195,249,43.4,95,-3
411,2022,49.7,228,263,41.9,107,11
411,2023,46,212,234,38.6,99,-18
411,2024,34.6,222,255,31,74,3
411,2025,46,176,247,44,99,-5
411,2026,37.4,210,242,34.2,80,-10
412,1981,1.9,131,139,0.3,32,-38
412,1982,3.4,141,151,0,57,-26
412,1984,6.7,154,218,6,112,41
412,1985,2.8,156,167,1.7,47,-10
412,1986,9.1,148,168,0,152,-9
412,1987,4.5,152,162,1.3,75,-15
412,1988,6.5,171,190,4.9,108,13
412,1989,4.6,140,163,0.9,77,-14
412,1990,5,170,186,3.2,83,9
412,1991,2.7,160,172,0.4,45,-5
412,1992,3,162,171,1.6,50,-6
412,1993,5.9,171,177,3.9,98,0
412,1994,6.4,149,168,0,107,-9
412,1995,4.6,213,221,0,77,44
412,1996,9.6,171,191,7.5,160,14
412,1997,8.5,158,172,0.1,142,-5
412,1998,4.6,171,177,0,77,0
412,1999,4.6,213,220,0,77,43
412,2000,6,153,182,3,100,5
412,2001,3.2,170,184,1.9,53,7
412,2002,4.6,156,178,1,77,1
412,2003,7.9,183,196,7.9,132,19
412,2004,3.6,159,167,0,60,-10
412,2005,6.7,154,187,5.5,112,10
412,2006,6,147,158,3.7,100,-19
412,2007,8.5,155,170,1.2,142,-7
412,2008,6.4,152,203,5.9,107,26
412,2009,5.8,148,168,0,97,-9
412,2010,4.9,160,194,3.7,82,17
412,2011,8.7,162,173,4.3,145,-4
412,2012,7.9,157,168,0.1,132,-9
412,2013,2.9,207,210,0,48,33
412,2014,9.1,159,189,5,152,12
412,2015,9,161,168,0,150,-9
412,2016,4.5,155,164,1.9,75,-13
412,2017,10.1,133,166,0,168,-11
412,2018,3.2,154,166,0,53,-11
412,2019,8.9,166,189,6,148,12
412,2020,6.2,155,179,2,103,2
412,2021,5.3,169,185,3.8,88,8
412,2022,8.8,170,183,4,147,6
412,2023,8.1,178,193,6.9,135,16
412,2024,6.7,170,186,4.2,112,9
412,2025,5.5,145,163,0.2,92,-14
412,2026,2.1,219,222,0,35,45
413,1981,7.8,197,206,7.4,89,5
413,1982,15.8,201,224,14.2,180,23
413,1983,8.5,166,206,6.9,97,5
413,1984,8.3,187,219,8.1,94,18
413,1985,12.9,184,214,12.9,147,13
413,1986,10.5,172,203,9.4,119,2
413,1987,9.3,180,205,8.9,106,4
413,1988,10.6,189,211,10.5,120,10
413,1989,13.4,169,215,12.7,152,14
413,1990,11,178,205,10.9,125,4
413,1991,12.1,199,217,11.7,138,16
413,1992,9.1,176,199,8.1,103,-2
413,1993,11.2,171,204,9.9,127,3
413,1994,11.2,191,204,10.8,127,3
413,1995,7.6,160,196,6.7,86,-5
413,1996,12,188,222,12,136,21
413,1997,20.3,195,219,19.3,231,18
413,1998,6.9,174,204,6.2,78,3
413,1999,15.3,170,213,14.8,174,12
413,2000,11.6,187,208,11.5,132,7
413,2001,8.5,197,213,7.9,97,12
413,2002,15,186,217,14.4,170,16
413,2003,12.7,189,208,12.2,144,7
413,2004,9.7,159,177,0.2,110,-24
413,2005,2.2,110,112,0,25,-89
413,2006,8.3,152,190,6.2,94,-11
413,2007,7,156,171,0,80,-30
413,2008,10,190,212,9.9,114,11
413,2009,8.4,185,195,8.4,95,-6
413,2010,4.5,158,176,0,51,-25
413,2011,7.7,193,215,7,88,14
413,2012,7.8,160,189,5.5,89,-12
413,2013,3.7,163,180,0,42,-21
413,2014,10,156,198,9.6,114,-3
413,2015,5.3,116,161,0,60,-40
413,2016,3.3,129,154,0,38,-47
413,2017,8.4,168,182,3.1,95,-19
413,2018,14.3,191,205,13.3,162,4
413,2019,9.1,170,193,7.9,103,-8
413,2020,6.9,177,203,6.5,78,2
413,2021,7.6,165,187,6.4,86,-14
413,2022,5.5,153,177,0,62,-24
413,2023,8.5,189,200,8.1,97,-1
413,2024,4.8,159,173,0,55,-28
413,2025,7.9,171,191,5.7,90,-10
413,2026,6.6,168,172,0,75,-29
414,1981,27.1,197,235,24,68,3
414,1982,48.4,205,254,43,122,22
414,1983,27.9,199,242,26.3,70,10
414,1984,22.4,222,243,19.5,56,11
414,1985,31,190,231,29.3,78,-1
414,1986,28.8,180,237,28.4,73,5
414,1987,20.8,185,212,20.8,52,-20
414,1988,27.4,189,230,26.3,69,-2
414,1989,33.4,194,236,30.6,84,4
414,1990,32.8,183,243,32.8,83,11
414,1991,42.2,202,243,39.3,106,11
414,1992,24.9,175,219,23.8,63,-13
414,1993,22.1,204,228,19.8,56,-4
414,1994,20.2,198,220,18.4,51,-12
414,1995,26.9,195,241,25.9,68,9
414,1996,43.9,220,250,39.3,111,18
414,1997,46.9,198,240,45,118,8
414,1998,18.5,201,217,17.8,47,-15
414,1999,46.6,199,235,45.5,118,3
414,2000,30.8,191,229,29.9,78,-3
414,2001,18.8,199,226,17.1,47,-6
414,2002,45.8,215,246,42.1,116,14
414,2003,35.8,197,240,34.2,90,8
414,2004,41.5,174,218,39.7,105,-14
414,2005,24.9,188,228,23.2,63,-4
414,2006,48.4,197,232,43.8,122,0
414,2007,45.2,207,225,42,114,-7
414,2008,57.2,213,251,52.3,144,19
414,2009,43.2,199,242,41.9,109,10
414,2010,31.4,198,239,26.6,79,7
414,2011,63.4,219,267,52.7,160,35
414,2012,55.6,204,246,53,140,14
414,2013,39,209,231,34.6,98,-1
414,2014,52.6,209,242,49.6,133,10
414,2015,32.6,146,217,29.8,82,-15
414,2016,27.8,188,220,27.6,70,-12
414,2017,40.3,206,237,38.8,102,5
414,2018,45.9,199,230,40,116,-2
414,2019,23.6,201,227,19.7,60,-5
414,2020,29.1,203,232,27.7,73,0
414,2021,27.1,182,229,27,68,-3
414,2022,31.7,209,240,23.7,80,8
414,2023,29.1,192,226,28,73,-6
414,2024,14.9,195,226,14.5,38,-6
414,2025,25.3,193,223,23.5,64,-9
414,2026,37.4,169,226,34.7,94,-6
415,1981,9.3,191,211,7.9,53,-22
415,1982,17.8,213,243,16.5,102,10
415,1983,19.5,236,253,14.5,112,20
415,1984,20.6,227,242,16.8,118,8
415,1985,15.8,192,230,14.7,91,-4
415,1986,15.6,210,233,13.2,90,-0
415,1987,11.4,188,221,10.9,66,-12
415,1988,13.7,188,230,13.5,79,-4
415,1989,14.2,195,231,11.3,82,-2
415,1990,13.2,218,236,11.6,76,2
415,1991,12.6,213,234,10.2,72,0
415,1992,13.7,204,220,13,79,-14
415,1993,19.7,221,241,16.4,113,8
415,1994,16.4,200,229,13.7,94,-4
415,1995,21.5,226,254,14.6,124,20
415,1996,23.4,215,232,20.9,134,-2
415,1997,23.2,216,236,17,133,2
415,1998,15.6,210,231,13.7,90,-2
415,1999,19.4,220,236,12.8,111,2
415,2000,17.5,209,225,15.5,101,-8
415,2001,14.4,207,228,12.8,83,-6
415,2002,12.7,193,213,12,73,-20
415,2003,20.6,208,236,16.5,118,2
415,2004,10.3,196,219,10.2,59,-14
415,2005,13.7,214,233,12.2,79,-0
415,2006,19.2,202,226,17.5,110,-8
415,2007,17.3,210,229,12.8,99,-4
415,2008,20.4,199,244,18.1,117,10
415,2009,18.5,204,226,15.5,106,-8
415,2010,12.6,191,234,11.2,72,0
415,2011,25.8,218,250,19,148,16
415,2012,10.3,176,210,8.6,59,-24
415,2013,15.3,208,236,10,88,2
415,2014,22.5,202,241,20.3,129,8
415,2015,15.5,213,246,14,89,12
415,2016,17.5,216,243,14.8,101,10
415,2017,17.3,193,245,15.9,99,12
415,2018,14.6,205,226,11,84,-8
415,2019,21.5,215,254,18.9,124,20
415,2020,19.6,209,233,17.6,113,-0
415,2021,12.4,184,233,12.3,71,-0
415,2022,13.9,201,227,12.4,80,-6
415,2023,15.7,211,235,14.7,90,2
415,2024,15.9,212,244,14.2,91,10
415,2025,16.2,190,235,16,93,2
415,2026,8.2,170,189,4.5,47,-44
416,1981,3.3,169,175,0,105,22
416,1982,3.4,134,153,0,108,0
416,1983,7.4,143,166,3.2,235,13
416,1984,2.5,101,105,0,79,-48
416,1985,10.8,137,160,0,343,7
416,1986,2.3,141,145,0,73,-8
416,1987,8.5,151,166,0.7,270,13
416,1988,6.8,132,151,0,216,-2
416,1989,4.9,122,135,0,156,-18
416,1990,1.9,101,112,0,60,-41
416,1991,6.8,129,150,3.9,216,-3
416,1992,6.2,145,169,0,197,16
416,1993,13.8,156,170,1.1,438,17
416,1994,3.3,148,156,0,105,3
416,1995,3.8,121,144,0,121,-9
416,1996,2,105,109,0,63,-44
416,1997,4.4,152,161,0,140,8
416,1998,8,154,174,0,254,21
416,1999,2.5,187,191,0,79,38
416,2000,0.9,161,162,0,29,9
416,2001,2.5,138,146,0,79,-7
416,2002,1.3,100,105,0,41,-48
416,2003,2.2,158,162,0,70,9
416,2004,4.1,158,163,0.3,130,10
416,2005,7.8,158,164,0,248,11
416,2006,2.2,165,172,0,70,19
416,2007,3.5,146,158,0,111,5
416,2008,7.9,147,164,0,251,11
416,2009,3.9,101,148,0,124,-5
416,2010,12.6,164,186,7.2,400,33
416,2011,2.5,137,143,0,79,-10
416,2012,3,103,120,0,95,-33
416,2013,3,117,128,0,95,-25
416,2014,0.9,75,80,0,29,-73
416,2015,1.5,124,129,0,48,-24
416,2016,3.4,131,135,0,108,-18
416,2017,1.9,117,131,0,60,-22
416,2018,0.2,163,164,0,6,11
416,2019,2.9,114,139,0,92,-14
416,2020,3.7,118,141,0,117,-12
416,2021,1.5,144,147,0,48,-6
416,2022,1.8,105,111,0,57,-42
416,2023,5.7,157,163,0,181,10
416,2024,5.5,134,150,0.3,175,-3
416,2025,0.7,167,168,0,22,15
416,2026,1.3,107,111,0,41,-42
417,1981,12.9,192,216,12,72,-10
417,1982,18.6,194,227,16.5,104,1
417,1983,29.1,232,243,22.6,162,17
417,1984,34.3,221,237,31.2,191,11
417,1985,15.8,187,217,14.4,88,-9
417,1986,22.9,203,237,19.4,128,11
417,1987,12.8,195,212,12.8,71,-14
417,1988,15.4,185,224,15.4,86,-2
417,1989,19.3,188,212,18.7,108,-14
417,1990,12.7,187,217,12.6,71,-9
417,1991,16.4,233,246,12.1,91,20
417,1992,15,181,210,14.8,84,-16
417,1993,19.5,202,229,18,109,3
417,1994,15.2,194,225,12.3,85,-1
417,1995,27.5,228,255,20,153,29
417,1996,22.1,207,226,20.6,123,0
417,1997,24.1,200,227,21.3,134,1
417,1998,23.3,201,244,20.4,130,18
417,1999,24,217,237,16.3,134,11
417,2000,16.1,184,217,16.1,90,-9
417,2001,18.9,205,222,15,105,-4
417,2002,13.2,179,227,13,74,1
417,2003,18.7,223,236,10.9,104,10
417,2004,17.2,207,220,14.5,96,-6
417,2005,31.8,226,241,24,177,15
417,2006,22.5,203,223,19.4,125,-3
417,2007,13.6,206,223,11.7,76,-3
417,2008,16.2,196,225,14.7,90,-1
417,2009,19.3,199,226,14.3,108,0
417,2010,16.3,197,246,13.7,91,20
417,2011,23,214,251,17.6,128,25
417,2012,7.7,173,206,6.7,43,-20
417,2013,13.7,194,216,13,76,-10
417,2014,16.6,190,229,15.5,92,3
417,2015,9.8,168,204,7.5,55,-22
417,2016,24.1,188,228,23.9,134,2
417,2017,21.5,196,227,19.7,120,1
417,2018,14,183,210,14,78,-16
417,2019,31.7,203,226,24.4,177,0
417,2020,12.7,187,209,12.5,71,-17
417,2021,16.4,183,218,16.4,91,-8
417,2022,13.8,175,218,13,77,-8
417,2023,38.4,189,230,36.4,214,4
417,2024,21.8,193,227,21.5,121,1
417,2025,24.4,188,222,24.1,136,-4
417,2026,6,162,173,0.4,33,-53
418,1982,43,211,259,41.3,113,3
418,1983,31.1,166,221,29,82,-35
418,1984,12.7,93,130,8.2,33,-126
418,1985,29.9,227,251,23.9,79,-5
418,1986,39.4,230,247,33.1,104,-9
418,1987,35.5,209,237,33.4,93,-19
418,1988,40.6,195,261,37.1,107,5
418,1989,41.5,187,248,39.3,109,-8
418,1990,39.7,184,264,39.7,104,8
418,1991,40.1,215,266,33.6,105,10
418,1992,30.4,207,234,28.5,80,-22
418,1993,31.9,218,240,26,84,-16
418,1994,27.8,198,238,26.6,73,-18
418,1995,38.6,202,246,34.6,101,-10
418,1996,34.4,226,256,31.1,90,0
418,1997,60.5,220,256,55.3,159,0
418,1998,38.2,202,254,35.4,100,-2
418,1999,57.2,231,269,51,150,13
418,2000,38.7,200,260,37.9,102,4
418,2001,25.6,216,244,20.7,67,-12
418,2002,46.7,211,260,42.1,123,4
418,2003,35.4,221,251,31.3,93,-5
418,2004,35.7,183,249,35.6,94,-7
418,2005,15.5,202,228,12.6,41,-28
418,2006,42.5,205,251,38.5,112,-5
418,2007,35.6,207,256,33.3,94,0
418,2008,42.3,217,271,38.6,111,15
418,2009,41.9,228,257,35.5,110,1
418,2010,33.4,224,270,25.4,88,14
418,2011,47,244,283,36.9,124,27
418,2012,46.5,204,270,44,122,14
418,2013,37.9,207,259,31.9,100,3
418,2014,43.1,212,257,38.8,113,1
418,2015,18,199,237,15.5,47,-19
418,2016,35.6,181,248,35.4,94,-8
418,2017,37.6,215,261,31.4,99,5
418,2018,0,365,365,,0,109
418,2019,40.6,200,225,35,107,-31
418,2020,50.8,193,237,49.6,134,-19
418,2021,45.9,199,237,42.8,121,-19
418,2022,43,228,256,30.5,113,0
418,2023,42,206,230,33.3,110,-26
418,2024,26.3,194,245,25,69,-11
418,2025,35.2,175,227,32.6,93,-29
418,2026,30.4,168,221,27.1,80,-35
419,1983,35,233,250,27,155,23
419,1984,25.3,197,242,24,112,15
419,1985,17.3,183,228,17.3,77,1
419,1987,14.8,185,207,14.7,66,-20
419,1988,18.1,185,226,18.1,80,-1
419,1989,24.6,188,218,22.6,109,-9
419,1990,16.3,182,203,16,72,-24
419,1991,21.1,219,237,17.8,94,10
419,1992,14.3,182,213,14.1,63,-14
419,1993,27.1,220,236,21.6,120,9
419,1994,17.5,193,219,16,78,-8
419,1995,22.1,216,243,22.1,98,16
419,1996,31.3,189,244,31.3,139,17
419,1997,33,215,233,31.2,146,6
419,1998,22,201,221,21,98,-6
419,1999,26.5,194,239,25,118,12
419,2000,23,186,217,23,102,-10
419,2001,18.3,197,219,15.6,81,-8
419,2002,18.2,179,227,17.9,81,0
419,2003,23.7,190,227,23.2,105,0
419,2004,18.5,170,216,17.6,82,-11
419,2005,20,183,227,20,89,0
419,2006,30.4,190,224,29.5,135,-3
419,2007,19,187,220,18,84,-7
419,2008,26.9,198,239,25.9,119,12
419,2009,30,199,233,26.9,133,6
419,2010,17.3,191,242,15.6,77,15
419,2011,37.2,215,258,28.7,165,31
419,2012,18.7,173,221,18.2,83,-6
419,2013,18.8,205,225,16.4,83,-2
419,2014,31.5,191,237,31.1,140,10
419,2015,20.3,177,215,19.8,90,-12
419,2016,21.8,184,226,21.8,97,-1
419,2017,30,213,236,26.6,133,9
419,2018,24.9,200,221,21.4,110,-6
419,2019,23.2,199,227,20.3,103,0
419,2020,27.3,190,230,26.3,121,3
419,2021,20,185,220,19.8,89,-7
419,2022,18.4,212,232,15.4,82,5
419,2023,27.6,208,231,25,122,4
419,2024,21.5,193,229,21.3,95,2
419,2025,25.4,188,223,24.7,113,-4
419,2026,16.5,168,216,13.4,73,-11
420,1982,30.2,204,227,26.4,171,22
420,1983,7.3,139,161,1.1,41,-44
420,1984,20,196,231,14.1,113,26
420,1985,36,182,224,34.9,203,18
420,1986,17.6,146,164,5.2,99,-42
420,1987,19.8,154,190,15.1,112,-16
420,1988,22,192,223,20.6,124,18
420,1989,36.5,187,212,32.3,206,6
420,1990,25.2,167,195,19.9,142,-10
420,1991,18.4,193,218,16.1,104,12
420,1992,8,113,123,0,45,-82
420,1993,20.4,117,183,10.1,115,-22
420,1994,11.8,176,201,8.8,67,-4
420,1995,16.1,79,166,5,91,-40
420,1996,11.9,129,173,6.6,67,-32
420,1997,40.9,170,224,37.8,231,18
420,1998,19,162,204,14,107,-2
420,1999,27.8,198,243,26.8,157,38
420,2000,20.9,190,207,20.2,118,2
420,2001,17.1,197,221,13.2,97,16
420,2002,32.6,184,238,31.7,184,32
420,2003,8.7,161,199,5.6,49,-6
420,2004,17.3,160,191,12,98,-14
420,2005,3.9,70,78,1.5,22,-128
420,2006,23,175,212,22,130,6
420,2007,17.7,155,191,12.8,100,-14
420,2008,46.7,210,242,41.5,264,36
420,2009,33.5,195,236,29.6,189,30
420,2010,4.5,192,200,1.2,25,-6
420,2011,24.5,216,244,15.4,138,38
420,2012,28.3,190,226,27.3,160,20
420,2013,25.9,202,221,23.3,146,16
420,2014,11.1,155,197,9.9,63,-8
420,2015,2.5,97,98,0,14,-108
420,2016,16.7,113,158,10.7,94,-48
420,2017,25.4,161,217,21.6,144,12
420,2018,13.4,187,209,12.4,76,4
420,2019,11.2,167,182,5.1,63,-24
420,2020,17.7,188,211,17,100,6
420,2021,21.4,194,214,20.5,121,8
420,2022,17,203,235,12.4,96,30
420,2023,20.4,190,219,18.7,115,14
420,2024,6.4,114,122,0,36,-84
420,2025,6.9,174,178,2.2,39,-28
420,2026,7.3,168,188,4,41,-18
422,1981,1.6,186,188,1.1,32,24
422,1982,8.3,133,194,5,164,30
422,1983,7,134,148,0.8,139,-16
422,1984,7.5,151,171,3.8,149,6
422,1985,9.7,165,186,8.1,192,22
422,1986,5.9,146,153,0,117,-12
422,1987,6.3,156,164,0.8,125,-0
422,1988,6.1,149,153,1.5,121,-12
422,1989,13.1,157,173,4.1,259,8
422,1990,4.6,144,169,0,91,4
422,1991,2.4,124,135,0.7,48,-30
422,1992,4.9,134,136,0,97,-28
422,1993,6.3,154,171,0,125,6
422,1994,6.7,151,165,0,133,0
422,1995,5,88,104,0,99,-60
422,1996,3.6,127,136,0.2,71,-28
422,1997,6,168,173,0,119,8
422,1998,7.9,161,172,0,156,8
422,1999,6.3,163,177,2.7,125,12
422,2000,6.3,164,180,1.4,125,16
422,2001,6.1,150,171,0,121,6
422,2002,8.1,171,183,4,160,18
422,2003,3.5,160,164,0,69,-0
422,2004,8.7,159,169,0,172,4
422,2005,1.8,109,112,0.1,36,-52
422,2006,3.8,172,180,0.5,75,16
422,2007,2.8,103,139,0,55,-26
422,2008,7.5,142,197,7.3,149,32
422,2009,5.2,186,190,4.3,103,26
422,2010,3.3,97,112,1,65,-52
422,2011,4.2,181,183,1.7,83,18
422,2012,2.6,144,159,0,51,-6
422,2013,5.2,152,166,0,103,2
422,2014,4.2,146,156,0,83,-8
422,2015,2.1,97,111,0,42,-54
422,2016,3.7,129,140,0,73,-24
422,2017,5.1,132,142,0,101,-22
422,2018,2.6,160,164,0,51,-0
422,2019,6.9,158,178,1.1,137,14
422,2020,6.3,129,164,0.5,125,-0
422,2021,6.5,151,180,2.4,129,16
422,2022,5.6,98,154,0,111,-10
422,2023,5.9,186,207,5.2,117,42
422,2024,4,111,122,0,79,-42
422,2025,5.4,146,161,0,107,-4
422,2026,0.6,94,95,0,12,-70
423,1981,14,172,201,13,99,-2
423,1982,24.1,193,216,21.8,171,13
423,1983,26.4,183,215,26.4,187,12
423,1984,20.6,184,216,20.6,146,13
423,1985,18.8,182,198,18.6,133,-5
423,1986,18.1,147,198,14.1,128,-5
423,1987,9.3,157,192,9,66,-11
423,1988,11.1,165,196,10.5,79,-7
423,1989,15.1,187,202,14.7,107,-1
423,1990,11.4,166,192,9,81,-11
423,1991,9.5,182,202,9.1,67,-1
423,1992,9.6,153,186,5.8,68,-17
423,1993,18.4,171,214,15.6,130,11
423,1994,11.5,165,198,10.3,82,-5
423,1995,18.2,180,207,17.5,129,4
423,1996,15.8,161,210,15,112,7
423,1997,23.9,169,208,20.2,170,5
423,1998,14.6,164,206,12.6,104,3
423,1999,19.7,161,207,17.9,140,4
423,2000,13.7,177,197,12.6,97,-6
423,2001,7,171,200,4.9,50,-3
423,2002,14.5,176,203,13.7,103,0
423,2003,13.5,180,202,12.8,96,-1
423,2004,15.6,161,190,11.2,111,-13
423,2005,9.9,187,205,9.9,70,2
423,2006,20.2,177,209,19.7,143,6
423,2007,12.5,156,190,8.3,89,-13
423,2008,17.4,195,218,17.4,123,15
423,2009,12.1,186,203,11.8,86,0
423,2010,12,191,205,11.4,85,2
423,2011,15.5,181,219,15.1,110,16
423,2012,14.8,173,203,13.5,105,0
423,2013,6.7,173,187,4.7,48,-16
423,2014,10.2,186,198,10,72,-5
423,2015,7.4,128,173,1.8,52,-30
423,2016,15.4,172,200,14.9,109,-3
423,2017,22.2,160,208,18.7,157,5
423,2018,10,176,203,9.1,71,0
423,2019,21.5,163,207,19.8,152,4
423,2020,13.5,189,207,13.3,96,4
423,2021,14.3,164,200,13.3,101,-3
423,2022,10.5,170,209,7.7,74,6
423,2023,20.5,190,215,19.1,145,12
423,2024,13,191,207,12.6,92,4
423,2025,0,9,9,,0,-194
423,2026,5.4,161,170,0,38,-33
424,1982,22.1,203,231,19.3,164,14
424,1983,31.1,197,240,30.5,230,22
424,1984,18.1,222,237,15.2,134,20
424,1985,15.5,185,216,15.5,115,-2
424,1986,14.4,180,234,13.7,107,16
424,1987,8.8,189,206,8.8,65,-12
424,1988,10,193,203,9.6,74,-14
424,1989,24,186,219,23.6,178,2
424,1990,9.4,185,201,9.4,70,-16
424,1991,10,203,233,8.7,74,16
424,1992,11.7,180,204,11.3,87,-14
424,1993,19.3,214,232,16.4,143,14
424,1994,9.1,196,205,8,67,-12
424,1995,23.9,186,243,23.9,177,26
424,1996,14,207,229,12.9,104,12
424,1997,20.3,196,227,19.9,150,10
424,1998,15.1,201,220,12.9,112,2
424,1999,19,198,238,17.7,141,20
424,2000,13.4,187,210,13.4,99,-8
424,2001,9.5,197,212,7.6,70,-6
424,2002,12.7,186,217,12.7,94,-0
424,2003,10.8,191,228,9.8,80,10
424,2004,14.8,182,213,14.5,110,-4
424,2005,17.4,189,225,17,129,8
424,2006,20.2,194,226,18.6,150,8
424,2007,8.8,163,198,7.1,65,-20
424,2008,14.4,194,229,14.3,107,12
424,2009,14,189,223,13.8,104,6
424,2010,10.7,196,207,9.3,79,-10
424,2011,19.1,209,228,17.3,141,10
424,2012,10.3,174,199,9.6,76,-18
424,2013,11.2,180,211,10.9,83,-6
424,2014,9.2,188,203,8.9,68,-14
424,2015,5.8,166,194,3.9,43,-24
424,2016,13.4,184,203,13.4,99,-14
424,2017,13.6,163,221,13.1,101,4
424,2018,12.3,180,211,12.1,91,-6
424,2019,17.2,177,218,16.7,127,0
424,2020,14.1,200,214,13.6,104,-4
424,2021,9.7,184,211,9.7,72,-6
424,2022,8.8,200,219,7.5,65,2
424,2023,20.7,189,227,19.4,153,10
424,2024,12.7,187,209,12.7,94,-8
424,2025,11.3,188,203,10.8,84,-14
424,2026,7.2,170,181,2.5,53,-36
425,1984,0,366,366,,0,128
425,1985,46.4,186,233,45.1,93,-6
425,1986,35.1,180,241,34.7,70,2
425,1987,32.7,185,217,32.7,65,-22
425,1988,39.3,194,234,39.2,78,-4
425,1989,53,189,243,49.5,106,4
425,1990,42.9,183,241,42.9,86,2
425,1991,51.7,193,239,48.8,103,0
425,1992,37.4,207,228,34.3,75,-10
425,1993,42.8,214,238,34.2,85,-0
425,1994,34.2,197,220,30.2,68,-18
425,1995,42,207,238,38.9,84,-0
425,1996,50.1,219,253,46.2,100,14
425,1997,83.2,215,248,74.3,166,10
425,1998,34.4,201,223,33.8,69,-16
425,1999,67.3,197,255,66.4,134,16
425,2000,53.8,191,237,53.5,107,-2
425,2001,29.5,198,236,26.2,59,-2
425,2002,50.8,195,249,47.7,101,10
425,2003,55.9,195,248,55.3,112,10
425,2004,48.6,174,222,47.4,97,-16
425,2005,38.1,201,228,33.9,76,-10
425,2006,52.8,196,233,49.5,105,-6
425,2007,43.1,189,230,41.9,86,-8
425,2008,67,212,264,61.2,134,26
425,2009,53.4,191,245,51.4,107,6
425,2010,35.4,194,245,31.7,71,6
425,2011,74.7,223,272,60.8,149,34
425,2012,56.7,202,253,56.2,113,14
425,2013,48.2,205,235,43.7,96,-4
425,2014,68.4,211,250,65.1,137,12
425,2015,37.7,197,225,35.1,75,-14
425,2016,50.1,185,226,50.1,100,-12
425,2017,47.5,215,247,44.2,95,8
425,2018,63.1,203,240,53.1,126,2
425,2019,48,200,236,40.1,96,-2
425,2020,52.2,192,243,49.7,104,4
425,2021,49.5,184,229,49.4,99,-10
425,2022,49.4,213,254,41.3,99,16
425,2023,51.6,208,233,47,103,-6
425,2024,36.2,195,247,32.7,72,8
425,2025,46.2,175,238,44,92,-0
425,2026,42.7,188,238,41.2,85,-0
426,1986,0,365,365,,0,156
426,1987,9.2,183,201,9.2,73,-8
426,1988,15.5,187,213,15.5,123,4
426,1989,11.7,187,200,9.9,93,-9
426,1990,12.3,169,196,10.4,98,-13
426,1991,10.9,183,220,10.9,87,11
426,1992,9,181,196,8.8,71,-13
426,1993,16.7,208,224,13.9,133,15
426,1994,12.7,198,207,11.3,101,-2
426,1995,13.3,216,232,11.7,106,23
426,1996,20.3,205,222,19.3,161,13
426,1997,14.5,196,220,12.6,115,11
426,1998,11.4,202,213,8.7,90,4
426,1999,9.7,166,196,7,77,-13
426,2000,13,187,202,12.8,103,-7
426,2001,11.1,182,210,11,88,1
426,2002,9.3,173,191,8.6,74,-18
426,2003,15.2,191,211,14.8,121,2
426,2004,11.7,161,186,6.8,93,-23
426,2005,9.8,189,201,9.5,78,-8
426,2006,16.3,185,204,16.1,129,-5
426,2007,9.1,163,189,7,72,-20
426,2008,19.4,196,222,15.4,154,13
426,2009,15.6,190,210,14.5,124,1
426,2010,11.6,190,203,9.6,92,-6
426,2011,19.1,213,236,18.7,152,27
426,2012,9.8,158,180,1.7,78,-29
426,2013,12.5,205,216,10.3,99,7
426,2014,18.1,190,208,17.1,144,-1
426,2015,12,162,194,8.4,95,-15
426,2016,14.5,185,218,14.4,115,9
426,2017,10.5,163,191,6.3,83,-18
426,2018,10.3,192,210,9.6,82,1
426,2019,15.1,177,207,14.2,120,-2
426,2020,13.4,177,215,12.7,106,6
426,2021,10.6,184,207,10.6,84,-2
426,2022,10.2,176,210,9.8,81,1
426,2023,16.7,189,216,16.7,133,7
426,2024,14.1,192,209,14.1,112,0
426,2025,12.1,174,200,10.6,96,-9
426,2026,6.1,160,173,0,48,-36
427,1981,11.2,196,213,10.4,76,-14
427,1982,14,194,220,11.1,95,-7
427,1983,10.5,198,214,9.2,71,-13
427,1984,17,198,232,16,116,5
427,1985,16.3,190,221,15.1,111,-6
427,1986,9.3,177,204,8.2,63,-23
427,1987,8.4,182,206,8.2,57,-21
427,1988,14.5,194,225,13.2,99,-2
427,1989,11.8,195,218,10.5,80,-9
427,1990,17.9,178,226,17,122,-1
427,1991,20.9,217,232,11.7,142,5
427,1992,10.1,150,197,7.4,69,-30
427,1993,10.9,175,215,10,74,-12
427,1994,14.6,191,203,13.1,99,-24
427,1995,15.3,209,232,13.9,104,5
427,1996,10.6,189,231,10,72,4
427,1997,17.2,214,227,14.1,117,0
427,1998,8.7,201,212,8,59,-15
427,1999,13.3,192,237,11.6,90,10
427,2000,14.5,191,217,12.7,99,-10
427,2001,14.6,205,223,11.7,99,-4
427,2002,14.7,223,234,11.5,100,7
427,2003,15.2,190,239,14,103,12
427,2004,15.6,174,219,14.1,106,-8
427,2005,14.7,215,232,11.7,100,5
427,2006,19.4,188,229,18.7,132,2
427,2007,16.3,202,222,13,111,-5
427,2008,13.5,209,234,12.5,92,7
427,2009,14.3,227,237,11.6,97,10
427,2010,25.6,220,252,16,174,25
427,2011,28,215,246,19.1,190,19
427,2012,14.5,174,210,12.8,99,-17
427,2013,15.2,207,226,12.1,103,-1
427,2014,20.9,201,235,18.9,142,8
427,2015,12,161,217,9.8,82,-10
427,2016,15.6,185,220,15.6,106,-7
427,2017,8,215,221,4.7,54,-6
427,2018,17.7,197,221,14.2,120,-6
427,2019,12.7,185,227,12.6,86,0
427,2020,18.8,203,235,16.4,128,8
427,2021,13.5,208,230,11.5,92,3
427,2022,15,214,239,9.7,102,12
427,2023,20,210,228,15.8,136,1
427,2024,14.6,223,242,7.3,99,15
427,2025,17.9,201,223,16.6,122,-4
427,2026,9.1,168,203,7.7,62,-24
428,1983,0,364,364,,0,153
428,1984,41.4,171,224,37.9,109,13
428,1985,32.4,182,206,32.3,85,-5
428,1986,49.9,170,214,43.3,132,3
428,1987,25.2,176,198,24,66,-13
428,1988,19.1,130,177,5.4,50,-34
428,1989,36.1,179,215,33.9,95,4
428,1990,21.7,164,187,13.7,57,-24
428,1991,21.2,180,218,20.2,56,7
428,1992,18.3,143,193,14,48,-18
428,1993,52.6,156,228,50.5,139,17
428,1994,24.4,158,196,16.6,64,-15
428,1995,62.7,205,249,61.7,165,38
428,1996,37.4,167,218,33.5,99,7
428,1997,49.8,161,202,36,131,-9
428,1998,52.6,200,247,47.6,139,36
428,1999,56,195,229,50.6,148,18
428,2000,45.9,164,210,37.8,121,-1
428,2001,24.9,163,208,13.7,66,-3
428,2002,34,176,195,30.5,90,-16
428,2003,38.8,222,236,24.8,102,25
428,2004,38.8,156,193,27,102,-18
428,2005,44.2,192,232,42.7,117,21
428,2006,56.7,200,227,45.6,150,16
428,2007,27.6,157,190,19.6,73,-21
428,2008,37,155,205,33.3,98,-6
428,2009,37.5,174,212,34.8,99,1
428,2010,43,196,234,39.9,113,23
428,2011,72.3,179,256,70.9,191,45
428,2012,26.6,198,214,24.2,70,3
428,2013,20.4,162,188,12.6,54,-23
428,2014,11.7,187,197,10.7,31,-14
428,2015,7,94,129,0,18,-82
428,2016,38.3,174,204,36.1,101,-7
428,2017,69.4,200,233,66.9,183,22
428,2018,21.5,179,207,20.2,57,-4
428,2019,67.2,191,224,66.4,177,13
428,2020,23.2,191,208,20.3,61,-3
428,2021,29.6,175,196,26,78,-15
428,2022,27.6,128,184,14.4,73,-27
428,2023,77.5,191,235,74.9,204,24
428,2024,40.3,185,215,40.3,106,4
428,2025,33.9,188,207,32.3,89,-4
428,2026,21.4,148,170,0.8,56,-41
430,1981,9.4,188,204,8.7,67,-10
430,1982,12.3,178,201,12.2,88,-14
430,1983,22.3,206,237,19.1,159,22
430,1984,19.3,193,226,17.5,138,12
430,1985,17.6,186,218,17.6,126,4
430,1986,8.3,188,217,6.7,59,2
430,1987,14.2,198,224,13.2,101,10
430,1988,10.1,177,199,9.3,72,-16
430,1989,15.6,161,197,12.9,111,-18
430,1990,13.6,192,225,11.4,97,10
430,1991,17,187,219,15.9,121,4
430,1992,17.7,190,211,17.6,126,-4
430,1993,21.5,194,228,18.4,154,14
430,1994,17.7,198,221,14.8,126,6
430,1995,17.9,171,234,16.7,128,20
430,1996,10.3,179,194,8.7,74,-20
430,1997,12.5,161,221,9.8,89,6
430,1998,15.5,204,223,13.1,111,8
430,1999,7.8,172,183,3.8,56,-32
430,2000,12.6,188,210,12.2,90,-4
430,2001,13.6,195,214,13.3,97,-0
430,2002,8.4,163,187,6.3,60,-28
430,2003,14.4,181,212,14.2,103,-2
430,2004,11.5,196,221,7.4,82,6
430,2005,21.6,193,232,19.3,154,18
430,2006,9.5,190,203,8.7,68,-12
430,2007,14.4,208,224,12.2,103,10
430,2008,15.9,174,211,13.8,114,-4
430,2009,14.9,201,213,13.1,106,-2
430,2010,16.1,192,222,15.8,115,8
430,2011,8.5,167,200,7.8,61,-14
430,2012,10.6,176,195,6.6,76,-20
430,2013,10.6,183,215,10.6,76,0
430,2014,11.4,191,216,10.8,81,2
430,2015,13,165,197,11.5,93,-18
430,2016,11.9,188,222,11.9,85,8
430,2017,20.3,188,221,19,145,6
430,2018,8.3,181,194,7.8,59,-20
430,2019,17.6,178,228,17.1,126,14
430,2020,16,184,212,16,114,-2
430,2021,19,181,209,18.6,136,-6
430,2022,10.1,188,203,9.4,72,-12
430,2023,14.1,190,214,14.1,101,-0
430,2024,14.2,195,208,12.8,101,-6
430,2025,9.7,190,197,8.8,69,-18
430,2026,6.2,155,177,0,44,-38
431,1981,16.3,190,205,15,62,-19
431,1982,35.4,187,231,35,135,7
431,1983,36,214,242,33.3,138,18
431,1984,36.9,189,231,35.8,141,7
431,1985,43.2,216,237,41.1,165,13
431,1986,32.2,204,232,26.6,123,8
431,1987,29.1,198,222,25.9,111,-2
431,1988,21.8,187,220,21.8,83,-4
431,1989,36.3,178,213,35.4,139,-11
431,1990,13.9,193,226,13.8,53,2
431,1991,35.2,184,222,34.9,135,-2
431,1992,27.7,186,213,27.6,106,-11
431,1993,40,192,236,37.7,153,12
431,1994,34.4,202,235,26.8,132,11
431,1995,41.5,215,249,38.2,159,25
431,1996,22.5,179,214,21.7,86,-10
431,1997,32.9,198,228,30.2,126,4
431,1998,27.6,202,226,24.9,106,2
431,1999,18.8,218,230,13.9,72,6
431,2000,16.1,188,209,15.8,62,-15
431,2001,28.7,206,227,25.7,110,3
431,2002,12.1,180,193,11.1,46,-31
431,2003,26.1,183,227,26.1,100,3
431,2004,23.7,162,221,22.2,91,-3
431,2005,36.5,185,236,36.3,140,12
431,2006,21.2,189,215,18.7,81,-9
431,2007,20.8,200,226,20.1,80,2
431,2008,40.1,168,223,38.8,153,-1
431,2009,36.5,201,222,33.6,140,-2
431,2010,33.7,191,225,33.3,129,1
431,2011,26.2,194,240,24.1,100,16
431,2012,17.7,181,206,16.3,68,-18
431,2013,18.2,179,216,18.1,70,-8
431,2014,20.9,192,218,20,80,-6
431,2015,20.1,178,211,18.9,77,-13
431,2016,22.9,186,228,22.8,88,4
431,2017,44.3,191,237,42.5,169,13
431,2018,15.9,184,206,15.9,61,-18
431,2019,34.5,213,248,32.7,132,24
431,2020,22.2,188,214,22.1,85,-10
431,2021,25.1,184,214,25.1,96,-10
431,2022,26.7,187,214,26.6,102,-10
431,2023,41.2,191,228,40.7,158,4
431,2024,24.9,179,217,24.5,95,-7
431,2025,15.1,175,207,13,58,-17
431,2026,13.4,168,178,2,51,-46
432,1981,2.7,175,184,1.5,31,-12
432,1982,14.3,193,210,12.7,165,14
432,1983,19.8,198,220,17.3,229,24
432,1984,17.8,188,216,17.8,206,20
432,1985,17.5,185,196,17.3,202,0
432,1986,19.3,172,195,9.7,223,-0
432,1987,5,189,196,5,58,0
432,1988,7.8,178,195,7.3,90,-0
432,1989,12.7,175,194,10.3,147,-2
432,1990,9.3,172,193,6.9,108,-2
432,1991,6.7,184,200,6.7,77,4
432,1992,6.6,177,187,4.5,76,-8
432,1993,16.4,175,209,14.3,190,14
432,1994,9,181,195,6.7,104,-0
432,1995,12.3,164,199,10.9,142,4
432,1996,13.4,172,213,12.7,155,18
432,1997,15,165,210,13.6,173,14
432,1998,8.4,201,212,7.9,97,16
432,1999,6.8,165,197,4.2,79,2
432,2000,6.5,179,196,6.4,75,0
432,2001,6.1,170,188,4.1,71,-8
432,2002,4.1,178,187,3.4,47,-8
432,2003,4.9,172,195,3,57,-0
432,2004,11.7,160,178,3.3,135,-18
432,2005,12.9,183,200,12.9,149,4
432,2006,14.4,185,199,14.4,166,4
432,2007,6.8,158,168,0,79,-28
432,2008,15.6,176,206,13.6,180,10
432,2009,8.6,167,201,6.3,99,6
432,2010,8.9,191,199,7.1,103,4
432,2011,15.7,181,202,14.7,182,6
432,2012,6.2,161,177,0,72,-18
432,2013,7.1,164,179,1.2,82,-16
432,2014,8.7,154,192,7,101,-4
432,2015,5.8,134,168,0,67,-28
432,2016,6.8,148,172,1.9,79,-24
432,2017,17.4,163,190,11.2,201,-6
432,2018,4,161,177,0,46,-18
432,2019,17.8,187,206,17.6,206,10
432,2020,10.5,181,194,9.6,121,-2
432,2021,7.4,177,186,6.6,86,-10
432,2022,11,166,185,6.9,127,-10
432,2023,24,190,214,23.5,277,18
432,2024,13.1,170,198,12.4,151,2
432,2025,9.1,174,191,5.8,105,-4
432,2026,5.9,151,159,0,68,-36
433,1981,8.5,187,206,8.3,81,-4
433,1982,19.6,203,225,17.8,188,15
433,1983,13.8,186,205,13.4,132,-5
433,1984,9.7,186,222,9.4,93,12
433,1985,10.8,183,197,10.8,103,-13
433,1986,11.7,160,204,9.7,112,-6
433,1987,8.9,181,198,8.2,85,-12
433,1988,10.5,193,202,10.2,100,-8
433,1989,11.9,188,203,11.4,114,-7
433,1990,11.8,180,194,10,113,-16
433,1991,9.9,182,219,9.5,95,9
433,1992,7.7,166,186,5,74,-24
433,1993,7.9,174,213,6.3,76,3
433,1994,7.9,192,202,7.6,76,-8
433,1995,8.1,180,215,7.1,78,5
433,1996,11.3,187,224,11.3,108,14
433,1997,19.7,196,225,19,189,15
433,1998,10.6,200,215,9.6,101,5
433,1999,14.4,188,209,13.8,138,-1
433,2000,10.2,177,201,9.5,98,-9
433,2001,8.2,197,212,6.8,78,2
433,2002,9.3,186,211,9,89,1
433,2003,14.4,189,215,13.4,138,5
433,2004,10.5,168,192,7.8,100,-18
433,2005,7.8,186,209,7.7,75,-1
433,2006,11,175,210,10.6,105,0
433,2007,9.6,162,197,8.1,92,-13
433,2008,14.4,194,223,13.7,138,13
433,2009,13,188,219,12.6,124,9
433,2010,7.9,196,204,7.4,76,-6
433,2011,13.5,197,227,12.4,129,17
433,2012,12.9,176,204,11.2,123,-6
433,2013,9.7,177,207,8.1,93,-3
433,2014,17.6,185,217,17.5,168,7
433,2015,8.4,140,199,5.2,80,-11
433,2016,9.2,181,197,9.1,88,-13
433,2017,12.3,165,207,10.1,118,-3
433,2018,16.3,196,216,15.5,156,6
433,2019,10.4,170,210,9.7,100,0
433,2020,11.1,188,210,11,106,0
433,2021,9.4,164,205,9,90,-5
433,2022,9,169,213,6.6,86,3
433,2023,11,190,214,10.4,105,4
433,2024,8.2,184,199,8.2,78,-11
433,2025,10,175,191,6.7,96,-19
433,2026,10.3,168,189,6.4,99,-21
434,1981,7.2,195,201,2.4,45,10
434,1982,20.1,203,214,13.7,125,22
434,1983,7.4,134,147,2.9,46,-44
434,1984,12.2,91,110,4.1,76,-82
434,1985,37.2,159,215,29.1,232,24
434,1986,14.1,145,155,0,88,-36
434,1987,9.6,153,183,4.6,60,-8
434,1988,13.9,145,196,11.8,87,4
434,1989,32.2,187,200,30.9,201,8
434,1990,25.1,167,189,17,156,-2
434,1991,10.9,103,119,1.7,68,-72
434,1992,2,55,57,0,12,-134
434,1993,28,154,184,14.3,174,-8
434,1994,10.2,176,197,8,64,6
434,1995,21.4,99,149,5.8,133,-42
434,1996,20.3,129,142,8.2,126,-50
434,1997,28.9,167,204,24.5,180,12
434,1998,11.2,160,174,4,70,-18
434,1999,48.3,193,236,45.2,301,44
434,2000,29.3,166,198,24.9,183,6
434,2001,9.9,156,171,1.1,62,-20
434,2002,47.7,173,215,45.9,297,24
434,2003,10,159,182,4.6,62,-10
434,2004,24,158,186,12.4,150,-6
434,2005,3.3,187,193,2.8,21,2
434,2006,18.9,178,208,17.8,118,16
434,2007,14.1,154,175,4.5,88,-16
434,2008,49.1,193,233,46.6,306,42
434,2009,22.9,187,214,21.5,143,22
434,2010,6.7,192,201,3.2,42,10
434,2011,18.4,197,229,15.8,115,38
434,2012,20.8,190,208,19.9,130,16
434,2013,16,151,187,10.4,100,-4
434,2014,5.6,147,155,1.5,35,-36
434,2015,3.1,97,101,0,19,-90
434,2016,9.9,113,140,3,62,-52
434,2017,24,159,205,16.7,150,14
434,2018,9.2,179,206,8,57,14
434,2019,15.9,166,190,11.5,99,-2
434,2020,16.1,188,204,15.5,100,12
434,2021,11.4,177,200,10.9,71,8
434,2022,15.9,98,175,3.2,99,-16
434,2023,20,203,217,16.4,125,26
434,2024,8.1,109,120,3.9,50,-72
434,2025,8.5,173,189,5,53,-2
434,2026,2.6,101,107,0,16,-84
435,1981,11.1,190,199,9.5,78,-4
435,1982,21.3,192,216,20.1,151,12
435,1983,27.7,201,238,25.7,196,34
435,1984,24.8,198,226,23.1,175,22
435,1985,20.8,185,198,20.8,147,-6
435,1986,28.8,179,227,24.6,204,24
435,1987,8.7,187,204,8.7,61,0
435,1988,15.2,185,194,15.2,107,-10
435,1989,16.7,174,193,13.5,118,-10
435,1990,13.8,172,194,11.1,98,-10
435,1991,12.4,183,220,12.4,88,16
435,1992,7.9,178,188,6.2,56,-16
435,1993,19.9,171,214,17.4,141,10
435,1994,12.7,179,201,10.3,90,-2
435,1995,15.1,184,230,15.1,107,26
435,1996,23.9,184,219,23.9,169,16
435,1997,28,162,219,23.9,198,16
435,1998,18.4,201,215,16.3,130,12
435,1999,13.6,168,202,10,96,-2
435,2000,18.1,177,201,17.8,128,-2
435,2001,10.5,171,201,6.4,74,-2
435,2002,11.9,178,190,10.4,84,-14
435,2003,11.5,191,197,10.6,81,-6
435,2004,16.9,161,187,9.8,119,-16
435,2005,22.9,183,214,22.9,162,10
435,2006,25.1,185,212,24.7,177,8
435,2007,11.7,163,176,5.2,83,-28
435,2008,23.4,195,219,21.7,165,16
435,2009,19.6,198,211,15.6,139,8
435,2010,12.8,192,208,9.8,90,4
435,2011,29.9,196,228,29.1,211,24
435,2012,8.7,164,185,4.5,61,-18
435,2013,10.8,164,195,8,76,-8
435,2014,14.7,189,201,13.4,104,-2
435,2015,10.6,161,178,1.5,75,-26
435,2016,10.7,185,193,10.7,76,-10
435,2017,29.5,164,209,25.4,208,6
435,2018,8.2,175,193,7.1,58,-10
435,2019,25,186,209,24.8,177,6
435,2020,13.6,183,205,13.5,96,2
435,2021,10.7,179,192,10,76,-12
435,2022,11.4,175,202,9.9,81,-2
435,2023,30.2,191,222,29.1,213,18
435,2024,19.8,184,205,19.8,140,2
435,2025,13.5,174,197,11.4,95,-6
435,2026,6.6,148,170,0,47,-34
436,1981,32.1,236,266,24.6,100,11
436,1982,50.5,225,270,41.1,157,15
436,1983,34,232,253,26.2,105,-2
436,1984,40.3,222,272,33.5,125,17
436,1985,25.3,192,237,25.3,78,-18
436,1986,46.1,230,255,36.2,143,0
436,1987,23.8,179,223,23.5,74,-32
436,1988,33,229,252,26.2,102,-3
436,1989,36.9,218,256,33,114,1
436,1990,26,229,266,23.2,81,11
436,1991,35.4,227,262,24.9,110,7
436,1992,32,208,238,27.4,99,-17
436,1993,31.3,222,245,22.4,97,-10
436,1994,25.1,197,243,22.3,78,-12
436,1995,44.4,227,275,33.2,138,20
436,1996,41.9,222,262,37,130,7
436,1997,49.6,220,255,43.6,154,0
436,1998,29.6,209,276,24.2,92,21
436,1999,37.3,229,263,32.1,116,8
436,2000,31,211,249,29,96,-6
436,2001,22.3,217,240,17.9,69,-15
436,2002,30.5,225,260,24.3,95,5
436,2003,39.7,226,253,32.5,123,-2
436,2004,25,244,260,23.7,78,5
436,2005,25.1,225,265,19.7,78,10
436,2006,35.9,203,250,30.6,111,-5
436,2007,29,209,246,25.3,90,-9
436,2008,40.6,229,270,35,126,15
436,2009,40.5,228,261,34,126,6
436,2010,29,244,272,21.9,90,17
436,2011,47.2,247,279,34.9,146,24
436,2012,30.7,220,261,27.7,95,6
436,2013,30.3,213,252,26.5,94,-3
436,2014,43.7,226,255,37.2,136,0
436,2015,32,211,250,29.2,99,-5
436,2016,33.7,215,252,31.3,104,-3
436,2017,36.2,215,255,30.5,112,0
436,2018,39.8,202,252,34.2,123,-3
436,2019,30,200,256,24.7,93,1
436,2020,32.5,217,251,30.8,101,-4
436,2021,29.5,212,249,27.2,91,-6
436,2022,32.6,227,267,25.1,101,12
436,2023,32.1,211,243,28.1,100,-12
436,2024,27.8,223,252,21.9,86,-3
436,2025,28.9,214,247,27.1,90,-8
436,2026,35.5,214,243,28.4,110,-12
437,1981,6.3,196,206,5.6,57,-12
437,1982,13.4,202,226,12,121,8
437,1983,6.9,200,218,6.2,62,0
437,1984,10.1,197,225,9.6,91,8
437,1985,12.3,190,211,11.6,111,-6
437,1986,9.1,174,192,7.3,82,-26
437,1987,6.1,181,198,5.9,55,-20
437,1988,9.9,194,203,9.6,89,-14
437,1989,11.1,188,216,10.5,100,-2
437,1990,10.1,184,202,10.1,91,-16
437,1991,12.7,218,231,10,114,14
437,1992,7.1,177,200,6.2,64,-18
437,1993,8.9,173,220,7.9,80,2
437,1994,10.9,193,206,10.3,98,-12
437,1995,8.2,214,229,7.7,74,12
437,1996,10.5,191,229,10.4,95,12
437,1997,16.3,195,225,15.2,147,8
437,1998,9.7,201,213,8.9,87,-4
437,1999,11.6,170,210,10.5,105,-8
437,2000,12.3,187,209,11.6,111,-8
437,2001,8.9,206,213,7.3,80,-4
437,2002,9,186,228,9,81,10
437,2003,10.7,189,215,9.9,96,-2
437,2004,11.3,170,196,8.7,102,-22
437,2005,8.7,178,218,8.4,78,0
437,2006,12.3,186,208,12.2,111,-10
437,2007,8.1,156,209,6.6,73,-8
437,2008,11.9,195,230,11.3,107,12
437,2009,12.6,188,229,12.2,114,12
437,2010,12.5,221,233,9.8,113,16
437,2011,17.6,214,232,13.5,159,14
437,2012,12,173,206,10.5,108,-12
437,2013,9.6,182,219,9.4,86,2
437,2014,15.2,201,228,14.8,137,10
437,2015,10.7,152,205,6.6,96,-12
437,2016,11.3,189,205,11.2,102,-12
437,2017,7,166,190,4.9,63,-28
437,2018,14.4,201,218,12.3,130,0
437,2019,10.8,201,224,10.3,97,6
437,2020,12.1,203,217,11.8,109,-0
437,2021,9.6,184,213,9.6,86,-4
437,2022,7.6,211,220,5.9,68,2
437,2023,14,191,217,13.8,126,-0
437,2024,7.4,194,208,7.2,67,-10
437,2025,12.7,189,215,11.8,114,-2
437,2026,9.7,168,193,6.6,87,-24
438,1981,13.6,193,246,12.7,63,4
438,1982,24.1,232,263,18.1,111,22
438,1983,27.8,235,268,20.3,128,26
438,1984,25.9,222,244,18.8,119,2
438,1985,17.8,210,239,15.6,82,-2
438,1986,29.5,202,247,22.8,136,6
438,1987,13.2,197,225,12,61,-16
438,1988,22.5,222,248,18.3,103,6
438,1989,18,206,235,16.1,83,-6
438,1990,19.3,226,241,15.4,89,-0
438,1991,18.9,213,240,14.9,87,-2
438,1992,18.2,208,230,14.2,84,-12
438,1993,22.7,222,245,16.9,104,4
438,1994,20.2,216,234,17.6,93,-8
438,1995,28.8,244,264,11.6,132,22
438,1996,26.8,217,247,22.5,123,6
438,1997,24.2,216,246,16.2,111,4
438,1998,17.5,211,241,13.9,80,-0
438,1999,22.2,221,246,15.8,102,4
438,2000,20.5,215,242,13.7,94,0
438,2001,15.7,207,237,11.4,72,-4
438,2002,11.7,215,232,9.7,54,-10
438,2003,21.6,224,243,14,99,2
438,2004,16.2,209,236,10.8,74,-6
438,2005,18.4,226,241,15.7,85,-0
438,2006,17.3,223,235,16.5,80,-6
438,2007,16.6,220,238,14.9,76,-4
438,2008,22.2,230,255,17.7,102,14
438,2009,23,218,240,16.3,106,-2
438,2010,24.3,232,248,13.6,112,6
438,2011,32.2,236,259,22.1,148,18
438,2012,17.1,203,223,15.4,79,-18
438,2013,19.3,222,241,13.1,89,-0
438,2014,28.9,225,247,24.6,133,6
438,2015,19.4,210,248,15.2,89,6
438,2016,24.3,225,248,20.7,112,6
438,2017,22.8,216,250,20.1,105,8
438,2018,23,205,230,20.1,106,-12
438,2019,22.9,216,250,21,105,8
438,2020,21.9,211,235,18.4,101,-6
438,2021,22,211,239,18.8,101,-2
438,2022,22.1,218,231,18.1,102,-10
438,2023,21.7,213,238,18.9,100,-4
438,2024,23.6,224,245,19.2,109,4
438,2025,18,194,235,17.7,83,-6
438,2026,10.7,171,205,7.2,49,-36
439,1981,36.8,200,240,34,87,-1
439,1982,79,207,262,67.4,188,21
439,1983,71.6,206,251,68.1,170,10
439,1984,47.7,216,261,42.5,113,20
439,1985,43.3,183,244,43.3,103,3
439,1986,51.3,191,244,51.2,122,3
439,1987,26.4,184,218,26.4,63,-23
439,1988,34.1,194,234,31.8,81,-7
439,1989,45.5,183,244,45.5,108,3
439,1990,29.9,183,231,29.9,71,-10
439,1991,31.4,202,242,28,75,1
439,1992,33.9,195,224,31.9,81,-17
439,1993,50.9,219,241,42.4,121,0
439,1994,23.8,193,223,23.4,57,-18
439,1995,57,219,256,53.5,135,15
439,1996,61.9,210,256,54.8,147,15
439,1997,70.3,207,245,65,167,4
439,1998,41.4,202,249,39.6,98,8
439,1999,60.6,197,244,59,144,3
439,2000,38.7,185,235,38.7,92,-6
439,2001,19.4,198,229,17.3,46,-12
439,2002,39.8,194,242,38.4,95,1
439,2003,48.9,219,247,44.7,116,6
439,2004,36.7,167,221,34.5,87,-20
439,2005,29.5,206,237,27.6,70,-4
439,2006,61.6,203,237,55.4,146,-4
439,2007,33.1,173,226,32.5,79,-15
439,2008,49.4,219,243,47.5,117,2
439,2009,40.7,198,241,38.6,97,0
439,2010,28,197,250,26,67,9
439,2011,53.8,214,261,45.9,128,20
439,2012,50.6,203,246,49.1,120,5
439,2013,39,207,230,36.1,93,-11
439,2014,44.7,213,241,42.2,106,0
439,2015,28.7,200,226,27.1,68,-15
439,2016,45.6,192,231,45.6,108,-10
439,2017,62.9,212,246,58.4,149,5
439,2018,42.8,203,231,37.3,102,-10
439,2019,50,200,232,43.1,119,-9
439,2020,35,204,240,33.5,83,-1
439,2021,32.2,184,229,32.2,76,-12
439,2022,36.7,205,252,31.9,87,11
439,2023,45.4,209,237,39.2,108,-4
439,2024,34.6,191,243,32.3,82,2
439,2025,52.6,200,238,50.2,125,-3
439,2026,35.8,203,237,32.1,85,-4
440,1981,11.6,196,212,10.8,80,9
440,1982,25.5,194,213,24.3,176,10
440,1983,31.7,199,233,30.7,219,30
440,1984,25.6,197,232,23.6,177,29
440,1985,18.5,181,196,18.3,128,-7
440,1986,17.6,170,192,14.4,122,-11
440,1987,17.3,182,197,17.1,120,-6
440,1988,10,184,192,10,69,-11
440,1989,18.6,186,199,18.3,129,-4
440,1990,9.4,166,186,6.6,65,-17
440,1991,7.9,199,218,7.7,55,15
440,1992,8.9,160,181,1.4,62,-22
440,1993,22.1,169,215,19.3,153,12
440,1994,10.2,178,194,7.5,71,-9
440,1995,14.5,177,210,12,100,7
440,1996,11.4,184,195,11.4,79,-8
440,1997,14.6,167,193,8.7,101,-10
440,1998,17.7,164,211,15.7,122,8
440,1999,21.9,172,219,20.1,152,16
440,2000,15.7,173,201,15.6,109,-2
440,2001,8.9,174,210,7.8,62,7
440,2002,13.1,176,187,9.9,91,-16
440,2003,11.4,161,197,7.9,79,-6
440,2004,17.3,158,189,11.5,120,-14
440,2005,11.9,154,203,10.7,82,0
440,2006,25.8,189,212,25.2,179,9
440,2007,14.6,160,189,9.5,101,-14
440,2008,18.9,184,218,18.9,131,15
440,2009,15.6,187,208,14.5,108,5
440,2010,12.3,166,206,10.5,85,3
440,2011,19.6,181,220,18.6,136,17
440,2012,13.4,190,205,12.8,93,2
440,2013,14.4,170,195,11.1,100,-8
440,2014,9.3,185,197,8.4,64,-6
440,2015,7.8,130,168,0,54,-35
440,2016,20.4,170,193,18.9,141,-10
440,2017,20.9,159,214,19.9,145,11
440,2018,9.2,181,203,8.8,64,0
440,2019,19.1,167,207,18.6,132,4
440,2020,12.5,189,200,11.4,87,-3
440,2021,15.7,178,197,14.5,109,-6
440,2022,8.2,168,182,4,57,-21
440,2023,20.5,190,215,18.6,142,12
440,2024,15.4,167,203,14.1,107,0
440,2025,23.6,174,199,22,163,-4
440,2026,4.6,153,168,0,32,-35
442,1981,2.4,196,201,1.2,15,8
442,1983,24.6,194,237,23.7,153,44
442,1984,22,195,224,19.1,137,30
442,1985,23.3,183,197,23.3,145,4
442,1986,19.8,146,178,4.8,123,-16
442,1987,16.3,152,192,13.8,101,-2
442,1988,8.3,132,169,0,52,-24
442,1989,22.8,146,197,20.1,142,4
442,1990,9.3,166,181,3.4,58,-12
442,1991,8.2,178,204,6.3,51,10
442,1992,5.7,119,150,0,35,-44
442,1993,26,153,212,16.6,161,18
442,1994,9.9,151,167,3.5,61,-26
442,1995,14.3,121,149,6.1,89,-44
442,1996,12.6,128,136,1,78,-58
442,1997,18.9,166,194,10.7,117,0
442,1998,17.9,162,204,11.6,111,10
442,1999,41.4,193,235,39.7,257,42
442,2000,21.9,163,195,18.5,136,2
442,2001,12.4,157,175,2,77,-18
442,2002,18.8,170,193,15.9,117,-0
442,2003,8.8,95,123,2.7,55,-70
442,2004,18.2,158,188,10.8,113,-6
442,2005,4.4,108,150,0.6,27,-44
442,2006,22.8,185,210,22.2,142,16
442,2007,14.1,155,175,4.8,88,-18
442,2008,21.5,195,223,21.3,134,30
442,2009,22.4,187,207,21.3,139,14
442,2010,10.3,165,206,7,64,12
442,2011,25.6,181,228,24.5,159,34
442,2012,19.5,190,210,18.1,121,16
442,2013,13.2,159,186,8,82,-8
442,2014,6.3,146,160,2.2,39,-34
442,2015,2.7,82,83,0,17,-110
442,2016,19,128,191,14.6,118,-2
442,2017,26,160,211,20.1,161,18
442,2018,6.6,178,189,5.1,41,-4
442,2019,21.5,165,203,18.9,134,10
442,2020,12.8,188,199,11.8,80,6
442,2021,16.8,177,190,13.9,104,-4
442,2022,10.8,144,170,0,67,-24
442,2023,20.9,190,212,18,130,18
442,2024,11.2,167,195,8.7,70,2
442,2025,29.1,173,201,27,181,8
442,2026,2.2,105,126,0.1,14,-68
443,1984,16.8,194,219,15.5,242,40
443,1985,7.6,182,189,7.4,109,10
443,1986,4.3,137,152,0,62,-27
443,1987,6.3,181,191,5.3,91,12
443,1988,9.6,173,180,4.7,138,1
443,1989,6.4,157,159,0,92,-20
443,1990,4.8,164,176,0.7,69,-3
443,1991,5,181,185,3.3,72,6
443,1992,7.6,175,185,4.1,109,6
443,1993,8.6,158,175,2.6,124,-4
443,1994,4.3,152,166,1.1,62,-13
443,1995,6,146,188,4.5,86,9
443,1996,9,182,191,7.7,129,12
443,1997,8.1,161,172,0.4,117,-7
443,1998,8.7,200,206,6.2,125,27
443,1999,5.6,150,176,0.8,81,-3
443,2000,6.9,173,187,5.4,99,8
443,2001,7.8,168,179,1.7,112,0
443,2002,7.1,171,184,4.1,102,5
443,2003,2.7,162,165,0,39,-14
443,2004,7.4,160,173,0,106,-6
443,2005,9.9,183,200,9.9,142,21
443,2006,8,184,196,8,115,17
443,2007,6.6,157,167,1.8,95,-12
443,2008,5.6,146,179,1.5,81,0
443,2009,6.7,146,171,3.5,96,-8
443,2010,9.7,190,202,8.4,140,23
443,2011,8.1,178,199,6.7,117,20
443,2012,4.5,162,178,0.2,65,-1
443,2013,8.9,163,179,2.2,128,0
443,2014,6.5,168,191,4.2,94,12
443,2015,3.5,126,132,0,50,-47
443,2016,7,135,164,1.8,101,-15
443,2017,5.9,159,167,1.4,85,-12
443,2018,3.5,160,181,0.4,50,2
443,2019,11.5,185,207,11.2,165,28
443,2020,3.8,147,162,0.4,55,-17
443,2021,7,180,187,6.3,101,8
443,2022,5,164,178,0,72,-1
443,2023,12.5,190,199,12.4,180,20
443,2024,8.2,168,195,7.9,118,16
443,2025,8.6,173,191,5.2,124,12
443,2026,1.8,146,150,0.1,26,-29
444,1981,9.4,191,201,8.3,80,-8
444,1982,22.3,192,219,20.3,189,10
444,1983,25.8,201,239,22.6,219,30
444,1984,28.2,195,229,26.3,239,20
444,1985,16.1,183,198,16.1,136,-10
444,1986,18.1,172,215,15.4,153,6
444,1987,10.4,182,206,10.3,88,-2
444,1988,9.7,173,214,9,82,6
444,1989,11.9,179,195,10.7,101,-14
444,1990,8.6,170,196,6.7,73,-12
444,1991,10.3,184,229,10.2,87,20
444,1992,11.3,184,206,11.3,96,-2
444,1993,24.2,171,224,23.7,205,16
444,1994,8,194,202,7,68,-6
444,1995,19.5,207,232,18.5,165,24
444,1996,16.5,184,218,16.5,140,10
444,1997,22.1,165,219,17.9,187,10
444,1998,16.5,201,216,14.7,140,8
444,1999,10.7,194,203,8.3,91,-6
444,2000,11.2,185,197,11.2,95,-12
444,2001,11.2,170,211,8.8,95,2
444,2002,9.7,171,192,8.5,82,-16
444,2003,11.8,192,209,11.1,100,0
444,2004,16,160,193,9.1,136,-16
444,2005,19.9,184,217,19.8,169,8
444,2006,20.2,189,215,19.1,171,6
444,2007,7,163,185,4,59,-24
444,2008,18.3,195,219,16.4,155,10
444,2009,12.6,194,211,11,107,2
444,2010,13,190,218,11.1,110,10
444,2011,20.6,181,229,19.6,175,20
444,2012,8.4,160,188,4.9,71,-20
444,2013,10.6,178,207,7.4,90,-2
444,2014,11.8,189,202,11.1,100,-6
444,2015,11.3,164,183,5.6,96,-26
444,2016,11,170,197,10.4,93,-12
444,2017,19.3,164,196,13.6,164,-12
444,2018,6.2,176,190,5.2,53,-18
444,2019,15.4,187,209,15.4,131,0
444,2020,10.4,183,208,9.4,88,-0
444,2021,10,179,192,9.4,85,-16
444,2022,8.8,175,192,7.9,75,-16
444,2023,22.7,191,216,22.3,192,8
444,2024,13.6,192,204,13.4,115,-4
444,2025,11.1,175,198,9.5,94,-10
444,2026,5.2,148,170,0,44,-38
445,1981,0,365,365,,0,194
445,1982,13.8,139,206,12.8,178,36
445,1983,22.5,189,215,21.1,290,44
445,1984,25.7,194,222,25.1,332,52
445,1985,9.6,169,190,9.3,124,20
445,1986,13,146,158,0.3,168,-12
445,1987,4.9,153,161,2.4,63,-10
445,1988,3.4,149,157,0,44,-14
445,1989,22.8,157,190,15,294,20
445,1990,4.1,148,170,0,53,-0
445,1991,2.1,180,183,0.8,27,12
445,1992,3.9,143,152,0,50,-18
445,1993,15.5,156,178,4.5,200,8
445,1994,5.7,152,167,0,74,-4
445,1995,13.1,123,153,1,169,-18
445,1996,12.3,159,175,6,159,4
445,1997,8.8,161,172,0,114,2
445,1998,11,163,176,4.8,142,6
445,1999,10.4,165,196,6.6,134,26
445,2000,11.1,154,186,6.5,143,16
445,2001,5.1,157,172,0,66,2
445,2002,11.2,171,183,4.9,145,12
445,2003,4,114,120,0,52,-50
445,2004,11,160,171,0,142,0
445,2005,3.6,145,159,1.7,46,-12
445,2006,8.1,175,197,6.9,105,26
445,2007,2.6,156,163,0,34,-8
445,2008,10.5,162,196,7.7,135,26
445,2009,7,146,170,0,90,-0
445,2010,7.4,167,191,4,95,20
445,2011,10,181,196,9.1,129,26
445,2012,2.2,137,157,0,28,-14
445,2013,5,122,153,0,65,-18
445,2014,1.2,107,113,0.8,15,-58
445,2015,3.3,82,121,0,43,-50
445,2016,8.8,130,151,0,114,-20
445,2017,10.3,131,168,0,133,-2
445,2018,1.1,157,163,0,14,-8
445,2019,12.1,167,185,6.6,156,14
445,2020,5.5,129,159,0,71,-12
445,2021,6,168,183,2.6,77,12
445,2022,5.6,93,142,0,72,-28
445,2023,15.4,188,197,15.3,199,26
445,2024,8.1,161,175,3.9,105,4
445,2025,5,146,162,0.3,65,-8
445,2026,0.9,147,148,0,12,-22
446,1981,23.9,187,211,23.7,75,-18
446,1982,37.1,203,229,33.7,117,-0
446,1983,47,221,243,43.9,148,14
446,1984,38.8,217,241,36.3,122,12
446,1985,30.2,181,218,29.9,95,-12
446,1986,31.6,170,230,28.6,100,0
446,1987,22.8,181,209,22.1,72,-20
446,1988,17.8,168,200,15.7,56,-30
446,1989,44.8,188,220,40.4,141,-10
446,1990,19.2,168,193,15.5,61,-36
446,1991,23.1,210,247,20.7,73,18
446,1992,13.9,171,202,10.7,44,-28
446,1993,38.7,201,231,34.5,122,2
446,1994,16.1,178,203,14.5,51,-26
446,1995,33.1,175,242,31.5,104,12
446,1996,31.9,208,241,28.8,101,12
446,1997,35.5,172,226,33.2,112,-4
446,1998,44.3,202,258,40.3,140,28
446,1999,46.4,195,239,40.7,146,10
446,2000,31.5,171,222,28.3,99,-8
446,2001,21.1,204,220,14.8,67,-10
446,2002,35.6,172,229,32.2,112,-0
446,2003,32.2,224,242,21.3,102,12
446,2004,34.7,162,219,28.9,109,-10
446,2005,30.6,199,241,27.1,97,12
446,2006,50.4,202,231,41.5,159,2
446,2007,22.2,163,222,19.4,70,-8
446,2008,29.1,195,230,27.6,92,0
446,2009,29.7,194,231,25.8,94,2
446,2010,27.1,198,250,24.7,85,20
446,2011,49.9,210,264,43.1,157,34
446,2012,21.1,203,229,16.9,67,-0
446,2013,21.4,191,222,20.1,68,-8
446,2014,16.7,166,227,15.3,53,-2
446,2015,14.3,163,210,11,45,-20
446,2016,36.3,181,228,36.2,115,-2
446,2017,50.9,213,241,45.8,161,12
446,2018,24.3,203,228,22.6,77,-2
446,2019,46,191,247,42.5,145,18
446,2020,32.1,192,220,31.2,101,-10
446,2021,24.7,178,217,23.1,78,-12
446,2022,22.4,206,234,16.6,71,4
446,2023,45.8,193,239,41.8,144,10
446,2024,37,193,240,36.4,117,10
446,2025,45.5,193,228,44.1,144,-2
446,2026,13.3,162,178,4.6,42,-52
448,1981,8.6,204,231,8.2,73,0
448,1982,19.6,205,238,17.2,165,7
448,1983,15.6,201,239,14.4,132,8
448,1984,16.3,220,240,12.2,138,9
448,1985,10.1,208,220,9.8,85,-11
448,1986,14.8,227,241,11,125,10
448,1987,8.4,205,215,8.1,71,-16
448,1988,9.7,218,230,8,82,-1
448,1989,12.6,188,229,12.3,106,-2
448,1990,9.9,197,240,9.5,84,9
448,1991,12.8,225,238,7.8,108,7
448,1992,10.7,190,219,10,90,-12
448,1993,16.3,213,233,11.9,138,2
448,1994,9,197,221,7.9,76,-10
448,1995,20.6,219,242,16.1,174,11
448,1996,14.2,215,246,11,120,15
448,1997,16.7,215,231,14.6,141,0
448,1998,12,209,239,9.6,101,8
448,1999,13.1,230,239,10.3,111,8
448,2000,9.4,192,233,9,79,2
448,2001,13.2,203,227,10.1,111,-4
448,2002,9.9,222,233,7.8,84,2
448,2003,13.4,226,238,8.8,113,7
448,2004,10.6,210,222,9.7,89,-9
448,2005,11.3,206,233,9.5,95,2
448,2006,14,210,230,11.9,118,-1
448,2007,9.1,207,221,7,77,-10
448,2008,10.7,216,231,9.6,90,0
448,2009,13.4,218,232,11.4,113,1
448,2010,10.1,221,234,8.3,85,3
448,2011,16.1,214,236,12.3,136,5
448,2012,10.4,193,210,9.7,88,-21
448,2013,11,208,223,9.7,93,-8
448,2014,11.7,212,232,10.8,99,1
448,2015,6.6,180,211,6.3,56,-20
448,2016,10.4,190,218,10.2,88,-13
448,2017,10.2,212,222,7.7,86,-9
448,2018,12.4,201,223,10.9,105,-8
448,2019,12.7,201,225,11.3,107,-6
448,2020,12.7,203,226,11.3,107,-5
448,2021,8.1,210,220,6.8,68,-11
448,2022,10.2,217,238,6.9,86,7
448,2023,13.8,206,228,11.9,116,-3
448,2024,8.9,195,227,8.5,75,-4
448,2025,8.6,201,221,8.2,73,-10
448,2026,7.6,210,222,6.2,64,-9
449,1981,11.6,191,210,10,54,-14
449,1982,18.3,128,221,12.7,85,-4
449,1983,31,232,249,26.6,145,24
449,1984,37.8,219,237,30.5,176,12
449,1985,23.5,192,222,23,110,-2
449,1986,29,201,237,25.8,135,12
449,1987,16,197,217,15.8,75,-8
449,1988,19.8,191,232,19,92,8
449,1989,21.3,188,217,21.1,99,-8
449,1990,18.8,184,220,18.8,88,-4
449,1991,19.2,219,232,15.2,90,8
449,1992,17.8,186,214,17.8,83,-10
449,1993,26.2,221,234,21,122,10
449,1994,22.6,197,222,20.1,105,-2
449,1995,31.8,224,249,20.7,148,24
449,1996,23.5,206,228,18.3,110,4
449,1997,29.5,197,229,25.6,138,4
449,1998,21.6,203,226,19.7,101,2
449,1999,23,210,236,18,107,12
449,2000,16.7,187,217,16.6,78,-8
449,2001,18.6,198,222,14.9,87,-2
449,2002,14.3,178,217,14.1,67,-8
449,2003,22.9,191,232,21.7,107,8
449,2004,17.3,172,218,16.6,81,-6
449,2005,20.2,189,233,19.8,94,8
449,2006,20.3,194,220,19.4,95,-4
449,2007,18.4,196,215,18,86,-10
449,2008,26.6,198,235,23.3,124,10
449,2009,28.1,201,230,24,131,6
449,2010,24.9,191,240,20.2,116,16
449,2011,32.6,219,248,24.8,152,24
449,2012,14.2,158,193,10.2,66,-32
449,2013,16.1,208,223,14.1,75,-2
449,2014,21.7,190,218,20.2,101,-6
449,2015,7.9,159,187,4.8,37,-38
449,2016,21.3,223,237,19.5,99,12
449,2017,18.9,163,219,15.5,88,-6
449,2018,15.2,197,213,14.1,71,-12
449,2019,22.7,198,226,21.1,106,2
449,2020,21.7,206,222,21.1,101,-2
449,2021,16.4,184,220,16.4,76,-4
449,2022,16.4,199,221,14.5,76,-4
449,2023,30,212,228,28.8,140,4
449,2024,22.2,190,230,21.6,103,6
449,2025,17.1,190,215,16.2,80,-10
449,2026,10.2,169,177,1.1,48,-48
450,1982,43.4,200,261,38.9,179,20
450,1983,40.6,229,255,38.7,167,14
450,1984,31.1,221,262,27.2,128,20
450,1985,21.8,183,235,21.8,90,-6
450,1986,36.8,203,244,34.5,152,2
450,1987,15.1,197,219,14.7,62,-22
450,1988,17.8,223,236,16.5,73,-6
450,1989,28.4,188,245,27,117,4
450,1990,16.1,213,248,15.1,66,6
450,1991,20.8,232,253,15.1,86,12
450,1992,17.4,208,222,16.1,72,-20
450,1993,31.7,219,239,27.1,131,-2
450,1994,13.5,198,225,12.6,56,-16
450,1995,39.8,228,270,33.7,164,28
450,1996,33.9,219,254,29,140,12
450,1997,39.6,215,247,36.8,163,6
450,1998,23.8,202,267,21.6,98,26
450,1999,31.4,229,257,28.4,129,16
450,2000,23.1,203,242,22.6,95,0
450,2001,15.7,205,227,13.2,65,-14
450,2002,21.6,214,243,20.6,89,2
450,2003,29.8,225,242,23.4,123,0
450,2004,19.7,192,245,19.4,81,4
450,2005,18.8,225,247,17,78,6
450,2006,37.4,209,239,30.4,154,-2
450,2007,17.2,206,226,15.3,71,-16
450,2008,24.7,216,255,24,102,14
450,2009,21.8,221,242,19.5,90,0
450,2010,19.1,219,254,17.5,79,12
450,2011,29.5,216,266,25.2,122,24
450,2012,25.2,186,234,25.2,104,-8
450,2013,20,207,235,18.4,82,-6
450,2014,31,186,228,29.3,128,-14
450,2015,20.1,133,212,17.1,83,-30
450,2016,29.1,183,217,29,120,-24
450,2017,48.1,212,241,42.7,198,-0
450,2018,31.2,201,228,26.8,129,-14
450,2019,30.1,199,228,26,124,-14
450,2020,19.6,192,221,18.6,81,-20
450,2021,21.6,183,213,21.6,89,-28
450,2022,23.6,216,239,16.9,97,-2
450,2023,34.3,209,236,31.7,141,-6
450,2024,25.6,191,231,24,106,-10
450,2025,25.2,195,222,25.1,104,-20
450,2026,26.6,202,223,24.8,110,-18
451,1981,10.4,196,211,9.4,77,-20
451,1982,16.2,205,237,13.8,120,6
451,1983,17.6,235,247,13.1,130,16
451,1984,27.4,225,244,16.9,203,12
451,1985,10.5,192,217,9.6,78,-14
451,1986,16.2,211,238,12.9,120,6
451,1987,11.5,184,213,11.5,85,-18
451,1988,13.2,222,236,11.6,98,4
451,1989,12.8,191,224,11.9,95,-8
451,1990,17.1,227,242,14.2,127,10
451,1991,16.6,217,232,12.5,123,0
451,1992,11.9,208,217,10.1,88,-14
451,1993,11.7,215,228,8.5,87,-4
451,1994,13,198,218,12,96,-14
451,1995,21.4,226,257,11,159,26
451,1996,15.7,219,232,14.6,116,0
451,1997,17.8,215,233,13.4,132,2
451,1998,13.3,203,229,11.5,99,-2
451,1999,13.6,209,241,11,101,10
451,2000,11.6,194,219,10.9,86,-12
451,2001,11.2,199,221,8.7,83,-10
451,2002,10.7,187,231,10.4,79,-0
451,2003,15.1,191,235,14.6,112,4
451,2004,10.3,182,218,9.7,76,-14
451,2005,12,225,234,10.7,89,2
451,2006,10.5,186,215,10.2,78,-16
451,2007,13.5,209,230,12.8,100,-2
451,2008,13.5,216,248,11.9,100,16
451,2009,14.9,189,231,13.1,110,-0
451,2010,14.1,226,244,8,104,12
451,2011,20.9,234,255,14.2,155,24
451,2012,14.4,177,223,12,107,-8
451,2013,11.8,218,229,8.6,87,-2
451,2014,18.1,214,242,16,134,10
451,2015,10.8,205,231,9.4,80,-0
451,2016,11.1,215,235,9,82,4
451,2017,20.7,215,244,16.6,153,12
451,2018,17,201,229,14.7,126,-2
451,2019,10.4,241,250,7.4,77,18
451,2020,15.1,203,234,13.1,112,2
451,2021,15.1,211,238,13,112,6
451,2022,15.7,216,240,10.5,116,8
451,2023,12.6,190,225,11.5,93,-6
451,2024,11.4,223,244,8.7,84,12
451,2025,12.5,214,226,10.6,93,-6
451,2026,7.8,189,224,6.5,58,-8
452,1986,6.8,188,211,5.8,82,3
452,1987,17.9,192,211,16.6,217,3
452,1988,7,173,213,6.8,85,5
452,1989,4.9,159,190,4.3,59,-18
452,1990,6,191,199,5.8,73,-9
452,1991,5.6,185,218,5.5,68,10
452,1992,9.6,186,207,9.6,116,-1
452,1993,11.8,191,214,11.6,143,6
452,1994,6.1,195,202,5.1,74,-6
452,1995,11.2,207,222,10.7,136,14
452,1996,7.4,187,209,7.4,90,1
452,1997,13.1,196,219,10.4,159,11
452,1998,10.9,200,217,9.1,132,9
452,1999,8.4,194,221,6.6,102,13
452,2000,7.5,186,197,7.2,91,-11
452,2001,14.9,195,211,14.3,181,3
452,2002,5.1,179,189,4.5,62,-19
452,2003,9.6,191,210,9.3,116,2
452,2004,6.7,192,217,5,81,9
452,2005,12.5,184,224,12.4,152,16
452,2006,6.4,195,205,6,78,-3
452,2007,8.5,186,210,8.5,103,2
452,2008,7.9,195,205,7.4,96,-3
452,2009,6.7,194,206,5.7,81,-2
452,2010,9.3,191,209,8.7,113,1
452,2011,9,194,216,7.6,109,8
452,2012,8.8,176,203,7.3,107,-5
452,2013,6.1,177,207,5.5,74,-1
452,2014,6.6,190,203,6.4,80,-5
452,2015,8,173,207,7.4,97,-1
452,2016,7.5,188,205,7.5,91,-3
452,2017,8.2,188,201,7.5,99,-7
452,2018,3.8,184,190,3.8,46,-18
452,2019,9.1,190,207,8.8,110,-1
452,2020,8.3,205,212,7.8,101,4
452,2021,6.8,184,204,6.8,82,-4
452,2022,6.4,176,199,6.2,78,-9
452,2023,12.1,192,212,12,147,4
452,2024,11.4,186,207,11.3,138,-1
452,2025,4.3,189,194,3.3,52,-14
452,2026,3.9,160,173,0,47,-35
453,1981,11.2,191,207,10.4,74,-7
453,1982,23.5,196,216,23,155,2
453,1983,29.8,215,240,27.5,197,26
453,1984,37.8,217,236,34,250,22
453,1985,14.6,184,194,14.6,96,-20
453,1986,13.9,170,216,9,92,2
453,1987,11,181,198,10.7,73,-16
453,1988,13.2,172,191,9.1,87,-23
453,1989,20.1,186,193,19.9,133,-21
453,1990,15.7,171,194,12.7,104,-20
453,1991,12.9,181,234,12.4,85,20
453,1992,8,164,191,6.2,53,-23
453,1993,16.7,168,215,13.3,110,1
453,1994,9.9,196,204,8.8,65,-10
453,1995,15.1,225,235,13.1,100,21
453,1996,18.2,189,216,17.4,120,2
453,1997,15,162,211,11.9,99,-3
453,1998,20,200,216,17.5,132,2
453,1999,16.6,193,233,11.3,110,19
453,2000,16.7,176,196,16.1,110,-18
453,2001,11.2,205,213,7.5,74,-1
453,2002,13.4,179,191,12.4,88,-23
453,2003,15.2,223,232,9.3,100,18
453,2004,13.7,160,188,7.6,90,-26
453,2005,20.7,213,236,17.8,137,22
453,2006,26.1,192,217,24,172,3
453,2007,9.8,163,191,8.2,65,-23
453,2008,16.5,196,220,15.3,109,6
453,2009,16.7,200,218,12.1,110,4
453,2010,16.9,196,233,14.6,112,19
453,2011,20.5,215,240,17.5,135,26
453,2012,10.1,173,204,8,67,-10
453,2013,12.6,162,197,8.2,83,-17
453,2014,14.2,189,201,12.6,94,-13
453,2015,8.8,160,172,0,58,-42
453,2016,15.2,185,201,15.2,100,-13
453,2017,19.7,159,219,18.1,130,5
453,2018,10.4,177,204,9.7,69,-10
453,2019,22.3,199,218,21.2,147,4
453,2020,12.6,188,205,12.4,83,-9
453,2021,13.2,181,205,13,87,-9
453,2022,9,173,186,5.2,59,-28
453,2023,27.2,190,222,25.7,180,8
453,2024,22.5,186,215,22.5,149,1
453,2025,17,173,204,15.3,112,-10
453,2026,5.4,161,169,0,36,-45
454,1984,23,197,217,22.7,181,13
454,1985,12,184,196,12,94,-8
454,1986,17.1,146,189,10.8,135,-15
454,1987,6.8,180,194,6.4,54,-10
454,1988,4.7,152,191,3.6,37,-13
454,1989,19.4,160,199,17.8,153,-5
454,1990,7.9,172,188,6.1,62,-16
454,1991,9.2,182,191,8.6,72,-13
454,1992,4.9,161,183,1.7,39,-21
454,1993,15.7,168,206,11.7,124,2
454,1994,5.2,159,191,3.7,41,-13
454,1995,10.8,145,188,7.8,85,-16
454,1996,17.2,186,215,16.8,135,11
454,1997,22.7,165,208,19.1,179,4
454,1998,16.1,198,211,14.2,127,7
454,1999,12.9,196,210,10.4,102,6
454,2000,12.8,177,197,12.2,101,-7
454,2001,7,170,208,5.3,55,4
454,2002,12.8,178,196,12.3,101,-8
454,2003,5,172,195,3.5,39,-9
454,2004,13.3,164,189,8.6,105,-15
454,2005,8.9,183,216,8.9,70,12
454,2006,18.2,194,213,17.3,143,9
454,2007,7.6,163,188,5.7,60,-16
454,2008,13,195,218,12.5,102,14
454,2009,13.4,193,211,11.7,106,7
454,2010,10.2,192,216,8.9,80,12
454,2011,16.5,181,223,15.9,130,19
454,2012,7.5,175,195,5.7,59,-9
454,2013,7.3,178,194,6,57,-10
454,2014,7.5,189,199,7,59,-5
454,2015,7,144,181,1.9,55,-23
454,2016,12.6,184,200,12.6,99,-4
454,2017,19.9,165,216,18,157,12
454,2018,6.7,178,202,6.1,53,-2
454,2019,15.8,185,207,15.2,124,3
454,2020,13.6,189,208,13,107,4
454,2021,10.6,184,211,10.6,83,7
454,2022,8.3,173,208,6.7,65,4
454,2023,19.7,191,215,18.8,155,11
454,2024,17,187,210,17,134,6
454,2025,14.4,169,206,13.6,113,2
454,2026,5,160,170,0,39,-34
455,1981,11.1,193,209,9.6,58,-8
455,1982,28.5,194,229,26,148,12
455,1983,31.9,217,248,25.1,166,30
455,1984,31.6,220,237,27.7,164,20
455,1985,30.4,185,213,30.4,158,-4
455,1986,40.7,207,241,38.5,211,24
455,1987,15.8,182,205,15.6,82,-12
455,1988,18.3,188,202,18.3,95,-16
455,1989,31.2,186,215,29.5,162,-2
455,1990,12.3,170,197,11,64,-20
455,1991,14.5,210,234,13.1,75,16
455,1992,9.7,164,186,5.9,50,-32
455,1993,19.2,203,232,17.8,100,14
455,1994,17.4,195,218,16,90,0
455,1995,19.6,185,234,19.6,102,16
455,1996,21.1,188,225,21.1,110,8
455,1997,31.4,171,227,29.8,163,10
455,1998,21.1,202,220,18.7,110,2
455,1999,19.3,193,236,17.9,100,18
455,2000,15.5,173,210,15.3,81,-8
455,2001,13.1,197,211,10.6,68,-6
455,2002,13.6,182,218,13.4,71,0
455,2003,12.1,189,212,10.9,63,-6
455,2004,15.8,160,192,11.8,82,-26
455,2005,23.6,184,231,23.6,123,14
455,2006,27,190,215,25.6,140,-2
455,2007,13.3,163,198,10.3,69,-20
455,2008,25.7,196,228,24.4,134,10
455,2009,22,200,220,20,114,2
455,2010,14.6,196,209,11.1,76,-8
455,2011,36.3,215,251,31,189,34
455,2012,14.4,174,206,11.1,75,-12
455,2013,13,178,216,11.2,68,-2
455,2014,19.7,189,216,19.2,102,-2
455,2015,9.2,167,197,7.2,48,-20
455,2016,21.2,185,217,21.2,110,-0
455,2017,30.2,192,223,29.3,157,6
455,2018,14.4,181,209,14,75,-8
455,2019,28.1,200,220,25.7,146,2
455,2020,21.4,190,213,21.1,111,-4
455,2021,14.3,184,213,14.3,74,-4
455,2022,15.4,200,218,12.6,80,0
455,2023,35.5,189,227,32.7,184,10
455,2024,21.3,194,226,20.8,111,8
455,2025,19.1,176,208,18.6,99,-10
455,2026,12.2,163,178,3.3,63,-40
457,1981,16.4,193,206,14.1,74,-14
457,1982,30.8,194,220,28.5,138,0
457,1983,29.4,216,241,26.2,132,22
457,1984,37.2,220,236,31.8,167,16
457,1985,25.3,190,218,25.1,113,-2
457,1986,26,172,219,24.1,117,-0
457,1987,14.2,185,207,14.2,64,-12
457,1988,25.8,189,226,25.6,116,6
457,1989,22.1,188,206,20.6,99,-14
457,1990,23.9,175,201,22.2,107,-18
457,1991,22.2,186,230,22.2,100,10
457,1992,15.7,184,198,15.7,70,-22
457,1993,30,207,233,23.1,135,14
457,1994,17,197,207,15.2,76,-12
457,1995,23.6,222,244,18.3,106,24
457,1996,29.6,185,222,29.6,133,2
457,1997,27.6,197,225,25,124,6
457,1998,20.9,203,217,18.9,94,-2
457,1999,18.3,167,222,14.6,82,2
457,2000,24.1,178,214,23.4,108,-6
457,2001,19.2,171,210,15.9,86,-10
457,2002,18.8,174,202,17,84,-18
457,2003,22.4,207,232,21,100,12
457,2004,19,164,198,14.9,85,-22
457,2005,21.4,185,227,21.1,96,8
457,2006,24.7,179,212,24.6,111,-8
457,2007,18.7,164,201,14.7,84,-18
457,2008,28.7,197,232,25.6,129,12
457,2009,24.9,186,218,24.2,112,-2
457,2010,19.4,190,233,15.7,87,14
457,2011,37.6,217,246,31.1,169,26
457,2012,14.7,163,188,8.7,66,-32
457,2013,19.5,207,221,18.1,87,2
457,2014,28.2,191,221,27.3,126,2
457,2015,16.4,163,196,11.1,74,-24
457,2016,25.4,190,231,25.4,114,12
457,2017,22.4,165,199,16.8,100,-20
457,2018,20,192,218,17.9,90,-2
457,2019,25.7,179,219,25.5,115,-0
457,2020,24.7,187,220,24.6,111,0
457,2021,17.2,181,211,16.9,77,-8
457,2022,20,200,225,17.8,90,6
457,2023,34.1,190,221,32.8,153,2
457,2024,26.2,192,228,25.9,117,8
457,2025,22.4,177,209,21.2,100,-10
457,2026,13.9,164,179,3.2,62,-40
458,1983,1.1,354,358,,12,140
458,1984,5.3,198,224,5.3,56,6
458,1985,13.1,191,216,13,139,-2
458,1986,9.3,147,204,7.8,98,-14
458,1987,9.6,182,208,9.5,102,-10
458,1988,10.7,189,219,10.6,113,0
458,1989,16.3,210,224,14.1,172,6
458,1990,13.9,193,218,13.4,147,-0
458,1991,23.7,218,236,19.8,251,18
458,1992,8.2,177,200,7.8,87,-18
458,1993,9.3,203,219,9.3,98,0
458,1994,11.9,190,206,10.4,126,-12
458,1995,5.7,101,170,2.9,60,-48
458,1996,14,188,226,13.9,148,8
458,1997,14.8,196,224,12.6,157,6
458,1998,5.9,201,211,3.9,62,-8
458,1999,13.1,189,234,12.7,139,16
458,2000,7.4,187,206,6.9,78,-12
458,2001,12.2,204,223,7.5,129,4
458,2002,11.7,222,239,8.6,124,20
458,2003,6.9,187,205,6.3,73,-14
458,2004,7.2,160,198,5.5,76,-20
458,2005,3.5,204,218,3.2,37,-0
458,2006,6.8,189,212,5.9,72,-6
458,2007,7.8,156,208,4.6,83,-10
458,2008,9.6,192,222,8.8,102,4
458,2009,12.1,214,232,10.2,128,14
458,2010,5.7,198,205,4.9,60,-14
458,2011,15.9,214,235,12.3,168,16
458,2012,8.9,183,207,8.7,94,-12
458,2013,6.3,207,219,4.7,67,0
458,2014,12.1,210,234,11.9,128,16
458,2015,4.2,115,131,0,44,-88
458,2016,2.2,119,136,1.3,23,-82
458,2017,11,165,218,9.9,116,-0
458,2018,13.4,203,219,11.2,142,0
458,2019,10.9,197,226,8.2,115,8
458,2020,13.6,203,231,10.9,144,12
458,2021,8,209,219,5.6,85,0
458,2022,9.4,199,219,7.2,99,0
458,2023,11,206,218,10,116,-0
458,2024,5.1,195,215,4.6,54,-4
458,2025,4.5,175,209,3.6,48,-10
458,2026,2.8,168,171,0,30,-48
460,1986,19.8,212,242,18.5,178,26
460,1987,10.9,195,213,10.9,98,-4
460,1988,9.6,195,228,9,86,12
460,1989,13.7,190,220,12.8,123,4
460,1990,10.5,196,231,10.5,95,14
460,1991,11.1,219,233,9.8,100,16
460,1992,7.2,182,211,7.1,65,-6
460,1993,13.9,222,233,12,125,16
460,1994,8.2,199,219,7.4,74,2
460,1995,10.5,216,232,8.7,95,16
460,1996,17,219,241,16.6,153,24
460,1997,17.4,199,230,16.9,157,14
460,1998,13.4,205,232,12.5,121,16
460,1999,15.2,212,240,13.9,137,24
460,2000,11.9,193,218,11.7,107,2
460,2001,9.3,205,220,7.9,84,4
460,2002,10.2,215,231,9.2,92,14
460,2003,10.8,193,227,10.8,97,10
460,2004,9.9,171,217,9.7,89,0
460,2005,9.4,192,208,9.4,85,-8
460,2006,11.7,189,209,11.1,105,-8
460,2007,7.6,163,194,5.4,68,-22
460,2008,10,195,226,9.7,90,10
460,2009,11.2,197,212,10,101,-4
460,2010,6.7,197,204,4.9,60,-12
460,2011,17.9,204,227,16.2,161,10
460,2012,11,175,195,9.2,99,-22
460,2013,9.2,180,211,8.7,83,-6
460,2014,17.9,187,215,17.6,161,-2
460,2015,11.6,166,199,9.1,105,-18
460,2016,11.1,185,197,11.1,100,-20
460,2017,18.8,166,216,16.9,169,-0
460,2018,13,192,209,12,117,-8
460,2019,11.1,188,208,10.9,100,-8
460,2020,12.5,191,213,11.8,113,-4
460,2021,8.7,179,194,8.6,78,-22
460,2022,8.2,177,211,6.7,74,-6
460,2023,13.1,191,214,12.2,118,-2
460,2024,9.4,186,200,9.3,85,-16
460,2025,11.1,176,199,10.7,100,-18
460,2026,8.3,169,178,1.2,75,-38
461,1986,0,365,365,,0,172
461,1987,9.9,189,206,9.6,121,12
461,1988,9.9,187,200,9.9,121,6
461,1989,7.9,160,189,5.3,97,-4
461,1990,6.8,172,187,4.5,83,-6
461,1991,6.9,185,207,6.6,85,14
461,1992,6.9,183,194,6.7,85,0
461,1993,15.2,173,213,13,187,20
461,1994,6.7,181,199,5.5,82,6
461,1995,10,183,193,10,123,-0
461,1996,6.2,172,193,5.9,76,-0
461,1997,11.4,196,211,8.2,140,18
461,1998,11.8,201,214,10,145,20
461,1999,4.7,165,176,0.5,58,-18
461,2000,8.2,185,195,7.7,101,2
461,2001,8.9,170,208,7.5,109,14
461,2002,4.8,172,184,2.8,59,-10
461,2003,6.8,174,193,5.3,83,-0
461,2004,8.7,162,181,3,107,-12
461,2005,14.7,186,206,14.7,180,12
461,2006,4.2,185,192,4.1,52,-2
461,2007,4.9,160,170,0.7,60,-24
461,2008,13.1,178,212,12.2,161,18
461,2009,8.1,190,203,6.8,99,10
461,2010,13.6,190,203,13.4,167,10
461,2011,13.3,180,199,11.3,163,6
461,2012,5.7,165,181,0.2,70,-12
461,2013,5.8,165,184,3,71,-10
461,2014,5.8,165,192,4.3,71,-2
461,2015,5.7,165,177,0,70,-16
461,2016,8.4,154,192,7.9,103,-2
461,2017,11.6,161,178,5.1,142,-16
461,2018,4.5,172,183,2.1,55,-10
461,2019,14,183,206,14,172,12
461,2020,10.8,182,204,10.6,133,10
461,2021,9.2,180,193,8.9,113,-0
461,2022,9.3,177,192,8.6,114,-2
461,2023,22.5,190,212,22.3,276,18
461,2024,10.4,185,198,10.3,128,4
461,2025,6.2,175,178,1.5,76,-16
461,2026,2.4,152,162,0,29,-32
462,1981,29.1,190,221,27.8,83,-4
462,1982,60.9,201,240,56.8,174,16
462,1983,64.7,240,261,61.8,184,36
462,1984,39.5,204,233,38,113,8
462,1985,31.9,186,214,31.9,91,-10
462,1986,59.8,169,233,54.4,170,8
462,1987,17.2,191,207,17.2,49,-18
462,1988,19.7,173,196,15.6,56,-28
462,1989,33,187,219,32.5,94,-6
462,1990,18,172,210,16.5,51,-14
462,1991,22.7,181,236,22.5,65,12
462,1992,21.4,183,208,21.3,61,-16
462,1993,51,203,235,47.9,145,10
462,1994,20.1,194,216,18.6,57,-8
462,1995,76.8,222,267,66,219,42
462,1996,47.9,190,226,45.7,136,2
462,1997,52.4,130,221,46.4,149,-4
462,1998,54.8,199,265,51,156,40
462,1999,49.7,217,240,43.3,142,16
462,2000,32.2,164,218,29.4,92,-6
462,2001,26.4,204,221,21,75,-4
462,2002,35,183,223,35,100,-2
462,2003,42.5,223,241,31.7,121,16
462,2004,37.1,160,215,33,106,-10
462,2005,47.3,225,243,44.1,135,18
462,2006,64.1,206,242,54.3,183,18
462,2007,17.5,156,212,14.2,50,-12
462,2008,29.4,171,220,28.1,84,-4
462,2009,34,194,229,32.5,97,4
462,2010,37.5,212,248,34.1,107,24
462,2011,54.5,208,260,53.1,155,36
462,2012,18.4,198,213,17.1,52,-12
462,2013,26.7,164,209,22.8,76,-16
462,2014,17.7,188,207,17.2,50,-18
462,2015,16.1,160,172,0,46,-52
462,2016,35.2,183,226,35.1,100,2
462,2017,81.9,204,246,74.2,233,22
462,2018,33.4,176,219,31.2,95,-6
462,2019,62.4,199,251,59.4,178,26
462,2020,27.5,196,216,22.6,78,-8
462,2021,26.9,178,213,26.3,77,-12
462,2022,20.5,172,193,16.3,58,-32
462,2023,77.6,222,253,75.6,221,28
462,2024,35.3,193,226,33.3,101,2
462,2025,28.7,186,219,27.6,82,-6
462,2026,21.4,148,174,5.3,61,-50
463,1981,24.9,187,207,23.7,58,-8
463,1982,60.9,197,233,54.8,142,18
463,1983,83.2,229,254,78.2,194,39
463,1984,55.9,154,230,51.2,130,15
463,1985,33.9,182,210,33.8,79,-5
463,1986,55.2,173,224,49.5,129,9
463,1987,22.5,181,199,21.3,52,-16
463,1988,17,126,184,8.1,40,-31
463,1989,37.2,179,215,35.2,87,0
463,1990,24.9,169,190,16.7,58,-25
463,1991,27.5,179,221,27.2,64,6
463,1992,23.3,161,198,20.4,54,-17
463,1993,62.2,158,226,61.3,145,11
463,1994,23.9,163,200,18.5,56,-15
463,1995,75.7,214,256,72.5,176,41
463,1996,48,187,223,46.8,112,8
463,1997,55.8,160,212,42,130,-3
463,1998,55.9,202,250,50.3,130,35
463,1999,62.5,195,237,56,146,22
463,2000,44.6,165,211,39.3,104,-4
463,2001,24.3,165,212,14.9,57,-3
463,2002,44.8,179,217,41.5,104,2
463,2003,41.3,223,238,28.5,96,23
463,2004,44.7,160,198,32.5,104,-17
463,2005,61.8,194,236,59.9,144,21
463,2006,65,201,229,56.3,151,14
463,2007,25.5,156,190,18.1,59,-25
463,2008,40.3,150,211,36.3,94,-4
463,2009,36.1,178,213,34.2,84,-2
463,2010,38.1,191,243,34.9,89,28
463,2011,68.6,180,253,67.5,160,38
463,2012,24.2,198,213,23.7,56,-2
463,2013,30.3,108,205,24.7,71,-10
463,2014,24.5,187,200,23.5,57,-15
463,2015,10.7,159,167,0,25,-48
463,2016,46.7,174,218,43.3,109,3
463,2017,79.4,200,237,74.5,185,22
463,2018,29.2,175,207,26,68,-8
463,2019,71.3,183,223,71.3,166,8
463,2020,29.3,194,212,26,68,-3
463,2021,32.4,176,201,30,75,-14
463,2022,29.8,150,188,18.8,69,-27
463,2023,89.9,182,233,89.8,209,18
463,2024,41.2,185,214,41.1,96,-1
463,2025,41,189,214,40,95,-1
463,2026,21.7,147,169,0.9,51,-46
464,1981,2.9,159,176,0.6,30,-12
464,1982,16.5,198,214,16,169,26
464,1983,21.5,198,215,19.6,221,26
464,1984,16.8,188,222,16.5,172,34
464,1985,13.1,183,196,13.1,134,8
464,1986,16.8,146,181,7.7,172,-8
464,1987,6.9,149,184,4.7,71,-4
464,1988,6.4,168,190,5.9,66,2
464,1989,14.5,187,198,13.7,149,10
464,1990,6.3,169,181,1.5,65,-8
464,1991,5.1,184,196,5.1,52,8
464,1992,7.8,146,164,0.1,80,-24
464,1993,15.4,168,208,12,158,20
464,1994,7.1,163,184,3.8,73,-4
464,1995,11.2,145,176,4,115,-12
464,1996,7,130,170,4.2,72,-18
464,1997,12,167,185,6.6,123,-4
464,1998,9.4,162,206,7,96,18
464,1999,16.8,172,214,15.9,172,26
464,2000,14.7,175,196,13.4,151,8
464,2001,7.1,170,183,3.4,73,-6
464,2002,14.4,175,195,12.4,148,6
464,2003,6.6,161,167,0.6,68,-22
464,2004,10.6,162,184,5.1,109,-4
464,2005,5.6,148,162,3.4,57,-26
464,2006,13.7,186,206,13.2,141,18
464,2007,7.3,160,171,0,75,-18
464,2008,14.6,195,220,9.1,150,32
464,2009,11.4,187,202,10.5,117,14
464,2010,9.5,186,202,8.8,97,14
464,2011,16.9,191,219,15.4,173,30
464,2012,9,161,193,6.2,92,4
464,2013,7.6,161,184,4.2,78,-4
464,2014,7.3,157,178,4.2,75,-10
464,2015,4.8,128,133,0,49,-56
464,2016,10.5,135,187,7.6,108,-2
464,2017,16.5,161,188,10.2,169,-0
464,2018,6.2,173,189,4.2,64,0
464,2019,17.2,168,205,16.5,176,16
464,2020,10,143,198,9.2,103,10
464,2021,13.1,155,190,10.7,134,2
464,2022,10.4,163,180,4.5,107,-8
464,2023,17.1,185,213,16.6,175,24
464,2024,11.6,167,195,10,119,6
464,2025,17.8,175,198,15.4,183,10
464,2026,6.1,154,169,0,63,-20
465,1986,1.8,361,364,,12,152
465,1987,19.1,195,220,17.6,130,8
465,1988,11.6,171,195,8.4,79,-17
465,1989,17.1,159,198,13.9,117,-14
465,1990,10.9,193,222,9.8,74,10
465,1991,15,184,218,14.8,102,6
465,1992,13,187,210,13,89,-2
465,1993,26.8,191,228,25.2,183,16
465,1994,11.9,194,224,10.2,81,12
465,1995,23.7,221,245,21.2,162,33
465,1996,15,205,213,14.1,102,1
465,1997,21.1,163,227,18.5,144,15
465,1998,14.9,201,225,12.4,102,13
465,1999,9.3,169,182,4.4,63,-30
465,2000,17.5,186,213,17,119,1
465,2001,15,196,214,13.5,102,2
465,2002,9.9,178,185,6.5,68,-27
465,2003,12.4,191,210,11.6,85,-2
465,2004,13.8,159,217,8.3,94,5
465,2005,20.1,194,226,19.1,137,14
465,2006,16.7,189,210,14.1,114,-2
465,2007,10.8,162,188,8,74,-24
465,2008,25,198,219,23.5,171,7
465,2009,17.9,186,209,17,122,-3
465,2010,18.7,188,211,18.1,128,-1
465,2011,12.1,197,223,12.1,83,11
465,2012,10.2,160,185,5.6,70,-27
465,2013,12.2,163,205,11.3,83,-7
465,2014,12.9,190,203,12.2,88,-9
465,2015,8.9,167,187,7.1,61,-25
465,2016,12.6,132,208,10.6,86,-4
465,2017,20,161,207,19.2,137,-5
465,2018,9.5,179,195,8.8,65,-17
465,2019,24.6,187,229,24.1,168,17
465,2020,14.4,184,213,14.4,98,1
465,2021,12.9,184,197,12.9,88,-15
465,2022,13.4,168,202,12.7,91,-10
465,2023,25.8,184,227,25.8,176,15
465,2024,15,184,208,15,102,-4
465,2025,11.4,190,206,10.4,78,-6
465,2026,8.5,149,170,0.2,58,-42
466,1983,37.6,196,241,37.2,105,10
466,1984,42,197,257,39.2,117,26
466,1985,46.3,185,232,45.6,129,0
466,1986,29.8,178,237,28.6,83,6
466,1987,27.5,182,213,27.4,77,-18
466,1988,30.3,192,225,29.9,85,-6
466,1989,44.7,188,229,43.5,125,-2
466,1990,38.6,180,242,38.1,108,10
466,1991,41.2,195,238,39.2,115,6
466,1992,30.7,164,219,28.3,86,-12
466,1993,35.2,195,232,33.3,98,0
466,1994,24.8,173,219,23.5,69,-12
466,1995,33.3,203,235,32,93,4
466,1996,30.1,219,241,28.8,84,10
466,1997,68.9,202,243,65.5,192,12
466,1998,28.6,171,219,27,80,-12
466,1999,58.8,193,244,57.6,164,12
466,2000,46.5,191,235,46.4,130,4
466,2001,24.8,197,230,21.3,69,-2
466,2002,53.4,193,256,52.9,149,24
466,2003,35,190,238,34.4,98,6
466,2004,37.2,181,222,36.6,104,-10
466,2005,20.5,201,222,18.8,57,-10
466,2006,35.3,201,230,33.7,99,-2
466,2007,30.1,162,226,29.5,84,-6
466,2008,52.2,210,247,48.7,146,16
466,2009,36.3,188,236,33.9,101,4
466,2010,23.6,196,231,22,66,-0
466,2011,52.6,222,264,41.6,147,32
466,2012,40.2,192,230,39.1,112,-2
466,2013,30.6,205,225,29.7,85,-6
466,2014,44.1,190,238,42.8,123,6
466,2015,20.3,198,216,17.9,57,-16
466,2016,38.5,182,218,38.1,108,-14
466,2017,37.3,215,242,35.8,104,10
466,2018,50,201,233,42,140,2
466,2019,33.4,200,229,31.3,93,-2
466,2020,41.5,192,231,40,116,-0
466,2021,37.4,183,225,37.4,104,-6
466,2022,29.6,206,244,25.5,83,12
466,2023,37.2,208,226,34,104,-6
466,2024,23,193,227,21.7,64,-4
466,2025,34,175,220,31.6,95,-12
466,2026,21.1,169,217,18.5,59,-14
467,1981,12.8,192,202,11.6,66,-16
467,1982,27.2,194,216,24.6,140,-2
467,1983,20.6,216,240,18.1,106,22
467,1984,26.8,222,233,21.5,138,14
467,1985,21.1,189,217,20.3,109,-2
467,1986,23.6,180,217,22.5,122,-2
467,1987,13.3,188,207,13.3,69,-12
467,1988,20.8,189,214,20.6,107,-4
467,1989,19.8,189,205,18.8,102,-14
467,1990,22.3,183,219,22.3,115,0
467,1991,18,183,222,18,93,4
467,1992,13.6,180,197,13.3,70,-22
467,1993,23.5,204,229,19.8,121,10
467,1994,16.7,199,219,14.3,86,0
467,1995,22.6,222,244,17.5,116,26
467,1996,23.1,185,224,23,119,6
467,1997,30.2,198,227,26.2,156,8
467,1998,18.8,203,216,16.4,97,-2
467,1999,17.9,168,232,15,92,14
467,2000,19.7,188,211,19.1,102,-8
467,2001,17.6,198,214,17,91,-4
467,2002,15.2,173,199,15.1,78,-20
467,2003,19.1,191,227,17.9,98,8
467,2004,17,162,191,11.8,88,-28
467,2005,22.5,185,223,21.8,116,4
467,2006,21.5,186,206,20.9,111,-12
467,2007,16.8,164,201,14.2,87,-18
467,2008,29.8,198,231,27,154,12
467,2009,24,195,217,22.2,124,-2
467,2010,20.8,191,233,17.6,107,14
467,2011,30.8,216,244,26.4,159,26
467,2012,14.8,162,185,7.8,76,-34
467,2013,16.4,208,221,12.8,85,2
467,2014,23.4,191,218,22.2,121,-0
467,2015,13.7,165,195,9.3,71,-24
467,2016,18.6,187,228,18.5,96,10
467,2017,20.2,162,197,12.9,104,-22
467,2018,16.4,192,210,15.3,85,-8
467,2019,20.5,177,220,19.7,106,2
467,2020,21.2,187,217,20.6,109,-2
467,2021,16.6,183,213,16.6,86,-6
467,2022,16.7,174,223,15.3,86,4
467,2023,29.5,191,220,29.1,152,2
467,2024,19.7,184,208,19.7,102,-10
467,2025,16.2,189,208,14.8,84,-10
467,2026,11.7,168,177,1.8,60,-42
468,1981,8.9,204,213,8.4,66,-18
468,1982,21.8,198,240,20.3,161,8
468,1983,17.8,232,245,12.9,131,14
468,1984,14.9,226,239,12.7,110,8
468,1985,10.5,188,214,10.5,77,-18
468,1986,23.8,229,244,18.5,176,12
468,1987,10.5,185,211,10.5,77,-20
468,1988,7.1,192,228,6.8,52,-4
468,1989,12.4,188,219,11.9,92,-12
468,1990,9.8,195,236,9.7,72,4
468,1991,13.4,220,234,10.8,99,2
468,1992,10,194,216,9.9,74,-16
468,1993,17.3,219,236,13.2,128,4
468,1994,11.1,193,220,10.1,82,-12
468,1995,18,227,256,13.8,133,24
468,1996,15.7,219,247,15,116,16
468,1997,19.1,215,231,18.2,141,-0
468,1998,14.3,203,233,12.7,106,2
468,1999,16.1,228,240,14,119,8
468,2000,12.2,187,217,12.2,90,-14
468,2001,13.4,204,223,11,99,-8
468,2002,11.7,214,232,10,86,0
468,2003,13.6,190,231,13.6,100,-0
468,2004,11.1,182,216,10.9,82,-16
468,2005,13.7,225,236,12.3,101,4
468,2006,15.4,203,226,14.3,114,-6
468,2007,11.7,206,222,9.5,86,-10
468,2008,11.7,212,232,11.2,86,0
468,2009,15.6,200,233,12.7,115,2
468,2010,9.3,198,238,7.6,69,6
468,2011,17.9,223,249,14.3,132,18
468,2012,14.2,192,225,13.9,105,-6
468,2013,10.8,209,224,9.1,80,-8
468,2014,18.4,213,238,17.5,136,6
468,2015,10,179,215,9.8,74,-16
468,2016,9.3,215,228,9.1,69,-4
468,2017,20.9,213,237,18.7,154,6
468,2018,13.5,198,220,12.1,100,-12
468,2019,14.3,199,246,12.7,106,14
468,2020,11.3,202,224,10.5,83,-8
468,2021,10.3,211,228,9.4,76,-4
468,2022,9.6,213,229,7.5,71,-2
468,2023,12.9,209,228,11.9,95,-4
468,2024,11.9,194,228,11.4,88,-4
468,2025,12.9,185,221,12.9,95,-10
468,2026,11.2,169,192,6.8,83,-40
469,1981,13.8,196,208,12,92,-4
469,1982,19.3,202,223,18.6,129,12
469,1983,17.1,196,219,16.8,114,8
469,1984,11.8,186,215,11.6,79,4
469,1985,18.8,183,217,18.8,126,6
469,1986,12,153,204,10.7,80,-8
469,1987,13.7,185,207,13.7,92,-4
469,1988,13.1,193,205,13,88,-6
469,1989,17.5,188,205,16,117,-6
469,1990,16.2,180,204,15.8,108,-8
469,1991,17,181,216,16.6,114,4
469,1992,13.8,163,205,12.1,92,-6
469,1993,12.2,173,214,10.9,82,2
469,1994,13.9,192,207,13.4,93,-4
469,1995,11.5,180,210,11.2,77,-2
469,1996,15.1,189,227,14.2,101,16
469,1997,25.7,194,223,24.7,172,12
469,1998,10.8,175,207,10.1,72,-4
469,1999,15.9,187,213,15.8,106,2
469,2000,15.3,184,215,15.3,102,4
469,2001,13.2,197,214,10.3,88,2
469,2002,16.1,185,213,15.9,108,2
469,2003,14.8,188,211,14,99,-0
469,2004,16.1,160,195,12.1,108,-16
469,2005,7.2,186,205,7.1,48,-6
469,2006,15.3,174,204,14.1,102,-8
469,2007,13,158,200,8.9,87,-12
469,2008,17.9,191,227,17.7,120,16
469,2009,15.4,187,212,14.7,103,0
469,2010,10,196,204,9.1,67,-8
469,2011,22.2,213,227,19.4,148,16
469,2012,14.6,184,209,14.6,98,-2
469,2013,15,178,211,13.3,100,-0
469,2014,20.5,184,215,20.5,137,4
469,2015,11.7,152,194,7.3,78,-18
469,2016,14.9,182,201,14.6,100,-10
469,2017,14.7,167,217,12.6,98,6
469,2018,21.9,191,217,20.3,146,6
469,2019,12,168,205,9.3,80,-6
469,2020,17.7,190,215,17.2,118,4
469,2021,13.3,164,201,12.7,89,-10
469,2022,15.7,173,216,12.9,105,4
469,2023,11.2,186,209,10.5,75,-2
469,2024,12.3,168,205,11.9,82,-6
469,2025,13.8,175,209,11.8,92,-2
469,2026,8.3,168,190,6.2,56,-22
470,1981,1.3,78,80,0,22,-86
470,1982,12.7,137,195,10.6,212,29
470,1983,6.7,97,146,0,112,-20
470,1984,10.4,149,173,6.5,173,7
470,1985,15.1,145,187,11.6,252,21
470,1986,8.2,120,150,0,137,-16
470,1987,8,142,163,0,133,-3
470,1988,5.7,131,152,0.5,95,-14
470,1989,19,158,190,12.9,317,24
470,1990,4.2,146,170,0,70,4
470,1991,4.6,104,132,0,77,-34
470,1992,3.1,116,124,0,52,-42
470,1993,16,156,180,5.5,267,14
470,1994,5.8,152,164,0,97,-2
470,1995,7.8,78,125,0.8,130,-41
470,1996,6.3,129,141,0,105,-25
470,1997,6.3,167,172,0,105,6
470,1998,5,119,128,0,83,-38
470,1999,10,163,176,3.7,167,10
470,2000,7.7,125,184,3.2,128,18
470,2001,3.3,156,161,0,55,-5
470,2002,12.2,176,189,9.5,203,23
470,2003,5.2,160,165,0,87,-1
470,2004,10,159,171,0,167,5
470,2005,1.4,70,72,0,23,-94
470,2006,7.2,126,180,1.4,120,14
470,2007,3.9,125,130,0,65,-36
470,2008,12.3,130,206,11.7,205,40
470,2009,11.5,186,196,10.7,192,30
470,2010,3.9,97,111,0.4,65,-55
470,2011,8.3,181,194,6.5,138,28
470,2012,4.6,144,169,0,77,3
470,2013,5.9,149,167,0,98,1
470,2014,5,135,159,0,83,-7
470,2015,2.7,97,117,0,45,-49
470,2016,5.8,130,140,0,97,-26
470,2017,10.6,160,168,0,177,2
470,2018,4.1,158,165,0,68,-1
470,2019,10.1,165,185,5.6,168,19
470,2020,6.1,147,182,3.6,102,16
470,2021,7.3,153,186,5.3,122,20
470,2022,6.1,151,174,0,102,8
470,2023,7.6,188,198,5.9,127,32
470,2024,3.8,112,121,0,63,-45
470,2025,4.5,144,157,0,75,-9
470,2026,0.6,145,147,0,10,-19
471,1982,47.6,205,244,43.6,211,17
471,1983,41.5,233,252,31.7,184,25
471,1984,43.2,223,245,38.3,191,18
471,1985,27,183,244,27,119,17
471,1986,44.6,213,244,42.6,197,17
471,1987,13.3,186,207,13.3,59,-20
471,1988,17,184,232,17,75,5
471,1989,24.5,187,219,23.3,108,-8
471,1990,14.8,182,201,14.6,65,-26
471,1991,20.7,217,240,17.8,92,13
471,1992,13.9,177,210,13.4,62,-17
471,1993,34.7,221,238,27.4,154,11
471,1994,18.3,193,215,17.5,81,-12
471,1995,25.4,183,233,25.4,112,6
471,1996,25.1,188,229,24.7,111,2
471,1997,39.3,197,235,38.7,174,8
471,1998,24.6,201,229,22.6,109,2
471,1999,24.2,193,237,22.4,107,10
471,2000,20.5,184,214,20.5,91,-13
471,2001,16.1,197,214,12.4,71,-13
471,2002,18.6,182,219,18.5,82,-8
471,2003,17.7,190,212,16.7,78,-15
471,2004,21.5,171,208,18.3,95,-19
471,2005,23.2,187,235,23.1,103,8
471,2006,34.9,194,226,31.4,154,-1
471,2007,17.5,164,211,15,77,-16
471,2008,26.5,196,233,25.9,117,6
471,2009,26,199,229,24,115,2
471,2010,16.7,196,231,14.7,74,4
471,2011,39.9,214,257,34.3,177,30
471,2012,16.3,174,207,14.5,72,-20
471,2013,15.6,207,220,13.1,69,-7
471,2014,24.4,191,229,23.7,108,2
471,2015,14.2,167,211,12.8,63,-16
471,2016,22,184,217,22,97,-10
471,2017,31.1,163,229,28.4,138,2
471,2018,16.3,189,212,15.7,72,-15
471,2019,28.3,199,228,24.9,125,1
471,2020,23.5,191,221,21.9,104,-6
471,2021,16.3,183,219,16.3,72,-8
471,2022,14.2,200,224,12.1,63,-3
471,2023,40.3,207,233,36.8,178,6
471,2024,26.9,184,226,26.9,119,-1
471,2025,25.3,185,219,25.1,112,-8
471,2026,14.7,161,181,6.3,65,-46
472,1982,2.2,353,358,,8,108
472,1983,36.7,233,268,30.4,125,18
472,1984,25.6,256,274,20,87,24
472,1985,23.4,210,247,20.7,80,-3
472,1986,41.1,231,259,36.1,140,9
472,1987,17.4,201,227,15.7,59,-23
472,1988,28.1,225,249,20.1,96,-1
472,1989,35.3,190,259,32.8,120,9
472,1990,27.5,230,262,24.3,94,12
472,1991,29.8,227,256,24,102,6
472,1992,24.3,203,233,19.4,83,-17
472,1993,24.8,218,245,18.1,85,-5
472,1994,22.1,197,228,20.3,75,-22
472,1995,34.5,218,260,28.3,118,10
472,1996,45.6,222,263,41.3,156,13
472,1997,45.9,216,252,41.6,157,2
472,1998,24.9,201,255,23.1,85,5
472,1999,37.5,231,263,33.3,128,13
472,2000,24.2,193,247,24,83,-3
472,2001,17.9,206,230,14.7,61,-20
472,2002,29,223,248,24,99,-2
472,2003,34.5,226,253,30.4,118,3
472,2004,20.6,171,249,19.3,70,-1
472,2005,18.8,226,259,17.4,64,9
472,2006,27,204,238,24.6,92,-12
472,2007,23.4,206,229,20.4,80,-21
472,2008,33.6,214,272,31.1,115,22
472,2009,35,221,250,30.1,119,0
472,2010,22,225,257,18.6,75,7
472,2011,43.1,224,273,33.2,147,23
472,2012,32.1,204,250,29.7,110,0
472,2013,26.7,207,230,22.9,91,-20
472,2014,42.5,214,255,38.4,145,5
472,2015,24.2,199,238,22.4,83,-12
472,2016,25.6,203,246,25,87,-4
472,2017,42,214,252,37.3,143,2
472,2018,45.5,198,249,39.3,155,-1
472,2019,29.6,216,259,24.1,101,9
472,2020,29.8,201,248,27.1,102,-2
472,2021,27.2,210,245,26.3,93,-5
472,2022,30.7,227,261,22.4,105,11
472,2023,28.4,206,236,25.9,97,-14
472,2024,21.7,223,249,20.6,74,-1
472,2025,27.8,213,242,25.4,95,-8
472,2026,28.2,213,241,26.2,96,-9
473,1981,0,365,365,,0,194
473,1982,9.5,123,165,5.1,134,-6
473,1983,19.1,181,205,17.1,269,34
473,1984,4.4,79,92,0,62,-78
473,1985,11.3,182,193,11.2,159,22
473,1986,8.1,138,162,0,114,-8
473,1987,3.3,153,159,0,46,-12
473,1988,2.8,145,159,0,39,-12
473,1989,6,142,162,0,85,-8
473,1990,3.4,147,171,0,48,0
473,1991,5.7,178,188,4.8,80,18
473,1992,3.7,142,149,0,52,-22
473,1993,16.9,147,174,4.7,238,4
473,1994,6.5,147,165,0,92,-6
473,1995,10.1,121,160,4.1,142,-10
473,1996,9.6,165,185,5.1,135,14
473,1997,7,137,165,0,99,-6
473,1998,15,159,185,7.7,211,14
473,1999,11.5,150,177,3.3,162,6
473,2000,5.1,153,172,0,72,2
473,2001,6,157,172,0,85,2
473,2002,7.2,136,157,0,101,-14
473,2003,7.6,96,162,0,107,-8
473,2004,11.5,157,171,0,162,0
473,2005,10.5,152,170,5.4,148,-0
473,2006,6.9,185,196,6.9,97,26
473,2007,4.3,156,166,0,61,-4
473,2008,12.8,153,179,3.4,180,8
473,2009,7.3,161,170,0,103,-0
473,2010,10.6,167,180,4.9,149,10
473,2011,16.3,179,195,14.2,230,24
473,2012,4.3,156,168,0.5,61,-2
473,2013,6.3,150,168,0,89,-2
473,2014,2.8,131,136,1,39,-34
473,2015,0.8,156,157,0,11,-14
473,2016,5.4,125,153,0,76,-18
473,2017,16.2,157,173,4.2,228,2
473,2018,6.1,172,183,2.9,86,12
473,2019,16.8,168,191,13.2,237,20
473,2020,3.5,137,144,1.6,49,-26
473,2021,7.5,152,179,0.4,106,8
473,2022,10.2,92,167,0,144,-4
473,2023,20.9,161,204,20.4,294,34
473,2024,9.8,156,175,4.2,138,4
473,2025,2.3,169,174,0.8,32,4
473,2026,6.9,143,150,0,97,-20
474,1981,24.6,190,215,24,68,-17
474,1982,47.3,194,233,44.1,130,1
474,1983,56.9,233,253,43.5,157,21
474,1984,51.3,221,240,38.3,142,8
474,1985,34.4,191,220,34.3,95,-12
474,1986,49.8,223,247,43,137,15
474,1987,20.1,185,212,20.1,55,-20
474,1988,16.1,184,225,16.1,44,-7
474,1989,42.1,189,219,40.9,116,-13
474,1990,23.7,183,207,23.7,65,-25
474,1991,34.9,216,238,28.6,96,6
474,1992,21.9,180,205,21.1,60,-27
474,1993,39.4,222,237,35.1,109,5
474,1994,28.7,194,224,25.7,79,-8
474,1995,42.3,226,256,39.2,117,24
474,1996,38,206,230,34,105,-2
474,1997,53.1,196,233,51.6,146,1
474,1998,49.6,201,243,43.5,137,11
474,1999,37.6,219,242,27.5,104,10
474,2000,39.3,186,219,39.2,108,-13
474,2001,34.9,205,224,27.5,96,-8
474,2002,34,185,229,34,94,-3
474,2003,25.8,191,232,23.2,71,0
474,2004,43.2,174,221,40.9,119,-11
474,2005,56.4,194,244,53.1,156,12
474,2006,57.1,195,233,53.2,158,1
474,2007,24.8,164,223,24,68,-9
474,2008,39.5,196,241,37.7,109,9
474,2009,51.2,199,232,43.8,141,0
474,2010,29.1,198,245,22.9,80,13
474,2011,66.8,214,265,56.4,184,33
474,2012,24,203,218,20.8,66,-14
474,2013,34.9,207,224,30.7,96,-8
474,2014,33.9,190,232,31.7,94,0
474,2015,23.9,201,216,20,66,-16
474,2016,30.4,185,228,30.4,84,-4
474,2017,47.7,213,238,39.8,132,6
474,2018,19.7,189,212,19.6,54,-20
474,2019,44.6,200,244,41,123,12
474,2020,31.8,189,223,31.7,88,-9
474,2021,24.5,210,225,22.5,68,-7
474,2022,24.5,200,229,21.1,68,-3
474,2023,70.1,211,246,64.1,193,14
474,2024,41.7,192,241,41,115,9
474,2025,35.6,188,222,34.3,98,-10
474,2026,14.6,169,193,8,40,-39
475,1981,17.6,186,215,16.8,79,-21
475,1982,27.1,195,236,25.6,122,0
475,1983,36.3,234,249,24.1,164,13
475,1984,39.5,221,245,29.5,178,9
475,1985,21.1,213,240,18.8,95,4
475,1986,22.8,227,245,17.3,103,9
475,1987,21.4,197,230,20.2,97,-6
475,1988,21.9,208,241,20.5,99,5
475,1989,19.7,189,220,19.1,89,-16
475,1990,17.5,216,235,16,79,-1
475,1991,22,218,253,17.7,99,17
475,1992,16.2,190,219,16.1,73,-17
475,1993,25.2,223,239,22,114,3
475,1994,17.7,197,235,13.3,80,-1
475,1995,30.4,227,259,19.3,137,23
475,1996,19.8,208,231,17.6,89,-5
475,1997,27.3,216,242,21.7,123,6
475,1998,25.4,209,244,20.5,115,8
475,1999,22.9,219,244,15.7,103,8
475,2000,15.6,184,227,15.6,70,-9
475,2001,18.6,206,232,16.1,84,-4
475,2002,12.9,184,221,12.9,58,-15
475,2003,22.7,206,237,20.5,102,1
475,2004,22,214,231,17.3,99,-5
475,2005,24.9,198,237,22.2,112,1
475,2006,19.2,202,224,18.1,87,-12
475,2007,18.9,208,230,17.3,85,-6
475,2008,26.5,196,245,24.1,120,9
475,2009,22.7,201,226,18.1,102,-10
475,2010,22.8,215,244,19.3,103,8
475,2011,31.3,216,253,22.5,141,17
475,2012,21.5,203,222,18.6,97,-14
475,2013,23.2,205,230,16.5,105,-6
475,2014,17.9,201,237,16.7,81,1
475,2015,16.7,210,234,14.8,75,-2
475,2016,22.3,191,241,22.3,101,5
475,2017,22.7,213,237,21.5,102,1
475,2018,14.4,205,223,14.1,65,-13
475,2019,28.7,201,254,24.9,130,18
475,2020,20.6,207,226,18.4,93,-10
475,2021,17.4,210,228,16.7,79,-8
475,2022,20.8,208,229,19.2,94,-7
475,2023,28.1,208,237,25.8,127,1
475,2024,22.6,200,242,21.5,102,6
475,2025,23,204,235,19,104,-1
475,2026,8.9,168,218,6.8,40,-18
476,1981,14.2,195,212,12.2,80,-4
476,1982,30.1,203,220,26.3,169,4
476,1983,30.3,199,239,28.7,170,22
476,1984,37,199,240,34,208,24
476,1985,22.3,187,215,22.3,125,-2
476,1986,22.8,174,216,20.3,128,-0
476,1987,12.4,185,200,12.4,70,-16
476,1988,10.4,193,202,10.3,58,-14
476,1989,26.9,187,204,25.6,151,-12
476,1990,19.4,172,199,18.3,109,-18
476,1991,16.8,215,236,14.5,94,20
476,1992,8.6,176,190,6.9,48,-26
476,1993,23.8,170,226,19.8,134,10
476,1994,14.7,196,218,12.8,83,2
476,1995,22.6,220,230,19.9,127,14
476,1996,18.5,189,218,17.1,104,2
476,1997,21.9,168,219,18.9,123,2
476,1998,19.1,200,216,15.1,107,-0
476,1999,21.1,194,232,18.5,119,16
476,2000,18.5,176,201,18,104,-16
476,2001,15.3,204,213,12,86,-4
476,2002,16.3,176,197,14.3,92,-20
476,2003,14.8,190,229,12.1,83,12
476,2004,18.6,163,193,14,104,-24
476,2005,18.5,211,232,15.6,104,16
476,2006,21.2,202,217,19.3,119,0
476,2007,11.8,168,209,11.3,66,-8
476,2008,16.2,195,222,14.5,91,6
476,2009,16.7,199,217,14.5,94,0
476,2010,17.2,196,220,15.5,97,4
476,2011,25.2,214,237,21.4,142,20
476,2012,9.7,182,202,8.7,54,-14
476,2013,12.6,179,195,10.9,71,-22
476,2014,13.3,189,202,12.5,75,-14
476,2015,10.4,131,182,4.2,58,-34
476,2016,20.3,183,196,20,114,-20
476,2017,19.7,162,218,18.6,111,2
476,2018,10.5,181,204,9.8,59,-12
476,2019,21.4,185,208,21,120,-8
476,2020,18.4,190,206,17.8,103,-10
476,2021,14.1,179,206,14,79,-10
476,2022,10.7,175,218,8.7,60,2
476,2023,24.2,190,215,22.5,136,-2
476,2024,23.6,184,214,23.6,133,-2
476,2025,18.4,188,205,17.6,103,-12
476,2026,3.7,148,166,0.3,21,-50
477,1981,18.6,198,228,16,61,-6
477,1982,43.1,191,206,42.6,142,-28
477,1983,58.6,231,253,49.8,193,20
477,1984,57.5,223,263,48,189,30
477,1985,26.9,192,232,26.1,89,-2
477,1986,37.5,224,242,34.1,124,8
477,1987,23.1,191,217,22.8,76,-16
477,1988,21.3,188,231,21.1,70,-2
477,1989,43.1,188,235,41.5,142,2
477,1990,14,168,201,13.5,46,-32
477,1991,30.3,233,254,21.4,100,20
477,1992,16.5,173,207,13.6,54,-26
477,1993,45.6,211,239,39.2,150,6
477,1994,19,199,221,16.6,63,-12
477,1995,50.2,228,255,38.5,165,22
477,1996,36.7,209,245,33.5,121,12
477,1997,41.8,196,235,38.7,138,2
477,1998,40.6,200,261,35.4,134,28
477,1999,42.7,218,252,39.1,141,18
477,2000,24.1,183,230,24,79,-4
477,2001,21.2,197,225,17.9,70,-8
477,2002,29,182,231,28.8,96,-2
477,2003,31.2,225,242,19.1,103,8
477,2004,32,160,230,30.7,105,-4
477,2005,26.9,208,241,20.8,89,8
477,2006,47.7,202,234,41.2,157,0
477,2007,28.7,205,230,24.6,95,-4
477,2008,29,209,233,26.2,96,-0
477,2009,26.4,200,233,22.8,87,-0
477,2010,33.7,224,259,29.9,111,26
477,2011,53,215,265,40.8,175,32
477,2012,21.9,203,229,19.8,72,-4
477,2013,30.4,179,217,28.6,100,-16
477,2014,25.7,188,234,22.8,85,0
477,2015,20.1,164,213,17,66,-20
477,2016,36.1,183,222,36,119,-12
477,2017,46.1,214,243,37.5,152,10
477,2018,21.9,203,221,18.9,72,-12
477,2019,36.6,201,246,28.1,121,12
477,2020,27.8,202,224,25.8,92,-10
477,2021,29.6,179,219,29.4,98,-14
477,2022,24.1,216,237,18.4,79,4
477,2023,35.6,190,238,33,117,4
477,2024,45.9,192,243,44,151,10
477,2025,54.6,194,240,52.8,180,6
477,2026,11.8,161,217,7.8,39,-16
478,1984,32.8,197,245,30.8,108,22
478,1985,35.5,185,232,35.5,117,9
478,1986,27.8,147,223,22.6,91,0
478,1987,29.4,168,219,29.3,97,-4
478,1988,35.2,191,231,33.8,116,8
478,1989,33.5,188,222,30.4,110,-1
478,1990,43.8,169,229,41,144,6
478,1991,30.6,195,226,28.3,101,3
478,1992,21.9,145,200,14.8,72,-23
478,1993,21.6,174,216,19.8,71,-7
478,1994,30.7,177,212,28.8,101,-11
478,1995,36.5,163,225,35,120,2
478,1996,37.4,162,228,34.5,123,5
478,1997,56.5,170,236,54.6,186,13
478,1998,30.1,161,216,28.4,99,-7
478,1999,55.4,194,244,55,182,21
478,2000,36.3,175,227,35.2,119,4
478,2001,17.3,196,223,17,57,0
478,2002,35.8,182,232,35.4,118,9
478,2003,23.7,179,222,22.6,78,-1
478,2004,27.4,161,214,25.3,90,-9
478,2005,10.5,188,208,10.1,35,-15
478,2006,38.4,175,228,37.4,126,5
478,2007,31.8,162,216,26.6,105,-7
478,2008,38.8,191,233,38.6,128,10
478,2009,30.2,185,231,28.7,99,8
478,2010,24.4,194,227,20.1,80,4
478,2011,32.9,198,237,30.8,108,14
478,2012,41.6,186,230,41.1,137,7
478,2013,27.2,177,221,25.9,89,-2
478,2014,29.5,183,227,29.5,97,4
478,2015,13.5,129,179,5.2,44,-44
478,2016,30.7,179,212,29.6,101,-11
478,2017,29.4,183,223,29.4,97,0
478,2018,32.1,187,222,31,106,-1
478,2019,24.9,168,216,22.4,82,-7
478,2020,27.5,188,218,26.7,90,-5
478,2021,40.9,183,226,40.9,135,3
478,2022,29.5,203,236,25.4,97,13
478,2023,24.6,189,217,24.1,81,-6
478,2024,22.2,168,212,20.6,73,-11
478,2025,19.1,175,208,16.9,63,-15
478,2026,15.6,169,203,13.2,51,-20
479,1982,13.1,193,206,11.1,101,20
479,1983,16.1,141,205,14.2,124,20
479,1984,17.6,155,208,13.3,135,22
479,1985,19.1,161,191,17.8,147,6
479,1986,8.6,145,154,0,66,-32
479,1987,10.5,153,184,5.9,81,-2
479,1988,8.1,129,148,0,62,-38
479,1989,18.3,157,192,14.7,141,6
479,1990,11.3,165,181,3.5,87,-4
479,1991,6.8,104,132,3.5,52,-54
479,1992,6.6,118,148,0,51,-38
479,1993,19.4,149,180,8.3,149,-6
479,1994,9.6,152,164,0.6,74,-22
479,1995,16.7,121,163,4.5,128,-22
479,1996,13.6,154,172,5.7,105,-14
479,1997,13.4,160,177,5.6,103,-8
479,1998,10.5,161,174,6,81,-12
479,1999,21.3,164,209,18.2,164,24
479,2000,15.3,166,185,8.6,118,-0
479,2001,9,163,176,0,69,-10
479,2002,17.1,171,188,12.7,132,2
479,2003,5.6,95,123,0.6,43,-62
479,2004,19.8,159,181,8.9,152,-4
479,2005,4.3,140,151,1.4,33,-34
479,2006,16.7,186,210,16.7,128,24
479,2007,13,161,186,8.5,100,0
479,2008,22.8,184,223,22.8,175,38
479,2009,13.6,177,204,12.1,105,18
479,2010,6.9,167,201,5.1,53,16
479,2011,15.6,181,223,14.4,120,38
479,2012,14.3,189,209,13.3,110,24
479,2013,12.2,160,188,8.3,94,2
479,2014,3.7,134,150,0.4,28,-36
479,2015,1.3,107,111,0,10,-74
479,2016,15.6,129,188,10.4,120,2
479,2017,12.2,160,188,8.4,94,2
479,2018,6.8,175,188,4.9,52,2
479,2019,13,166,201,11.3,100,16
479,2020,11.3,187,200,10.9,87,14
479,2021,14,177,198,13,108,12
479,2022,9.4,149,181,3.8,72,-4
479,2023,17.5,190,216,14.8,135,30
479,2024,12.6,167,202,11.5,97,16
479,2025,13.3,173,199,11.8,102,14
479,2026,1.7,147,150,0,13,-36
480,1981,27.2,204,252,23.8,74,-5
480,1982,48.1,203,272,41.8,130,15
480,1983,34.4,231,258,30.1,93,1
480,1984,35.3,226,271,26.7,95,14
480,1985,31.6,191,249,30.2,85,-8
480,1986,41.9,230,256,37.8,113,-1
480,1987,24.6,197,223,23.3,66,-34
480,1988,34.6,223,250,27.1,94,-7
480,1989,41.8,202,257,39.5,113,0
480,1990,37.4,231,269,33.5,101,12
480,1991,37.4,227,256,29.6,101,-1
480,1992,33.5,209,243,24.9,91,-14
480,1993,33.1,213,259,26.7,89,2
480,1994,29.1,198,236,26.7,79,-21
480,1995,40.7,223,269,34.6,110,12
480,1996,52,233,270,46.9,141,13
480,1997,60,215,261,55.2,162,4
480,1998,30.7,205,269,29.4,83,12
480,1999,46.6,230,268,40.1,126,11
480,2000,33.9,209,252,31.8,92,-5
480,2001,23.1,200,239,18.8,62,-18
480,2002,39.9,224,260,32.6,108,3
480,2003,43.2,226,257,36.4,117,0
480,2004,29.1,204,266,28.4,79,9
480,2005,27,205,263,24.8,73,6
480,2006,44.5,213,252,39,120,-5
480,2007,33.4,208,246,28.1,90,-11
480,2008,47.6,225,274,42.6,129,17
480,2009,45.4,228,257,36.8,123,0
480,2010,29.7,248,265,22.4,80,8
480,2011,54.4,248,277,42.9,147,20
480,2012,41,221,262,36.6,111,5
480,2013,33,214,252,29.4,89,-5
480,2014,48.9,225,257,42.9,132,0
480,2015,31.5,203,248,29.3,85,-9
480,2016,29,191,250,28.5,78,-7
480,2017,50,230,256,42.7,135,-1
480,2018,57.2,211,254,50.4,155,-3
480,2019,36.6,218,260,29,99,3
480,2020,36,229,256,32.1,97,-1
480,2021,31.5,212,249,29.4,85,-8
480,2022,35.5,250,267,25.4,96,10
480,2023,36.8,211,250,33.7,99,-7
480,2024,26.5,223,252,22.5,72,-5
480,2025,33.1,215,247,28.6,89,-10
480,2026,40.4,214,247,35.2,109,-10
481,1981,18.7,191,246,17.9,95,15
481,1982,30,232,252,23.6,152,21
481,1983,20.8,238,265,15.7,106,34
481,1984,20.6,225,240,15.5,105,9
481,1985,17.6,189,237,17.3,89,6
481,1986,25.8,232,246,23.3,131,15
481,1987,15.8,197,224,14.8,80,-7
481,1988,10.3,185,229,10.3,52,-2
481,1989,17.4,192,219,16.2,88,-12
481,1990,19.5,218,240,15.4,99,9
481,1991,16.5,220,252,15.1,84,21
481,1992,10.7,209,219,10.6,54,-12
481,1993,24.7,210,238,21.9,125,7
481,1994,13.8,199,228,12.8,70,-3
481,1995,35.4,255,269,22,180,38
481,1996,22,212,231,20.3,112,0
481,1997,27.1,196,229,25,138,-2
481,1998,23.1,229,251,19,117,20
481,1999,23.9,229,257,17.6,121,26
481,2000,17.3,187,223,17,88,-8
481,2001,21.4,208,228,16.1,109,-3
481,2002,9.9,183,220,9.9,50,-11
481,2003,13.7,224,236,11.8,70,5
481,2004,16.4,187,223,15.6,83,-8
481,2005,33.2,226,247,27.7,169,16
481,2006,25.2,203,231,22.5,128,0
481,2007,13.4,208,223,12,68,-8
481,2008,21.5,201,233,19.2,109,2
481,2009,19.9,201,225,15.1,101,-6
481,2010,19.5,232,249,13.8,99,18
481,2011,37.4,243,266,27.4,190,35
481,2012,13.4,183,215,12.4,68,-16
481,2013,16.7,208,230,11.4,85,-1
481,2014,14.7,190,231,13.4,75,0
481,2015,9.8,166,213,8.3,50,-18
481,2016,19.5,223,247,15.1,99,16
481,2017,26.9,191,236,26.2,137,5
481,2018,15.2,204,223,13.1,77,-8
481,2019,28.1,247,260,23.3,143,29
481,2020,20.7,204,232,19.4,105,1
481,2021,12.6,184,220,12.6,64,-11
481,2022,14.3,200,221,13.7,73,-10
481,2023,27.2,208,238,25.7,138,7
481,2024,19,186,243,18.9,96,12
481,2025,13.8,188,223,13.2,70,-8
481,2026,13.4,169,192,7.2,68,-39
482,1981,48.9,205,248,42.8,104,-8
482,1982,54.1,223,272,49.2,115,16
482,1983,43.8,196,257,42.2,93,0
482,1984,35.6,221,272,33.6,76,16
482,1985,45.5,191,255,44.5,97,-2
482,1986,41,230,255,36,87,-2
482,1987,40.3,203,235,38.1,85,-22
482,1988,38.4,194,250,35.2,81,-6
482,1989,47,195,260,43.4,100,4
482,1990,51.5,180,272,51.1,109,16
482,1991,63,231,279,55.3,134,22
482,1992,33.3,208,243,31.8,71,-14
482,1993,36.2,211,244,29,77,-12
482,1994,40.4,198,249,38.7,86,-8
482,1995,49.7,213,268,45.7,105,12
482,1996,61.6,225,276,52.7,131,20
482,1997,67.9,221,260,65.7,144,4
482,1998,40.7,202,246,38.1,86,-10
482,1999,60.1,231,273,58.8,127,16
482,2000,43.2,200,255,41.4,92,-2
482,2001,30.8,207,242,24,65,-14
482,2002,60.3,221,278,51.1,128,22
482,2003,44.1,223,259,41.8,94,2
482,2004,37.4,204,255,36.1,79,-2
482,2005,33.8,198,242,31,72,-14
482,2006,50.9,202,251,47.9,108,-6
482,2007,44.6,204,252,40.6,95,-4
482,2008,52.6,227,275,48.7,112,18
482,2009,38.1,227,258,35.1,81,2
482,2010,43,222,271,34.3,91,14
482,2011,66.1,222,284,53.5,140,28
482,2012,56,221,277,53.4,119,20
482,2013,52.5,214,255,48.1,111,-2
482,2014,58.9,220,272,52.8,125,16
482,2015,37.6,199,245,35.1,80,-12
482,2016,41.9,201,254,41.6,89,-2
482,2017,57.2,214,258,49.2,121,2
482,2018,59.2,207,248,52.6,126,-8
482,2019,37,219,248,32,78,-8
482,2020,59.6,212,262,54,126,6
482,2021,48.2,213,252,44.2,102,-4
482,2022,51.3,234,273,44.1,109,16
482,2023,37.7,206,234,34.9,80,-22
482,2024,38.2,222,256,35.2,81,-0
482,2025,38.4,209,244,35.4,81,-12
482,2026,44.2,204,249,41.1,94,-8
483,1981,12.4,196,209,12,44,-12
483,1982,40.6,201,235,37.7,143,14
483,1983,45,197,244,42.9,159,22
483,1984,45.8,216,243,42,162,22
483,1985,35.8,185,226,35.8,126,4
483,1986,38.5,146,237,34.7,136,16
483,1987,29.6,177,207,28.4,104,-14
483,1988,22.1,133,195,18.1,78,-26
483,1989,45.9,188,228,43.7,162,6
483,1990,25.5,166,197,21.1,90,-24
483,1991,23.7,195,235,21.4,84,14
483,1992,15,147,191,10.3,53,-30
483,1993,37.1,208,232,32,131,10
483,1994,17.8,154,203,14.3,63,-18
483,1995,29.8,204,230,26.8,105,8
483,1996,40.5,184,225,40.5,143,4
483,1997,40.1,166,221,34.9,141,-0
483,1998,30.5,201,243,28.6,108,22
483,1999,48.1,193,240,45.4,170,18
483,2000,29.8,171,216,27.3,105,-6
483,2001,13.1,162,209,7.1,46,-12
483,2002,32.8,171,219,29.6,116,-2
483,2003,21.7,213,237,18.8,77,16
483,2004,34.2,158,218,29.5,121,-4
483,2005,13.7,197,219,12.7,48,-2
483,2006,41.3,193,231,39.8,146,10
483,2007,24.9,161,220,21.4,88,-2
483,2008,35.9,185,233,35.8,127,12
483,2009,32,195,229,30.7,113,8
483,2010,22.8,196,245,20.1,80,24
483,2011,31.7,181,253,30.8,112,32
483,2012,27.9,197,225,26.2,98,4
483,2013,15.8,159,208,14,56,-14
483,2014,11.4,188,199,10.9,40,-22
483,2015,5.7,110,169,0.8,20,-52
483,2016,33.2,183,222,33,117,0
483,2017,28.3,159,233,26.4,100,12
483,2018,14.1,177,216,13.3,50,-6
483,2019,28.4,182,220,28.1,100,-2
483,2020,22.6,189,214,21.6,80,-8
483,2021,19.8,144,214,18.7,70,-8
483,2022,17.8,206,234,12.6,63,12
483,2023,31.9,190,232,28.8,113,10
483,2024,31.2,185,229,30.9,110,8
483,2025,37.1,189,223,36.4,131,2
483,2026,6.6,148,172,0,23,-50
484,1981,16.8,191,212,16.1,60,-18
484,1982,44.4,197,239,37.7,158,9
484,1983,44.1,231,244,30.3,157,14
484,1984,39,223,245,34.1,139,15
484,1985,35.3,185,218,35.2,125,-12
484,1986,43.7,186,245,41.3,155,15
484,1987,17.8,188,208,17.4,63,-22
484,1988,20.7,184,219,20.7,74,-11
484,1989,32.8,187,222,31,117,-8
484,1990,20,170,201,19.1,71,-29
484,1991,25.4,219,237,21.3,90,7
484,1992,15.2,182,210,15.1,54,-20
484,1993,41.9,226,239,29.5,149,9
484,1994,26.3,193,222,22.4,93,-8
484,1995,35.9,227,254,30,128,24
484,1996,41.9,218,247,36.7,149,17
484,1997,42.8,214,240,36,152,10
484,1998,34.1,203,233,29.8,121,3
484,1999,43.3,229,246,31.8,154,16
484,2000,24.9,187,219,24.5,88,-11
484,2001,16.1,197,218,12.9,57,-12
484,2002,22.2,183,226,22.2,79,-4
484,2003,22.8,192,230,21.9,81,0
484,2004,21.4,161,217,19.1,76,-13
484,2005,29.9,214,238,27.9,106,8
484,2006,45.2,190,230,42.1,161,0
484,2007,19.1,164,213,18.2,68,-17
484,2008,31.8,210,244,29,113,14
484,2009,33.2,200,231,29.9,118,1
484,2010,21.7,196,244,18.3,77,14
484,2011,52.4,217,263,40.8,186,33
484,2012,18.9,173,209,17.2,67,-21
484,2013,20.6,207,224,16.8,73,-6
484,2014,28,189,231,26.9,99,1
484,2015,20.3,167,212,18,72,-18
484,2016,28.3,185,226,28.3,101,-4
484,2017,46,215,242,42.9,163,12
484,2018,27.9,196,221,24.5,99,-9
484,2019,30.2,201,227,25.5,107,-3
484,2020,29.5,201,224,28.1,105,-6
484,2021,20.2,182,219,20,72,-11
484,2022,20.1,175,229,17.7,71,-1
484,2023,46.4,208,238,42.1,165,8
484,2024,32.7,185,233,32.5,116,3
484,2025,29.1,187,224,28.3,103,-6
484,2026,22.9,160,216,16.8,81,-14
485,1981,14.4,244,250,10.3,69,1
485,1982,22.6,241,267,18.3,109,18
485,1983,24.8,247,271,16.3,120,22
485,1984,29.1,227,269,20.3,140,20
485,1985,18.3,213,252,14.5,88,3
485,1986,20.5,210,237,17.2,99,-12
485,1987,18.5,237,249,14.6,89,0
485,1988,18.6,228,254,16.6,90,5
485,1989,19.3,230,254,14.3,93,5
485,1990,19.5,234,254,13.5,94,5
485,1991,21.2,251,258,14.1,102,9
485,1992,17.3,211,249,14.6,83,0
485,1993,24.2,240,263,19.5,117,14
485,1994,16.7,202,238,14.2,80,-11
485,1995,27.9,248,269,16.5,134,20
485,1996,27.1,216,256,22.3,131,7
485,1997,25.7,242,260,18.6,124,11
485,1998,16.8,229,252,13.8,81,3
485,1999,21.6,226,252,14.8,104,3
485,2000,18.8,216,243,15.1,91,-6
485,2001,19.5,219,243,15.3,94,-6
485,2002,12.2,166,227,11.4,59,-22
485,2003,22.6,224,243,16.6,109,-6
485,2004,16.3,216,240,12.4,79,-9
485,2005,18.1,221,245,13.7,87,-4
485,2006,23.7,223,247,21,114,-2
485,2007,19.4,211,248,15.6,93,-1
485,2008,26.1,233,258,20.2,126,9
485,2009,23,218,248,19.4,111,-1
485,2010,18.3,229,244,13.1,88,-5
485,2011,27.5,238,258,20.9,133,9
485,2012,12.4,213,239,10.7,60,-10
485,2013,19.1,223,249,12.6,92,0
485,2014,25.6,229,253,19.6,123,4
485,2015,22.5,233,257,16.3,108,8
485,2016,19.9,225,253,15.8,96,4
485,2017,21.1,236,258,17.2,102,9
485,2018,20.4,217,244,15.1,98,-5
485,2019,28.1,243,265,22,135,16
485,2020,20.2,212,247,17.1,97,-2
485,2021,15.5,225,247,13.3,75,-2
485,2022,17.6,218,249,13.9,85,0
485,2023,17.1,228,254,14.6,82,5
485,2024,22.2,229,254,15.9,107,5
485,2025,18.4,220,251,16.9,89,2
485,2026,9.8,222,240,6.9,47,-9
486,1981,2.4,164,169,0,77,12
486,1982,3.7,143,154,0,119,-4
486,1983,7.4,138,163,0,239,6
486,1984,2.1,136,152,0,68,-6
486,1985,6.7,148,162,0,216,4
486,1986,2.5,141,148,0,81,-10
486,1987,7.1,150,171,0.9,229,14
486,1988,5.5,129,156,0,177,-2
486,1989,2.5,125,149,0,81,-8
486,1990,2.2,144,150,0,71,-8
486,1991,3.8,154,162,0.6,123,4
486,1992,6,163,170,0,194,12
486,1993,6.7,158,165,0,216,8
486,1994,3.3,137,156,0,106,-2
486,1995,4.9,138,151,0,158,-6
486,1996,1.8,131,136,0,58,-22
486,1997,4.8,154,166,0,155,8
486,1998,4.9,154,174,0.1,158,16
486,1999,1.5,186,189,0,48,32
486,2000,0.3,175,176,0,10,18
486,2001,4.6,157,171,0,148,14
486,2002,2.1,132,142,0,68,-16
486,2003,3.1,159,165,0,100,8
486,2004,3.2,159,164,0,103,6
486,2005,2.7,134,145,0,87,-12
486,2006,1.7,166,169,0,55,12
486,2007,3.1,149,160,0,100,2
486,2008,3.9,151,160,0,126,2
486,2009,3.8,137,152,0,123,-6
486,2010,7.6,154,177,0,245,20
486,2011,2,140,155,0,65,-2
486,2012,3.4,146,159,0,110,2
486,2013,2.4,115,120,0,77,-38
486,2014,2,97,136,0,65,-22
486,2015,2,127,134,0,65,-24
486,2016,2.6,136,143,0,84,-14
486,2017,2,129,135,0,65,-22
486,2018,0.4,146,148,0,13,-10
486,2019,2.4,150,155,0,77,-2
486,2020,3.8,141,156,0,123,-2
486,2021,1.3,126,134,0,42,-24
486,2022,1.6,141,150,0,52,-8
486,2023,5.3,156,164,0,171,6
486,2024,4.2,137,153,0.3,135,-4
486,2025,0.6,39,43,0,19,-114
486,2026,0.9,114,128,0,29,-30
487,1981,9.7,198,213,8.8,118,-6
487,1982,12.8,202,233,11.1,156,14
487,1983,9.3,199,235,7.8,113,16
487,1984,9.4,221,231,8.3,115,12
487,1985,8.5,191,212,8.2,104,-7
487,1986,8.1,172,233,7.4,99,14
487,1987,6.8,182,207,6.5,83,-12
487,1988,7.2,193,226,6.3,88,7
487,1989,9.4,187,219,9.4,115,0
487,1990,8.3,181,205,8.1,101,-14
487,1991,9.9,224,233,8,121,14
487,1992,6.5,177,204,6,79,-15
487,1993,7.8,207,223,6,95,4
487,1994,7.7,194,207,5.7,94,-12
487,1995,7.1,227,234,5.6,87,15
487,1996,8.9,190,228,8.8,109,9
487,1997,11.1,200,227,9.5,135,8
487,1998,7.7,201,214,5.9,94,-5
487,1999,7,193,234,6.8,85,15
487,2000,6.8,193,207,6.1,83,-12
487,2001,9,204,222,7.3,110,3
487,2002,7.3,223,232,6.3,89,13
487,2003,10.2,189,228,8.9,124,9
487,2004,6.8,173,210,5.8,83,-9
487,2005,8.2,205,228,7.2,100,9
487,2006,8.9,191,219,7.5,109,0
487,2007,6.6,203,212,6.2,80,-7
487,2008,8.5,211,229,7.7,104,10
487,2009,10.2,216,232,9.5,124,13
487,2010,7.6,196,209,6.5,93,-10
487,2011,11.3,214,232,8.5,138,13
487,2012,10.1,177,205,9.1,123,-14
487,2013,6.6,179,211,6.5,80,-8
487,2014,13.8,183,222,13.8,168,3
487,2015,7.2,157,180,2.1,88,-39
487,2016,7.4,185,195,7.4,90,-24
487,2017,8.2,161,199,6.2,100,-20
487,2018,16,199,216,14.5,195,-3
487,2019,10.1,199,219,9.9,123,0
487,2020,8.8,201,211,8.1,107,-8
487,2021,7.4,168,212,7.2,90,-7
487,2022,7.4,170,217,5.3,90,-2
487,2023,10.9,207,216,9.8,133,-3
487,2024,5.7,183,197,5.6,70,-22
487,2025,7.4,188,206,6.4,90,-13
487,2026,6.5,169,180,2.5,79,-39
488,1981,3.1,165,170,0,40,2
488,1982,10.8,139,160,2.9,138,-8
488,1983,12.6,159,195,9.2,162,27
488,1984,3,119,124,0,38,-44
488,1985,12.4,150,175,2.7,159,7
488,1986,7,141,146,0,90,-22
488,1987,9.2,153,185,6.5,118,17
488,1988,6.9,126,158,0,88,-10
488,1989,8.2,130,152,0,105,-16
488,1990,7.3,149,171,0,94,3
488,1991,7.8,180,188,7,100,20
488,1992,11.8,163,185,6,151,17
488,1993,15,159,173,4.2,192,5
488,1994,7.6,147,166,0,97,-2
488,1995,11.1,141,162,0.1,142,-6
488,1996,2.1,156,160,0,27,-8
488,1997,7.4,154,167,0,95,-1
488,1998,11.8,161,177,9.1,151,9
488,1999,2.4,187,193,0,31,25
488,2000,4.4,162,170,0.2,56,2
488,2001,9.4,164,174,0,121,6
488,2002,3.3,135,148,0,42,-20
488,2003,3.3,158,165,0,42,-3
488,2004,7.8,159,168,0.1,100,0
488,2005,13.7,135,183,6.6,176,15
488,2006,2.4,174,177,0,31,9
488,2007,5.1,145,162,0,65,-6
488,2008,13.4,159,177,0,172,9
488,2009,13.9,144,168,0,178,0
488,2010,21,164,186,11.1,269,18
488,2011,9.1,155,168,0,117,0
488,2012,5.8,158,165,0,74,-3
488,2013,5.1,161,168,0,65,0
488,2014,4.1,134,143,0,53,-25
488,2015,3.4,157,163,0,44,-5
488,2016,7.9,126,152,0,101,-16
488,2017,10.5,153,165,0,135,-3
488,2018,4.8,155,166,0,62,-2
488,2019,9.4,150,176,0,121,8
488,2020,8.4,151,162,0.6,108,-6
488,2021,5.6,147,162,0,72,-6
488,2022,6.9,149,172,0,88,4
488,2023,21.8,156,193,20.1,279,25
488,2024,8.5,139,182,4.6,109,14
488,2025,2.9,167,173,0,37,5
488,2026,2.3,146,150,0,29,-18
489,1983,27.5,203,243,27.2,171,17
489,1984,20.3,199,240,18.1,126,14
489,1985,16.8,187,220,16.8,105,-6
489,1986,24,170,239,23.1,150,13
489,1987,9.8,185,208,9.8,61,-18
489,1988,12.3,193,224,11.9,77,-2
489,1989,19.3,188,223,18.3,120,-3
489,1990,11.8,167,202,11.4,74,-24
489,1991,11.7,204,236,10.8,73,10
489,1992,10.6,182,210,10.4,66,-16
489,1993,22.4,205,233,20.1,140,7
489,1994,9,181,205,8.9,56,-21
489,1995,25.3,199,246,24.3,158,20
489,1996,21.2,209,240,20.4,132,14
489,1997,30,197,233,29.5,187,7
489,1998,16.2,202,234,14.7,101,8
489,1999,23,198,240,22.3,143,14
489,2000,15.6,177,215,15.3,97,-11
489,2001,8.4,197,215,7.3,52,-11
489,2002,15.2,180,226,15,95,0
489,2003,17.9,189,239,17.4,112,13
489,2004,15.4,165,211,13.2,96,-15
489,2005,12.3,182,225,12.1,77,-1
489,2006,29.5,203,232,25.8,184,6
489,2007,12.6,163,211,10.8,79,-15
489,2008,18,195,231,17.8,112,5
489,2009,15.9,195,232,15.3,99,6
489,2010,11.1,196,230,10.6,69,4
489,2011,19.6,216,245,17.4,122,19
489,2012,20,184,222,20,125,-4
489,2013,14.8,184,222,14.8,92,-4
489,2014,17.6,190,226,16.9,110,0
489,2015,13.3,134,206,10.2,83,-20
489,2016,17.2,183,215,17.1,107,-11
489,2017,27.8,191,237,27.6,173,11
489,2018,15.7,200,222,15.1,98,-4
489,2019,19.7,191,225,18,123,-1
489,2020,12.6,200,219,11.8,79,-7
489,2021,11.6,179,214,11.4,72,-12
489,2022,12.5,176,237,11.3,78,11
489,2023,21,201,233,20.1,131,7
489,2024,15.4,193,227,14.1,96,1
489,2025,18.3,178,219,17.6,114,-7
489,2026,14.1,168,210,10.7,88,-16
490,1982,32.5,212,257,28.6,156,23
490,1983,29,200,252,28,139,18
490,1984,23.1,214,275,20.2,111,41
490,1985,17,183,244,17,82,10
490,1986,26.3,205,241,23.3,126,7
490,1987,12.9,182,211,12.8,62,-23
490,1988,14.7,193,230,14.2,71,-4
490,1989,20.3,187,222,19.3,97,-12
490,1990,13.1,182,221,12.7,63,-13
490,1991,16.3,227,245,12.1,78,11
490,1992,13.8,183,218,13.7,66,-16
490,1993,26.2,208,237,23.2,126,3
490,1994,10.6,195,220,9.9,51,-14
490,1995,31.6,224,257,28.2,152,23
490,1996,24.2,212,249,22.2,116,15
490,1997,34.6,207,234,32.4,166,0
490,1998,20.9,201,251,18.1,100,17
490,1999,25.4,199,241,24.4,122,7
490,2000,18.8,185,234,18.8,90,0
490,2001,14.1,206,224,12,68,-10
490,2002,17.5,203,238,16.7,84,4
490,2003,23.7,226,240,20.5,114,6
490,2004,16,186,218,15.8,77,-16
490,2005,19,207,241,17.3,91,7
490,2006,37.9,203,233,31.6,182,-1
490,2007,15.9,207,223,15.4,76,-11
490,2008,23.1,211,233,22.5,111,-1
490,2009,20.8,198,235,19.2,100,1
490,2010,17.8,197,251,16.5,85,17
490,2011,26.3,214,257,22.3,126,23
490,2012,22.5,192,227,22.5,108,-7
490,2013,19.6,206,226,17.9,94,-8
490,2014,19.9,191,234,19.2,95,0
490,2015,17.8,178,216,16.9,85,-18
490,2016,23.1,190,226,23,111,-8
490,2017,36.2,215,243,33,174,9
490,2018,23.4,202,232,21.2,112,-2
490,2019,24,199,244,21.1,115,10
490,2020,17.1,200,222,15.8,82,-12
490,2021,15,179,220,14.8,72,-14
490,2022,21.5,227,247,16.8,103,13
490,2023,26.5,206,234,24.9,127,0
490,2024,20.6,195,231,18,99,-3
490,2025,21.2,194,222,21,102,-12
490,2026,18.4,188,221,17.5,88,-13
491,1981,5.9,189,196,5.7,58,-4
491,1982,13.7,183,205,13.7,134,6
491,1983,18.5,199,218,16.3,181,18
491,1984,19.3,195,221,17.6,189,22
491,1985,15.3,187,201,15.3,150,2
491,1986,7,190,204,5.7,69,4
491,1987,14.3,190,206,13.1,140,6
491,1988,8.4,178,198,7.5,82,-2
491,1989,11.7,163,191,9.7,115,-8
491,1990,11.7,192,211,10.5,115,12
491,1991,16.4,181,200,16.1,161,0
491,1992,17.4,188,207,17.4,171,8
491,1993,13.6,190,208,12.9,133,8
491,1994,17.1,194,219,13.7,168,20
491,1995,13.3,166,217,12.7,130,18
491,1996,8.1,184,200,8.1,79,0
491,1997,11.6,197,216,9.9,114,16
491,1998,11.6,202,215,11.1,114,16
491,1999,7.5,173,198,5.9,74,-2
491,2000,10.3,188,204,10,101,4
491,2001,9.3,172,200,8,91,0
491,2002,6.4,165,188,5.2,63,-12
491,2003,14.8,183,210,14.8,145,10
491,2004,7.8,195,210,5.1,76,10
491,2005,15.8,185,218,15.7,155,18
491,2006,6.7,184,195,6.5,66,-4
491,2007,10.3,164,203,8.9,101,4
491,2008,12.7,167,190,8.7,125,-10
491,2009,10.1,167,204,7.5,99,4
491,2010,11.8,182,198,11.6,116,-2
491,2011,8.3,168,184,4.5,81,-16
491,2012,10.1,167,181,2.3,99,-18
491,2013,8.8,164,187,5.9,86,-12
491,2014,6.6,172,184,3.6,65,-16
491,2015,9.7,161,182,3.8,95,-18
491,2016,10.6,152,189,6.8,104,-10
491,2017,9.8,158,195,7.6,96,-4
491,2018,4.3,173,183,2,42,-16
491,2019,14.6,175,199,12.6,143,-0
491,2020,10,167,189,7.5,98,-10
491,2021,8.4,178,188,7.2,82,-12
491,2022,9,175,193,8.4,88,-6
491,2023,13.5,180,199,13.1,132,-0
491,2024,14,180,202,13.4,137,2
491,2025,5.6,172,180,0.9,55,-20
491,2026,4.9,151,167,0,48,-32
492,1981,9,193,200,8.9,97,4
492,1982,16.3,193,215,14.6,176,20
492,1983,21.6,198,217,21.3,234,22
492,1984,12.2,186,206,12.2,132,10
492,1985,10.3,183,195,10.3,111,-0
492,1986,15.6,177,202,13.5,169,6
492,1987,4.8,182,187,4.5,52,-8
492,1988,5.5,163,186,3.1,59,-10
492,1989,11.3,185,197,11.2,122,2
492,1990,7.3,169,185,4.7,79,-10
492,1991,5.6,179,189,5,61,-6
492,1992,6.4,147,173,0,69,-22
492,1993,11.6,169,204,9.2,125,8
492,1994,6.4,167,184,3.3,69,-12
492,1995,12.2,183,200,12.2,132,4
492,1996,10.9,183,209,10.8,118,14
492,1997,14.7,168,208,11.8,159,12
492,1998,10.3,177,206,10,111,10
492,1999,13.4,162,206,11.6,145,10
492,2000,8.8,159,195,8.2,95,-0
492,2001,6,162,178,0,65,-18
492,2002,8.6,174,190,7.1,93,-6
492,2003,9.7,167,195,7.4,105,-0
492,2004,10.6,151,183,4.4,115,-12
492,2005,8.4,187,201,7.8,91,6
492,2006,15.5,185,211,15,168,16
492,2007,7,162,175,0,76,-20
492,2008,11.2,197,217,10.8,121,22
492,2009,9.7,169,201,9.2,105,6
492,2010,8.1,193,202,7.7,88,6
492,2011,11.5,198,217,11.1,124,22
492,2012,8.5,183,194,7.6,92,-2
492,2013,7.1,164,186,4.5,77,-10
492,2014,5.7,164,176,2,62,-20
492,2015,6.3,131,165,0,68,-30
492,2016,9.8,174,193,8.9,106,-2
492,2017,18.3,160,205,14.2,198,10
492,2018,7.2,174,192,6.2,78,-4
492,2019,16.4,185,204,16.2,177,8
492,2020,6.4,190,196,6.4,69,0
492,2021,6.9,165,188,5.8,75,-8
492,2022,8,169,185,4.4,86,-10
492,2023,16.9,190,214,16.2,183,18
492,2024,10.3,168,196,9.4,111,0
492,2025,9.6,175,191,6.3,104,-4
492,2026,5.7,153,169,0,62,-26
493,1982,18.3,183,220,18.3,207,24
493,1983,13,199,220,12.2,147,24
493,1984,14.1,190,224,14.1,159,28
493,1985,13.3,175,199,12.9,150,3
493,1986,21.8,173,206,16.3,246,10
493,1987,5,156,191,4.9,56,-5
493,1988,11.2,182,198,11,127,2
493,1989,12.4,160,198,11,140,2
493,1990,7.6,169,185,5.1,86,-11
493,1991,7.9,180,189,6.6,89,-7
493,1992,5.2,153,181,0.1,59,-15
493,1993,11.3,169,210,9.2,128,14
493,1994,6.6,179,196,6,75,0
493,1995,8.8,161,189,7.5,99,-7
493,1996,12.1,172,199,11.3,137,3
493,1997,13.2,168,210,12.4,149,14
493,1998,9.8,171,206,9,111,10
493,1999,12,166,207,11.4,136,11
493,2000,9.7,175,194,8.5,110,-2
493,2001,5.5,171,178,1.8,62,-18
493,2002,7.9,172,189,6.8,89,-7
493,2003,8,159,194,6.6,90,-2
493,2004,8.8,167,184,3.7,99,-12
493,2005,8.9,188,200,8.7,101,4
493,2006,12.8,180,201,12.1,145,5
493,2007,7,163,178,3.2,79,-18
493,2008,10.6,196,213,10.5,120,17
493,2009,8.2,188,205,7.8,93,9
493,2010,8.2,188,202,6.5,93,6
493,2011,14.6,193,221,14.4,165,25
493,2012,8.2,164,184,4.1,93,-12
493,2013,5.4,178,186,4.1,61,-10
493,2014,12.8,158,202,12.6,145,6
493,2015,7.6,143,180,1.1,86,-16
493,2016,10.5,183,195,10.4,119,-1
493,2017,16,160,196,10.3,181,0
493,2018,5.3,178,192,4.9,60,-4
493,2019,11.4,177,204,10.9,129,8
493,2020,11.9,189,207,11.1,134,11
493,2021,7.5,167,191,7.1,85,-5
493,2022,7.2,176,191,4.7,81,-5
493,2023,16.8,192,220,15.8,190,24
493,2024,12.2,186,200,11.8,138,4
493,2025,9.6,177,196,9,108,0
493,2026,6.3,154,170,0,71,-26
494,1981,4.3,150,166,1.8,42,-19
494,1982,14.4,192,208,13.7,139,23
494,1983,15,151,203,13.3,145,18
494,1984,14.1,188,206,14,136,21
494,1985,12.3,169,190,11.6,119,5
494,1986,11.4,146,178,1.7,110,-7
494,1987,8.1,154,183,3.8,78,-2
494,1988,7.4,148,171,2.2,71,-14
494,1989,15.1,158,192,12,146,7
494,1990,8.6,166,173,0,83,-12
494,1991,4.7,137,152,1.4,45,-33
494,1992,6.6,146,153,0,64,-32
494,1993,13.7,155,190,8,132,5
494,1994,7.9,151,167,0,76,-18
494,1995,7.9,124,183,3.3,76,-2
494,1996,7.2,153,171,2.1,70,-14
494,1997,10.7,154,177,3.4,103,-8
494,1998,10.9,160,182,4.9,105,-3
494,1999,16.5,166,200,13.5,159,15
494,2000,13.2,173,187,9.3,128,2
494,2001,7.5,157,174,0.4,72,-11
494,2002,13,173,187,9.5,126,2
494,2003,5.8,160,170,0,56,-15
494,2004,11.4,158,172,0,110,-13
494,2005,6.1,147,161,0.2,59,-24
494,2006,19.6,171,196,15.3,189,11
494,2007,8.7,153,171,0,84,-14
494,2008,14.3,158,210,13.9,138,25
494,2009,11.3,186,199,10.7,109,14
494,2010,8.6,151,198,6.1,83,13
494,2011,13.1,181,213,12.3,127,28
494,2012,10,175,195,8.8,97,10
494,2013,9.3,159,183,4.2,90,-2
494,2014,9.2,147,175,4.2,89,-10
494,2015,6.4,128,163,0.2,62,-22
494,2016,13.7,170,189,10,132,4
494,2017,16.6,160,199,12.6,160,14
494,2018,7.2,160,188,4.4,70,3
494,2019,16.2,167,202,13.6,157,17
494,2020,12.5,154,198,10.7,121,13
494,2021,14.8,163,193,12.6,143,8
494,2022,9.7,162,182,4.4,94,-3
494,2023,17.4,188,213,16.2,168,28
494,2024,11,167,196,9.1,106,11
494,2025,17.8,174,197,15.3,172,12
494,2026,2.7,153,166,0,26,-19
495,1981,10.8,191,203,10.5,126,19
495,1982,16.3,187,201,16.3,191,17
495,1983,18.1,198,217,15.8,212,33
495,1984,26.5,197,225,24,310,41
495,1985,9.9,184,191,9.9,116,7
495,1986,7.9,139,151,0,92,-33
495,1987,9.5,185,195,9.5,111,11
495,1988,15.3,173,195,14.2,179,11
495,1989,10.4,157,180,2.7,122,-4
495,1990,10.9,169,186,7.5,127,2
495,1991,9,181,192,8,105,8
495,1992,5.9,176,185,3.8,69,1
495,1993,7.9,168,177,4.6,92,-7
495,1994,6.8,152,174,1.9,80,-10
495,1995,5,160,171,2.3,58,-13
495,1996,7.4,163,190,5.4,87,6
495,1997,9.5,160,178,3.2,111,-6
495,1998,9.6,172,206,7.2,112,22
495,1999,6.9,165,176,0,81,-8
495,2000,8.8,175,189,7.2,103,5
495,2001,9.1,170,184,5,106,0
495,2002,8.3,171,183,4,97,-1
495,2003,12.6,190,204,12.1,147,20
495,2004,9.5,160,173,0,111,-11
495,2005,9.2,183,199,9.2,108,15
495,2006,9.5,174,193,8.5,111,9
495,2007,7.8,158,168,0,91,-16
495,2008,13.8,172,203,11.1,161,19
495,2009,7.5,187,203,6.1,88,19
495,2010,9.8,167,199,7.8,115,15
495,2011,10.9,161,199,9.9,127,15
495,2012,10,162,177,0.4,117,-7
495,2013,7.7,164,181,2.6,90,-3
495,2014,5.9,168,177,3.3,69,-7
495,2015,6.4,127,168,0,75,-16
495,2016,10,133,174,5.6,117,-10
495,2017,7.7,158,167,1.4,90,-17
495,2018,7.3,159,184,3.9,85,0
495,2019,12.5,173,201,11.4,146,17
495,2020,5.5,155,190,4.2,64,6
495,2021,6.2,178,187,4.9,73,3
495,2022,7.4,174,186,4.8,87,2
495,2023,11.3,189,204,10.8,132,20
495,2024,9.7,170,200,9.2,113,16
495,2025,5.3,172,179,2,62,-5
495,2026,2.3,147,150,0,27,-34
496,1981,7.4,155,194,4.7,55,-5
496,1982,24.8,197,216,21.8,186,17
496,1983,24.3,189,217,23.6,182,18
496,1984,19.6,183,221,19.3,147,22
496,1985,18.6,182,199,17.8,139,0
496,1986,19.5,172,202,16.6,146,3
496,1987,8.1,176,185,5.3,61,-14
496,1988,12,186,197,11.8,90,-2
496,1989,16.1,187,202,15.3,121,3
496,1990,10,170,187,7.5,75,-12
496,1991,9.5,183,205,9.5,71,6
496,1992,6.7,147,165,0,50,-34
496,1993,14.6,173,208,11.9,109,9
496,1994,13.4,178,199,12,100,0
496,1995,15.7,159,199,13.2,118,0
496,1996,13.2,167,194,11.8,99,-5
496,1997,19.3,168,205,15.9,145,6
496,1998,14.4,162,204,12.2,108,5
496,1999,19.9,166,206,17.7,149,7
496,2000,15.7,173,196,13.9,118,-3
496,2001,6.7,161,180,2.4,50,-19
496,2002,13.4,173,195,11.7,100,-4
496,2003,9.8,168,199,8.2,73,0
496,2004,13.6,160,185,7,102,-14
496,2005,5.7,156,193,5,43,-6
496,2006,16.5,173,205,15.6,124,6
496,2007,11,155,178,3.9,82,-21
496,2008,16.9,194,218,16.6,127,19
496,2009,11.7,186,202,11.6,88,3
496,2010,10.4,191,203,9.9,78,4
496,2011,12.4,182,218,12.3,93,19
496,2012,14.8,173,195,11.1,111,-4
496,2013,5.8,159,181,1.1,43,-18
496,2014,13.3,188,201,12.9,100,2
496,2015,9.3,129,168,0,70,-31
496,2016,14.3,153,193,11.7,107,-6
496,2017,19.2,160,199,13.5,144,0
496,2018,10.3,178,201,9.1,77,2
496,2019,16.8,173,204,15.3,126,5
496,2020,12.8,188,205,12.3,96,6
496,2021,12.7,156,192,10.9,95,-7
496,2022,9.3,169,181,3.6,70,-18
496,2023,17.5,189,213,16.6,131,14
496,2024,14.1,182,199,13.7,106,0
496,2025,19.9,175,198,17.3,149,-1
496,2026,4.9,148,171,0,37,-28
497,1988,15.3,190,218,14.2,93,0
497,1989,23.1,188,220,22.5,141,2
497,1990,14.5,170,203,14.3,88,-15
497,1991,12.1,182,224,12,74,6
497,1992,9.1,180,198,8.5,55,-20
497,1993,20.6,196,229,19.7,126,11
497,1994,13.5,193,207,12.7,82,-11
497,1995,16.7,182,222,16.6,102,4
497,1996,23.2,184,239,23.2,141,21
497,1997,29.3,196,231,29.1,179,13
497,1998,16.9,181,221,16.8,103,3
497,1999,22.4,198,233,21.7,137,15
497,2000,16,175,207,15,98,-11
497,2001,11.5,191,216,10.9,70,-2
497,2002,13,172,213,12.6,79,-5
497,2003,15.2,178,208,14.9,93,-10
497,2004,16.1,162,208,13.9,98,-10
497,2005,13.2,184,214,13.1,80,-4
497,2006,21.5,189,218,21.1,131,0
497,2007,11.5,165,209,9.9,70,-9
497,2008,19.6,192,231,19.2,120,13
497,2009,17.6,197,223,16.6,107,5
497,2010,10,196,211,8.8,61,-7
497,2011,26.3,208,244,22.9,160,26
497,2012,15.7,173,206,13.5,96,-12
497,2013,12.1,202,218,11.6,74,0
497,2014,24.3,191,229,23.9,148,11
497,2015,15.2,148,208,14.1,93,-10
497,2016,14.6,181,207,14,89,-11
497,2017,30.1,164,224,26.7,184,6
497,2018,18.8,188,217,17.9,115,-1
497,2019,18.9,186,221,18.6,115,3
497,2020,19,202,223,17.4,116,5
497,2021,15.6,185,213,15.4,95,-5
497,2022,12.5,200,218,9.5,76,0
497,2023,19.8,193,221,18.6,121,3
497,2024,15.8,187,213,15.7,96,-5
497,2025,18.6,176,214,18,113,-4
497,2026,13.4,164,190,7.8,82,-28
498,1981,14.3,197,213,13.3,66,-12
498,1982,47.6,206,238,41.8,220,14
498,1983,55,198,242,49.2,255,18
498,1984,61.5,225,271,53.3,285,46
498,1985,34.3,189,230,33.1,159,6
498,1986,38.9,203,244,33,180,20
498,1987,17.2,184,211,17.2,80,-14
498,1988,12.2,171,213,12,56,-12
498,1989,40.1,192,235,38.5,186,10
498,1990,12.4,173,198,11.5,57,-26
498,1991,19.4,234,251,13.4,90,26
498,1992,10.7,182,202,10.3,50,-22
498,1993,33,202,225,30.4,153,0
498,1994,9.8,168,203,8.8,45,-22
498,1995,47.5,231,256,34.2,220,32
498,1996,32.6,210,239,29.5,151,14
498,1997,30.6,215,229,27.1,142,4
498,1998,34.5,202,252,30.9,160,28
498,1999,26.5,217,239,22.8,123,14
498,2000,22.9,182,214,22.4,106,-10
498,2001,13.4,197,216,11.4,62,-8
498,2002,23.8,179,219,23.3,110,-6
498,2003,21.8,223,235,16.1,101,10
498,2004,25,160,211,19.7,116,-14
498,2005,20.4,193,238,20.1,94,14
498,2006,36.9,202,229,26.9,171,4
498,2007,13.7,163,213,12.4,63,-12
498,2008,21.4,198,229,19.9,99,4
498,2009,15.7,200,224,13.2,73,-0
498,2010,15.8,196,232,14.2,73,8
498,2011,37.9,216,261,32.5,175,36
498,2012,13.6,192,208,13.2,63,-16
498,2013,16.5,176,211,15.5,76,-14
498,2014,13.9,189,215,13.2,64,-10
498,2015,10.4,165,201,6.7,48,-24
498,2016,25.3,182,221,25,117,-4
498,2017,36.3,213,238,35,168,14
498,2018,14.9,191,216,14.6,69,-8
498,2019,32.7,199,227,30.2,151,2
498,2020,19.2,195,213,18.6,89,-12
498,2021,20.7,182,216,20.6,96,-8
498,2022,15.4,205,230,13.8,71,6
498,2023,38.1,191,236,35.1,176,12
498,2024,30.1,193,229,28,139,4
498,2025,30.2,188,219,29.6,140,-6
498,2026,6.7,161,173,0.6,31,-52
499,1981,26,193,217,23.3,76,-16
499,1982,57.6,207,248,53.3,169,16
499,1983,42.6,232,248,40.5,125,16
499,1984,36.8,224,246,33.9,108,14
499,1985,31.4,184,227,31.4,92,-6
499,1986,41.9,174,245,39.7,123,12
499,1987,18.6,188,208,18.6,54,-24
499,1988,28.5,189,230,28.3,83,-2
499,1989,42.3,190,236,41.1,124,4
499,1990,27.8,182,223,27.4,81,-10
499,1991,32,200,241,29.5,94,8
499,1992,22.8,180,215,21.6,67,-18
499,1993,38.1,208,237,31.8,112,4
499,1994,26.4,194,220,24.7,77,-12
499,1995,39.5,183,243,39.5,116,10
499,1996,39.4,190,245,37.9,115,12
499,1997,49.1,199,236,46.1,144,4
499,1998,33.2,202,239,30.8,97,6
499,1999,44.1,199,246,43.1,129,14
499,2000,32.5,187,218,32.5,95,-14
499,2001,23.6,198,221,20.6,69,-12
499,2002,28.6,181,230,28.3,84,-2
499,2003,32.5,193,236,31.5,95,4
499,2004,35.3,174,218,34.3,103,-14
499,2005,25.8,194,226,24.7,76,-6
499,2006,40.4,204,230,38.3,118,-2
499,2007,26.8,187,221,25.8,78,-12
499,2008,40.3,210,247,37.4,118,14
499,2009,35.2,199,234,31.9,103,2
499,2010,23.7,197,241,20.2,69,8
499,2011,49.5,215,256,40.4,145,24
499,2012,33.7,183,228,33.3,99,-4
499,2013,29.4,207,223,27.1,86,-10
499,2014,43,193,236,41.2,126,4
499,2015,25.4,196,217,23.7,74,-16
499,2016,30.5,188,221,30.4,89,-12
499,2017,39.9,215,237,35.3,117,4
499,2018,34.6,197,227,31.3,101,-6
499,2019,35.9,199,233,32.7,105,0
499,2020,34.8,194,232,32.4,102,-0
499,2021,28.9,180,225,28.6,85,-8
499,2022,24.3,205,239,20.7,71,6
499,2023,38.1,208,234,34.6,112,2
499,2024,28.8,194,232,28.5,84,-0
499,2025,32.2,192,224,31.5,94,-8
499,2026,18.4,167,219,12.6,54,-14
500,1981,9.4,196,208,8.1,60,-6
500,1982,19.1,167,223,17.9,122,9
500,1983,17.2,166,221,16.7,110,7
500,1984,11.6,185,205,11.6,74,-9
500,1985,18.6,183,216,18.6,119,2
500,1986,11.2,147,191,8.9,72,-23
500,1987,14.2,181,206,13.5,91,-8
500,1988,12.7,184,201,12.7,81,-13
500,1989,20,188,211,18.8,128,-3
500,1990,14.8,177,200,13.4,95,-14
500,1991,18.2,180,215,17.8,116,1
500,1992,13.5,152,194,8.9,86,-20
500,1993,11.9,173,196,9.4,76,-18
500,1994,14.9,177,204,13.2,95,-10
500,1995,13.4,180,208,12.2,86,-6
500,1996,15.6,187,223,15.4,100,9
500,1997,25.9,170,222,24.7,165,8
500,1998,13.6,173,207,12.8,87,-7
500,1999,16.9,191,216,16.4,108,2
500,2000,16.4,177,213,16,105,-1
500,2001,11.4,197,216,9.6,73,2
500,2002,17.9,186,225,17.5,114,11
500,2003,16.4,189,217,15.2,105,3
500,2004,17.8,160,197,14.4,114,-17
500,2005,9,185,205,8.9,58,-9
500,2006,17.3,168,207,16.8,111,-7
500,2007,13.9,157,205,9.5,89,-9
500,2008,18.9,209,230,18.8,121,16
500,2009,14.9,187,215,14.4,95,1
500,2010,11.4,196,206,10.7,73,-8
500,2011,25.3,216,234,21.1,162,20
500,2012,18.5,185,222,18.3,118,8
500,2013,15.4,178,218,14.3,98,4
500,2014,22.1,188,221,21.9,141,7
500,2015,10.7,133,192,6.2,68,-22
500,2016,12.1,181,200,11.8,77,-14
500,2017,15.7,167,217,14.5,100,3
500,2018,25.2,201,220,22.1,161,6
500,2019,13.1,171,207,11.1,84,-7
500,2020,17.4,190,212,17,111,-2
500,2021,11.9,182,209,11.7,76,-5
500,2022,16.4,170,219,14.4,105,5
500,2023,14.6,188,210,14.3,93,-4
500,2024,13.2,182,207,13,84,-7
500,2025,17.2,175,211,15.5,110,-3
500,2026,7.7,168,190,5.8,49,-24
501,1992,0,366,366,,0,137
501,1993,11.5,222,229,7.4,116,0
501,1994,12.9,199,221,11.5,130,-8
501,1995,17.7,226,248,10.1,179,19
501,1996,12,215,231,9,121,2
501,1997,13.8,198,229,12.4,139,0
501,1998,12.8,204,231,8.9,129,2
501,1999,11.6,209,236,8.3,117,7
501,2000,8.1,192,218,7.8,82,-11
501,2001,7.6,199,218,6.2,77,-11
501,2002,7.1,188,231,7.1,72,2
501,2003,7.2,191,212,7,73,-17
501,2004,9.4,174,220,8.7,95,-9
501,2005,6.9,196,232,6.8,70,3
501,2006,9.9,190,220,9.8,100,-9
501,2007,8.1,194,216,7.7,82,-13
501,2008,12.2,216,246,10.2,123,17
501,2009,10.5,194,230,9.6,106,1
501,2010,12.2,226,242,8.6,123,13
501,2011,15.1,234,249,9.2,153,20
501,2012,8.5,176,209,7.3,86,-20
501,2013,8.3,211,225,7.1,84,-4
501,2014,13.7,201,234,13.2,138,5
501,2015,7.9,178,216,7.6,80,-13
501,2016,9.4,214,233,8,95,4
501,2017,11.4,216,226,6.7,115,-3
501,2018,8.3,202,221,7.6,84,-8
501,2019,8.5,201,228,8,86,-1
501,2020,10.1,204,226,9.7,102,-3
501,2021,8.3,210,229,7.5,84,0
501,2022,10.1,217,230,5.8,102,1
501,2023,11.1,190,217,9.9,112,-12
501,2024,8.1,194,227,5,82,-2
501,2025,8.4,189,216,8.2,85,-13
501,2026,4.2,171,177,0,42,-52
502,1983,35.2,200,243,34.2,140,10
502,1984,21.8,222,247,18.3,87,14
502,1985,13.5,197,231,13.2,54,-2
502,1986,18.5,228,240,17.1,74,7
502,1987,20.8,197,221,20.3,83,-12
502,1988,23.1,196,234,22,92,1
502,1989,25.6,188,233,24.3,102,0
502,1990,16.7,181,226,16.5,66,-7
502,1991,19.4,192,234,18.1,77,1
502,1992,16.5,198,219,16,66,-14
502,1993,21.7,204,228,19.9,86,-5
502,1994,18.8,198,221,18.3,75,-12
502,1995,30.5,220,242,26.6,121,9
502,1996,21.6,184,241,21.6,86,8
502,1997,43.3,216,242,41.7,172,9
502,1998,26.1,197,236,24.9,104,3
502,1999,43.2,190,244,42.3,172,11
502,2000,24.8,185,233,24.4,99,0
502,2001,15,204,226,12.8,60,-7
502,2002,26.9,174,239,26.3,107,6
502,2003,22.6,188,241,22.5,90,8
502,2004,23.7,184,222,23.7,94,-11
502,2005,10.3,198,216,9.8,41,-17
502,2006,36.5,202,233,32.6,145,0
502,2007,25.8,163,224,23.6,103,-9
502,2008,29.8,210,236,28.9,118,3
502,2009,28.1,221,242,26,112,9
502,2010,26.9,198,246,22.2,107,13
502,2011,30.6,222,255,25.6,122,22
502,2012,39.7,203,239,38.1,158,6
502,2013,25.5,203,224,24.2,101,-9
502,2014,23.4,181,231,23.1,93,-2
502,2015,8.9,177,204,7.9,35,-29
502,2016,31.1,184,216,31.1,124,-17
502,2017,27.4,215,234,24.7,109,1
502,2018,22,202,221,20.9,87,-12
502,2019,24.2,197,222,22.8,96,-11
502,2020,22.6,188,222,22.2,90,-11
502,2021,28.4,196,219,26.9,113,-14
502,2022,22.3,204,244,15.8,89,11
502,2023,30.3,205,227,26.7,120,-6
502,2024,22,184,227,22,87,-6
502,2025,28.2,189,218,27.4,112,-15
502,2026,19.6,167,213,17,78,-20
503,1981,8,188,198,7.7,51,-8
503,1982,20.3,192,219,20,130,14
503,1983,27.2,216,238,24.3,174,32
503,1984,41.3,197,237,38.8,265,32
503,1985,15.9,175,194,15.5,102,-12
503,1986,19.5,169,213,13.7,125,8
503,1987,12,182,199,11.3,77,-6
503,1988,13.1,144,191,10.4,84,-14
503,1989,17.8,157,195,16.6,114,-10
503,1990,11.3,170,183,5.4,72,-22
503,1991,9.7,181,206,9,62,0
503,1992,10.3,162,187,7.6,66,-18
503,1993,18.9,170,206,13.9,121,0
503,1994,9.1,153,185,5.3,58,-20
503,1995,13.8,124,231,12.4,88,26
503,1996,20.2,189,213,19.9,129,8
503,1997,21.3,162,202,14.3,137,-4
503,1998,22,200,214,18.9,141,8
503,1999,14.8,193,227,10.7,95,22
503,2000,15.4,174,193,14.3,99,-12
503,2001,12.3,168,210,7.6,79,4
503,2002,16.1,178,191,13.6,103,-14
503,2003,13,223,230,8.6,83,24
503,2004,17.8,161,181,6.8,114,-24
503,2005,19.3,209,235,18,124,30
503,2006,27.5,192,215,25.1,176,10
503,2007,12,156,175,6.5,77,-30
503,2008,18.3,175,212,17,117,6
503,2009,15.8,200,214,12.1,101,8
503,2010,16.6,196,219,14.2,106,14
503,2011,21.2,215,235,19.5,136,30
503,2012,7.7,173,184,3.5,49,-22
503,2013,13.6,162,183,6.8,87,-22
503,2014,14.8,165,200,13.5,95,-6
503,2015,8.7,128,168,0,56,-38
503,2016,18,134,195,17.7,115,-10
503,2017,22.9,162,205,17.2,147,-0
503,2018,11.2,178,193,9.7,72,-12
503,2019,26.8,198,217,23.1,172,12
503,2020,10.4,155,192,7.3,67,-14
503,2021,12.5,181,193,11.9,80,-12
503,2022,9.1,172,180,3.5,58,-26
503,2023,37,189,224,34.1,237,18
503,2024,24,184,204,24,154,-2
503,2025,19.7,175,198,17.2,126,-8
503,2026,4.9,149,164,0.4,31,-42
504,1981,6.7,70,77,0,38,-124
504,1982,20.3,135,209,14.4,114,8
504,1983,23.5,145,190,12.4,132,-12
504,1984,18.8,167,208,15.4,106,6
504,1985,35.5,181,211,33.6,200,10
504,1986,30.7,145,190,17.3,173,-12
504,1987,17.1,152,190,12.6,96,-12
504,1988,15.7,184,199,15.7,88,-2
504,1989,27.4,187,202,25.8,154,0
504,1990,19.7,166,192,14.9,111,-10
504,1991,10,103,140,7.1,56,-62
504,1992,4.3,115,127,0,24,-74
504,1993,29.9,169,204,23.6,168,2
504,1994,17.2,177,198,15.3,97,-4
504,1995,17.5,141,188,12.4,99,-14
504,1996,21.5,130,200,18.7,121,-2
504,1997,30.4,161,221,25.8,171,20
504,1998,19.4,162,205,16.4,109,4
504,1999,26.1,196,221,26.1,147,20
504,2000,25.9,175,200,22.9,146,-2
504,2001,17,160,204,13,96,2
504,2002,27.8,171,208,26.7,157,6
504,2003,7.2,160,174,2,41,-28
504,2004,28,158,197,22.4,158,-4
504,2005,6,109,115,2.3,34,-86
504,2006,28.9,176,209,26.9,163,8
504,2007,19.1,155,189,11.4,108,-12
504,2008,36.4,194,230,35.1,205,28
504,2009,24.9,187,218,23.9,140,16
504,2010,13.9,192,210,10.2,78,8
504,2011,16.7,181,225,14.1,94,24
504,2012,19.2,191,210,18.3,108,8
504,2013,12,151,194,10.2,68,-8
504,2014,9.2,154,188,5.7,52,-14
504,2015,1.7,108,116,0,10,-86
504,2016,18,129,201,16.6,101,-0
504,2017,24.8,160,211,19.9,140,10
504,2018,8.8,178,198,8,50,-4
504,2019,16.7,180,202,16.4,94,0
504,2020,12.6,189,206,12,71,4
504,2021,17.4,183,211,17.4,98,10
504,2022,17.8,145,226,12.2,100,24
504,2023,22.2,183,209,22.2,125,8
504,2024,17.2,165,209,15.5,97,8
504,2025,18.2,174,200,14.5,103,-2
504,2026,4.2,149,160,0,24,-42
505,1981,9.8,194,211,8.7,50,-24
505,1982,22,195,251,15.9,112,16
505,1983,26.5,236,262,18.8,135,28
505,1984,28.9,223,242,22,147,8
505,1985,17.8,194,236,15.3,91,2
505,1986,23.1,213,238,20.3,118,4
505,1987,13.3,204,211,12,68,-24
505,1988,16.8,210,231,16.6,85,-4
505,1989,14.4,198,233,12.4,73,-2
505,1990,16.7,199,240,14.5,85,6
505,1991,13,221,237,11.6,66,2
505,1992,13,193,220,11.8,66,-14
505,1993,24.3,208,241,20.2,124,6
505,1994,18.4,197,227,16.1,94,-8
505,1995,24,244,262,16.5,122,28
505,1996,29.5,216,233,27.7,150,-2
505,1997,23.9,217,244,20.5,122,10
505,1998,18.8,204,230,16.4,96,-4
505,1999,19.5,219,242,15.9,99,8
505,2000,17,188,220,16.3,87,-14
505,2001,16.5,199,226,15.4,84,-8
505,2002,9.8,181,202,9.6,50,-32
505,2003,23.4,207,236,20.1,119,2
505,2004,12.7,197,219,11.2,65,-16
505,2005,12.8,195,232,12.2,65,-2
505,2006,21.6,186,226,21.3,110,-8
505,2007,20.6,202,229,17.8,105,-6
505,2008,23,196,240,20.5,117,6
505,2009,21.6,202,230,18.5,110,-4
505,2010,12.8,191,236,11.8,65,2
505,2011,31.8,217,253,25.9,162,18
505,2012,11.9,174,208,10.2,61,-26
505,2013,18.4,206,238,12.9,94,4
505,2014,25.8,191,242,24.3,131,8
505,2015,16.6,236,249,15.7,84,14
505,2016,19.8,215,239,18.2,101,4
505,2017,22.1,189,243,21.6,112,8
505,2018,18.7,204,227,15.1,95,-8
505,2019,23.4,214,252,22.3,119,18
505,2020,20.6,210,230,17.6,105,-4
505,2021,14,211,238,13.4,71,4
505,2022,17.4,201,228,14.9,89,-6
505,2023,19.1,211,236,16.7,97,2
505,2024,18.7,226,244,16.6,95,10
505,2025,21.3,192,243,19.8,108,8
505,2026,10.2,170,204,7.1,52,-30
506,1981,9.4,194,212,9,69,-19
506,1982,23,204,237,20.1,169,6
506,1983,17.1,234,261,13.3,126,30
506,1984,14.8,220,237,14,109,6
506,1985,11.7,189,217,11.5,86,-14
506,1986,24.1,223,243,20.6,177,12
506,1987,9.9,205,214,8.7,73,-17
506,1988,10.3,194,227,9.6,76,-4
506,1989,15,189,222,14.6,110,-9
506,1990,12.5,197,234,11.8,92,3
506,1991,15.3,220,236,13.2,112,5
506,1992,9.5,194,214,9.1,70,-17
506,1993,15.9,219,235,13.1,117,4
506,1994,10.6,195,224,9.9,78,-7
506,1995,18.2,222,245,14.6,134,14
506,1996,20.5,217,242,18.6,151,11
506,1997,23.4,216,235,22.5,172,4
506,1998,16.6,203,237,14.6,122,6
506,1999,17.1,212,242,16,126,11
506,2000,11.7,198,217,11.1,86,-14
506,2001,11.1,204,222,9.7,82,-9
506,2002,13.9,205,231,13,102,0
506,2003,13.3,192,229,13.2,98,-2
506,2004,9.9,185,218,9.8,73,-13
506,2005,11.6,205,232,10.5,85,1
506,2006,13.3,200,225,12.5,98,-6
506,2007,11,205,222,9.5,81,-9
506,2008,14.2,216,234,13.2,104,3
506,2009,15.8,199,231,14.6,116,0
506,2010,9.1,225,239,7.5,67,8
506,2011,20.8,223,250,14.8,153,19
506,2012,9.8,175,207,9.1,72,-24
506,2013,12.2,207,224,9.6,90,-7
506,2014,14.9,210,235,14.8,110,4
506,2015,10.6,156,217,9.1,78,-14
506,2016,11.3,203,223,11.3,83,-8
506,2017,21.7,211,237,19.4,160,6
506,2018,17.5,198,228,15.3,129,-3
506,2019,9.7,193,222,8.6,71,-9
506,2020,14.4,211,231,12.3,106,0
506,2021,9.7,203,222,9.6,71,-9
506,2022,12.2,213,229,10,90,-2
506,2023,13,209,227,12.1,96,-4
506,2024,12.2,194,229,11.9,90,-2
506,2025,13.1,183,222,13.1,96,-9
506,2026,12.1,169,196,8.6,89,-35
507,1983,32,208,233,29.3,159,16
507,1984,20.1,197,229,17.8,100,12
507,1985,16.3,181,199,16.1,81,-18
507,1986,19.3,148,204,17.5,96,-12
507,1987,21.5,184,208,21.3,107,-8
507,1988,18.1,193,200,18,90,-16
507,1989,23.8,188,214,22.8,118,-2
507,1990,16.7,162,194,15.4,83,-22
507,1991,13.7,181,213,12.6,68,-4
507,1992,18.7,160,198,13.2,93,-18
507,1993,13.5,172,218,12.1,67,2
507,1994,17.2,173,203,15.5,85,-14
507,1995,25.2,180,228,24.3,125,12
507,1996,19.6,159,221,18,97,4
507,1997,29.2,170,225,27.8,145,8
507,1998,20.7,198,215,20.1,103,-2
507,1999,34.9,192,236,34.2,173,20
507,2000,21.4,177,211,20.5,106,-6
507,2001,15.5,196,220,12.3,77,4
507,2002,23.4,174,226,22.6,116,10
507,2003,22.6,179,225,21,112,8
507,2004,17.6,160,210,16.9,87,-6
507,2005,8.3,199,209,7.4,41,-8
507,2006,29.8,187,223,28.6,148,6
507,2007,23,163,209,20.3,114,-8
507,2008,20.9,193,229,20.8,104,12
507,2009,18,185,230,17.5,89,14
507,2010,20,193,226,17.3,99,10
507,2011,23.8,200,240,21.9,118,24
507,2012,27.2,190,227,26.4,135,10
507,2013,16.8,162,194,12.6,83,-22
507,2014,19.1,182,200,18.9,95,-16
507,2015,8.1,155,171,0,40,-46
507,2016,23.8,174,201,22.5,118,-16
507,2017,20.3,181,218,20.2,101,2
507,2018,20.3,175,211,19.5,101,-6
507,2019,16.1,158,205,14.9,80,-12
507,2020,16.9,188,204,16.2,84,-12
507,2021,21.1,183,203,21.1,105,-14
507,2022,11.9,204,222,7.5,59,6
507,2023,20.5,203,214,17.7,102,-2
507,2024,15.1,164,204,14.2,75,-12
507,2025,18.3,173,204,15,91,-12
507,2026,9.2,167,171,0.5,46,-46
508,1981,8,186,201,7.9,47,6
508,1982,25.6,193,217,23,149,22
508,1983,39.9,219,243,37.3,233,48
508,1984,18.1,177,221,16.3,106,26
508,1985,13.7,186,195,13.7,80,0
508,1986,26.4,172,205,21.8,154,10
508,1987,8.6,180,193,8.2,50,-2
508,1988,7.5,165,176,0,44,-18
508,1989,16.9,178,193,15.3,99,-2
508,1990,9.1,164,179,3.1,53,-16
508,1991,11.3,181,211,10.9,66,16
508,1992,6.5,144,191,5.1,38,-4
508,1993,29.7,159,213,26.9,173,18
508,1994,10.7,159,182,3.6,62,-12
508,1995,31.6,180,241,31.2,184,46
508,1996,22.6,167,211,20.6,132,16
508,1997,22.2,154,196,13.6,129,2
508,1998,26,199,234,24.1,152,40
508,1999,29.5,196,225,25.6,172,30
508,2000,15.4,164,190,10.6,90,-4
508,2001,9.8,157,182,3.9,57,-12
508,2002,16.3,176,190,13.7,95,-4
508,2003,17.1,154,183,8.5,100,-12
508,2004,17.5,156,183,7.9,102,-12
508,2005,22.2,194,218,21.7,129,24
508,2006,28.8,201,220,27.7,168,26
508,2007,10.1,156,173,2.6,59,-22
508,2008,19.3,151,193,13.3,113,-2
508,2009,14.2,167,200,11,83,6
508,2010,17.2,190,221,15.3,100,26
508,2011,34.5,179,219,33.9,201,24
508,2012,7.3,184,203,7.3,43,8
508,2013,10.4,163,178,1.6,61,-16
508,2014,6.6,157,172,2.6,38,-22
508,2015,3.3,133,141,0,19,-54
508,2016,18.7,132,190,13.6,109,-4
508,2017,39.5,162,222,36,230,28
508,2018,10.1,179,190,9.2,59,-4
508,2019,28.9,185,211,28.6,169,16
508,2020,10,135,164,7.3,58,-30
508,2021,16,168,188,11.3,93,-6
508,2022,13.8,124,166,0,80,-28
508,2023,50,191,228,49.2,292,34
508,2024,19.8,191,204,19.4,115,10
508,2025,15.9,186,198,15.1,93,4
508,2026,14.1,146,162,0,82,-32
509,1986,18.8,178,215,15.9,163,7
509,1987,8.7,186,199,8.7,76,-9
509,1988,5.9,123,214,,51,6
509,1989,11.2,187,199,10.9,97,-9
509,1990,9.4,159,189,7.8,82,-19
509,1991,10.2,182,207,9.6,89,-1
509,1992,7.6,178,189,6.1,66,-19
509,1993,13.4,174,215,11.4,117,7
509,1994,10.4,179,203,10.1,90,-5
509,1995,10.7,183,210,10.7,93,2
509,1996,15.2,180,217,14.7,132,9
509,1997,17.3,170,221,15.8,150,13
509,1998,11,192,212,10.8,96,4
509,1999,14.7,194,224,13.4,128,16
509,2000,12.1,179,206,11.7,105,-2
509,2001,8.8,173,207,7.5,77,-1
509,2002,10.6,178,196,10,92,-12
509,2003,12,190,202,11.9,104,-6
509,2004,9.7,163,188,6.2,84,-20
509,2005,12.5,189,209,12.5,109,1
509,2006,16,185,211,16,139,3
509,2007,8.8,163,199,7.5,77,-9
509,2008,13.6,196,220,12.6,118,12
509,2009,13.1,199,214,11,114,6
509,2010,9.2,197,207,7.3,80,-1
509,2011,17.8,214,226,17.4,155,18
509,2012,10.1,164,193,7.2,88,-15
509,2013,8.7,180,211,7.8,76,3
509,2014,17.1,189,214,16.6,149,6
509,2015,9.3,164,196,7.1,81,-12
509,2016,12.4,184,205,12.4,108,-3
509,2017,17.4,164,216,14.3,151,8
509,2018,9.4,186,206,9.2,82,-2
509,2019,11,185,207,10.7,96,-1
509,2020,13,187,210,12.7,113,2
509,2021,10.3,183,205,10.3,90,-3
509,2022,8.1,177,209,6.5,70,1
509,2023,17.4,191,217,15.5,151,9
509,2024,7.8,168,214,7.7,68,6
509,2025,11.9,177,199,11.2,103,-9
509,2026,10.8,162,176,0,94,-32
510,1981,12.9,196,212,10.6,118,3
510,1982,20.1,203,224,18.2,184,15
510,1983,13.6,196,225,12.8,124,16
510,1984,9.3,198,227,8.2,85,18
510,1985,13.3,190,216,13.1,121,7
510,1986,11.5,186,219,11.5,105,10
510,1987,9.9,197,210,9.6,90,1
510,1988,9.1,192,211,8.1,83,2
510,1989,12.2,196,219,11.8,111,10
510,1990,12.8,178,218,12.7,117,9
510,1991,14.7,204,226,14.6,134,17
510,1992,9.4,178,211,8.8,86,2
510,1993,10.3,203,222,9.6,94,13
510,1994,9.1,193,212,8.4,83,3
510,1995,10.9,182,210,10.8,100,1
510,1996,12.2,185,214,12.1,111,5
510,1997,21.4,195,222,20.5,195,13
510,1998,8.1,181,204,7.7,74,-5
510,1999,14.3,169,209,13.2,131,0
510,2000,12,183,205,11.9,110,-4
510,2001,12,198,216,8.3,110,7
510,2002,11.7,185,209,11.2,107,0
510,2003,10.6,190,206,9.4,97,-3
510,2004,10.7,160,189,7.4,98,-20
510,2005,3.8,110,151,2.8,35,-58
510,2006,12.3,186,206,12.1,112,-3
510,2007,9.9,156,187,5.1,90,-22
510,2008,14.7,194,229,14,134,20
510,2009,15.8,188,217,14.7,144,8
510,2010,7.9,196,206,7,72,-3
510,2011,16.9,205,227,14.9,154,18
510,2012,13,183,209,12.9,119,0
510,2013,7.9,174,209,7.2,72,0
510,2014,15,189,214,15,137,5
510,2015,6.6,157,179,1.9,60,-30
510,2016,9.5,178,193,9.1,87,-16
510,2017,11,162,216,9.6,100,7
510,2018,15.1,196,213,13.6,138,4
510,2019,10.5,169,205,8.8,96,-4
510,2020,9.2,190,205,8.6,84,-4
510,2021,10.1,183,204,10.1,92,-5
510,2022,11.1,175,216,9.7,101,7
510,2023,9.8,185,208,9.6,89,-1
510,2024,9.6,167,203,8,88,-6
510,2025,11.7,187,209,10.3,107,0
510,2026,9.2,168,193,7.3,84,-16
511,1981,11,173,195,10.1,108,15
511,1982,12.9,183,199,12.9,127,19
511,1983,27.1,197,218,25.8,267,38
511,1984,10.6,115,172,4.3,104,-8
511,1985,19.1,174,195,17.5,188,15
511,1986,9.7,168,180,3.4,96,0
511,1987,17.6,189,203,17.1,173,23
511,1988,11.8,173,179,2.7,116,-1
511,1989,8.5,157,165,0,84,-15
511,1990,8.9,167,177,2.8,88,-3
511,1991,24.1,183,201,24.1,237,21
511,1992,16.4,166,198,14.8,162,18
511,1993,26.4,166,204,23.9,260,24
511,1994,9.3,166,189,7,92,9
511,1995,16.8,164,190,11.8,166,10
511,1996,6.8,159,175,0.3,67,-5
511,1997,15.2,156,185,7.8,150,5
511,1998,19.3,191,208,18.9,190,28
511,1999,5.6,141,163,0,55,-17
511,2000,2.2,163,167,0,22,-13
511,2001,13.5,165,184,7.7,133,4
511,2002,5.5,161,171,0,54,-9
511,2003,11.1,173,193,9.4,109,13
511,2004,11.3,158,177,1.1,111,-3
511,2005,19.5,160,203,18.5,192,23
511,2006,3.4,175,183,1.5,33,3
511,2007,9.2,156,172,4.3,91,-8
511,2008,17.1,162,186,9.6,168,6
511,2009,9.6,147,182,4.5,95,2
511,2010,20,162,203,18.2,197,23
511,2011,7.6,154,170,0,75,-10
511,2012,10.3,154,179,0.2,101,-1
511,2013,8.8,153,173,0,87,-7
511,2014,4.1,136,147,0,40,-33
511,2015,6.7,127,167,0,66,-13
511,2016,6,134,150,0,59,-30
511,2017,10,155,169,0,99,-11
511,2018,2.2,154,158,0,22,-22
511,2019,13.7,167,181,5.2,135,1
511,2020,10.3,150,167,1.8,101,-13
511,2021,3.5,144,158,0.2,34,-22
511,2022,6.3,149,170,0.4,62,-10
511,2023,11.4,174,192,9.8,112,12
511,2024,11.9,186,199,11.7,117,19
511,2025,1.4,161,165,0,14,-15
511,2026,2.4,125,135,0,24,-45
512,1981,0,2,2,,0,-212
512,1982,7.5,193,207,6.4,106,-6
512,1983,7.5,199,218,5.9,106,4
512,1984,11.5,220,229,7.5,163,16
512,1985,4.8,183,197,4.8,68,-16
512,1986,8.5,172,211,7.1,121,-2
512,1987,7,187,204,7,99,-10
512,1988,5.2,171,196,5.1,74,-18
512,1989,5,192,200,4.7,71,-14
512,1990,7.6,200,220,7,108,6
512,1991,9.3,218,226,8.4,132,12
512,1992,8.9,185,198,8.9,126,-16
512,1993,6.3,199,224,5,89,10
512,1994,6.4,194,203,5,91,-10
512,1995,7.4,226,233,6.8,105,20
512,1996,8.9,189,217,8.5,126,4
512,1997,7.7,191,222,7,109,8
512,1998,11.5,201,216,7.7,163,2
512,1999,6.6,212,231,4.3,94,18
512,2000,5.4,185,201,5.4,77,-12
512,2001,6.3,198,210,5.1,89,-4
512,2002,5.7,188,197,5.4,81,-16
512,2003,9.8,182,205,9.7,139,-8
512,2004,6.6,161,185,3.8,94,-28
512,2005,6.6,184,198,6.6,94,-16
512,2006,5.1,183,193,5.1,72,-20
512,2007,4.8,207,212,3.9,68,-2
512,2008,7.9,196,220,7.4,112,6
512,2009,8,190,206,6.7,113,-8
512,2010,6.7,196,207,5.5,95,-6
512,2011,10.7,215,246,7.2,152,32
512,2012,6.3,161,181,1.2,89,-32
512,2013,7.5,207,223,5.9,106,10
512,2014,11.1,200,217,10.1,157,4
512,2015,6.5,169,197,4.3,92,-16
512,2016,6.7,186,207,6.7,95,-6
512,2017,16,211,227,10.7,227,14
512,2018,10,193,219,8.9,142,6
512,2019,5.9,199,219,5.3,84,6
512,2020,8.3,203,215,7.3,118,2
512,2021,11,210,230,9.5,156,16
512,2022,7.3,199,219,6,104,6
512,2023,9.5,190,216,8.6,135,2
512,2024,6,195,211,5.4,85,-2
512,2025,5.8,189,199,4.7,82,-14
512,2026,4,169,173,0,57,-40
513,1983,2,1,,,9,
513,1989,0,365,365,,0,122
513,1990,20.4,215,252,17.2,90,9
513,1991,21,219,253,17.1,93,10
513,1992,14.5,209,229,13.4,64,-14
513,1993,30.3,222,255,25.6,134,12
513,1994,16.5,198,235,13.9,73,-8
513,1995,33.1,240,272,24,146,29
513,1996,30.8,215,252,27.1,136,9
513,1997,34.3,214,249,29.2,152,6
513,1998,25.6,229,266,21.1,113,23
513,1999,30.4,227,262,20.6,135,19
513,2000,18.7,210,235,17.8,83,-8
513,2001,22.9,205,233,17.9,101,-10
513,2002,17.2,211,233,15.3,76,-10
513,2003,19.3,224,240,14.8,85,-3
513,2004,16.4,205,232,15.3,73,-11
513,2005,29.5,225,259,24.9,131,16
513,2006,29.6,203,238,26.3,131,-5
513,2007,16.7,210,230,14.5,74,-13
513,2008,23.9,201,259,22.1,106,16
513,2009,24.2,202,233,19.7,107,-10
513,2010,21,232,252,13.8,93,9
513,2011,46.8,243,272,35.2,207,29
513,2012,16.7,203,224,15.3,74,-19
513,2013,21.6,208,240,15.3,96,-3
513,2014,22.3,213,240,20.8,99,-3
513,2015,14.2,201,249,12.6,63,6
513,2016,21.7,223,250,18.4,96,7
513,2017,35.4,216,246,30.9,157,3
513,2018,18.8,203,239,16.2,83,-4
513,2019,29.8,199,261,26.6,132,18
513,2020,24.8,208,238,23.1,110,-5
513,2021,19,210,229,15.7,84,-14
513,2022,21,200,231,17.8,93,-12
513,2023,32,208,249,29.5,142,6
513,2024,24,225,250,21.3,106,7
513,2025,22.3,188,235,21.3,99,-8
513,2026,17,168,226,13.8,75,-17
514,1981,0,365,365,,0,182
514,1982,10.4,186,197,10.4,117,14
514,1983,18.3,199,210,17.6,206,28
514,1984,4.2,96,160,0.3,47,-22
514,1985,8.1,161,174,4.5,91,-8
514,1986,6.1,141,148,0,69,-34
514,1987,3.9,182,184,2,44,2
514,1988,3.2,138,143,0,36,-40
514,1989,3.6,147,159,0,40,-24
514,1990,4.4,170,173,0,49,-10
514,1991,9.8,180,198,9.6,110,16
514,1992,9.5,184,194,9.5,107,12
514,1993,24.4,164,202,22,274,20
514,1994,7.5,153,181,2.3,84,-2
514,1995,13.9,165,190,11.2,156,8
514,1996,3.8,160,171,0,43,-12
514,1997,8.3,161,176,1.4,93,-6
514,1998,10.5,200,211,9.6,118,28
514,1999,2.9,147,153,0,33,-30
514,2000,7.9,166,186,4.9,89,4
514,2001,9.7,171,184,5.3,109,2
514,2002,2.7,143,149,0,30,-34
514,2003,5.6,161,176,0.3,63,-6
514,2004,10.1,162,177,0.2,113,-6
514,2005,22.9,183,206,22.9,257,24
514,2006,3,182,186,2.8,34,4
514,2007,1.8,128,135,0,20,-48
514,2008,14.4,153,189,8.8,162,6
514,2009,11.9,166,185,6.9,134,2
514,2010,14.6,168,202,12.2,164,20
514,2011,18.5,179,200,16.8,208,18
514,2012,6.3,156,169,0.1,71,-14
514,2013,4.8,155,168,0,54,-14
514,2014,3.6,133,142,0,40,-40
514,2015,4.5,157,168,0,51,-14
514,2016,6.7,124,155,0,75,-28
514,2017,13.2,160,170,0.5,148,-12
514,2018,1.5,159,164,0,17,-18
514,2019,18.9,173,193,14.7,212,10
514,2020,9.6,182,192,8.2,108,10
514,2021,3.8,156,161,0,43,-22
514,2022,9.9,161,178,2.2,111,-4
514,2023,22.7,189,206,22.5,255,24
514,2024,8.8,172,194,8.1,99,12
514,2025,3.5,174,177,0,39,-6
514,2026,3,148,151,0,34,-32
515,1983,51.5,198,249,48.6,108,4
515,1984,44.2,227,268,34.7,92,22
515,1985,45.6,213,238,42.2,95,-8
515,1986,45.1,232,246,41.6,94,0
515,1987,35.9,207,229,31.6,75,-16
515,1988,41.3,195,239,37.2,86,-6
515,1989,49.7,194,246,42.9,104,0
515,1990,51.8,185,259,51.8,108,14
515,1991,85,224,262,68.6,177,16
515,1992,35.9,178,232,35.3,75,-14
515,1993,38.8,218,232,28.2,81,-14
515,1994,31.3,200,232,30.6,65,-14
515,1995,59.3,209,239,53.2,124,-6
515,1996,60,228,260,53,125,14
515,1997,60,221,252,54.3,125,6
515,1998,45.7,210,236,41.2,95,-10
515,1999,75.7,199,266,69.7,158,20
515,2000,36.1,184,249,36.1,75,4
515,2001,24.5,207,236,21.5,51,-10
515,2002,54.1,212,257,47.9,113,12
515,2003,37.1,233,251,32.8,77,6
515,2004,35.5,182,234,34.8,74,-12
515,2005,22.5,199,221,16.9,47,-24
515,2006,49.8,208,245,44.2,104,-0
515,2007,51.4,191,246,49.5,107,0
515,2008,47.1,218,247,41.5,98,2
515,2009,36.9,230,246,31,77,0
515,2010,39.2,220,244,32.3,82,-2
515,2011,70,227,273,57.3,146,28
515,2012,57.4,204,267,52.7,120,22
515,2013,48.7,216,250,43.8,102,4
515,2014,52.7,212,251,47.8,110,6
515,2015,39.3,202,235,37.6,82,-10
515,2016,58.6,184,225,58.6,122,-20
515,2017,62.7,216,251,53.2,131,6
515,2018,65.9,205,234,53.9,138,-12
515,2019,39.4,202,238,35.5,82,-8
515,2020,46.9,201,244,45.3,98,-2
515,2021,58.8,200,247,53.2,123,2
515,2022,58,228,268,49,121,22
515,2023,53.6,209,231,42.1,112,-14
515,2024,36.2,210,246,32.7,76,0
515,2025,37.1,198,239,33.5,77,-6
515,2026,60.5,169,238,57.6,126,-8
516,1981,27.6,231,247,22.1,94,8
516,1982,38.8,203,256,33,132,17
516,1983,32.6,223,247,29,111,8
516,1984,22.6,242,261,16.1,77,22
516,1985,24.1,213,239,22.6,82,0
516,1986,31,229,244,27,105,5
516,1987,24.1,202,224,21.5,82,-15
516,1988,26.3,193,245,22.6,89,6
516,1989,27,216,251,25.9,92,12
516,1990,29.3,213,264,27.8,99,25
516,1991,44,218,259,37.7,149,20
516,1992,18.9,196,222,18.3,64,-17
516,1993,19.1,216,233,15.8,65,-6
516,1994,21.4,197,225,20,73,-14
516,1995,26.7,218,244,23.2,91,5
516,1996,30.1,225,256,27.6,102,17
516,1997,39.5,212,245,36,134,6
516,1998,18.7,201,223,17.4,63,-16
516,1999,43.1,232,260,39.4,146,21
516,2000,20.8,201,240,20.1,71,1
516,2001,17.1,207,237,12.2,58,-2
516,2002,33.1,201,249,30.8,112,10
516,2003,24.9,204,240,23.5,84,1
516,2004,21.4,187,222,21,73,-17
516,2005,17.2,203,221,15.5,58,-18
516,2006,30.7,204,235,27.1,104,-4
516,2007,31.3,206,230,28.8,106,-9
516,2008,32.8,216,244,29.1,111,5
516,2009,29.2,227,243,23.8,99,4
516,2010,22.6,223,247,19.9,77,8
516,2011,45.6,223,262,34.6,155,23
516,2012,41.6,205,248,39.2,141,9
516,2013,30.8,205,230,27.8,104,-9
516,2014,31.4,212,240,27.8,106,1
516,2015,23,200,225,21.1,78,-14
516,2016,29.8,185,219,29.7,101,-20
516,2017,34.4,215,242,29.5,117,3
516,2018,34.7,206,232,28.7,118,-7
516,2019,22.3,200,226,18.3,76,-13
516,2020,27.1,203,238,26.2,92,-1
516,2021,22.5,209,227,20.7,76,-12
516,2022,26.4,222,251,22.5,89,12
516,2023,24.2,207,225,21.8,82,-14
516,2024,21.1,197,238,20.5,72,-1
516,2025,23.8,208,229,21.7,81,-10
516,2026,23.9,202,224,21.6,81,-15
517,1981,15,192,212,14.2,94,-0
517,1982,25.3,203,215,22.3,159,2
517,1983,23.3,233,242,18.5,147,30
517,1984,22.3,198,231,20.3,140,18
517,1985,20,183,211,20,126,-2
517,1986,19.6,201,236,17.1,123,24
517,1987,15.6,189,205,15.5,98,-8
517,1988,15.3,185,197,15,96,-16
517,1989,18.2,187,204,16.9,114,-8
517,1990,12.9,177,201,12.6,81,-12
517,1991,12.6,183,232,12.6,79,20
517,1992,6.4,164,188,5.4,40,-24
517,1993,18.7,201,231,17.1,118,18
517,1994,14.6,194,207,13.7,92,-6
517,1995,21,215,244,17.3,132,32
517,1996,23.9,207,226,23,150,14
517,1997,20.2,162,223,18.4,127,10
517,1998,16,203,220,12.9,101,8
517,1999,16.1,194,236,14.7,101,24
517,2000,14.7,175,211,14.5,92,-2
517,2001,12.5,197,212,9.3,79,-0
517,2002,13.3,178,197,12.9,84,-16
517,2003,15.3,191,200,14.4,96,-12
517,2004,11.1,167,184,4.9,70,-28
517,2005,19.8,184,210,19.7,125,-2
517,2006,23.1,190,219,21.9,145,6
517,2007,11.5,163,178,5.9,72,-34
517,2008,22.4,196,221,20.5,141,8
517,2009,19.3,201,216,15.8,121,4
517,2010,14.2,190,205,10.5,89,-8
517,2011,30.9,216,245,24.1,194,32
517,2012,11.1,163,193,6.9,70,-20
517,2013,14.1,205,217,9.3,89,4
517,2014,18.1,190,205,17.4,114,-8
517,2015,8,155,172,0,50,-40
517,2016,15.8,185,202,15.8,99,-10
517,2017,23.1,161,218,20.1,145,6
517,2018,14,181,205,12,88,-8
517,2019,17.5,183,218,17.5,110,6
517,2020,17.6,187,213,17.2,111,0
517,2021,12.8,184,208,12.8,81,-4
517,2022,13,175,204,10.9,82,-8
517,2023,25.4,209,223,23.5,160,10
517,2024,19.7,193,206,19.4,124,-6
517,2025,14,190,205,13,88,-8
517,2026,12,163,177,2.1,75,-36
518,1981,17.9,189,216,17,75,-0
518,1982,48.3,198,232,44.1,203,16
518,1983,56.7,216,247,50.9,239,30
518,1984,34.1,174,225,32.5,144,8
518,1985,25.5,183,210,25.5,107,-6
518,1986,46,178,230,44.6,194,14
518,1987,19.1,180,207,18.8,80,-10
518,1988,15.7,166,186,9.1,66,-30
518,1989,27.7,187,216,27.2,117,-0
518,1990,13.1,167,196,11,55,-20
518,1991,17.5,179,228,17.3,74,12
518,1992,14.6,184,201,14.6,61,-16
518,1993,37.7,180,221,37.1,159,4
518,1994,13.7,165,202,12.6,58,-14
518,1995,50.7,228,254,42.6,213,38
518,1996,34.6,190,221,33.2,146,4
518,1997,34.1,157,211,29.2,144,-6
518,1998,39.3,200,258,35.4,165,42
518,1999,42.4,196,235,36,179,18
518,2000,23.2,167,214,21.4,98,-2
518,2001,13.9,167,212,9.1,59,-4
518,2002,21.4,177,208,20.3,90,-8
518,2003,28.1,223,238,19.8,118,22
518,2004,24.2,156,198,19.1,102,-18
518,2005,38.4,194,238,36.7,162,22
518,2006,43.1,208,230,38.3,181,14
518,2007,14.8,157,210,12.4,62,-6
518,2008,22.3,157,211,20.7,94,-6
518,2009,19.3,178,219,18.6,81,2
518,2010,23.3,214,244,21.5,98,28
518,2011,44.4,199,256,43.3,187,40
518,2012,15.8,199,208,15.5,67,-8
518,2013,17.8,163,204,15,75,-12
518,2014,15.5,187,201,15.2,65,-16
518,2015,7.3,158,169,0,31,-48
518,2016,30.4,175,226,30.1,128,10
518,2017,57.8,204,238,53.1,243,22
518,2018,26.7,178,209,24.5,112,-8
518,2019,40.5,189,221,39.2,171,4
518,2020,17.7,193,211,15.5,75,-6
518,2021,16.2,178,201,14.9,68,-16
518,2022,17.9,163,187,10.8,75,-30
518,2023,58.2,192,234,57.8,245,18
518,2024,24.8,185,213,24.8,104,-4
518,2025,22.2,189,206,21.4,93,-10
518,2026,13.2,147,171,0,56,-46
519,1981,3.2,163,171,0,54,8
519,1982,9.9,136,157,0,168,-6
519,1983,8.6,136,164,5.5,146,2
519,1984,5.4,117,130,0.2,92,-32
519,1985,9,127,154,0,153,-8
519,1986,4.2,170,174,0,71,12
519,1987,7.1,161,178,0,120,16
519,1988,7.9,133,149,0,134,-14
519,1989,6.2,136,148,0,105,-14
519,1990,1.9,154,157,0,32,-6
519,1991,10,180,189,9.2,169,26
519,1992,7.9,141,172,0,134,10
519,1993,11.4,156,169,0,193,6
519,1994,7.1,146,167,0,120,4
519,1995,8.5,141,155,0,144,-8
519,1996,3.2,128,137,0,54,-26
519,1997,11.3,154,169,0,192,6
519,1998,11.6,161,176,6.6,197,14
519,1999,3.7,187,193,0,63,30
519,2000,3.3,160,167,0.1,56,4
519,2001,6.3,163,173,0,107,10
519,2002,2.4,137,147,0,41,-16
519,2003,4.5,157,164,0,76,2
519,2004,4.2,158,162,0,71,-0
519,2005,7.1,151,163,0,120,0
519,2006,4.1,164,177,0,69,14
519,2007,5.5,144,158,0,93,-4
519,2008,11.3,148,163,0,192,0
519,2009,9.5,143,154,0,161,-8
519,2010,19.2,164,183,9.4,325,20
519,2011,4.2,151,161,0,71,-2
519,2012,4.9,87,135,0,83,-28
519,2013,5.2,162,168,0,88,6
519,2014,1.8,153,157,0,31,-6
519,2015,2.1,106,123,0,36,-40
519,2016,6.7,128,141,0,114,-22
519,2017,8.2,117,146,0,139,-16
519,2018,1.3,118,126,0,22,-36
519,2019,7.3,149,162,0,124,-0
519,2020,4.2,117,144,0,71,-18
519,2021,4.4,124,152,0,75,-10
519,2022,3.8,100,139,0,64,-24
519,2023,15.2,154,188,10.6,258,26
519,2024,8.2,134,154,1,139,-8
519,2025,1.3,167,169,0,22,6
519,2026,2,145,149,0,34,-14
520,1983,0,365,365,,0,128
520,1984,49.6,197,260,45.8,103,23
520,1985,53.9,193,235,53.1,112,-2
520,1986,38.4,203,243,37.5,80,6
520,1987,33.8,186,218,33.8,70,-19
520,1988,38.1,190,235,37.2,79,-2
520,1989,56.8,189,246,54.8,118,9
520,1990,46.7,181,249,46.4,97,12
520,1991,49,196,242,46.3,102,5
520,1992,36.8,195,221,34.4,77,-16
520,1993,43.2,214,237,37.9,90,0
520,1994,32.1,192,221,30,67,-16
520,1995,44,206,238,41,92,1
520,1996,43.1,220,250,39.9,90,13
520,1997,80.5,215,246,76.2,168,9
520,1998,34.1,202,222,32,71,-15
520,1999,66.2,194,257,64.2,138,20
520,2000,52.3,184,237,52.3,109,0
520,2001,34.2,198,233,30.6,71,-4
520,2002,55.5,204,256,54.4,116,19
520,2003,46.7,190,242,45.5,97,5
520,2004,46.3,174,237,45.6,96,0
520,2005,31.1,202,225,26.4,65,-12
520,2006,48.2,202,230,44.7,100,-7
520,2007,40.9,203,229,40.2,85,-8
520,2008,64.6,210,262,59,135,25
520,2009,51.8,197,241,49.1,108,4
520,2010,35.1,198,245,31.5,73,8
520,2011,70.9,222,267,56.1,148,30
520,2012,54.6,192,244,53.8,114,7
520,2013,42.5,206,228,38.3,89,-9
520,2014,62.7,213,246,57.6,131,9
520,2015,29.2,198,223,26.5,61,-14
520,2016,47.8,185,219,47.8,100,-18
520,2017,49.1,216,243,44.1,102,6
520,2018,60.1,201,234,50.7,125,-3
520,2019,52.2,200,235,44.3,109,-2
520,2020,49.4,193,231,47.7,103,-6
520,2021,46.3,185,229,46.1,96,-8
520,2022,51.1,215,247,41.9,106,10
520,2023,58.7,209,230,52.7,122,-7
520,2024,35.4,195,229,32.3,74,-8
520,2025,51.5,175,226,46.5,107,-11
520,2026,33,168,220,28.7,69,-17
521,1985,0.1,365,,,1,
521,1986,11.4,203,232,10,90,22
521,1987,13.2,196,209,12.6,104,-2
521,1988,14.1,188,223,13.8,111,12
521,1989,12.5,189,203,10.9,98,-8
521,1990,11.6,184,203,11.4,91,-8
521,1991,12.6,218,226,9.3,99,16
521,1992,9.4,184,198,9.4,74,-12
521,1993,12.4,203,227,9.4,98,16
521,1994,9.4,195,203,8.9,74,-8
521,1995,14.6,221,235,11.4,115,24
521,1996,17.7,184,219,17.7,139,8
521,1997,13.2,168,218,11,104,8
521,1998,16.3,202,215,11,128,4
521,1999,13.7,219,236,11.5,108,26
521,2000,13.3,187,202,12.5,105,-8
521,2001,10.8,197,209,6.8,85,-2
521,2002,9.6,180,198,9.1,76,-12
521,2003,11.6,191,209,10.3,91,-2
521,2004,9.3,160,178,5.8,73,-32
521,2005,12.8,185,201,12.3,101,-10
521,2006,13.2,185,205,13.1,104,-6
521,2007,8.1,164,189,6.8,64,-22
521,2008,18.3,197,221,16.2,144,10
521,2009,13.6,202,212,9.3,107,2
521,2010,11.4,196,233,8.7,90,22
521,2011,18.3,217,246,13.5,144,36
521,2012,9.3,175,195,6,73,-16
521,2013,13.7,205,220,9.3,108,10
521,2014,13.5,190,205,11.8,106,-6
521,2015,7.9,165,183,3.5,62,-28
521,2016,12.4,184,227,12.4,98,16
521,2017,12.6,161,174,9,99,-36
521,2018,9.6,181,207,7.9,76,-4
521,2019,13.3,200,217,12.7,105,6
521,2020,13.8,204,213,12.1,109,2
521,2021,12.1,184,213,12.1,95,2
521,2022,9.9,200,210,6.7,78,-0
521,2023,15.1,208,218,13.1,119,8
521,2024,13.1,193,206,12.9,103,-4
521,2025,10.3,174,199,8.8,81,-12
521,2026,5.9,168,174,0,46,-36
522,1985,0,365,365,,0,158
522,1986,9.3,202,216,6.7,106,8
522,1987,11.4,197,213,11.2,130,6
522,1988,10.2,190,214,9.9,116,6
522,1989,8.2,187,201,7.4,93,-6
522,1990,7.5,183,201,7.5,85,-6
522,1991,8.4,217,225,5.3,95,18
522,1992,9.6,185,205,9.4,109,-2
522,1993,11.7,203,225,8.8,133,18
522,1994,9,198,204,8.5,102,-4
522,1995,7.2,183,197,7.2,82,-10
522,1996,5.9,184,204,5.9,67,-4
522,1997,12.6,196,219,8.5,143,12
522,1998,15.4,203,222,11.7,175,14
522,1999,6.7,169,231,5.6,76,24
522,2000,8.1,187,210,8,92,2
522,2001,10.5,198,214,7.7,119,6
522,2002,6.2,179,194,5.4,70,-14
522,2003,7,192,197,6.9,80,-10
522,2004,6.6,168,183,2.7,75,-24
522,2005,9.3,195,205,8.9,106,-2
522,2006,5.7,189,197,5.6,65,-10
522,2007,6.3,165,200,6,72,-8
522,2008,9.2,197,213,7.8,105,6
522,2009,8.2,202,214,4.2,93,6
522,2010,9.2,195,218,8.5,105,10
522,2011,9,180,216,8.7,102,8
522,2012,9,175,184,4.4,102,-24
522,2013,8.2,207,220,5.4,93,12
522,2014,8.6,191,201,7.4,98,-6
522,2015,5.7,164,179,0,65,-28
522,2016,11.8,189,228,11.8,134,20
522,2017,9.9,186,205,9.8,112,-2
522,2018,7.8,174,199,6.8,89,-8
522,2019,10.5,199,210,9.2,119,2
522,2020,11.2,191,212,11.1,127,4
522,2021,10.2,184,208,10.2,116,0
522,2022,7.7,183,202,7.7,88,-6
522,2023,13.2,191,215,10.7,150,8
522,2024,11.5,192,205,11.5,131,-2
522,2025,6.8,175,196,6,77,-12
522,2026,4.9,168,173,0,56,-34
523,1981,19.3,200,214,15.1,75,-3
523,1982,45.9,202,234,42.1,179,17
523,1983,37.2,188,234,36.7,145,17
523,1984,23.8,174,214,20.6,93,-3
523,1985,32.3,183,215,32.3,126,-2
523,1986,18.1,147,204,13.5,70,-13
523,1987,19.8,178,203,19.5,77,-14
523,1988,18.3,187,200,18.3,71,-17
523,1989,34.8,189,214,33.5,135,-3
523,1990,18.8,168,190,14.7,73,-27
523,1991,14.8,179,218,13.5,58,1
523,1992,17,143,167,0,66,-50
523,1993,28.8,169,214,25,112,-3
523,1994,23,178,202,20.8,89,-15
523,1995,25.2,125,213,23.6,98,-4
523,1996,18.7,160,201,17.7,73,-16
523,1997,39.1,168,225,36.6,152,8
523,1998,18.6,172,212,17.4,72,-5
523,1999,28.9,152,226,25.5,112,9
523,2000,28.4,175,209,26.7,111,-8
523,2001,17,197,217,13.6,66,0
523,2002,30,178,225,29.8,117,8
523,2003,19.5,190,221,17.8,76,4
523,2004,25.1,158,211,21.7,98,-6
523,2005,7.9,188,206,7.3,31,-11
523,2006,29.8,188,221,27.5,116,4
523,2007,22.7,159,209,18.9,88,-8
523,2008,41.3,196,240,38.7,161,23
523,2009,36.1,190,233,33,140,16
523,2010,18.4,192,209,16.3,72,-8
523,2011,32.6,231,248,27.4,127,31
523,2012,26.2,191,214,24.9,102,-3
523,2013,20.9,177,217,19.2,81,0
523,2014,21.2,180,217,20.3,82,0
523,2015,12.8,153,193,7.3,50,-24
523,2016,28.4,181,208,28.1,111,-9
523,2017,32.3,161,223,29.5,126,6
523,2018,26.4,200,218,24.3,103,1
523,2019,34.6,200,223,31.6,135,6
523,2020,30.7,188,222,29.5,119,5
523,2021,35.2,184,216,35.2,137,-1
523,2022,22.8,203,237,17.8,89,20
523,2023,37.4,206,228,33.3,146,11
523,2024,23,192,226,22.2,89,9
523,2025,33,176,218,31.2,128,1
523,2026,10.3,164,189,6,40,-28
524,1981,16,196,230,15,124,9
524,1982,25.3,210,247,21.1,196,26
524,1983,23.1,225,245,22.1,179,24
524,1984,15.6,222,236,13.3,121,15
524,1985,13.5,181,215,13.3,105,-6
524,1986,15.6,201,239,15.1,121,18
524,1987,8.3,186,210,8.3,64,-11
524,1988,10.8,185,227,10.8,84,6
524,1989,13.9,188,219,13.8,108,-2
524,1990,9.9,183,218,9.9,77,-3
524,1991,11.9,226,236,10,92,15
524,1992,12,184,213,12,93,-8
524,1993,19.3,213,231,16.8,150,10
524,1994,7.2,197,204,6.7,56,-17
524,1995,22.7,220,248,19.5,176,27
524,1996,13.7,189,230,13.4,106,9
524,1997,18.6,197,227,18.1,144,6
524,1998,15.4,202,222,12.4,119,1
524,1999,18.1,198,241,17.3,140,20
524,2000,11.6,186,216,11.6,90,-5
524,2001,11.9,205,220,9.1,92,-1
524,2002,11,181,214,10.6,85,-7
524,2003,14.1,225,236,10,109,15
524,2004,12.7,169,196,10.2,98,-25
524,2005,13.3,203,231,11.4,103,10
524,2006,17.6,192,223,15.8,136,2
524,2007,8.5,164,207,8.2,66,-14
524,2008,13.4,195,230,13.1,104,9
524,2009,13.1,194,228,12.9,102,7
524,2010,9.8,195,215,9.2,76,-6
524,2011,19.1,214,239,16.7,148,18
524,2012,12.4,182,207,12.1,96,-14
524,2013,11.6,180,220,11.3,90,-1
524,2014,9,188,214,8.5,70,-7
524,2015,8.7,161,202,5.7,67,-19
524,2016,12,184,205,12,93,-16
524,2017,17.1,199,223,15.4,133,2
524,2018,14.2,198,219,13.5,110,-2
524,2019,15,189,223,14.4,116,2
524,2020,11.6,190,214,11.4,90,-7
524,2021,8.7,179,213,8.6,67,-8
524,2022,10.4,172,229,9.4,81,8
524,2023,19,207,232,18,147,11
524,2024,13.1,189,223,13.1,102,2
524,2025,10.6,190,215,10.3,82,-6
524,2026,12.3,164,191,7.8,95,-30
525,1981,15.1,206,247,12.3,83,6
525,1982,20.3,207,259,16.5,112,18
525,1983,31.4,236,264,17.8,173,23
525,1984,18.3,220,243,12.2,101,2
525,1985,15.2,214,234,12.7,84,-7
525,1986,30.8,230,252,23.3,170,11
525,1987,18.3,183,225,18.3,101,-16
525,1988,16.3,194,238,15.8,90,-3
525,1989,13.1,194,221,12.3,72,-20
525,1990,14.5,227,241,12.1,80,0
525,1991,22.8,230,254,13.2,126,13
525,1992,12.3,186,217,12.1,68,-24
525,1993,19.3,223,240,12,107,-1
525,1994,14.8,197,224,13.4,82,-17
525,1995,29,254,272,17.9,160,31
525,1996,21.8,218,251,19,120,10
525,1997,23.3,215,246,17.1,129,5
525,1998,20.1,227,244,15.1,111,3
525,1999,30.5,231,258,16.7,169,17
525,2000,12.1,203,237,10.9,67,-4
525,2001,8.7,207,225,6.3,48,-16
525,2002,13.5,226,240,11.1,75,-1
525,2003,15.5,188,236,14.7,86,-5
525,2004,16.6,213,233,10.8,92,-8
525,2005,20.6,225,241,14.1,114,0
525,2006,11.8,202,227,11,65,-14
525,2007,15.7,219,232,12.8,87,-9
525,2008,17.6,229,262,14.3,97,21
525,2009,18.6,213,241,12.7,103,0
525,2010,26.7,238,252,14.3,148,11
525,2011,25.9,243,262,14.6,143,21
525,2012,14.2,175,222,13.2,78,-19
525,2013,14.3,221,238,10.6,79,-3
525,2014,16.5,202,241,15.5,91,0
525,2015,13,238,249,8,72,8
525,2016,23.9,222,250,16.2,132,9
525,2017,35,214,253,29,193,12
525,2018,18.9,203,238,16.9,104,-3
525,2019,21,241,257,14.2,116,16
525,2020,15.9,201,230,13,88,-11
525,2021,15.2,211,243,11.8,84,2
525,2022,19.3,225,254,13.3,107,13
525,2023,19.6,211,240,14.8,108,-1
525,2024,21.8,226,249,16.5,120,8
525,2025,16.1,214,240,14.4,89,-1
525,2026,12.2,169,227,10.4,67,-14
526,1981,17.8,199,226,13,58,4
526,1982,61.8,203,237,53.5,203,15
526,1983,31.3,231,243,27.9,103,21
526,1984,46.6,216,255,39.9,153,33
526,1985,48.8,196,242,48.1,160,20
526,1986,39.4,146,239,33.9,129,17
526,1987,38.8,181,218,38.3,127,-4
526,1988,37.4,192,236,35.6,123,14
526,1989,56,189,235,54.2,184,13
526,1990,31.5,168,216,29.9,103,-6
526,1991,31.5,199,239,25.9,103,17
526,1992,19.8,142,185,10.9,65,-37
526,1993,48.1,210,236,45,158,14
526,1994,29.2,193,220,27.5,96,-2
526,1995,42.6,207,235,39,140,13
526,1996,48.8,188,227,48.3,160,5
526,1997,52.1,167,232,48.3,171,10
526,1998,37.2,198,220,35.1,122,-2
526,1999,68.5,183,258,68.5,225,36
526,2000,45.5,183,236,45.4,149,14
526,2001,24,197,222,21,79,0
526,2002,54,182,243,53.8,177,21
526,2003,27,190,239,23.7,89,17
526,2004,32.5,159,213,27.8,107,-9
526,2005,10.6,197,209,8.8,35,-13
526,2006,40.2,185,222,39.5,132,0
526,2007,22.4,155,207,16.7,74,-15
526,2008,50.3,208,240,46.9,165,18
526,2009,29.9,187,227,27.7,98,5
526,2010,25,192,228,21.7,82,6
526,2011,31,181,236,27.2,102,14
526,2012,33.2,190,223,32,109,1
526,2013,22.2,159,208,18.9,73,-14
526,2014,15.8,185,198,15.4,52,-24
526,2015,3.1,108,111,0.8,10,-111
526,2016,17.6,129,193,16.1,58,-29
526,2017,35.5,160,216,25.4,117,-6
526,2018,15.2,178,209,13.5,50,-13
526,2019,24.6,181,207,23.6,81,-15
526,2020,18.8,184,203,18.8,62,-19
526,2021,18.4,176,212,16.4,60,-10
526,2022,15.7,98,184,8,52,-38
526,2023,25.3,207,225,21.5,83,3
526,2024,21.5,156,207,16.9,71,-15
526,2025,27.1,168,210,24.2,89,-12
526,2026,8.3,147,169,0.3,27,-53
527,1982,48,190,231,43,273,12
527,1983,33.4,230,244,25.5,190,24
527,1984,51.2,221,235,39,291,16
527,1985,19.3,184,197,19.3,110,-22
527,1986,20.5,141,339,,116,120
527,1987,6,183,194,6,34,-26
527,1988,12.8,173,195,12,73,-24
527,1989,31.4,185,203,28.7,178,-16
527,1990,14.1,175,197,13.3,80,-22
527,1991,8.8,181,226,8.1,50,6
527,1992,8,172,187,5.6,45,-32
527,1993,31.4,202,227,27.9,178,8
527,1994,8.8,152,202,6,50,-18
527,1995,17.3,177,240,16.3,98,20
527,1996,32.1,184,220,32.1,182,0
527,1997,39.3,198,224,36.6,223,4
527,1998,25.8,201,219,22.1,147,-0
527,1999,22.1,218,236,17.8,126,16
527,2000,20,183,205,19.7,114,-14
527,2001,9.5,169,210,8.3,54,-10
527,2002,16.8,178,197,15.5,95,-22
527,2003,11.3,191,228,9.5,64,8
527,2004,17.9,164,189,10.8,102,-30
527,2005,19.3,194,232,17.1,110,12
527,2006,38.2,189,224,36.4,217,4
527,2007,9.1,149,185,5.7,52,-34
527,2008,25.4,193,230,23.6,144,10
527,2009,13.3,200,216,11,76,-4
527,2010,15.8,196,220,12.8,90,0
527,2011,27.4,219,238,20.5,156,18
527,2012,8.7,174,194,7.2,49,-26
527,2013,7.5,177,195,5.7,43,-24
527,2014,18.5,189,207,17.1,105,-12
527,2015,12.2,164,182,5.3,69,-38
527,2016,8.2,84,,,47,
527,2017,24.3,183,243,24.3,138,24
527,2018,7.4,183,,7.4,42,
527,2019,21.5,183,,21.5,122,
527,2020,20.3,153,,19.5,115,
527,2021,12.2,183,205,12.2,69,-14
527,2022,11.2,172,191,8.8,64,-28
527,2023,40.1,189,230,38.7,228,10
527,2024,32.7,194,226,32.7,186,6
527,2025,28.3,190,212,27.6,161,-8
527,2026,5.8,148,168,0,33,-52
528,1985,0,365,365,,0,156
528,1986,10.6,202,215,7.4,132,6
528,1987,10.5,188,208,9.9,130,-1
528,1988,8.9,190,214,8.9,111,5
528,1989,6.7,187,200,6.4,83,-9
528,1990,7.3,184,200,7.3,91,-9
528,1991,8,213,225,6.1,99,16
528,1992,7.7,177,196,6.3,96,-13
528,1993,11.4,202,212,7.9,142,3
528,1994,8,194,202,6.4,99,-7
528,1995,10.4,206,231,7.2,129,22
528,1996,8.4,184,214,8.4,104,5
528,1997,11.8,196,218,6.2,147,9
528,1998,11.9,202,216,8.9,148,7
528,1999,9.6,208,233,5.9,119,24
528,2000,7,175,204,6.9,87,-5
528,2001,8.4,197,211,6.3,104,2
528,2002,5.5,178,196,5,68,-13
528,2003,8.6,190,209,7.7,107,0
528,2004,6.1,167,178,2.7,76,-31
528,2005,8,183,201,8,99,-8
528,2006,8.2,191,205,7.8,102,-4
528,2007,7,183,200,7,87,-9
528,2008,8,196,215,6.9,99,6
528,2009,8,201,215,4.7,99,6
528,2010,8.5,192,203,7.5,106,-6
528,2011,9.9,198,226,8.7,123,17
528,2012,8.1,175,193,5.3,101,-16
528,2013,10.6,209,222,7.4,132,13
528,2014,7.3,189,203,6.6,91,-6
528,2015,5.5,177,182,1,68,-27
528,2016,10.1,186,208,10,125,-1
528,2017,8,185,216,7.9,99,7
528,2018,7.6,181,206,7.2,94,-3
528,2019,7.8,199,209,6.6,97,0
528,2020,12,189,212,11.6,149,3
528,2021,8.6,184,214,8.6,107,5
528,2022,6,175,202,5.4,75,-7
528,2023,12,191,216,9.6,149,7
528,2024,9.5,193,206,9.4,118,-3
528,2025,6.8,188,196,5.8,84,-13
528,2026,3.9,167,174,0,48,-35
529,1982,36.8,201,228,29.6,172,17
529,1983,32.3,199,233,29.9,151,22
529,1984,28.5,216,238,20.3,133,27
529,1985,38.3,188,228,38.3,179,17
529,1986,23.6,145,158,7,110,-53
529,1987,28,180,205,26.5,131,-6
529,1988,25.8,193,230,24.8,121,19
529,1989,47,188,218,46.1,220,7
529,1990,29,168,188,19.9,136,-23
529,1991,16.9,103,133,8,79,-78
529,1992,10.1,119,149,0,47,-62
529,1993,39.4,156,218,24.3,184,7
529,1994,19.6,150,199,11.1,92,-12
529,1995,23.2,121,148,11.1,108,-63
529,1996,19.5,129,137,10.1,91,-74
529,1997,21.8,166,205,18,102,-6
529,1998,18.9,163,213,14.6,88,2
529,1999,49.4,193,244,45.3,231,33
529,2000,32.4,175,215,31.1,151,4
529,2001,16.2,169,213,9.5,76,2
529,2002,34,177,224,32.5,159,13
529,2003,9.4,96,118,4.2,44,-93
529,2004,30.1,158,197,22.2,141,-14
529,2005,7.7,197,208,4.1,36,-3
529,2006,26.2,200,220,25.2,122,9
529,2007,20,154,211,14.5,93,0
529,2008,44.5,209,248,40.7,208,37
529,2009,32.6,199,229,29.6,152,18
529,2010,11.1,193,229,7.5,52,18
529,2011,25.9,181,251,24,121,40
529,2012,24.4,190,214,23,114,3
529,2013,23,176,211,20.4,107,0
529,2014,5.8,146,156,3.4,27,-55
529,2015,2.9,97,103,0.4,14,-108
529,2016,21,130,194,18.5,98,-17
529,2017,33.2,160,221,26.5,155,10
529,2018,12.4,179,209,11.3,58,-2
529,2019,28.4,167,213,25.5,133,2
529,2020,19.7,191,207,17.9,92,-4
529,2021,22.6,178,203,22,106,-8
529,2022,18.3,98,179,6.9,86,-32
529,2023,38.1,204,229,30.3,178,18
529,2024,18.1,167,208,17.2,85,-3
529,2025,23.8,174,203,20.7,111,-8
529,2026,3.4,104,112,0.1,16,-99
530,1981,39,197,241,32.4,93,-10
530,1982,62.6,205,261,56.6,149,10
530,1983,44.7,200,249,44.1,106,-2
530,1984,38.2,222,262,34.7,91,11
530,1985,46.5,211,246,43.4,111,-5
530,1986,40.9,183,244,40.9,97,-7
530,1987,35,196,227,34,83,-24
530,1988,39.6,194,243,37.6,94,-8
530,1989,45.8,189,252,43.1,109,1
530,1990,43.5,197,267,41.7,104,16
530,1991,55.4,214,256,51,132,5
530,1992,36.6,203,238,33.9,87,-13
530,1993,35.3,214,240,31.3,84,-11
530,1994,31.8,198,233,29.3,76,-18
530,1995,41.8,215,246,38.6,100,-5
530,1996,58.5,219,260,52,139,9
530,1997,77.1,216,263,70.7,184,12
530,1998,34.2,202,245,31.4,81,-6
530,1999,63.2,219,265,61.4,150,14
530,2000,40.9,192,245,39.8,97,-6
530,2001,26.2,216,240,21.7,62,-11
530,2002,59.7,221,268,55.4,142,17
530,2003,41.2,191,252,39.6,98,1
530,2004,34.6,187,249,34.5,82,-2
530,2005,29.9,202,244,26.1,71,-7
530,2006,51.3,202,251,46.6,122,0
530,2007,36.1,204,244,34.5,86,-7
530,2008,55.6,229,269,51.5,132,18
530,2009,44,227,255,37.5,105,4
530,2010,29.5,222,251,23.3,70,0
530,2011,60.5,222,278,49.7,144,27
530,2012,49.6,203,267,48.6,118,16
530,2013,40.6,215,251,36.6,97,0
530,2014,57.7,211,265,52.3,137,14
530,2015,28.5,198,241,25.8,68,-10
530,2016,36.7,185,246,36.7,87,-5
530,2017,46.2,215,255,42.4,110,4
530,2018,50.1,209,250,43.6,119,-1
530,2019,42.4,202,247,33.1,101,-4
530,2020,42.2,209,255,36.9,100,4
530,2021,36.6,209,247,34.2,87,-4
530,2022,43.8,227,266,36.6,104,15
530,2023,40.1,207,238,34.4,95,-13
530,2024,29.4,195,252,27.2,70,1
530,2025,37.4,207,249,35.6,89,-2
530,2026,46.2,208,248,43.5,110,-3
531,1981,8.6,191,207,8.2,50,-30
531,1982,21.1,206,241,19.1,122,4
531,1983,14.5,235,253,11.7,84,16
531,1984,23.1,227,239,18,134,2
531,1985,14.5,194,233,13.8,84,-4
531,1986,18.5,196,233,16.1,107,-4
531,1987,18.8,201,228,17.1,109,-8
531,1988,14.9,212,230,14.9,86,-6
531,1989,16.1,196,233,13.2,93,-4
531,1990,14.3,220,238,11.7,83,2
531,1991,12.9,202,236,11.2,75,-0
531,1992,15.1,207,223,14.5,87,-14
531,1993,19.6,213,237,15,113,0
531,1994,17.3,199,234,13.5,100,-2
531,1995,26.9,244,264,16,155,28
531,1996,23.3,216,233,20.5,135,-4
531,1997,27.7,216,247,21.1,160,10
531,1998,17.2,211,232,14.1,99,-4
531,1999,23.4,219,249,13.4,135,12
531,2000,15.8,208,228,15.1,91,-8
531,2001,16.7,206,237,15,97,0
531,2002,9.4,187,213,9.4,54,-24
531,2003,16.7,207,235,14.4,97,-2
531,2004,13.1,215,231,9.6,76,-6
531,2005,14.6,195,236,14,84,-0
531,2006,19.4,186,229,19.1,112,-8
531,2007,18.5,210,241,15.4,107,4
531,2008,20.8,198,245,18.8,120,8
531,2009,17.3,202,226,14.8,100,-10
531,2010,14.7,216,240,13.8,85,4
531,2011,21.9,217,251,17.8,127,14
531,2012,10.2,180,214,9.9,59,-22
531,2013,16.8,223,240,10.9,97,4
531,2014,21.6,204,247,19.5,125,10
531,2015,22.3,236,254,15.8,129,18
531,2016,19.3,215,247,15.4,112,10
531,2017,17.2,216,249,16.1,99,12
531,2018,17.1,204,230,13,99,-6
531,2019,22,224,258,20.4,127,22
531,2020,19.7,210,235,17.5,114,-2
531,2021,15.7,211,242,13.6,91,6
531,2022,14.3,213,228,12.5,83,-8
531,2023,14.5,211,242,12.5,84,6
531,2024,20.9,228,249,17.7,121,12
531,2025,14.5,204,237,13.4,84,0
531,2026,7.9,169,212,6.2,46,-24
532,1981,14.1,190,205,12.9,78,-12
532,1982,26.8,194,221,26.1,148,4
532,1983,27.6,205,235,25.3,152,18
532,1984,27.5,195,224,26.1,152,7
532,1985,29.3,186,221,29.3,162,4
532,1986,20.6,186,218,18.6,114,1
532,1987,22.8,197,217,21,126,0
532,1988,16.3,175,204,16.1,90,-13
532,1989,21.1,156,203,19.1,117,-14
532,1990,13,195,221,12.4,72,4
532,1991,26.3,187,216,24.9,145,-1
532,1992,19.9,187,207,19.8,110,-10
532,1993,30.3,192,228,28.9,167,11
532,1994,23.6,195,226,21.2,130,9
532,1995,30.5,208,238,27.8,169,21
532,1996,14.9,184,210,14.9,82,-7
532,1997,24.9,198,225,23.2,138,8
532,1998,20.1,202,220,17.1,111,3
532,1999,16.3,216,227,10.7,90,10
532,2000,14.7,189,209,14.4,81,-8
532,2001,19.1,197,215,17,106,-2
532,2002,10.2,173,194,9.9,56,-23
532,2003,17.9,191,212,17.4,99,-5
532,2004,18.3,198,219,15.3,101,2
532,2005,24.7,194,228,23.9,136,11
532,2006,13.2,191,206,12,73,-11
532,2007,15.2,196,217,14.3,84,0
532,2008,26.9,196,223,26.3,149,6
532,2009,24.3,200,217,20.8,134,0
532,2010,21.4,191,219,20.7,118,2
532,2011,15.1,194,223,14.4,83,6
532,2012,14.7,176,204,11.3,81,-13
532,2013,12.8,178,210,12.1,71,-7
532,2014,10.3,190,202,10.2,57,-15
532,2015,15.2,161,202,13,84,-15
532,2016,13,168,218,12.8,72,1
532,2017,26.6,190,221,25.7,147,4
532,2018,8.7,184,199,8.7,48,-18
532,2019,21.6,184,218,21.5,119,1
532,2020,14.9,184,209,14.9,82,-8
532,2021,15.5,181,211,15.3,86,-6
532,2022,15.1,187,205,14.9,83,-12
532,2023,22.8,190,217,22.1,126,0
532,2024,16.6,193,208,16,92,-9
532,2025,9.2,175,196,7.2,51,-21
532,2026,8.4,159,175,0,46,-42
533,1981,13.2,190,203,12.7,60,-14
533,1982,33,203,234,31.7,149,18
533,1983,30.6,232,245,24.6,138,28
533,1984,40.2,198,236,36.6,182,20
533,1985,30.4,186,214,29.9,138,-2
533,1986,28.1,168,235,22.1,127,18
533,1987,13,191,201,13,59,-16
533,1988,16.5,183,197,16.4,75,-20
533,1989,27.7,188,206,25.4,125,-10
533,1990,17.8,170,196,15.4,81,-20
533,1991,22.3,183,230,22.3,101,14
533,1992,11.2,163,187,7.6,51,-30
533,1993,27.8,189,229,25.8,126,12
533,1994,21.8,194,217,20.8,99,0
533,1995,22.1,181,228,21.9,100,12
533,1996,28.8,184,225,28.8,130,8
533,1997,39.4,198,227,38.1,178,10
533,1998,25.1,202,218,22.9,114,2
533,1999,23.6,194,236,20.7,107,20
533,2000,21.7,185,210,21.7,98,-6
533,2001,15.5,197,211,12.5,70,-6
533,2002,19.3,180,213,18.3,87,-4
533,2003,17.1,191,207,15.7,77,-10
533,2004,19.4,160,196,14.3,88,-20
533,2005,23.8,184,221,23.8,108,4
533,2006,30.6,190,223,29.5,138,6
533,2007,15.5,163,190,11.6,70,-26
533,2008,25.6,196,225,24.3,116,8
533,2009,23.2,199,218,21.1,105,2
533,2010,14.1,197,210,10.7,64,-6
533,2011,36.9,215,250,31.1,167,34
533,2012,13.6,164,192,8.5,62,-24
533,2013,11.8,178,212,8.6,53,-4
533,2014,25.3,190,216,24.4,114,-0
533,2015,14.8,159,183,6.5,67,-34
533,2016,22.1,185,206,22.1,100,-10
533,2017,31.5,166,224,30.1,143,8
533,2018,14.7,180,207,13.5,67,-10
533,2019,26.5,199,219,25.8,120,2
533,2020,19.1,190,212,19.1,86,-4
533,2021,12.8,184,208,12.8,58,-8
533,2022,15.4,175,214,11.8,70,-2
533,2023,35.6,191,228,32.7,161,12
533,2024,25,194,215,24.4,113,-2
533,2025,19.3,176,207,17.8,87,-10
533,2026,12,167,176,0,54,-40
534,1981,10.3,186,207,10,38,-22
534,1982,40.2,200,229,38.3,148,0
534,1983,33.8,231,243,31.5,124,14
534,1984,44.2,222,241,33.5,162,12
534,1985,21.1,188,201,21.1,78,-28
534,1986,38.1,197,238,35.6,140,10
534,1987,13.2,182,204,12.9,49,-24
534,1988,20.6,189,203,20.1,76,-26
534,1989,30.3,188,216,27.9,111,-12
534,1990,12.7,185,198,12.4,47,-30
534,1991,20.1,218,236,16.6,74,8
534,1992,13.4,151,197,12.2,49,-32
534,1993,35.2,208,233,32.5,129,4
534,1994,15,193,217,12.7,55,-12
534,1995,22.5,220,235,21.2,83,6
534,1996,30.2,208,230,28.4,111,2
534,1997,45.5,198,231,45,167,2
534,1998,32.8,201,237,30.9,121,8
534,1999,29.8,218,239,26,110,10
534,2000,27,184,215,27,99,-14
534,2001,13.5,170,213,11.5,50,-16
534,2002,27.4,185,224,27.4,101,-4
534,2003,15.5,191,231,14.3,57,2
534,2004,26.4,173,217,24.6,97,-12
534,2005,22.8,194,232,21.4,84,4
534,2006,49.1,197,225,44.7,181,-4
534,2007,26.6,206,222,24.5,98,-6
534,2008,31.7,195,230,30.4,117,2
534,2009,28.8,200,229,25.4,106,0
534,2010,23.9,196,247,22.3,88,18
534,2011,39.3,209,249,34.5,144,20
534,2012,24.7,186,214,24.7,91,-14
534,2013,26.3,203,220,21.7,97,-8
534,2014,29.7,191,234,28.3,109,6
534,2015,27.8,162,211,24.3,102,-18
534,2016,35.1,187,228,35.1,129,-0
534,2017,40.2,214,237,35.4,148,8
534,2018,24.7,201,219,22.8,91,-10
534,2019,30.9,202,225,27.2,114,-4
534,2020,25.8,191,218,25.5,95,-10
534,2021,26.3,183,213,26.3,97,-16
534,2022,27,209,230,23,99,2
534,2023,35,193,235,32.1,129,6
534,2024,34.9,195,235,34.3,128,6
534,2025,28.3,189,214,28,104,-14
534,2026,20,167,192,12.2,74,-36
535,1982,15.7,173,223,15.5,140,19
535,1983,11.7,146,212,10.1,104,8
535,1984,7.5,172,209,7,67,5
535,1985,16.1,182,214,16,143,10
535,1986,11.6,147,182,5.6,103,-22
535,1987,9.7,154,191,8.5,86,-13
535,1988,8.9,153,214,8,79,10
535,1989,15.1,192,203,13.4,134,-1
535,1990,13,167,189,11.1,116,-15
535,1991,10.8,144,198,8.9,96,-6
535,1992,11.7,144,164,0,104,-40
535,1993,9.2,175,182,3.7,82,-22
535,1994,9.6,170,187,7.5,85,-17
535,1995,7.8,78,130,0,69,-74
535,1996,8,153,214,7.8,71,10
535,1997,22.8,168,204,17.8,203,0
535,1998,9.6,164,203,7.7,85,-1
535,1999,19.5,159,230,18.5,173,26
535,2000,13.8,182,211,13.7,123,7
535,2001,10.8,197,219,8.9,96,15
535,2002,20,182,229,19.9,178,25
535,2003,5.9,163,195,4.2,52,-9
535,2004,13.1,159,195,9.9,116,-9
535,2005,4,110,119,2.4,36,-85
535,2006,10.6,178,205,9.7,94,1
535,2007,10.3,153,190,6.7,92,-14
535,2008,24.9,193,241,24.8,221,37
535,2009,14.7,186,214,14.4,131,10
535,2010,5.6,155,198,4,50,-6
535,2011,17.7,213,231,15.8,157,27
535,2012,18.8,176,210,18.4,167,6
535,2013,10.7,176,209,9.5,95,5
535,2014,18,183,216,18,160,12
535,2015,8.4,117,168,1.2,75,-36
535,2016,10.2,139,194,8.4,91,-10
535,2017,13.2,161,200,9,117,-4
535,2018,15.9,163,212,15,141,8
535,2019,11.9,167,204,9.9,106,0
535,2020,16.7,189,213,16.1,148,9
535,2021,19.5,177,211,19.2,173,7
535,2022,18.2,171,225,15.6,162,21
535,2023,17.1,190,217,16.5,152,13
535,2024,12.8,185,208,12.8,114,4
535,2025,12.7,175,209,11.2,113,5
535,2026,13.7,169,193,11.9,122,-11
537,1981,13.8,194,211,12.6,114,-4
537,1982,21.6,197,226,19.3,178,11
537,1983,22.5,186,235,22.5,185,20
537,1984,12.8,197,227,11.6,105,12
537,1985,11.4,182,197,11.3,94,-18
537,1986,18.6,173,216,17.3,153,1
537,1987,8.4,182,199,8.3,69,-16
537,1988,9,188,200,8.7,74,-15
537,1989,15.4,187,205,14.9,127,-10
537,1990,8.4,171,193,8,69,-22
537,1991,8.9,203,234,8.5,73,19
537,1992,8.7,165,195,7.4,72,-20
537,1993,16.1,195,223,14.4,133,8
537,1994,7.6,167,201,6.5,63,-14
537,1995,18.4,181,234,18.2,151,19
537,1996,14.4,188,224,14.1,119,9
537,1997,22.6,196,223,21.8,186,8
537,1998,11.6,197,216,10.6,95,1
537,1999,15.6,164,231,15,128,16
537,2000,12.5,177,210,12.1,103,-5
537,2001,7.1,161,209,5.9,58,-6
537,2002,12,181,212,11.7,99,-3
537,2003,13.6,190,232,12.8,112,17
537,2004,11.7,168,191,8.1,96,-24
537,2005,9.6,190,216,9.6,79,1
537,2006,20.8,199,223,18.1,171,8
537,2007,7.6,163,189,5.4,63,-26
537,2008,12.3,196,222,12,101,7
537,2009,12.5,191,223,12.3,103,8
537,2010,9.2,192,215,8.9,76,0
537,2011,15.9,209,230,14.7,131,15
537,2012,12.7,183,207,12.5,105,-8
537,2013,10.7,180,203,10.3,88,-12
537,2014,10.7,188,213,10.6,88,-2
537,2015,9.6,137,186,5.4,79,-29
537,2016,12.7,183,203,12.6,105,-12
537,2017,22.7,194,221,22.2,187,6
537,2018,10.6,188,210,10.5,87,-5
537,2019,15.6,191,215,14.7,128,0
537,2020,8.4,191,207,8.4,69,-8
537,2021,9.3,185,205,9.3,77,-10
537,2022,8.6,176,219,6.7,71,4
537,2023,18,189,225,17.2,148,10
537,2024,10.8,189,207,9.9,89,-8
537,2025,12.7,175,205,12.1,105,-10
537,2026,11.7,167,181,5.4,96,-34
538,1981,11.2,190,201,11.2,78,-17
538,1982,17.8,187,215,17.6,123,-3
538,1983,21.3,199,238,18.3,147,20
538,1984,25.7,198,233,23,178,15
538,1985,15.8,190,216,15.3,109,-2
538,1986,12.8,189,215,11.5,89,-3
538,1987,17.8,196,213,17,123,-5
538,1988,9.3,189,202,8.6,64,-16
538,1989,15.6,159,200,12.5,108,-18
538,1990,9,170,221,8.3,62,3
538,1991,13.8,186,221,13.3,96,3
538,1992,16.8,182,208,16.6,116,-10
538,1993,17.8,191,225,15.7,123,7
538,1994,12.9,195,221,12,89,3
538,1995,18.4,223,239,17,127,21
538,1996,16.7,204,219,15.5,116,1
538,1997,23.4,197,224,20.9,162,6
538,1998,14.3,186,225,13.4,99,7
538,1999,13.3,218,229,9.1,92,11
538,2000,14.6,187,211,14.1,101,-7
538,2001,11.3,195,214,9.6,78,-4
538,2002,9.3,172,186,6.1,64,-32
538,2003,13.2,192,214,11.4,91,-4
538,2004,13,163,218,11,90,0
538,2005,16.8,183,223,16.8,116,5
538,2006,15.5,190,207,14.7,107,-11
538,2007,11.1,163,215,9.3,77,-3
538,2008,18.8,202,231,16,130,13
538,2009,16.3,202,212,13.9,113,-6
538,2010,16.1,190,209,15.3,111,-9
538,2011,16.6,216,240,14.5,115,22
538,2012,10.9,174,193,8.5,75,-25
538,2013,10.1,179,212,9.3,70,-6
538,2014,13.7,192,219,12.6,95,1
538,2015,12.7,157,196,9.8,88,-22
538,2016,15,186,219,15,104,1
538,2017,17.5,189,218,16.3,121,0
538,2018,8.6,181,206,8.2,60,-12
538,2019,19.3,187,226,18.9,134,8
538,2020,12.6,184,214,12.6,87,-4
538,2021,13.1,183,209,13.1,91,-9
538,2022,11.6,184,210,11.4,80,-8
538,2023,18.9,189,218,18.9,131,0
538,2024,11.7,194,206,11.3,81,-12
538,2025,13.4,190,205,11.6,93,-13
538,2026,6.8,161,175,0,47,-43
539,1981,8,160,200,7.5,46,-6
539,1982,33.2,199,219,26.9,191,13
539,1983,47.2,215,244,45.4,271,38
539,1984,24.1,173,207,18.8,139,1
539,1985,17.8,184,198,17.8,102,-8
539,1986,30,175,205,25.3,172,-1
539,1987,10.7,177,193,9.5,61,-13
539,1988,10.6,166,177,0.7,61,-29
539,1989,21.5,178,194,19.4,124,-12
539,1990,13.7,166,186,8.5,79,-20
539,1991,8.8,179,211,8.1,51,5
539,1992,10.5,164,188,7.8,60,-18
539,1993,34.8,168,219,33.2,200,13
539,1994,11.6,164,185,6.7,67,-21
539,1995,36.9,181,235,36.5,212,29
539,1996,20.1,186,211,19,116,5
539,1997,23.7,161,198,15.5,136,-8
539,1998,31.6,199,232,29.3,182,26
539,1999,30.3,194,224,27.5,174,18
539,2000,16.7,153,192,11,96,-14
539,2001,11.4,164,183,5.5,66,-23
539,2002,19.9,171,196,18.9,114,-10
539,2003,11.1,173,224,6.2,64,18
539,2004,18.1,157,189,11.3,104,-17
539,2005,23.3,182,218,23.2,134,12
539,2006,20.7,201,219,16.1,119,13
539,2007,12,156,186,6.7,69,-20
539,2008,19.3,170,209,17.4,111,3
539,2009,11.8,176,202,10.8,68,-4
539,2010,18.4,188,226,16.4,106,20
539,2011,35,182,226,34.7,201,20
539,2012,11.6,197,210,11.2,67,4
539,2013,8.5,162,180,2.9,49,-26
539,2014,2.7,134,142,1.1,16,-64
539,2015,1.7,105,111,0,10,-95
539,2016,11.6,168,189,9.5,67,-17
539,2017,26.4,197,218,24.5,152,12
539,2018,13.4,178,192,11.8,77,-14
539,2019,41.9,183,210,41.9,241,4
539,2020,12,192,203,10.1,69,-3
539,2021,16.2,176,189,12.7,93,-17
539,2022,19.1,160,184,10,110,-22
539,2023,53,194,227,51.3,305,21
539,2024,22.5,184,207,22.5,129,1
539,2025,20.8,186,201,19.8,120,-5
539,2026,14.7,147,168,0.3,84,-38
540,1981,7.4,154,192,6.5,52,-8
540,1982,22.7,193,211,19,160,11
540,1983,25.8,187,227,25.7,182,27
540,1984,17.5,172,198,13,123,-2
540,1985,19.8,183,195,19.8,139,-5
540,1986,23.5,162,188,13.6,165,-12
540,1987,9,177,191,8,63,-9
540,1988,8,162,180,2.1,56,-20
540,1989,14.9,156,188,10.8,105,-12
540,1990,11.5,166,190,8.8,81,-10
540,1991,7.8,177,197,6,55,-3
540,1992,8.3,177,185,4.5,58,-15
540,1993,25.3,180,210,24.4,178,10
540,1994,10.1,152,187,6.2,71,-13
540,1995,24.4,181,215,23.9,172,15
540,1996,17.4,182,205,16.4,123,5
540,1997,15.6,169,195,9.3,110,-5
540,1998,21.9,166,214,19.9,154,14
540,1999,24.2,194,214,20.7,170,14
540,2000,14.4,162,193,11.9,101,-7
540,2001,10.1,157,183,5,71,-17
540,2002,14.5,176,191,12,102,-9
540,2003,9.9,170,217,6.8,70,17
540,2004,16.5,157,190,10.8,116,-10
540,2005,21.3,179,209,20.4,150,9
540,2006,14,185,209,14,99,9
540,2007,11.3,156,177,5,80,-23
540,2008,17.7,155,200,15.1,125,0
540,2009,12.8,176,200,11.6,90,0
540,2010,16.4,189,216,14.8,115,16
540,2011,30,181,214,29.2,211,14
540,2012,8.5,189,205,8.4,60,5
540,2013,6.9,162,177,0.6,49,-23
540,2014,1.1,153,156,1,8,-44
540,2015,1.1,64,66,0,8,-134
540,2016,8.7,132,184,4.1,61,-16
540,2017,20.7,162,205,15.8,146,5
540,2018,9.8,178,190,8.5,69,-10
540,2019,22.3,171,205,21,157,5
540,2020,7.3,192,201,5.9,51,1
540,2021,9,170,187,6.3,63,-13
540,2022,10.8,152,181,4.8,76,-19
540,2023,26.2,191,212,25.7,185,12
540,2024,12,185,204,12,85,4
540,2025,8,172,193,6,56,-7
540,2026,8.8,147,166,0,62,-34
541,1981,23.1,201,242,22.6,51,-9
541,1982,72.6,197,268,61.6,161,17
541,1983,76.7,230,280,66.5,170,29
541,1984,54.2,223,263,49.3,120,12
541,1985,35,187,249,35,78,-2
541,1986,57.8,203,256,54.9,128,5
541,1987,23,185,227,23,51,-24
541,1988,17.6,187,236,17.6,39,-15
541,1989,48.3,190,256,47.5,107,5
541,1990,23.4,191,252,23.4,52,1
541,1991,27.6,209,255,26.8,61,4
541,1992,21.1,196,224,20.9,47,-27
541,1993,63.3,228,269,59.5,140,18
541,1994,22.9,196,240,22.8,51,-11
541,1995,81.4,229,279,70.1,180,28
541,1996,48.3,207,251,43,107,0
541,1997,55.4,186,243,55.1,123,-8
541,1998,59.3,245,279,53.4,131,28
541,1999,66.7,220,267,59.6,148,16
541,2000,43.5,203,251,42.1,96,0
541,2001,25.8,205,232,21.7,57,-19
541,2002,45.4,216,252,44.8,101,1
541,2003,57.7,223,259,43.4,128,8
541,2004,45.4,207,247,43.7,101,-4
541,2005,54.4,231,265,49.1,121,14
541,2006,66.7,209,263,55.1,148,12
541,2007,30.4,205,243,29.2,67,-8
541,2008,37.2,209,248,36.6,82,-3
541,2009,40.7,218,247,39.2,90,-4
541,2010,44.8,213,262,37.2,99,11
541,2011,75.7,250,285,68,168,34
541,2012,32.2,203,244,28.9,71,-7
541,2013,40.3,191,234,39.5,89,-17
541,2014,21.9,187,237,21.4,49,-14
541,2015,18.9,164,221,16.4,42,-30
541,2016,50.9,219,254,50.3,113,3
541,2017,86.5,209,270,77,192,19
541,2018,37.5,205,246,35.9,83,-5
541,2019,69.6,200,270,64.9,154,19
541,2020,30.1,203,244,26.8,67,-7
541,2021,26.5,189,239,26.1,59,-12
541,2022,40.6,208,251,34.8,90,0
541,2023,78.8,225,268,73.3,175,17
541,2024,44,223,253,42.6,98,2
541,2025,49.6,194,250,48.7,110,-1
541,2026,25.6,148,233,17.6,57,-18
542,1981,12.6,192,209,10.9,72,-20
542,1982,20.8,193,234,19.3,119,5
542,1983,19.1,220,247,16.6,109,18
542,1984,26.7,222,239,21.3,153,10
542,1985,17.8,193,229,17.8,102,0
542,1986,19.5,204,232,16.5,112,3
542,1987,17.8,197,222,15.8,102,-7
542,1988,13.8,184,218,13.8,79,-11
542,1989,16.6,190,221,14.5,95,-8
542,1990,14.1,217,234,13.4,81,5
542,1991,17.4,215,232,16.2,100,3
542,1992,14.2,181,218,14,81,-11
542,1993,24.8,208,237,19.7,142,8
542,1994,18.6,196,229,15.8,107,0
542,1995,27.7,231,255,18.7,159,26
542,1996,22.1,207,229,21,127,0
542,1997,23.6,214,229,20.1,135,0
542,1998,17.6,203,229,14.9,101,0
542,1999,20.6,219,234,13.5,118,5
542,2000,14.7,187,218,14.2,84,-11
542,2001,15.1,194,226,14.3,87,-3
542,2002,12.9,180,207,11.3,74,-22
542,2003,17.5,207,230,16.2,100,1
542,2004,14.2,196,221,12.9,81,-8
542,2005,16.3,194,232,15.3,93,3
542,2006,17,190,221,15.9,97,-8
542,2007,16.3,200,224,15.4,93,-5
542,2008,26.8,196,239,23.5,154,10
542,2009,21.9,201,221,19.7,126,-8
542,2010,16.5,191,225,15.8,95,-4
542,2011,25,216,243,20.1,143,14
542,2012,10.7,176,209,8.9,61,-20
542,2013,15.3,208,228,11.1,88,-1
542,2014,22.2,200,233,19.5,127,4
542,2015,15.3,181,238,15.1,88,9
542,2016,17.1,204,234,15,98,5
542,2017,17.7,193,228,16.7,101,-1
542,2018,13.6,204,221,10.5,78,-8
542,2019,21.2,195,245,20.7,121,16
542,2020,19,203,222,17.3,109,-7
542,2021,14.7,184,220,14.5,84,-9
542,2022,14.5,199,220,13.6,83,-9
542,2023,17.7,194,227,17,101,-2
542,2024,17.8,196,237,16.6,102,8
542,2025,16.2,192,217,15.3,93,-12
542,2026,8.1,170,203,5.4,46,-26
543,1981,9.4,190,205,9.1,81,-3
543,1982,17.1,195,213,17.1,147,5
543,1983,21.1,216,242,17.1,182,34
543,1984,12.4,198,227,11.7,107,19
543,1985,12.4,186,198,12.2,107,-10
543,1986,23.8,202,223,19.1,205,15
543,1987,8.7,191,207,8.6,75,-1
543,1988,9.3,186,213,9.3,80,5
543,1989,9.7,187,196,9.2,84,-12
543,1990,10.8,173,202,10.4,93,-6
543,1991,8.5,185,221,8.5,73,13
543,1992,9.3,182,201,9.1,80,-7
543,1993,17.2,193,224,16.2,148,16
543,1994,8.2,195,202,7.2,71,-6
543,1995,14.1,183,231,14.1,122,23
543,1996,12,184,215,12,103,7
543,1997,18.7,197,221,14.8,161,13
543,1998,14.5,200,225,12.6,125,17
543,1999,7.6,166,201,5.8,66,-7
543,2000,12.7,175,201,12.1,109,-7
543,2001,13.6,197,213,11,117,5
543,2002,5.9,173,187,4.8,51,-21
543,2003,10.6,191,209,10.2,91,1
543,2004,11.6,160,184,5.6,100,-24
543,2005,22.5,195,228,21.7,194,20
543,2006,13.6,190,210,12.8,117,2
543,2007,8.3,163,178,5,72,-30
543,2008,16.8,196,219,16.1,145,11
543,2009,11.4,200,207,9.1,98,-1
543,2010,11.6,190,203,10.9,100,-5
543,2011,15.7,182,226,15.4,135,18
543,2012,7.9,173,184,2.6,68,-24
543,2013,8.5,165,210,6.4,73,2
543,2014,7.3,191,200,7.1,63,-8
543,2015,6.8,166,180,1.5,59,-28
543,2016,9.6,186,203,9.6,83,-5
543,2017,17.9,161,205,16,154,-3
543,2018,6.8,179,194,6.5,59,-14
543,2019,15.6,178,220,15.3,134,12
543,2020,13.2,182,211,13.1,114,3
543,2021,8.9,184,193,8.9,77,-15
543,2022,10,174,201,9.7,86,-7
543,2023,23.2,189,221,23,200,13
543,2024,13.2,187,204,13.2,114,-4
543,2025,8.7,175,197,7.9,75,-11
543,2026,6.5,151,169,0,56,-39
544,1981,16.8,193,243,,67,2
544,1982,37.8,198,254,35.7,152,13
544,1983,40.3,235,259,28,162,18
544,1984,32,225,275,28.3,129,34
544,1985,24.8,195,231,23.8,100,-10
544,1986,44.3,213,258,40.6,178,17
544,1987,19.6,196,218,19.6,79,-23
544,1988,20.5,190,235,20.1,82,-6
544,1989,31.2,190,233,29,125,-8
544,1990,19.5,214,247,19.5,78,6
544,1991,24.5,220,247,20.6,98,6
544,1992,19.6,185,221,19.3,79,-20
544,1993,34.9,222,241,27.3,140,0
544,1994,21.2,199,227,19.6,85,-14
544,1995,32.5,221,260,28.3,131,19
544,1996,36.1,207,253,33.8,145,12
544,1997,44.2,216,244,39.5,178,3
544,1998,26.1,204,245,24.7,105,4
544,1999,38.8,230,257,29.4,156,16
544,2000,22.9,193,238,22.6,92,-3
544,2001,20.1,198,225,17.3,81,-16
544,2002,22.4,212,241,21.2,90,0
544,2003,24.4,192,239,24,98,-2
544,2004,21.7,207,234,21.3,87,-7
544,2005,33.2,226,248,28.3,133,7
544,2006,35,203,234,31.9,141,-7
544,2007,19.7,196,226,18.8,79,-15
544,2008,27.7,211,260,26.4,111,19
544,2009,28.3,200,239,24.6,114,-2
544,2010,21.7,227,252,17.2,87,11
544,2011,40.4,218,267,32.3,162,26
544,2012,20,182,225,19.7,80,-16
544,2013,24.4,207,230,17.3,98,-11
544,2014,33.8,191,241,32.9,136,0
544,2015,18.3,178,245,17.4,73,4
544,2016,23.3,187,246,23.3,94,5
544,2017,44.6,215,247,40,179,6
544,2018,24.9,201,233,21.2,100,-8
544,2019,25.1,201,253,22,101,12
544,2020,24.9,201,231,23.3,100,-10
544,2021,18.9,184,231,18.9,76,-10
544,2022,22.9,208,246,16.7,92,5
544,2023,30.6,209,237,27.4,123,-4
544,2024,24,194,243,23.7,96,2
544,2025,26.6,190,238,26.3,107,-3
544,2026,19.7,169,224,14.8,79,-17
545,1981,21.3,200,242,18.8,61,-8
545,1982,52.3,213,260,46.2,149,10
545,1983,43.7,203,255,40.9,124,5
545,1984,54.7,222,270,44.2,155,20
545,1985,49.7,184,253,49.6,141,3
545,1986,44,228,251,38.8,125,1
545,1987,35.3,197,231,34.2,100,-19
545,1988,35.5,225,257,31.7,101,7
545,1989,49.9,192,256,47.7,142,6
545,1990,15.1,187,246,15.1,43,-4
545,1991,22.7,212,260,18.7,64,10
545,1992,13.2,193,224,12.5,38,-26
545,1993,51.8,213,258,46.1,147,8
545,1994,26.1,197,237,23.7,74,-13
545,1995,42.2,214,256,36.4,120,6
545,1996,39.3,207,250,34.9,112,0
545,1997,49.4,202,250,46.8,140,0
545,1998,32,200,255,29.6,91,5
545,1999,70.9,230,269,59.4,201,19
545,2000,42.3,187,252,42.3,120,2
545,2001,20.8,203,232,18.6,59,-18
545,2002,45.1,213,259,43.2,128,9
545,2003,32.4,225,250,28.2,92,0
545,2004,47.8,211,258,46.5,136,8
545,2005,28.9,202,236,24.7,82,-14
545,2006,47.3,193,250,45.6,134,0
545,2007,34,206,244,32,97,-6
545,2008,51.9,215,263,47.7,147,13
545,2009,41.7,200,248,37.6,118,-2
545,2010,33.7,224,261,27.1,96,11
545,2011,44.1,213,267,37.6,125,17
545,2012,39.2,202,249,37.3,111,-1
545,2013,28.5,200,233,27.7,81,-17
545,2014,28.9,188,245,28.3,82,-5
545,2015,11.2,198,221,8.8,32,-29
545,2016,36.4,181,240,36.1,103,-10
545,2017,41.7,211,250,38.7,118,0
545,2018,24.6,201,233,21.8,70,-17
545,2019,32.6,198,240,31.7,93,-10
545,2020,28.6,190,239,27.7,81,-11
545,2021,34.4,196,242,34.1,98,-8
545,2022,32.7,226,259,21.2,93,9
545,2023,42.7,201,244,40.8,121,-6
545,2024,40.8,183,230,40.4,116,-20
545,2025,47.4,185,219,46.5,135,-31
545,2026,12.6,157,176,3.4,36,-74
546,1982,23.8,193,221,21.3,161,12
546,1983,22.1,189,221,21,149,12
546,1984,16.3,198,228,15.6,110,20
546,1985,17,188,215,17,115,6
546,1986,17.6,180,207,16.1,119,-2
546,1987,10.2,186,201,10.2,69,-8
546,1988,12.5,187,203,12.2,84,-6
546,1989,19.1,192,218,19,129,10
546,1990,12.4,183,199,12.4,84,-10
546,1991,13.7,182,214,13.5,93,6
546,1992,10.8,174,192,8.8,73,-16
546,1993,16.8,174,215,13.6,114,6
546,1994,11.3,178,202,10.5,76,-6
546,1995,21.3,181,207,20.5,144,-2
546,1996,14.3,184,214,14.3,97,6
546,1997,24.8,171,212,24.2,168,4
546,1998,13.9,198,213,13.3,94,4
546,1999,18.8,167,214,18.4,127,6
546,2000,15.1,182,201,15,102,-8
546,2001,8.2,173,207,7.7,55,-2
546,2002,15.2,172,209,14.5,103,0
546,2003,11.6,161,203,10.2,78,-6
546,2004,18.5,167,192,13,125,-16
546,2005,14.5,188,208,14.4,98,-0
546,2006,18.7,184,214,18.4,126,6
546,2007,13,163,189,8,88,-20
546,2008,18.9,194,227,18.6,128,18
546,2009,15.5,189,221,14.9,105,12
546,2010,10,196,205,9.3,68,-4
546,2011,20.2,192,224,20.1,136,16
546,2012,13.5,174,203,11.4,91,-6
546,2013,11.7,178,207,10.7,79,-2
546,2014,15.9,187,212,15.2,107,4
546,2015,9.9,162,193,5.5,67,-16
546,2016,14,181,201,13.5,95,-8
546,2017,14.5,164,199,10.8,98,-10
546,2018,15.7,178,211,15.1,106,2
546,2019,19.5,164,210,17.7,132,2
546,2020,16,190,213,15.3,108,4
546,2021,13.9,178,205,13.6,94,-4
546,2022,10.2,178,213,9,69,4
546,2023,21.6,189,222,20.4,146,14
546,2024,14.7,184,208,14.7,99,-0
546,2025,14.1,175,202,13.1,95,-6
546,2026,8.6,164,178,1.7,58,-30
547,1992,12.8,184,217,12.8,74,-16
547,1993,21.3,210,234,18,124,1
547,1994,14.6,194,229,12.7,85,-4
547,1995,24.2,225,255,16.3,141,22
547,1996,17,163,227,16.2,99,-6
547,1997,21.9,217,234,17.7,127,1
547,1998,16.4,211,232,13.1,95,-1
547,1999,17.2,218,236,10.4,100,3
547,2000,16.4,209,225,15.2,95,-8
547,2001,13.5,207,228,11.3,78,-5
547,2002,9.7,195,216,9.4,56,-17
547,2003,15.2,207,233,13.2,88,0
547,2004,11.5,210,224,9.6,67,-9
547,2005,14.2,215,234,12.3,83,1
547,2006,18.5,190,227,17.7,108,-6
547,2007,14.6,208,227,12.4,85,-6
547,2008,24.4,203,244,21.3,142,11
547,2009,20.5,202,228,16.6,119,-5
547,2010,14.7,216,237,13.2,85,4
547,2011,24.2,214,250,17.7,141,17
547,2012,10.9,204,218,10.4,63,-15
547,2013,17.5,208,238,13.1,102,5
547,2014,19.8,199,237,18.2,115,4
547,2015,15.4,210,246,13.3,90,13
547,2016,20.9,204,238,18.1,122,5
547,2017,21.7,215,242,20.6,126,9
547,2018,18.3,204,225,13.4,106,-8
547,2019,25,197,252,23.1,145,19
547,2020,21.9,210,232,18.4,127,-1
547,2021,16.5,211,232,15.3,96,-1
547,2022,17.9,197,227,16.2,104,-6
547,2023,19.2,212,230,17.6,112,-3
547,2024,22,226,245,18.6,128,12
547,2025,17.6,184,226,16.8,102,-7
547,2026,8.9,166,222,7.3,52,-11
548,1981,10.3,187,207,10,57,-14
548,1982,32.1,196,218,30.2,177,-4
548,1983,36,197,240,34.5,198,18
548,1984,41.8,218,240,34.7,230,18
548,1985,24.1,187,215,23.8,133,-6
548,1986,19.1,174,215,16.1,105,-6
548,1987,12.7,185,206,12.7,70,-16
548,1988,15.7,189,211,15.1,87,-10
548,1989,27.2,189,214,26.5,150,-8
548,1990,17.1,171,204,17,94,-18
548,1991,18.8,217,237,13.7,104,16
548,1992,10,182,197,9.2,55,-24
548,1993,27.6,198,227,25.3,152,6
548,1994,12.2,194,206,10.2,67,-16
548,1995,18,205,234,15.9,99,12
548,1996,21.8,206,226,19.9,120,4
548,1997,26.5,198,221,22.7,146,-0
548,1998,22.7,202,237,20.3,125,16
548,1999,21,200,235,18.5,116,14
548,2000,18.3,186,211,18.2,101,-10
548,2001,19.4,204,220,16.3,107,-2
548,2002,18.4,183,222,18.4,101,0
548,2003,16.2,222,231,12.4,89,10
548,2004,21.3,173,216,19.4,117,-6
548,2005,18.9,211,232,14.9,104,10
548,2006,27.6,194,223,24.7,152,2
548,2007,11.6,181,211,11.4,64,-10
548,2008,15.3,195,229,13.9,84,8
548,2009,17.2,202,223,14.7,95,2
548,2010,15.4,196,232,13.9,85,10
548,2011,23.3,214,249,19.4,128,28
548,2012,12.6,173,206,11.7,69,-16
548,2013,11.4,179,212,10.4,63,-10
548,2014,12.7,189,221,12.3,70,-0
548,2015,11,165,204,7.9,61,-18
548,2016,18.3,184,219,18.3,101,-2
548,2017,17.6,160,222,17.3,97,0
548,2018,10.9,187,210,10.4,60,-12
548,2019,19.4,197,220,16.5,107,-2
548,2020,17.9,191,213,17.4,99,-8
548,2021,15.6,181,218,15.4,86,-4
548,2022,9.9,200,220,8.3,55,-2
548,2023,24.4,191,226,22.2,134,4
548,2024,24.1,194,227,23.8,133,6
548,2025,20.1,189,209,19.3,111,-12
548,2026,5.4,163,172,0.3,30,-50
550,1982,43.6,203,254,38.6,156,18
550,1983,44,229,248,40.9,158,12
550,1984,35.6,221,247,30.7,128,12
550,1985,27.2,192,235,27.2,97,-0
550,1986,40,203,243,38.8,143,8
550,1987,16.1,197,213,15.5,58,-22
550,1988,23.3,195,232,21.5,84,-4
550,1989,32.5,183,244,32.5,116,8
550,1990,20.7,180,224,20.2,74,-12
550,1991,21.2,203,237,19.4,76,2
550,1992,18.4,180,217,18.2,66,-18
550,1993,36.8,219,238,32.3,132,2
550,1994,20.2,195,221,19.4,72,-14
550,1995,35,220,246,32.3,125,10
550,1996,36.1,210,250,33.3,129,14
550,1997,43.5,206,237,42.5,156,2
550,1998,25.5,200,242,23.6,91,6
550,1999,40.7,192,243,40,146,8
550,2000,28.7,186,233,28.7,103,-2
550,2001,17.3,206,225,14.5,62,-10
550,2002,28.2,186,232,28.2,101,-4
550,2003,30.3,225,243,27.5,109,8
550,2004,25.2,171,218,23.6,90,-18
550,2005,19.5,204,234,17,70,-2
550,2006,40,199,232,36.8,143,-4
550,2007,20.3,164,223,19.9,73,-12
550,2008,29.1,208,240,28,104,4
550,2009,27.3,197,240,25.7,98,4
550,2010,21.6,198,246,19.3,77,10
550,2011,36.5,219,259,29.4,131,24
550,2012,32.2,184,229,32.2,115,-6
550,2013,18.1,206,224,17.2,65,-12
550,2014,27.6,190,237,26.7,99,2
550,2015,18.3,159,218,15.9,66,-18
550,2016,29.2,182,225,29.1,105,-10
550,2017,38.9,211,244,35.3,139,8
550,2018,25.2,200,227,22.9,90,-8
550,2019,31.5,198,237,29,113,2
550,2020,25.1,194,231,24.1,90,-4
550,2021,25,184,226,25,90,-10
550,2022,21.5,216,246,17.2,77,10
550,2023,33.9,209,236,30.6,122,0
550,2024,24.7,194,240,22.7,89,4
550,2025,33.8,178,225,32.7,121,-10
550,2026,18.4,200,223,15.3,66,-12
551,1981,16.1,192,244,15,67,-4
551,1982,27.5,238,260,20.8,115,12
551,1983,38.8,235,272,26.6,162,24
551,1984,37.4,221,248,26.5,156,0
551,1985,23.8,211,247,19.1,99,-1
551,1986,36.4,209,251,28.3,152,3
551,1987,19.3,196,229,18.3,81,-19
551,1988,27.6,225,249,24.5,115,1
551,1989,20.8,192,236,18.6,87,-12
551,1990,30.7,230,251,25.2,128,3
551,1991,25.8,221,244,19.8,108,-4
551,1992,22.8,207,233,18.7,95,-15
551,1993,32.7,222,257,23.6,137,9
551,1994,22,200,232,20.5,92,-16
551,1995,33.6,244,267,14.9,140,19
551,1996,35,218,251,28.7,146,3
551,1997,36,218,248,24.5,150,0
551,1998,24,204,243,19.5,100,-5
551,1999,24.2,231,252,19.4,101,4
551,2000,25.5,209,242,22.4,106,-6
551,2001,21.7,219,236,18.1,91,-12
551,2002,14.4,180,232,14.2,60,-16
551,2003,33.4,224,248,24.4,139,0
551,2004,17.6,209,233,13.8,73,-15
551,2005,23.5,226,251,18.9,98,3
551,2006,22.9,191,237,22,96,-11
551,2007,23.9,211,248,19.8,100,0
551,2008,29.6,230,258,23.5,124,10
551,2009,27.6,218,242,23.6,115,-6
551,2010,25.9,228,249,17.5,108,1
551,2011,52.7,237,267,33.3,220,19
551,2012,13.6,159,217,10.6,57,-31
551,2013,23.6,222,246,14.9,99,-2
551,2014,32.6,232,251,22.8,136,3
551,2015,19.8,211,250,16.3,83,2
551,2016,22,225,249,17.8,92,1
551,2017,19.5,216,251,17.5,81,3
551,2018,23.6,205,235,18.8,99,-13
551,2019,23.4,201,257,21.6,98,9
551,2020,25.3,211,240,22.2,106,-8
551,2021,23,218,245,19.5,96,-3
551,2022,24.9,222,251,18.9,104,3
551,2023,28.2,213,243,24.7,118,-5
551,2024,23.6,226,248,18.6,99,0
551,2025,23.8,189,243,22.3,99,-5
551,2026,11.4,168,182,5.1,48,-66
552,1981,3.7,195,200,1.1,27,12
552,1982,17.6,201,214,12.9,129,26
552,1983,6.7,144,154,1.3,49,-34
552,1984,7.6,154,173,2.6,56,-16
552,1985,29.8,182,198,28.8,219,10
552,1986,11.7,102,156,0,86,-32
552,1987,6.4,149,166,0,47,-22
552,1988,14.9,149,197,13.2,110,8
552,1989,20.6,156,198,19,151,10
552,1990,17.5,166,186,10.1,129,-2
552,1991,7,101,113,0,51,-76
552,1992,2,109,120,0,15,-68
552,1993,18.8,153,181,8.9,138,-8
552,1994,8.4,147,183,4.1,62,-6
552,1995,16.8,99,183,8.3,124,-6
552,1996,12.6,129,179,5.8,93,-10
552,1997,14.4,166,198,10.6,106,10
552,1998,7.7,160,172,1.4,57,-16
552,1999,27.2,193,232,25.6,200,44
552,2000,18.1,164,195,15,133,6
552,2001,7.9,155,176,0.3,58,-12
552,2002,30,171,192,25.2,221,4
552,2003,5.9,159,170,0.4,43,-18
552,2004,18,158,182,7.5,132,-6
552,2005,3.1,108,117,2.1,23,-72
552,2006,17.3,178,207,15.9,127,18
552,2007,15.2,156,187,8.7,112,-2
552,2008,38.7,208,233,37.6,285,44
552,2009,18.8,186,213,17.8,138,24
552,2010,3.1,191,197,1.1,23,8
552,2011,20,190,230,18.3,147,42
552,2012,15.8,190,207,15,116,18
552,2013,16.4,160,203,12,121,14
552,2014,4.5,147,156,0,33,-32
552,2015,3,91,105,0.5,22,-84
552,2016,8.9,113,154,2.5,65,-34
552,2017,17.9,160,195,11.8,132,6
552,2018,8.8,179,193,7.6,65,4
552,2019,12.8,165,190,9.2,94,2
552,2020,9.4,189,199,8.2,69,10
552,2021,10.7,178,198,10.1,79,10
552,2022,11.6,98,179,4.1,85,-10
552,2023,19.5,189,219,16.3,143,30
552,2024,8.6,166,186,5.3,63,-2
552,2025,6.2,173,188,3.5,46,-0
552,2026,1.7,101,108,0.2,12,-80
553,1985,56.5,182,226,54.9,124,0
553,1986,20.6,143,182,8.1,45,-44
553,1987,42.2,154,208,36.8,93,-18
553,1988,29.2,190,210,28.9,64,-16
553,1989,55.1,188,217,49.4,121,-9
553,1990,50,166,204,39.5,110,-22
553,1991,24.6,103,148,17.1,54,-78
553,1992,9.6,114,124,0,21,-102
553,1993,47.4,156,217,32.5,104,-9
553,1994,33.5,193,216,28.7,74,-10
553,1995,42.3,121,217,31,93,-9
553,1996,17.6,122,132,10.9,39,-94
553,1997,61,167,229,56.4,134,3
553,1998,40.5,161,224,28.7,89,-2
553,1999,80.2,199,263,74.3,177,37
553,2000,59.6,175,245,58.5,131,19
553,2001,29,197,223,25.3,64,-3
553,2002,68.3,184,243,67.9,150,17
553,2003,23,190,226,17.3,51,0
553,2004,38.6,180,217,37.1,85,-9
553,2005,13.4,109,160,6.8,30,-66
553,2006,64.2,191,234,63.2,141,8
553,2007,51.6,162,225,43.4,114,-1
553,2008,100.4,212,271,88.2,221,45
553,2009,56.6,195,240,49.1,125,14
553,2010,38.2,192,241,29.4,84,15
553,2011,71.1,220,270,60.1,157,44
553,2012,63.3,191,249,60.2,139,23
553,2013,55.7,202,231,53.7,123,5
553,2014,23.2,187,226,22.5,51,0
553,2015,4.1,95,117,0,9,-109
553,2016,46.1,180,218,44.7,102,-8
553,2017,72.7,206,252,68.5,160,26
553,2018,55.5,200,235,48.9,122,9
553,2019,36.8,179,222,35.8,81,-4
553,2020,44.7,191,233,44.1,98,7
553,2021,54.1,195,240,53.4,119,14
553,2022,48.4,213,259,39,107,33
553,2023,75.8,206,246,65.1,167,20
553,2024,39.3,192,234,38.8,87,8
553,2025,48.3,175,226,46.4,106,0
553,2026,19.4,164,210,14.9,43,-16
554,1981,9,193,209,8.9,59,-15
554,1982,26.6,204,229,23.4,175,5
554,1983,20.6,199,243,17.6,136,19
554,1984,22.5,221,235,19,148,11
554,1985,14.3,189,215,13.9,94,-9
554,1986,30.8,199,240,27.6,203,16
554,1987,9.3,183,205,9.3,61,-19
554,1988,12.8,188,202,12.5,84,-22
554,1989,18.1,188,214,16.8,119,-10
554,1990,12.4,183,202,12.4,82,-22
554,1991,12.7,213,231,12.4,84,7
554,1992,11.1,185,211,11,73,-13
554,1993,20,221,232,17.7,132,8
554,1994,11.9,194,217,11.2,78,-7
554,1995,16,180,233,15.9,105,9
554,1996,20.3,189,227,20.3,134,3
554,1997,25.2,198,228,24.1,166,4
554,1998,16.3,201,221,15.9,107,-3
554,1999,18,194,236,17.1,118,12
554,2000,14.4,187,215,14.3,95,-9
554,2001,12.4,198,213,10.5,82,-11
554,2002,12.7,187,226,12.7,84,2
554,2003,13.9,190,226,13.8,91,2
554,2004,13.2,182,211,12.7,87,-13
554,2005,17.8,185,233,17.5,117,9
554,2006,21.3,190,219,20.5,140,-5
554,2007,13.3,186,214,13,88,-10
554,2008,16.3,193,232,15.6,107,8
554,2009,18.4,200,229,16.3,121,5
554,2010,12.3,196,231,9.8,81,7
554,2011,26.5,214,249,21.5,174,25
554,2012,12.9,183,209,12.7,85,-15
554,2013,13.4,207,221,11,88,-3
554,2014,19.5,190,230,19.1,128,6
554,2015,12,178,213,11.5,79,-11
554,2016,14.2,185,219,14.2,93,-5
554,2017,26.1,195,224,25,172,0
554,2018,14.4,198,217,13.2,95,-7
554,2019,16.1,199,224,14.8,106,0
554,2020,16.3,190,219,15.8,107,-5
554,2021,12,185,219,12,79,-5
554,2022,11.3,202,228,9.8,74,4
554,2023,22.8,208,228,20.5,150,4
554,2024,17.2,186,227,17.2,113,3
554,2025,17.3,191,219,17.2,114,-5
554,2026,11.5,168,181,4.8,76,-43
555,1986,25.6,179,232,24.3,211,22
555,1987,11.1,182,201,11,91,-8
555,1988,11.2,188,203,11.1,92,-6
555,1989,13.9,188,208,13.6,114,-2
555,1990,12.5,181,204,12,103,-6
555,1991,11,182,220,10.8,91,10
555,1992,6.6,157,196,6.1,54,-14
555,1993,12.3,172,224,11.5,101,14
555,1994,10.5,190,204,10.1,86,-6
555,1995,11.3,183,211,11.3,93,2
555,1996,20.9,183,227,20.8,172,18
555,1997,24,196,224,23.7,198,14
555,1998,14.7,190,216,14.2,121,6
555,1999,16,196,231,15.2,132,22
555,2000,14.6,184,209,14.6,120,-0
555,2001,9,198,209,8.3,74,-0
555,2002,10.5,180,208,10.1,86,-2
555,2003,13.1,186,207,13.1,108,-2
555,2004,12.5,168,196,10.1,103,-14
555,2005,11.1,179,208,10.6,91,-2
555,2006,15,185,209,14.8,123,-0
555,2007,9.5,163,200,8,78,-10
555,2008,13.4,194,221,12.8,110,12
555,2009,12,192,214,11.7,99,4
555,2010,6.7,196,204,5.4,55,-6
555,2011,15.6,205,233,14.2,128,24
555,2012,14.1,175,205,12.5,116,-4
555,2013,9.1,179,209,8.3,75,-0
555,2014,22.8,188,226,22.5,188,16
555,2015,11.3,161,202,9.1,93,-8
555,2016,10,181,197,9.5,82,-12
555,2017,23.3,166,218,20.4,192,8
555,2018,15.6,191,210,14.7,128,0
555,2019,11,172,210,10.3,91,0
555,2020,11.4,200,215,11,94,6
555,2021,11.6,182,205,11.5,95,-4
555,2022,8.7,173,216,6.8,72,6
555,2023,13.5,192,216,12.7,111,6
555,2024,9.5,184,205,9.5,78,-4
555,2025,14.4,176,212,13.4,119,2
555,2026,12.5,169,181,5.3,103,-28
556,1981,9.3,191,207,8.1,70,-9
556,1982,16.5,192,217,15.6,125,1
556,1983,13.9,216,239,13,105,23
556,1984,20,220,233,16.8,151,17
556,1985,13.3,189,214,12.5,100,-2
556,1986,13,177,215,12.4,98,-1
556,1987,10.4,197,209,9.7,78,-7
556,1988,10.2,185,204,10,77,-12
556,1989,11.9,187,203,10.5,90,-13
556,1990,9.3,192,220,9.1,70,4
556,1991,11.2,213,223,11,85,7
556,1992,10.8,183,212,10.7,82,-4
556,1993,18.3,203,227,16.5,138,11
556,1994,15.5,195,221,13,117,5
556,1995,15.9,225,244,14.3,120,28
556,1996,17.1,189,221,17.1,129,5
556,1997,15.7,168,223,14.2,118,7
556,1998,13.3,202,222,11.2,100,6
556,1999,11.3,169,227,9.5,85,11
556,2000,13.9,187,216,13.4,105,0
556,2001,10.9,197,214,10.6,82,-2
556,2002,8.6,173,192,7.6,65,-24
556,2003,11.4,185,215,11.3,86,-1
556,2004,8.4,163,199,6.8,63,-17
556,2005,11,189,218,10.8,83,2
556,2006,15.8,182,205,15.4,119,-11
556,2007,10.9,184,210,10.9,82,-6
556,2008,20.4,196,232,19.5,154,16
556,2009,13.8,202,213,12.1,104,-3
556,2010,10.9,190,201,9.4,82,-15
556,2011,16.8,216,239,16.1,127,23
556,2012,8.8,175,189,5.9,66,-27
556,2013,10.5,207,224,8.2,79,8
556,2014,15.3,192,216,14.4,115,0
556,2015,8.4,182,196,8.1,63,-20
556,2016,13.2,190,218,13.1,100,2
556,2017,13.9,166,203,13.1,105,-13
556,2018,9.5,191,212,8.7,72,-4
556,2019,17.4,178,220,17,131,4
556,2020,13.6,188,215,13.4,103,-1
556,2021,11.5,184,212,11.2,87,-4
556,2022,12.3,198,213,11.6,93,-3
556,2023,14.2,189,213,14.2,107,-3
556,2024,14.3,194,217,14.3,108,1
556,2025,12.1,174,205,10.8,91,-11
556,2026,6.4,161,179,1.2,48,-37
557,1981,13.4,188,209,13,85,-8
557,1982,22.3,193,219,21.3,141,2
557,1983,24.8,220,246,21.8,157,28
557,1984,32.4,217,233,28.5,205,16
557,1985,20,185,219,20,127,2
557,1986,17.3,205,234,15.2,109,16
557,1987,17.3,184,212,17.3,109,-6
557,1988,15.5,176,225,14.3,98,8
557,1989,13.7,159,192,10.6,87,-26
557,1990,12.4,193,221,11.3,78,4
557,1991,15.8,186,234,15.8,100,16
557,1992,14.2,188,208,14.2,90,-10
557,1993,23.3,198,228,22,147,10
557,1994,16.2,195,224,13.5,103,6
557,1995,23.8,207,246,20.2,151,28
557,1996,15.8,205,218,14.9,100,0
557,1997,19.1,198,223,14.1,121,6
557,1998,22.7,201,231,17.7,144,14
557,1999,13.8,218,231,9.5,87,14
557,2000,15.7,177,204,15.3,99,-14
557,2001,17.4,195,220,15.5,110,2
557,2002,11.1,172,189,8.3,70,-28
557,2003,16.5,190,227,15.4,104,10
557,2004,15.6,160,197,10,99,-20
557,2005,22.3,193,231,21.3,141,14
557,2006,16.3,189,212,15.9,103,-6
557,2007,11.7,162,189,8.6,74,-28
557,2008,20.8,195,218,19.1,132,0
557,2009,19.4,201,217,17.3,123,-0
557,2010,21.8,190,230,20.4,138,12
557,2011,21.8,198,241,20,138,24
557,2012,13.9,163,193,9.2,88,-24
557,2013,14,164,215,10.9,89,-2
557,2014,14.6,192,205,13.4,92,-12
557,2015,10.5,164,181,3.7,66,-36
557,2016,14.4,185,208,14.4,91,-10
557,2017,15.7,161,199,12,99,-18
557,2018,9.8,180,192,8.7,62,-26
557,2019,24.4,195,220,22.7,154,2
557,2020,14.8,187,213,14.7,94,-4
557,2021,15,182,196,14.7,95,-22
557,2022,14.5,175,202,14,92,-16
557,2023,25.3,189,221,24.1,160,4
557,2024,20.3,194,216,19.5,128,-2
557,2025,14.4,188,198,12.3,91,-20
557,2026,7.7,161,171,0.2,49,-46
558,1981,0,365,365,0,0,207
558,1982,5.7,199,207,2.8,69,49
558,1983,8,89,101,1.8,96,-57
558,1984,2.6,152,159,0,31,1
558,1985,11.4,181,190,10.9,137,32
558,1986,3.9,68,79,0,47,-79
558,1987,2.9,125,132,0,35,-26
558,1988,4.6,112,135,0,55,-23
558,1989,12,156,176,3.9,145,18
558,1990,7.4,146,172,0,89,14
558,1991,5.6,177,187,4.2,67,29
558,1992,0.9,106,108,0,11,-50
558,1993,18.7,119,166,0,225,8
558,1994,3.9,147,153,0,47,-5
558,1995,10.2,77,124,1.6,123,-34
558,1996,8.9,127,131,0,107,-27
558,1997,5.3,86,91,0.2,64,-67
558,1998,8.7,160,172,1.3,105,14
558,1999,20.5,193,218,16.7,247,60
558,2000,6,116,130,0.5,72,-28
558,2001,3.9,157,170,0,47,12
558,2002,10.6,88,101,2.4,128,-57
558,2003,9,95,106,0,108,-52
558,2004,8.4,158,167,0.1,101,9
558,2005,7.6,108,113,0.9,92,-45
558,2006,8.2,185,208,8,99,50
558,2007,5.9,154,163,0,71,5
558,2008,21,130,216,17.4,253,58
558,2009,5.8,88,99,3.4,70,-59
558,2010,2.6,129,138,0.8,31,-20
558,2011,13.2,181,217,11.6,159,59
558,2012,8.9,190,204,8,107,46
558,2013,16.8,150,183,8.3,202,25
558,2014,1,131,132,0.4,12,-26
558,2015,1.5,96,99,0,18,-59
558,2016,11,108,134,0,133,-24
558,2017,16.4,159,169,3.2,198,11
558,2018,7.2,178,188,5.6,87,30
558,2019,15.6,165,190,12.4,188,32
558,2020,6.8,114,123,0.1,82,-35
558,2021,10.6,177,195,9.4,128,37
558,2022,9.9,97,133,0,119,-25
558,2023,18.5,188,211,16.7,223,53
558,2024,6.5,166,186,4,78,28
558,2025,6.7,78,84,1,81,-74
558,2026,1.9,146,148,0,23,-10
559,1981,8.9,193,203,8.6,77,-4
559,1982,14.5,204,216,14.1,126,8
559,1983,20.5,200,240,18.8,178,32
559,1984,16.1,197,227,14.9,140,20
559,1985,13,189,198,12.9,113,-10
559,1986,14.2,200,215,10.9,123,8
559,1987,9,185,207,9,78,-0
559,1988,5.7,173,197,5.5,50,-10
559,1989,10.6,174,195,9.1,92,-12
559,1990,9.8,170,201,8.4,85,-6
559,1991,9.3,218,223,9.1,81,16
559,1992,10.9,177,194,8.1,95,-14
559,1993,15.6,201,226,14,136,18
559,1994,9.4,181,203,9.1,82,-4
559,1995,14.7,186,233,13.8,128,26
559,1996,8.5,186,209,8.5,74,2
559,1997,16.4,201,220,13.4,143,12
559,1998,15.3,203,216,12,133,8
559,1999,11.5,194,232,5.6,100,24
559,2000,11.5,189,211,11.1,100,4
559,2001,11.8,198,212,7.8,103,4
559,2002,7.2,178,192,6.7,63,-16
559,2003,12,191,199,11.6,104,-8
559,2004,12.4,162,183,5.7,108,-24
559,2005,20.3,187,218,20.1,177,10
559,2006,10.5,190,206,9.8,91,-2
559,2007,6.7,164,177,3,58,-30
559,2008,14,197,218,13,122,10
559,2009,11.3,192,206,8.3,98,-2
559,2010,10.2,193,203,9.4,89,-4
559,2011,13.8,181,219,13.4,120,12
559,2012,7.1,164,184,2.4,62,-24
559,2013,7.8,180,212,6.8,68,4
559,2014,8.9,190,201,6.5,77,-6
559,2015,3.9,165,173,0,34,-34
559,2016,11.7,186,197,11.7,102,-10
559,2017,12.7,161,197,9.9,110,-10
559,2018,7.8,181,200,7.1,68,-8
559,2019,13.2,188,210,13,115,2
559,2020,13.6,189,212,12.3,118,4
559,2021,6.8,181,193,6.6,59,-14
559,2022,9,183,204,9,78,-4
559,2023,24.6,192,222,23.2,214,14
559,2024,11.5,184,203,11.5,100,-4
559,2025,9.7,176,198,8.9,84,-10
559,2026,4.5,164,170,0,39,-38
560,1981,6,229,243,5,45,6
560,1982,7.9,200,256,6.6,60,19
560,1983,12.5,233,249,6.7,94,12
560,1984,11.1,221,243,7.3,84,6
560,1985,9,196,222,8.5,68,-15
560,1986,19.4,225,246,15,146,9
560,1987,10,198,220,9.6,75,-17
560,1988,9.4,222,235,7.6,71,-2
560,1989,10.7,192,239,10.2,81,2
560,1990,10.8,217,245,9.2,82,8
560,1991,14.2,219,253,9.5,107,16
560,1992,9,206,224,8.2,68,-13
560,1993,12.4,222,234,8.1,94,-3
560,1994,9.7,199,224,8.7,73,-13
560,1995,17.3,227,258,11,131,21
560,1996,20.6,225,252,17,155,15
560,1997,17.9,217,232,14.6,135,-5
560,1998,14.4,202,237,12.7,109,0
560,1999,18.5,231,254,13.1,140,17
560,2000,11.3,203,237,9.5,85,0
560,2001,7.1,207,221,5.5,54,-16
560,2002,11.5,225,240,9.8,87,3
560,2003,15.1,225,239,12.5,114,2
560,2004,7.6,214,221,5.8,57,-16
560,2005,11.3,225,238,6.5,85,1
560,2006,10.4,208,226,9.7,78,-11
560,2007,12,208,229,9.9,91,-8
560,2008,14.2,211,253,12.5,107,16
560,2009,15.9,216,234,12.8,120,-3
560,2010,13.5,226,245,8.7,102,8
560,2011,18.8,237,258,11.9,142,21
560,2012,12.2,183,216,11.9,92,-21
560,2013,12,218,227,8.9,91,-10
560,2014,20.5,201,240,18.7,155,3
560,2015,12,203,217,10,91,-20
560,2016,13.8,221,239,10.7,104,2
560,2017,26.1,214,245,22.2,197,8
560,2018,21.5,197,235,19.1,162,-2
560,2019,11.4,200,248,10.1,86,11
560,2020,13,211,227,11,98,-10
560,2021,11.9,216,232,9.2,90,-5
560,2022,15.1,216,240,9.9,114,3
560,2023,12,211,229,10.4,91,-8
560,2024,15.3,223,238,13.5,115,1
560,2025,13.4,213,225,11.7,101,-12
560,2026,13.1,171,223,12,99,-14
561,1981,15.4,182,215,15.3,70,-3
561,1982,29.1,194,219,27.2,131,1
561,1983,48.4,207,245,42.6,219,27
561,1984,19.1,192,220,18.1,86,2
561,1985,26.8,183,214,26.8,121,-4
561,1986,22.8,174,213,19.3,103,-5
561,1987,16.9,191,211,16.8,76,-7
561,1988,22.7,210,228,19.6,102,10
561,1989,16.2,162,193,15.1,73,-25
561,1990,14.6,175,210,13,66,-8
561,1991,22.5,184,230,22.3,102,12
561,1992,27.4,185,211,27.3,124,-7
561,1993,43.1,194,227,41.6,195,9
561,1994,17.4,194,225,16.2,79,7
561,1995,41.7,206,244,38.8,188,26
561,1996,18,184,209,18,81,-9
561,1997,22,166,213,17.3,99,-5
561,1998,36.4,200,238,30.1,164,20
561,1999,13.1,197,224,8.9,59,6
561,2000,21.4,185,212,21.2,97,-6
561,2001,24,196,221,20.5,108,3
561,2002,10.3,178,190,8.5,47,-28
561,2003,14.3,206,227,13.3,65,9
561,2004,17.5,168,215,14.4,79,-3
561,2005,55.4,193,240,53.6,250,22
561,2006,22.3,189,217,20.8,101,-1
561,2007,12.4,159,188,8.3,56,-30
561,2008,25.7,172,218,25.5,116,0
561,2009,26.5,199,218,25.4,120,0
561,2010,32.1,197,236,30.6,145,18
561,2011,43.1,194,247,39.7,195,29
561,2012,13.9,180,212,12.8,63,-6
561,2013,16.5,164,207,13.7,74,-11
561,2014,12.3,163,200,11.3,56,-18
561,2015,13.7,166,195,9.6,62,-23
561,2016,21.5,186,223,21.5,97,5
561,2017,26.9,160,209,23.6,121,-9
561,2018,12.6,181,198,12.2,57,-20
561,2019,33.8,176,249,32.2,153,31
561,2020,26.3,194,219,26.2,119,1
561,2021,13.4,180,196,13.1,60,-22
561,2022,17.8,176,203,17.5,80,-15
561,2023,50.4,190,226,49.2,228,8
561,2024,20.5,185,217,20.5,93,-1
561,2025,14.5,173,204,12.2,65,-14
561,2026,15.1,148,177,4.2,68,-41
562,1981,7.7,172,204,5.9,57,0
562,1982,19.1,193,223,17.1,143,19
562,1983,11.4,147,204,9.8,85,0
562,1984,10.5,167,203,9.7,78,-1
562,1985,18.1,186,210,17.7,135,6
562,1986,16.9,147,186,8.8,126,-18
562,1987,10.7,153,198,9.2,80,-6
562,1988,15,185,200,15,112,-4
562,1989,22,188,206,20.1,164,2
562,1990,13.7,178,199,12.4,102,-5
562,1991,16.1,181,211,15.5,120,7
562,1992,10.9,150,184,5.2,81,-20
562,1993,11.4,173,206,9.3,85,2
562,1994,10.9,152,203,9.1,81,-1
562,1995,8.9,142,196,7.1,66,-8
562,1996,14.1,184,220,14.1,105,16
562,1997,30.3,197,224,28.7,226,20
562,1998,10.3,163,203,8.3,77,-1
562,1999,15,159,208,13.5,112,4
562,2000,14.9,178,210,13.7,111,6
562,2001,13.3,198,217,12.2,99,13
562,2002,16.3,186,215,15.5,122,11
562,2003,13.5,163,205,12.3,101,1
562,2004,12.3,158,176,1.3,92,-28
562,2005,5.5,110,160,1.9,41,-44
562,2006,12.5,172,193,10.3,93,-11
562,2007,8.8,150,171,0,66,-33
562,2008,16,188,216,15.7,119,12
562,2009,14.4,187,202,13.7,107,-2
562,2010,8.5,151,203,6.5,63,-1
562,2011,17.4,176,223,16.3,130,19
562,2012,15.7,174,201,13.4,117,-3
562,2013,11.4,177,209,9.6,85,5
562,2014,23.1,180,214,22.4,172,10
562,2015,9.5,128,172,0,71,-32
562,2016,9.3,180,192,8.3,69,-12
562,2017,13.7,161,195,8.7,102,-9
562,2018,24.9,191,214,21.4,186,10
562,2019,11.5,169,202,9.6,86,-2
562,2020,15.8,189,209,14.9,118,5
562,2021,12.2,183,208,12.2,91,4
562,2022,10.8,166,209,7.5,81,5
562,2023,13.7,189,208,13.3,102,4
562,2024,9.3,167,195,7.4,69,-9
562,2025,12.8,175,196,9.5,96,-8
562,2026,8.9,168,178,3.8,66,-26
563,1981,7.6,141,155,1.3,69,-31
563,1982,21,198,209,19.6,190,23
563,1983,22.8,188,210,22.1,206,24
563,1984,17.8,196,213,17.6,161,27
563,1985,12.8,181,191,12.4,116,5
563,1986,13.6,157,188,9.1,123,2
563,1987,9.4,182,189,8.7,85,3
563,1988,7.6,133,172,1.7,69,-14
563,1989,17.1,174,196,15.6,155,10
563,1990,6.3,170,180,0.9,57,-6
563,1991,5.5,179,184,3.4,50,-2
563,1992,5.9,149,165,0,53,-21
563,1993,16.1,159,190,9.9,146,4
563,1994,9.2,150,180,2.7,83,-6
563,1995,11.7,144,187,8.3,106,1
563,1996,10.8,160,185,5.5,98,-1
563,1997,15.1,160,186,8,137,0
563,1998,16.4,162,202,11.6,148,16
563,1999,16.9,166,204,14.6,153,18
563,2000,15.9,173,192,13,144,6
563,2001,9.3,169,184,4.9,84,-2
563,2002,11.3,167,189,8,102,3
563,2003,6.4,128,175,1.6,58,-11
563,2004,15.5,159,186,8.8,140,0
563,2005,6.2,119,165,3.4,56,-21
563,2006,17.2,178,204,16.2,156,18
563,2007,8.2,152,171,0,74,-15
563,2008,14.9,174,203,14.4,135,17
563,2009,10.2,187,197,9.6,92,11
563,2010,12.9,191,201,11.3,117,15
563,2011,13.7,182,206,13.1,124,20
563,2012,9.3,145,201,8.3,84,15
563,2013,7.9,163,181,2,71,-5
563,2014,6.5,144,168,2.3,59,-18
563,2015,7.8,127,149,0,71,-37
563,2016,11.9,133,185,6,108,-1
563,2017,14.1,159,186,8.3,128,0
563,2018,6.3,161,181,1.9,57,-5
563,2019,16.8,165,196,12.7,152,10
563,2020,10.2,154,192,5.9,92,6
563,2021,12.9,151,186,8.6,117,0
563,2022,6.6,114,170,0,60,-16
563,2023,14.4,186,212,13.5,130,26
563,2024,15.5,159,190,10.2,140,4
563,2025,18.4,144,193,13.7,167,7
563,2026,4.4,148,159,0,40,-27
564,1981,5.7,192,200,5.2,41,-18
564,1982,10.5,192,212,9.6,75,-6
564,1983,14,199,238,12.1,100,20
564,1984,18.9,222,230,14.3,135,12
564,1985,11,189,199,10.3,79,-19
564,1986,11.1,177,213,8.6,79,-5
564,1987,11.4,189,208,11.1,81,-10
564,1988,12.7,187,212,12.2,91,-6
564,1989,12.9,188,203,10.9,92,-15
564,1990,16.2,189,220,15.9,116,2
564,1991,10.1,197,221,9.7,72,3
564,1992,13.9,189,212,13.9,99,-6
564,1993,15.2,204,219,12.7,109,1
564,1994,15.3,198,219,12.4,109,1
564,1995,14.2,209,249,9.5,101,31
564,1996,24,190,221,23.9,171,3
564,1997,20.3,215,227,15.4,145,9
564,1998,15.4,204,218,12.4,110,0
564,1999,11.9,215,230,8.1,85,12
564,2000,14.1,189,207,13.5,101,-11
564,2001,9.9,185,211,9.8,71,-7
564,2002,7.1,174,188,5.8,51,-30
564,2003,17.5,184,226,17.4,125,8
564,2004,7.5,160,179,2.5,54,-39
564,2005,10.7,185,203,10.5,76,-15
564,2006,14.2,182,199,14,101,-19
564,2007,13.1,197,214,12.7,94,-4
564,2008,14.5,197,219,13,104,1
564,2009,17.2,201,219,11,123,1
564,2010,11.6,191,218,10.7,83,0
564,2011,17.8,215,242,16.4,127,24
564,2012,11.1,162,183,4.7,79,-35
564,2013,10.8,207,228,7.2,77,10
564,2014,19.1,190,218,18.5,136,0
564,2015,11.9,165,215,9.8,85,-3
564,2016,14.5,185,220,14.5,104,2
564,2017,13.4,167,200,11.2,96,-18
564,2018,11.8,192,211,10.7,84,-7
564,2019,13.1,177,211,12.5,94,-7
564,2020,15.4,202,217,14.9,110,-1
564,2021,12.8,184,227,12.8,91,9
564,2022,10.2,177,219,10,73,1
564,2023,11.3,190,216,11,81,-2
564,2024,14.2,183,216,14,101,-2
564,2025,13.3,189,199,12,95,-19
564,2026,7.8,169,177,0.4,56,-41
565,1981,14.9,194,214,13.3,59,-25
565,1982,36.4,233,257,32.2,144,18
565,1983,39.4,235,264,28.3,155,25
565,1984,39.2,222,247,28.9,155,8
565,1985,29.3,210,240,25.8,116,1
565,1986,41.3,211,246,35.1,163,7
565,1987,19.3,197,226,19.1,76,-13
565,1988,31.1,214,243,29.7,123,4
565,1989,27.7,196,233,24.6,109,-6
565,1990,25.7,230,247,22.6,101,8
565,1991,20.9,220,243,18.3,82,4
565,1992,24.1,208,228,22.2,95,-11
565,1993,36,208,249,29.2,142,10
565,1994,26.3,198,233,24.6,104,-6
565,1995,33.6,244,264,21.3,133,25
565,1996,37.5,216,237,34.8,148,-2
565,1997,36.4,216,248,28.9,144,9
565,1998,24.3,206,239,20.6,96,0
565,1999,25.4,220,247,23.6,100,8
565,2000,25.5,189,230,24.7,101,-9
565,2001,23.6,198,229,21.6,93,-10
565,2002,17,180,219,16.9,67,-20
565,2003,30.2,225,242,27.8,119,3
565,2004,17.5,197,222,15.6,69,-17
565,2005,20.8,221,238,19.9,82,-1
565,2006,25.3,191,230,24.8,100,-9
565,2007,24.2,208,232,22.4,95,-7
565,2008,27.6,197,246,24.4,109,7
565,2009,29.8,218,236,25.3,118,-3
565,2010,23.7,228,245,17.5,93,6
565,2011,45.1,216,259,35.3,178,20
565,2012,15.7,163,216,14.7,62,-23
565,2013,24.1,222,239,16.3,95,0
565,2014,33.5,200,246,31.8,132,7
565,2015,21.9,236,251,19.9,86,12
565,2016,24.5,215,247,23,97,8
565,2017,25.6,190,245,24.9,101,6
565,2018,22.4,204,230,19.4,88,-9
565,2019,26.3,198,252,24.8,104,13
565,2020,29.4,210,235,25.8,116,-4
565,2021,21.2,211,236,20,84,-3
565,2022,24.2,218,232,21,95,-7
565,2023,28.3,211,235,26.4,112,-4
565,2024,23.9,224,245,21.6,94,6
565,2025,24.2,192,238,23.3,95,-1
565,2026,13.9,169,224,9.8,55,-15
566,1981,10.2,190,211,9.4,76,-12
566,1982,17.8,193,219,15.8,132,-4
566,1983,23.8,233,251,15.9,176,28
566,1984,14.2,221,229,9.4,105,6
566,1985,12.4,190,215,12.3,92,-8
566,1986,23.3,203,241,19.6,173,18
566,1987,13.9,195,217,12.7,103,-6
566,1988,8.2,184,201,8.2,61,-22
566,1989,11.1,187,202,10.6,82,-21
566,1990,13.5,215,230,11.9,100,7
566,1991,12.8,184,231,12.7,95,8
566,1992,7.9,184,211,7.9,59,-12
566,1993,22,201,233,18.9,163,10
566,1994,11,198,223,10.5,81,0
566,1995,25.8,220,258,19.4,191,35
566,1996,15.4,186,225,15.2,114,2
566,1997,19.7,201,220,16.2,146,-3
566,1998,20,209,242,17.7,148,19
566,1999,17,229,239,12.2,126,16
566,2000,12,184,212,12,89,-11
566,2001,16.7,197,224,12.3,124,1
566,2002,7.8,182,197,7.6,58,-26
566,2003,10.8,223,233,9.6,80,10
566,2004,11.6,194,218,10.6,86,-5
566,2005,23.9,195,239,22.9,177,16
566,2006,15.5,202,223,13.2,115,0
566,2007,8.7,183,211,8.7,64,-12
566,2008,13.6,197,219,12.6,101,-4
566,2009,13.4,202,214,10.7,99,-9
566,2010,11.4,192,219,9.7,84,-4
566,2011,19.1,215,250,16,141,27
566,2012,10.3,180,206,9.7,76,-17
566,2013,13.8,207,225,7.3,102,2
566,2014,10.1,189,217,9.4,75,-6
566,2015,7.6,165,184,4.2,56,-39
566,2016,9.6,189,234,9.5,71,11
566,2017,20.6,194,225,19.9,153,2
566,2018,8.7,203,211,8.3,64,-12
566,2019,17.8,200,254,17,132,31
566,2020,13.8,203,220,13.2,102,-3
566,2021,9.3,184,218,9.3,69,-5
566,2022,10,189,210,9.9,74,-13
566,2023,19.6,208,231,18,145,8
566,2024,13.8,191,226,13.7,102,3
566,2025,10,190,215,9.7,74,-8
566,2026,8.7,167,179,2.6,64,-44
568,1981,11.5,196,208,11.1,114,-8
568,1982,15.4,203,227,13.6,153,11
568,1983,24,200,235,21.6,239,19
568,1984,12.6,197,227,9.7,125,11
568,1985,12.1,185,211,11.7,120,-5
568,1986,10.4,177,217,8.4,103,1
568,1987,6.8,175,205,6.2,68,-11
568,1988,6.4,189,198,6.4,64,-18
568,1989,11.7,190,217,11.5,116,1
568,1990,10.1,182,204,9.9,100,-12
568,1991,9.2,223,233,8.7,92,17
568,1992,10.6,182,212,10.3,105,-4
568,1993,14.9,212,229,12.1,148,13
568,1994,7,194,203,6.5,70,-13
568,1995,17,219,232,15.2,169,16
568,1996,13.6,206,228,12.3,135,12
568,1997,15.5,195,227,13.7,154,11
568,1998,12.8,201,220,10.4,127,4
568,1999,16.2,206,238,14.5,161,22
568,2000,9.5,183,211,9.3,95,-5
568,2001,9.6,204,214,7.5,96,-2
568,2002,9.9,178,226,9.7,99,10
568,2003,8.4,192,229,7.9,84,13
568,2004,11.6,169,216,10.5,115,0
568,2005,14.2,204,229,13.1,141,13
568,2006,14.1,190,222,13,140,6
568,2007,8.4,164,211,7.2,84,-5
568,2008,13.1,211,232,11.3,130,16
568,2009,13.2,200,231,11.4,131,15
568,2010,8.4,197,210,6.8,84,-6
568,2011,15.8,211,231,13.5,157,15
568,2012,9.5,175,201,8.4,95,-15
568,2013,9.7,173,216,9.3,97,0
568,2014,9,191,204,8.8,90,-12
568,2015,4.3,160,169,0,43,-47
568,2016,10.2,183,196,10,101,-20
568,2017,8.6,161,189,5.3,86,-27
568,2018,9.5,181,210,9.2,95,-6
568,2019,8.8,186,203,8.8,88,-13
568,2020,10.7,188,209,10.5,106,-7
568,2021,7.6,184,204,7.5,76,-12
568,2022,4.2,173,182,2,42,-34
568,2023,14.9,190,215,14.5,148,-1
568,2024,8.9,185,201,8.9,89,-15
568,2025,7.4,175,196,6.7,74,-20
568,2026,5.8,163,176,0,58,-40
569,1981,0,365,365,,0,185
569,1982,19.8,193,206,18.5,187,26
569,1983,36.2,198,236,32.4,342,56
569,1984,39.9,197,226,36.7,376,46
569,1985,19.6,168,194,18.8,185,14
569,1986,17.3,146,180,4,163,0
569,1987,7.9,155,187,5.9,75,7
569,1988,6.4,169,173,0.5,60,-7
569,1989,31.1,157,194,22.3,293,14
569,1990,9,170,181,3.1,85,1
569,1991,5.2,179,184,3,49,4
569,1992,6.1,148,165,0,58,-15
569,1993,17.3,159,182,7.9,163,2
569,1994,7.8,151,180,1.7,74,0
569,1995,14.2,124,183,7,134,3
569,1996,15.4,165,192,12.1,145,12
569,1997,11.8,160,177,3.6,111,-3
569,1998,16.5,163,206,12.5,156,26
569,1999,13.5,162,199,8.9,127,19
569,2000,13.7,165,187,9.4,129,7
569,2001,10,169,180,2.5,94,0
569,2002,19.2,177,189,15.1,181,9
569,2003,4.2,114,124,0,40,-56
569,2004,17.3,161,178,5.4,163,-2
569,2005,6.4,158,170,6,60,-10
569,2006,15.1,194,209,13,142,29
569,2007,6.5,156,170,0,61,-10
569,2008,17.9,171,206,17,169,26
569,2009,7.5,164,173,0.6,71,-7
569,2010,9.5,167,200,8.2,90,20
569,2011,14.4,181,202,13.5,136,22
569,2012,2.8,163,167,0,26,-13
569,2013,6.5,159,168,0,61,-12
569,2014,2,135,138,0.5,19,-42
569,2015,1.9,110,112,0,18,-68
569,2016,11.1,134,157,0.8,105,-23
569,2017,15.8,159,168,0.3,149,-12
569,2018,1.7,159,164,0,16,-16
569,2019,13.3,166,187,8.6,125,7
569,2020,10.1,136,188,6.1,95,8
569,2021,9.9,165,189,8.2,93,9
569,2022,6.3,91,170,0,59,-10
569,2023,17.7,190,200,15.3,167,20
569,2024,17.9,168,197,15,169,17
569,2025,9,170,178,2.2,85,-2
569,2026,1.5,147,148,0,14,-32
570,1981,9.6,187,205,9.3,71,-1
570,1982,20.5,193,213,19.6,152,7
570,1983,22.6,194,235,19.5,167,29
570,1984,28.9,196,233,26.5,214,27
570,1985,16,184,194,16,119,-12
570,1986,18.1,170,213,13.3,134,7
570,1987,12.6,182,198,12.4,93,-8
570,1988,13.6,170,194,9.8,101,-12
570,1989,15.6,158,192,14.6,116,-14
570,1990,14.6,170,187,9.9,108,-19
570,1991,13.6,180,232,13,101,26
570,1992,10.4,163,189,7.6,77,-17
570,1993,19,167,212,14.6,141,6
570,1994,13.3,193,202,9.8,99,-4
570,1995,13.7,204,233,10.4,101,27
570,1996,19.4,162,210,18.1,144,4
570,1997,22.4,161,209,16.5,166,3
570,1998,18.2,198,212,15.1,135,6
570,1999,15.3,217,231,11,113,25
570,2000,15.6,176,192,14.2,116,-14
570,2001,11.4,168,201,7,84,-5
570,2002,12.5,177,188,10.5,93,-18
570,2003,11.7,161,227,8.9,87,21
570,2004,14.7,159,183,6,109,-23
570,2005,14.9,187,232,14.9,110,26
570,2006,22.7,189,211,21.4,168,5
570,2007,10.5,157,178,7.1,78,-28
570,2008,16.3,174,212,15.4,121,6
570,2009,12.8,199,212,11.3,95,6
570,2010,13.4,190,203,11.4,99,-3
570,2011,21.8,193,226,20.6,161,20
570,2012,7.6,173,187,4.3,56,-19
570,2013,9.5,162,183,4.5,70,-23
570,2014,13.4,189,198,12.6,99,-8
570,2015,7.1,156,170,0,53,-36
570,2016,12.8,184,192,12.8,95,-14
570,2017,19.3,160,215,16.7,143,9
570,2018,10.6,178,192,8.8,79,-14
570,2019,21,182,210,20.9,156,4
570,2020,10,156,198,9.5,74,-8
570,2021,13,181,193,12.4,96,-13
570,2022,9.9,172,185,5.9,73,-21
570,2023,29.7,190,215,27.4,220,9
570,2024,19.2,186,204,19.2,142,-2
570,2025,16.7,174,198,15.3,124,-8
570,2026,5.7,160,169,0.3,42,-37
571,1983,20.5,197,242,17,196,26
571,1984,16.3,220,231,13.8,156,16
571,1985,12,190,201,11.3,115,-14
571,1986,13.3,175,217,12.2,127,2
571,1987,8.2,185,207,8,78,-8
571,1988,13.2,184,215,13.2,126,-0
571,1989,9,187,201,8.2,86,-14
571,1990,9.7,184,202,9.7,93,-14
571,1991,10.9,184,222,10.7,104,6
571,1992,9.7,178,197,8.9,93,-18
571,1993,13.8,210,226,10.6,132,10
571,1994,11.4,198,205,10.9,109,-10
571,1995,14.6,222,246,7.8,140,30
571,1996,11.7,184,226,11.7,112,10
571,1997,16.3,200,222,14.8,156,6
571,1998,9.9,201,212,9.5,95,-4
571,1999,13.2,220,234,7.7,126,18
571,2000,10.7,187,215,10.2,102,-0
571,2001,10.2,198,213,9,98,-2
571,2002,7,181,197,6.7,67,-18
571,2003,8.8,183,225,8.8,84,10
571,2004,7.4,170,189,5.5,71,-26
571,2005,7.1,178,200,6.8,68,-16
571,2006,10.3,181,204,10.1,99,-12
571,2007,7.9,183,210,7.9,76,-6
571,2008,9.7,197,221,8.4,93,6
571,2009,10.3,188,225,9.2,99,10
571,2010,11.8,192,230,9.5,113,14
571,2011,15.2,216,237,13.1,145,22
571,2012,8.9,166,190,6.2,85,-26
571,2013,7.1,207,218,5.4,68,2
571,2014,10.6,190,208,9.7,101,-8
571,2015,6.9,177,196,5.6,66,-20
571,2016,10.6,185,223,10.5,101,8
571,2017,11.2,167,217,10.5,107,2
571,2018,7.3,197,208,6.5,70,-8
571,2019,13.9,187,211,13.3,133,-4
571,2020,13,187,216,12.3,124,0
571,2021,11,183,220,11,105,4
571,2022,7.7,207,219,6.9,74,4
571,2023,13.4,189,218,11.8,128,2
571,2024,8,194,209,7.2,77,-6
571,2025,8.2,191,209,8.2,78,-6
571,2026,5,168,177,0,48,-38
572,1981,0,365,365,,0,160
572,1982,19.8,192,204,19.8,157,-1
572,1983,26.6,203,240,24,211,35
572,1984,22.8,214,227,20.6,181,22
572,1985,12.2,190,199,11.5,97,-6
572,1986,15.2,173,213,12.3,121,8
572,1987,18,199,211,16.8,143,6
572,1988,12.5,186,202,12.5,99,-3
572,1989,13.4,160,188,7.3,106,-17
572,1990,6.7,170,197,4.7,53,-8
572,1991,14.6,184,207,14.4,116,2
572,1992,16.1,185,201,15.8,128,-4
572,1993,22.9,195,224,20.5,182,19
572,1994,12.3,194,206,8.3,98,1
572,1995,16,185,233,15.8,127,28
572,1996,12.4,177,211,12.3,98,6
572,1997,14,196,213,10.1,111,8
572,1998,15.9,201,217,12.9,126,12
572,1999,6,166,174,0,48,-31
572,2000,12.3,176,203,11.9,98,-2
572,2001,10.5,172,212,9.1,83,7
572,2002,7.7,178,185,4.7,61,-20
572,2003,10.9,180,209,10.5,87,4
572,2004,10.7,163,179,4.4,85,-26
572,2005,19.2,193,223,19.1,152,18
572,2006,12.7,189,205,11.7,101,0
572,2007,8.2,160,173,4.3,65,-32
572,2008,13.2,175,209,11.2,105,4
572,2009,12.5,195,203,9.9,99,-2
572,2010,19.2,192,202,17,152,-3
572,2011,13.9,180,218,12.2,110,13
572,2012,10,161,180,1.7,79,-25
572,2013,12.3,165,205,8.9,98,0
572,2014,9.3,160,193,7.5,74,-12
572,2015,9.6,167,180,2.4,76,-25
572,2016,15.4,185,197,15.4,122,-8
572,2017,15.4,161,195,11,122,-10
572,2018,10.2,182,197,10,81,-8
572,2019,22.2,197,225,21.5,176,20
572,2020,13,184,207,13,103,2
572,2021,12.6,179,195,12.2,100,-10
572,2022,12,175,192,10.5,95,-13
572,2023,26.2,190,214,25,208,9
572,2024,15.2,186,203,15.2,121,-2
572,2025,11.6,172,194,7.5,92,-11
572,2026,6.9,147,170,0.1,55,-35
573,1981,0,365,365,,0,174
573,1982,14.8,191,210,13.7,131,19
573,1983,15.5,190,216,14.4,137,25
573,1984,21.6,197,225,21.1,191,34
573,1985,12.6,182,195,12.5,112,4
573,1986,13.7,146,183,5.9,121,-8
573,1987,6,174,189,4.9,53,-2
573,1988,7.5,157,189,5.1,66,-2
573,1989,13.1,157,194,10.7,116,3
573,1990,10.8,170,184,6,96,-7
573,1991,8.4,183,204,8.4,74,13
573,1992,5,147,162,0,44,-29
573,1993,12.5,168,183,6.2,111,-8
573,1994,9.5,160,185,5.6,84,-6
573,1995,11,123,186,6.4,97,-5
573,1996,10.4,162,207,10.1,92,16
573,1997,13.1,161,200,8.5,116,9
573,1998,12.4,163,205,9.9,110,14
573,1999,13.4,194,205,10.9,119,14
573,2000,14.3,176,192,12.4,127,1
573,2001,8,169,182,3,71,-9
573,2002,12.4,172,189,10.1,110,-2
573,2003,7.3,161,194,4.2,65,3
573,2004,12.6,158,183,5.1,112,-8
573,2005,8.8,183,200,8.8,78,9
573,2006,15.5,189,208,15.2,137,17
573,2007,7.2,158,171,0.6,64,-20
573,2008,13.8,195,212,13.4,122,21
573,2009,11.6,188,204,11,103,13
573,2010,12.2,191,203,11.1,108,12
573,2011,14.3,181,219,13.5,127,28
573,2012,7.3,163,183,2.2,65,-8
573,2013,7.1,162,182,2.7,63,-9
573,2014,5.8,164,190,4.2,51,-1
573,2015,5.5,125,140,0,49,-51
573,2016,9.9,150,187,7.2,88,-4
573,2017,13.5,160,187,7.5,119,-4
573,2018,6.5,173,187,4.6,58,-4
573,2019,13.3,170,200,12.3,118,9
573,2020,12.6,171,195,12,112,4
573,2021,9.9,166,193,9,88,2
573,2022,8.9,172,182,4.1,79,-9
573,2023,17.7,189,210,15.8,157,19
573,2024,18.7,184,202,18.7,165,11
573,2025,15.4,171,194,11.9,136,3
573,2026,2.4,143,150,0,21,-41
574,1990,34.6,191,250,33.2,59,-5
574,1991,38.4,234,254,34,65,-1
574,1992,35.5,187,227,35,60,-28
574,1993,81.1,190,237,80.3,137,-18
574,1994,38.8,197,247,36.7,66,-8
574,1995,110.5,221,294,100.2,187,39
574,1996,67.3,206,261,58.9,114,6
574,1997,80.9,178,255,78.9,137,0
574,1998,91.3,245,284,75.9,155,29
574,1999,82,221,264,69.9,139,9
574,2000,61.1,208,262,57.6,103,7
574,2001,43.8,206,236,35.5,74,-19
574,2002,56.2,217,250,53.3,95,-5
574,2003,69.5,227,257,50.2,118,2
574,2004,57.5,210,247,56.8,97,-8
574,2005,91.6,229,275,76.8,155,20
574,2006,103.5,221,270,87.8,175,15
574,2007,36,207,240,34.3,61,-15
574,2008,49.1,198,255,48.9,83,0
574,2009,60.6,218,255,56.4,103,0
574,2010,61.9,243,269,50.2,105,14
574,2011,90.6,252,286,80,153,31
574,2012,31.4,199,230,27.6,53,-25
574,2013,50.1,195,239,48.8,85,-16
574,2014,28.3,188,230,27.4,48,-25
574,2015,27.5,196,240,23.6,47,-15
574,2016,56.8,220,256,56.1,96,1
574,2017,122.1,204,280,107.1,207,25
574,2018,49.4,203,243,45.6,84,-12
574,2019,85.2,210,279,80.3,144,24
574,2020,40,202,243,33.7,68,-12
574,2021,36.6,184,232,36.6,62,-23
574,2022,44,207,246,41,75,-9
574,2023,118.4,223,279,114.5,201,24
574,2024,61.3,211,249,58.3,104,-6
574,2025,53.2,185,246,51.9,90,-9
574,2026,44.6,219,245,34.2,76,-10
575,1981,6,124,151,4.5,54,-35
575,1982,19.6,191,205,14.5,176,19
575,1983,25.9,158,230,23.6,232,44
575,1984,12.1,143,179,0,109,-7
575,1985,10.9,183,191,10.9,98,5
575,1986,14.2,143,183,6.8,127,-3
575,1987,4.2,154,163,0,38,-23
575,1988,4,147,167,0,36,-19
575,1989,8.1,144,160,0,73,-26
575,1990,6.6,163,175,0,59,-11
575,1991,7.8,186,202,7.8,70,16
575,1992,5.9,145,177,0,53,-9
575,1993,21.4,160,193,14.7,192,7
575,1994,7.8,147,170,0.5,70,-16
575,1995,19.3,185,211,19.3,173,25
575,1996,14,171,194,12.1,126,8
575,1997,13.8,156,179,4.6,124,-7
575,1998,20.6,167,210,17.6,185,24
575,1999,15.5,166,203,11.2,139,17
575,2000,12,157,186,7,108,0
575,2001,10.9,165,182,4.3,98,-4
575,2002,7.6,143,182,3.6,68,-4
575,2003,8.6,142,178,1,77,-8
575,2004,14.7,160,177,4.2,132,-9
575,2005,25.7,183,213,25.7,230,27
575,2006,11.4,187,204,10.5,102,18
575,2007,6.7,156,165,0,60,-21
575,2008,18.3,155,186,9.7,164,0
575,2009,9.9,161,182,4.2,89,-4
575,2010,17,167,208,13.8,152,22
575,2011,21.2,179,201,19.7,190,15
575,2012,2.5,129,147,0.3,22,-39
575,2013,6.5,147,169,0,58,-17
575,2014,2.3,155,158,1.2,21,-28
575,2015,1.5,221,222,0,13,36
575,2016,9.6,143,158,0,86,-28
575,2017,22.7,146,201,17.1,204,15
575,2018,7,178,186,5.1,63,0
575,2019,28.1,172,202,27.7,252,16
575,2020,6.4,129,151,0.6,57,-35
575,2021,8.1,146,185,4.7,73,-1
575,2022,9.8,92,170,0,88,-16
575,2023,39.5,173,216,38.9,354,30
575,2024,12.3,162,198,10.8,110,12
575,2025,7.4,142,179,3.6,66,-7
575,2026,12.6,147,155,0,113,-31
576,1981,10.5,196,216,9.7,84,-8
576,1982,16.7,203,239,14.1,134,15
576,1983,10.4,198,236,9.4,84,12
576,1984,16.8,220,239,12.3,135,15
576,1985,9.9,189,214,9.8,80,-10
576,1986,14.2,227,239,11.9,114,15
576,1987,9.3,195,210,8.7,75,-14
576,1988,11.1,193,229,10.4,89,5
576,1989,11.5,187,219,10.8,92,-5
576,1990,8.7,179,205,8.4,70,-19
576,1991,14.5,225,238,9.7,116,14
576,1992,10.3,194,216,9.8,83,-8
576,1993,12.9,221,229,9,104,5
576,1994,10.6,194,219,9.3,85,-5
576,1995,20.5,220,242,13.6,165,18
576,1996,15.4,219,231,13.1,124,7
576,1997,17.7,215,228,14.5,142,4
576,1998,13.6,201,222,9.4,109,-2
576,1999,11.8,218,236,10.3,95,12
576,2000,9.4,195,215,9.2,76,-9
576,2001,12.1,206,226,8.5,97,2
576,2002,9.8,201,231,8.4,79,7
576,2003,15.9,218,237,13.4,128,13
576,2004,8.4,165,211,7.8,67,-13
576,2005,9.6,213,233,7.8,77,9
576,2006,13.8,202,226,11.8,111,2
576,2007,9.5,206,222,7.2,76,-2
576,2008,13.7,210,233,11.9,110,9
576,2009,17.4,221,236,14.5,140,12
576,2010,11.7,225,248,9.4,94,24
576,2011,17.3,217,255,13.3,139,31
576,2012,10.2,192,206,9.8,82,-18
576,2013,9.3,207,219,8.4,75,-5
576,2014,14.2,190,218,13.7,114,-6
576,2015,9.5,176,205,8.5,76,-19
576,2016,12.8,185,205,12.8,103,-19
576,2017,11.9,197,221,10.4,96,-3
576,2018,14.1,201,221,11.3,113,-3
576,2019,10.8,201,218,9.8,87,-6
576,2020,13.9,203,221,13.7,112,-3
576,2021,9.9,185,214,9.9,80,-10
576,2022,9.4,216,230,7.8,76,6
576,2023,13.5,208,224,12.3,108,0
576,2024,10.2,193,226,9.1,82,2
576,2025,10.5,189,215,9.9,84,-9
576,2026,7.3,169,204,5.4,59,-20
577,1981,20.6,195,235,18.5,62,-4
577,1982,61.4,204,259,54,184,20
577,1983,38.9,199,250,37.5,116,11
577,1984,32.8,221,247,28.9,98,8
577,1985,32.6,184,232,32.6,97,-7
577,1986,47.6,179,251,46.1,142,12
577,1987,18.3,197,210,18.3,55,-29
577,1988,29.6,192,235,29.4,88,-4
577,1989,46.1,188,240,44.6,138,1
577,1990,27.7,182,241,27.2,83,2
577,1991,31,223,245,29,93,6
577,1992,25.5,195,219,22.8,76,-20
577,1993,34.5,220,240,29.2,103,1
577,1994,23.3,192,221,21,70,-18
577,1995,42.8,214,248,41,128,9
577,1996,49.3,212,252,48.3,147,13
577,1997,55.7,197,243,53,167,4
577,1998,33.3,202,241,30.2,100,2
577,1999,41.9,195,254,40.8,125,15
577,2000,26.7,187,232,26.7,80,-7
577,2001,19.1,206,222,16.7,57,-17
577,2002,31.7,205,240,29.6,95,1
577,2003,34.5,191,238,33.8,103,-1
577,2004,30.2,170,220,29,90,-19
577,2005,24.6,191,229,23.4,74,-10
577,2006,45.5,204,235,41.1,136,-4
577,2007,24.2,164,223,22.1,72,-16
577,2008,40.1,216,250,36,120,11
577,2009,37.4,219,240,31.6,112,1
577,2010,20,197,247,17.1,60,8
577,2011,56.9,222,260,41.6,170,21
577,2012,33.6,203,233,33,100,-6
577,2013,31.4,206,226,27.7,94,-13
577,2014,43.1,213,240,39,129,1
577,2015,22.3,178,212,19.9,67,-27
577,2016,29.8,184,222,29.8,89,-17
577,2017,48.7,214,244,43.9,146,5
577,2018,45.6,202,237,38.3,136,-2
577,2019,40,201,241,33.8,120,2
577,2020,29.6,201,233,26.2,88,-6
577,2021,25.3,177,227,25,76,-12
577,2022,25.5,212,239,19.1,76,0
577,2023,39.9,207,235,35.7,119,-4
577,2024,32.1,194,235,31.7,96,-4
577,2025,32.8,192,227,32.1,98,-12
577,2026,30.2,169,224,25.3,90,-15
578,1981,13.3,196,211,12,111,-14
578,1982,16.8,192,226,14.8,140,1
578,1983,15.1,188,217,12.9,126,-8
578,1984,17.3,220,230,13.8,144,5
578,1985,12.1,187,210,12,101,-15
578,1986,9.4,177,215,8.5,78,-10
578,1987,10.9,186,200,10.3,91,-25
578,1988,16,191,228,15.3,133,3
578,1989,12.8,187,218,12.6,107,-7
578,1990,12.4,177,207,12.3,103,-18
578,1991,16.8,202,231,12.3,140,6
578,1992,10,207,214,9.3,83,-11
578,1993,12.3,213,225,8.7,102,0
578,1994,11,191,206,8.8,92,-19
578,1995,15.7,213,233,11.7,131,8
578,1996,12.1,219,231,10.2,101,6
578,1997,19.9,215,229,16.5,166,4
578,1998,12.8,203,217,9.5,107,-8
578,1999,13,198,232,11.1,108,7
578,2000,12.1,192,216,11,101,-9
578,2001,10.7,204,219,9,89,-6
578,2002,8.9,188,217,8.9,74,-8
578,2003,13.6,190,229,13.1,113,4
578,2004,9.9,169,211,8.8,82,-14
578,2005,9.6,204,227,8.6,80,2
578,2006,10.1,186,218,10,84,-7
578,2007,11.9,204,220,10.1,99,-5
578,2008,14.1,210,234,11.9,118,9
578,2009,14,216,233,11.1,117,8
578,2010,10.9,221,239,8.5,91,14
578,2011,18.8,214,245,12.2,157,20
578,2012,11,203,223,9.4,92,-2
578,2013,11.8,205,223,9.9,98,-2
578,2014,18.5,212,238,16.8,154,13
578,2015,8.8,199,216,7,73,-9
578,2016,10.5,189,219,10.4,88,-6
578,2017,8.9,215,223,5.6,74,-2
578,2018,15.5,201,225,12.2,129,0
578,2019,11.1,200,226,9.8,92,1
578,2020,14.2,204,231,13.6,118,6
578,2021,11.5,210,229,10.5,96,4
578,2022,12,216,240,7.8,100,15
578,2023,14.5,208,225,14,121,0
578,2024,9.7,223,232,7.7,81,7
578,2025,12.3,207,224,11.8,102,-1
578,2026,6.3,168,181,3.4,52,-44
579,1981,0,1,1,,0,-218
579,1982,22.5,198,229,19.3,166,10
579,1983,13.8,236,249,9,102,30
579,1984,19.8,223,231,16.6,146,12
579,1985,15.7,185,210,15.2,116,-9
579,1986,18.6,209,236,14,137,17
579,1987,11.8,182,206,11.7,87,-13
579,1988,10.9,188,202,10.9,80,-17
579,1989,13.5,187,203,12.3,100,-16
579,1990,11.7,185,204,11.7,86,-15
579,1991,11.5,219,231,10.3,85,12
579,1992,10.1,185,199,10.1,75,-20
579,1993,18.6,222,232,14.2,137,13
579,1994,12.7,198,206,11.2,94,-13
579,1995,15.4,216,244,14.9,114,25
579,1996,19,187,224,18.4,140,5
579,1997,20.3,198,222,17,150,3
579,1998,16.2,202,222,14.8,120,3
579,1999,14.2,218,236,11.8,105,17
579,2000,11,187,210,10.9,81,-9
579,2001,11.9,197,212,9.2,88,-7
579,2002,10.6,180,208,9.6,78,-11
579,2003,13.1,192,208,12,97,-11
579,2004,10,168,189,7,74,-30
579,2005,17.2,188,219,17,127,0
579,2006,15.5,185,212,15.5,114,-7
579,2007,11.4,167,208,10.2,84,-11
579,2008,17.3,197,229,15.5,128,10
579,2009,17.5,201,219,13.9,129,0
579,2010,13,197,239,10.4,96,20
579,2011,27.6,213,252,21.6,204,33
579,2012,9.3,174,195,7.6,69,-24
579,2013,13.5,208,224,10.1,100,5
579,2014,14.5,192,218,13.9,107,-1
579,2015,7.9,166,196,5.3,58,-23
579,2016,13.6,187,227,13.6,100,8
579,2017,14.5,164,221,14,107,2
579,2018,9.6,201,210,9.5,71,-9
579,2019,15,200,224,12.5,111,5
579,2020,13,202,216,12.3,96,-3
579,2021,10.9,184,215,10.9,80,-4
579,2022,12,200,218,9.5,89,-1
579,2023,17.6,208,221,15.8,130,2
579,2024,14.7,193,228,14.3,108,9
579,2025,12.5,191,209,11.9,92,-10
579,2026,8,166,177,0,59,-42
580,1981,9.9,189,206,8.4,67,-14
580,1982,23.6,195,231,22.3,159,12
580,1983,19.3,204,240,15.7,130,20
580,1984,18.3,196,232,16.3,124,12
580,1985,29.1,214,235,27.2,197,16
580,1986,23.1,209,232,17.6,156,12
580,1987,17.5,214,231,15,118,12
580,1988,12.4,206,213,10.6,84,-6
580,1989,23.8,161,208,21.6,161,-12
580,1990,13,218,232,10.2,88,12
580,1991,19.8,187,220,19,134,0
580,1992,15,187,216,15,101,-4
580,1993,29.7,194,234,26.6,201,14
580,1994,14.8,195,232,12.6,100,12
580,1995,24.5,224,247,22.8,166,28
580,1996,9.8,184,211,9.8,66,-8
580,1997,25.7,199,230,19.2,174,10
580,1998,14.8,215,231,11,100,12
580,1999,15,218,232,7.9,101,12
580,2000,8.9,200,212,8,60,-8
580,2001,17.2,206,230,14.1,116,10
580,2002,6.8,172,184,4,46,-36
580,2003,8.8,191,209,8.5,59,-10
580,2004,14.9,217,226,11.4,101,6
580,2005,21.8,185,235,21.2,147,16
580,2006,12.7,190,210,11.1,86,-10
580,2007,11.2,153,211,9.8,76,-8
580,2008,25,180,225,23.9,169,6
580,2009,16.1,167,219,14.6,109,-0
580,2010,16.2,190,226,15.8,109,6
580,2011,9.8,160,223,8.8,66,4
580,2012,8.6,164,185,4.5,58,-34
580,2013,7.7,164,207,5.9,52,-12
580,2014,11.8,162,199,11.3,80,-20
580,2015,9.5,161,193,7,64,-26
580,2016,11.6,153,224,9.6,78,4
580,2017,16.5,160,204,12.6,111,-16
580,2018,10.6,186,198,10.5,72,-22
580,2019,22,190,242,21.7,149,22
580,2020,11.7,184,207,11.7,79,-12
580,2021,14.9,183,209,14.9,101,-10
580,2022,13.7,164,201,12.6,93,-18
580,2023,20.8,192,218,20.3,141,-2
580,2024,15,195,208,14.2,101,-12
580,2025,7.2,176,181,1.1,49,-38
580,2026,6.1,147,165,0,41,-54
582,1981,7.3,187,193,7.1,65,10
582,1982,19.5,193,207,16.8,173,24
582,1983,20.3,198,211,17.8,180,28
582,1984,25.5,189,221,25.1,226,38
582,1985,18.8,185,194,18.8,166,10
582,1986,22.8,140,182,9,202,-2
582,1987,9.4,176,190,9.1,83,6
582,1988,9.6,173,187,6,85,4
582,1989,16.5,157,177,6.3,146,-6
582,1990,9.2,150,175,0,81,-8
582,1991,9.9,182,188,9,88,4
582,1992,5.3,149,155,0,47,-28
582,1993,12.5,168,180,5.8,111,-4
582,1994,10.2,148,183,4.8,90,-0
582,1995,11.2,144,170,4.3,99,-14
582,1996,11.4,162,191,8.7,101,8
582,1997,25,163,201,17.2,221,18
582,1998,20.3,171,208,16.4,180,24
582,1999,13.1,165,181,6.9,116,-2
582,2000,10.7,174,188,8,95,4
582,2001,10.1,157,178,2.6,89,-6
582,2002,12.9,170,186,8,114,2
582,2003,5.6,158,166,0,50,-18
582,2004,14.2,161,176,2.8,126,-8
582,2005,14.5,151,196,14.2,128,12
582,2006,15.9,175,196,13.8,141,12
582,2007,8.8,157,168,1,78,-16
582,2008,16.3,175,206,15.4,144,22
582,2009,12.5,165,203,10.4,111,20
582,2010,8.8,190,201,6.3,78,18
582,2011,18.5,181,211,18,164,28
582,2012,13.2,163,176,1,117,-8
582,2013,7.3,162,171,0.6,65,-12
582,2014,9.9,145,190,6.8,88,6
582,2015,6,125,136,0,53,-48
582,2016,8.1,153,174,5,72,-10
582,2017,20.1,159,172,7.8,178,-12
582,2018,5.7,178,184,3.5,50,0
582,2019,17.6,171,202,16.1,156,18
582,2020,11.1,156,170,6.5,98,-14
582,2021,7.7,156,184,4.6,68,0
582,2022,8.5,169,179,1.9,75,-4
582,2023,25.4,189,212,23,225,28
582,2024,15.8,168,197,14,140,14
582,2025,8.4,172,180,4.1,74,-4
582,2026,3.5,147,151,0,31,-32
583,1986,2.2,88,93,0,47,-64
583,1987,2.7,155,159,0,58,2
583,1988,4.6,135,151,0,99,-6
583,1989,6.8,141,153,0,146,-4
583,1990,5.1,143,155,0,110,-2
583,1991,3.7,153,156,0,80,-1
583,1992,7.2,144,168,0,155,11
583,1993,22.3,156,175,3.1,480,18
583,1994,6.7,148,158,0,144,1
583,1995,7.5,119,144,0,161,-13
583,1996,0.9,154,157,0,19,0
583,1997,4.3,118,143,0,92,-14
583,1998,9.7,160,174,2.7,209,17
583,1999,1.5,131,139,0,32,-18
583,2000,4.7,162,169,0,101,12
583,2001,5.2,156,166,0,112,9
583,2002,2.5,100,139,0,54,-18
583,2003,2.6,157,162,0,56,5
583,2004,5.5,155,164,0,118,7
583,2005,7.6,101,113,0,163,-44
583,2006,2.8,173,177,0,60,20
583,2007,1.8,119,130,0,39,-27
583,2008,10.2,148,168,0,219,11
583,2009,7,145,157,0,151,0
583,2010,14.5,152,182,6.7,312,25
583,2011,3.2,159,164,0.1,69,7
583,2012,1.9,118,132,0,41,-25
583,2013,4.6,115,131,0,99,-26
583,2014,2,82,102,0,43,-55
583,2015,2.3,157,161,0,49,4
583,2016,5.6,133,142,0.1,120,-15
583,2017,8.9,125,139,0.6,191,-18
583,2018,0.7,148,150,0,15,-7
583,2019,5.6,145,157,0,120,0
583,2020,2.8,66,71,0,60,-86
583,2021,2.9,124,136,0,62,-21
583,2022,5.1,128,142,0,110,-15
583,2023,11.7,159,193,10.9,252,36
583,2024,3.9,139,148,0,84,-9
583,2025,1.9,139,144,0,41,-13
583,2026,2,146,149,0,43,-8
584,1981,10.1,197,205,3.1,33,-13
584,1982,35.9,207,230,28.6,117,12
584,1983,27.4,198,219,24,89,1
584,1984,29.6,219,238,25.1,96,20
584,1985,47.6,182,231,46.1,155,13
584,1986,24.6,145,179,9.7,80,-39
584,1987,25,180,205,23.5,81,-13
584,1988,20.3,193,225,20.1,66,7
584,1989,44.7,187,214,41.9,145,-4
584,1990,29.8,144,193,20.8,97,-25
584,1991,14.5,122,130,6.2,47,-88
584,1992,7.8,106,123,0,25,-95
584,1993,34.4,158,226,26.7,112,8
584,1994,17.4,147,202,14.5,56,-16
584,1995,24.6,121,145,8,80,-73
584,1996,24.7,129,133,11.1,80,-85
584,1997,30.3,159,210,24,98,-8
584,1998,20.6,161,212,15.2,67,-6
584,1999,55.3,193,255,52,180,37
584,2000,34.9,175,222,33.2,113,4
584,2001,19.5,168,218,13.6,63,0
584,2002,52.7,173,232,51.1,171,14
584,2003,22.6,190,233,18,73,15
584,2004,34.6,158,212,29.3,112,-6
584,2005,10.1,198,210,7,33,-8
584,2006,36.7,185,222,35.7,119,4
584,2007,32.2,161,219,26.6,105,1
584,2008,71.2,215,258,65.2,231,40
584,2009,38.8,187,231,36.2,126,13
584,2010,22.5,192,230,17.2,73,12
584,2011,46.3,213,252,39.4,150,34
584,2012,39.5,190,228,36,128,10
584,2013,32.5,176,217,29.3,106,-1
584,2014,15,187,201,14.6,49,-17
584,2015,3.9,97,111,0.4,13,-107
584,2016,26.2,181,205,25.4,85,-13
584,2017,45.8,160,236,43.2,149,18
584,2018,30.6,201,221,26.5,99,3
584,2019,31,168,214,30.1,101,-4
584,2020,36.3,188,218,34.2,118,0
584,2021,37.3,183,218,37.3,121,0
584,2022,32.7,213,245,25,106,27
584,2023,51.9,204,232,43,169,14
584,2024,28.8,192,228,27.2,94,10
584,2025,32.3,173,215,31.4,105,-3
584,2026,8,163,172,1.6,26,-46
585,1981,9.5,193,213,8.8,90,-14
585,1982,16.3,204,234,13.5,154,7
585,1983,12.7,226,243,10.9,120,16
585,1984,15.4,220,241,10.2,145,14
585,1985,10.2,189,214,10.2,96,-13
585,1986,17.5,202,238,16.1,165,11
585,1987,11.3,196,210,10.8,107,-17
585,1988,10,189,222,9.3,94,-5
585,1989,13.9,189,219,13.4,131,-8
585,1990,9.8,197,223,9.7,92,-4
585,1991,13.5,218,234,11.8,127,7
585,1992,7.7,195,211,7.5,73,-16
585,1993,11.4,221,230,9.5,108,3
585,1994,9.6,194,217,8.5,91,-10
585,1995,16.6,218,246,11.3,157,19
585,1996,18.5,218,236,15.9,175,9
585,1997,19.9,216,229,17.9,188,2
585,1998,12.9,205,222,11.2,122,-5
585,1999,19.1,225,241,14.7,180,14
585,2000,10.6,192,216,10.4,100,-11
585,2001,8.8,196,218,7.6,83,-9
585,2002,10.4,181,228,10.3,98,1
585,2003,10.2,183,219,10.2,96,-8
585,2004,7.1,174,217,6.5,67,-10
585,2005,8.8,225,234,8.1,83,7
585,2006,9.4,186,212,9.3,89,-15
585,2007,8.8,207,214,7.5,83,-13
585,2008,11,195,231,10.4,104,4
585,2009,13.6,215,232,12.1,128,5
585,2010,10.6,227,243,6.8,100,16
585,2011,17.8,224,251,12.7,168,24
585,2012,8.8,175,207,7.9,83,-20
585,2013,10.6,207,224,9.1,100,-3
585,2014,15,191,233,14.5,142,6
585,2015,9.5,199,213,8.8,90,-14
585,2016,9.4,185,227,9.4,89,0
585,2017,19.4,194,237,18.1,183,10
585,2018,18.1,197,227,15.4,171,0
585,2019,10.6,200,227,8.7,100,0
585,2020,13.4,201,225,12,126,-2
585,2021,10.4,209,229,9.8,98,2
585,2022,12.5,216,238,9.9,118,11
585,2023,11.9,190,222,10.4,112,-5
585,2024,10.5,194,231,10.4,99,4
585,2025,10.9,189,221,10.7,103,-6
585,2026,9.9,168,203,7.7,93,-24
586,1981,11.7,191,212,10.9,77,-6
586,1982,20.8,195,239,18.8,137,20
586,1983,24.6,206,248,19.3,162,30
586,1984,23.3,221,234,20,153,16
586,1985,21.6,190,235,21.1,142,16
586,1986,19.8,209,235,16.6,130,16
586,1987,19.1,198,229,15.4,126,10
586,1988,10.7,177,218,9.1,70,-0
586,1989,14.9,188,205,14.1,98,-14
586,1990,11.2,216,228,7.1,74,10
586,1991,18.5,186,221,18.3,122,2
586,1992,17.4,190,216,17,114,-2
586,1993,26.6,199,236,24.5,175,18
586,1994,12.5,212,230,11.5,82,12
586,1995,22.6,222,247,19.9,149,28
586,1996,15,185,218,15,99,-0
586,1997,23.2,214,236,21.3,153,18
586,1998,15.3,210,230,13.4,101,12
586,1999,12.8,218,230,7.2,84,12
586,2000,17,188,216,16.2,112,-2
586,2001,14.5,205,226,12.7,95,8
586,2002,7.4,172,187,5.9,49,-32
586,2003,13.3,193,224,12.7,88,6
586,2004,15.1,196,222,12.7,99,4
586,2005,18.8,188,231,18.7,124,12
586,2006,14.4,191,211,13,95,-8
586,2007,11.5,164,213,10.5,76,-6
586,2008,23.7,196,226,22.1,156,8
586,2009,19,200,213,17.8,125,-6
586,2010,16.7,187,218,16.2,110,-0
586,2011,13.6,181,239,13.2,89,20
586,2012,11.3,163,190,7.1,74,-28
586,2013,11.2,176,206,10.4,74,-12
586,2014,15.9,181,208,15.5,105,-10
586,2015,13.4,161,191,10,88,-28
586,2016,15.1,187,219,15.1,99,0
586,2017,21.8,167,218,21.1,143,-0
586,2018,8.4,181,194,8,55,-24
586,2019,23.4,199,246,22.1,154,28
586,2020,16.7,184,215,16.7,110,-4
586,2021,13.6,179,207,13.4,89,-12
586,2022,13.2,187,204,13.2,87,-14
586,2023,22.9,193,222,22.9,151,4
586,2024,16.2,184,216,16.2,107,-2
586,2025,13.2,186,207,12.5,87,-12
586,2026,8.3,161,172,0.3,55,-46
587,1981,12.5,189,211,12.5,75,-0
587,1982,30.8,202,221,28.8,185,10
587,1983,42.8,219,242,39.5,257,30
587,1984,20.6,192,222,19.8,124,10
587,1985,15.7,184,210,15.7,94,-2
587,1986,29.4,191,228,27.9,177,16
587,1987,10.1,181,205,9.5,61,-6
587,1988,7.5,178,193,6.1,45,-18
587,1989,14.4,179,195,13.4,86,-16
587,1990,9.1,169,196,7.5,55,-16
587,1991,12.2,189,218,12.2,73,6
587,1992,10.2,179,203,9.9,61,-8
587,1993,21.5,188,220,20.9,129,8
587,1994,8.5,180,202,8.4,51,-10
587,1995,34,205,247,32.2,204,36
587,1996,21.3,189,218,20.3,128,6
587,1997,30,170,211,24.8,180,-0
587,1998,26.2,199,244,23.9,157,32
587,1999,17.7,195,229,15.3,106,18
587,2000,12.7,170,210,12.1,76,-2
587,2001,10.9,169,212,8,65,0
587,2002,13,177,197,12.3,78,-14
587,2003,20.4,222,234,16.6,123,22
587,2004,16.4,171,197,12,98,-14
587,2005,30.7,193,232,30.2,184,20
587,2006,33.2,201,223,29.6,199,12
587,2007,4.6,162,192,3.6,28,-20
587,2008,19.8,191,213,19.5,119,2
587,2009,12,181,210,11.6,72,-2
587,2010,17.6,206,229,16.3,106,18
587,2011,34.2,179,224,33.3,205,12
587,2012,6,186,202,6,36,-10
587,2013,12,163,197,9.9,72,-14
587,2014,6.9,187,194,6.9,41,-18
587,2015,5.4,158,170,0,32,-42
587,2016,16.9,168,202,13.3,102,-10
587,2017,41,202,232,37.8,246,20
587,2018,13.8,179,207,13.3,83,-4
587,2019,31.9,187,218,31.6,192,6
587,2020,10.6,195,207,7.3,64,-4
587,2021,9.6,184,196,9.6,58,-16
587,2022,10,173,190,8.3,60,-22
587,2023,52.1,193,231,52,313,20
587,2024,14.8,192,205,14.2,89,-6
587,2025,13.8,174,204,12.4,83,-8
587,2026,10.8,147,175,1.4,65,-36
588,1983,0,364,364,,0,140
588,1984,23.3,197,234,22.6,81,10
588,1985,30.5,190,229,30.2,106,4
588,1986,25.1,170,228,23.5,87,4
588,1987,20.8,182,208,20.6,72,-16
588,1988,26.7,190,222,26.2,93,-2
588,1989,32.2,189,219,30.2,112,-6
588,1990,29.2,171,206,28.7,101,-18
588,1991,29.3,194,228,29,102,4
588,1992,21.4,154,216,18.2,74,-8
588,1993,21.3,174,222,18.8,74,-2
588,1994,19.6,192,210,18.4,68,-14
588,1995,22.3,183,226,22.3,77,2
588,1996,33.9,188,239,33.9,118,14
588,1997,56,206,243,51.7,194,18
588,1998,21,171,217,20.5,73,-8
588,1999,46.7,193,241,46.3,162,16
588,2000,32.1,175,220,31.8,111,-4
588,2001,17.1,197,222,14.9,59,-2
588,2002,34.3,185,241,34.1,119,16
588,2003,34.3,183,235,34.3,119,10
588,2004,27.3,171,213,25.5,95,-12
588,2005,16.4,204,220,15.4,57,-4
588,2006,33,188,228,32.3,114,4
588,2007,23,162,219,22,80,-6
588,2008,39.1,210,242,36.7,136,18
588,2009,30,188,233,29.2,104,8
588,2010,17.4,197,226,15.6,60,2
588,2011,37.7,216,247,32.3,131,22
588,2012,32.3,193,225,31.8,112,0
588,2013,22.7,180,222,21.9,79,-2
588,2014,40.8,188,235,40.5,141,10
588,2015,19.2,160,211,16.5,67,-14
588,2016,24,185,208,24,83,-16
588,2017,30.3,166,224,28.6,105,-0
588,2018,34.5,197,226,31.7,120,2
588,2019,27.6,200,223,25.4,96,-2
588,2020,28.4,188,220,27.8,98,-4
588,2021,25.7,184,218,25.6,89,-6
588,2022,29.6,204,233,25.8,103,8
588,2023,24.8,191,219,23.4,86,-6
588,2024,18.8,193,224,18.1,65,-0
588,2025,26.7,175,215,24.3,93,-10
588,2026,23,169,214,20.9,80,-10
589,1981,13.2,191,203,11.6,87,0
589,1982,23.1,185,212,22.8,151,9
589,1983,20.8,199,225,20,136,22
589,1984,17.5,145,181,7.7,115,-22
589,1985,23.5,183,199,23.5,154,-4
589,1986,20.8,178,213,18.3,136,10
589,1987,22,182,212,21.8,144,9
589,1988,14,172,193,11.3,92,-10
589,1989,20,159,197,17.6,131,-6
589,1990,7.4,192,200,7.2,49,-3
589,1991,20,184,203,20,131,0
589,1992,18.6,184,207,18.6,122,4
589,1993,26.5,190,217,25.6,174,14
589,1994,15.6,195,220,15.2,102,17
589,1995,24.6,208,234,24.2,161,31
589,1996,13.8,185,210,13.8,90,7
589,1997,29.1,196,219,27.7,191,16
589,1998,18.4,201,215,17.9,121,12
589,1999,13.8,169,181,5.8,90,-22
589,2000,15.4,188,204,14.3,101,1
589,2001,14.9,182,203,14.5,98,0
589,2002,11.1,173,186,7.4,73,-17
589,2003,15.2,182,199,14.7,100,-4
589,2004,15.3,161,203,10.2,100,0
589,2005,19.9,183,202,19.9,130,-1
589,2006,14,189,200,13,92,-3
589,2007,14.7,162,202,13.2,96,-1
589,2008,22.5,171,208,20.7,148,5
589,2009,18.3,189,207,17,120,4
589,2010,20,186,203,18.8,131,0
589,2011,14.3,181,204,13.4,94,1
589,2012,13.9,175,185,7.5,91,-18
589,2013,13.9,177,199,11.2,91,-4
589,2014,14,190,203,13.1,92,0
589,2015,12.3,165,185,6.8,81,-18
589,2016,15.1,186,208,15.1,99,5
589,2017,21.7,162,201,19.1,142,-2
589,2018,9.7,179,192,8.4,64,-11
589,2019,23.2,186,211,22.9,152,8
589,2020,13.3,184,201,13.3,87,-2
589,2021,14.2,178,192,13.5,93,-11
589,2022,16.1,175,194,14.9,106,-9
589,2023,28.4,189,212,28.2,186,9
589,2024,15.9,186,202,15.8,104,-1
589,2025,12.2,174,194,8.7,80,-9
589,2026,10.3,161,175,0,68,-28
590,1992,16.5,208,228,12.3,77,-14
590,1993,21.4,218,241,14.3,100,-1
590,1994,13.8,198,223,12.3,64,-19
590,1995,28.6,221,250,18.6,134,8
590,1996,30.7,220,254,24.2,143,12
590,1997,32.4,216,244,28.4,151,2
590,1998,20.8,204,243,16.9,97,1
590,1999,24.6,230,248,22,115,6
590,2000,18.1,227,244,17.5,85,2
590,2001,16.4,207,226,13.7,77,-16
590,2002,19.6,223,245,17,92,3
590,2003,22.8,226,242,17.3,107,0
590,2004,15.9,174,220,15.5,74,-22
590,2005,15.6,205,238,14.4,73,-4
590,2006,25.8,202,233,22.2,121,-9
590,2007,17.8,209,225,14.8,83,-17
590,2008,26.5,228,267,21.9,124,25
590,2009,25.8,227,242,21.2,121,0
590,2010,18,223,251,13.4,84,9
590,2011,33.4,224,268,24.7,156,26
590,2012,19.1,202,230,17.4,89,-12
590,2013,19.7,204,238,16.7,92,-4
590,2014,30,214,243,24.1,140,1
590,2015,15.7,200,237,13.7,73,-5
590,2016,18.8,191,241,18.1,88,-1
590,2017,22.2,215,243,16.4,104,1
590,2018,30,202,239,24.9,140,-3
590,2019,24.7,217,248,19.1,115,6
590,2020,22.2,201,245,21.6,104,3
590,2021,19.2,210,246,17.4,90,4
590,2022,23,227,259,14.6,107,17
590,2023,26.1,210,236,23,122,-6
590,2024,18,224,251,13.2,84,9
590,2025,22.8,208,240,20.5,107,-2
590,2026,16.7,213,228,14.6,78,-14
591,1982,63.4,216,252,51.3,151,12
591,1983,46.9,196,242,44.9,112,2
591,1984,41.4,220,254,34.4,99,14
591,1985,38.7,184,250,38.5,92,10
591,1986,20.6,146,239,16.8,49,-0
591,1987,29.3,181,222,29.1,70,-18
591,1988,25.8,189,216,24.6,62,-24
591,1989,37.8,188,234,35.6,90,-6
591,1990,31.5,169,232,29,75,-8
591,1991,23,197,240,19.6,55,0
591,1992,16.3,145,177,5.3,39,-62
591,1993,28.9,211,236,25.3,69,-4
591,1994,30.7,198,228,28,73,-12
591,1995,33.4,205,238,31.4,80,-2
591,1996,21.2,160,239,19.6,51,-0
591,1997,63.8,199,250,60.7,152,10
591,1998,42.1,199,245,39.5,100,6
591,1999,89.5,202,281,84.5,214,42
591,2000,52,183,249,51.7,124,10
591,2001,24.9,198,237,22.8,59,-2
591,2002,60.2,181,257,60.1,144,18
591,2003,28.2,191,244,24.5,67,4
591,2004,43.4,181,238,43.1,104,-2
591,2005,12.4,198,212,9.6,30,-28
591,2006,54.8,201,246,52.3,131,6
591,2007,41.9,162,238,38.4,100,-2
591,2008,71.6,212,269,65.2,171,30
591,2009,41.9,196,245,38.3,100,6
591,2010,42.5,198,257,34.5,101,18
591,2011,67.2,220,276,55.2,160,36
591,2012,59,203,260,57.2,141,20
591,2013,50.5,179,248,49.3,121,8
591,2014,26.1,188,235,25,62,-4
591,2015,6.3,97,129,0.3,15,-110
591,2016,38.5,181,219,37.8,92,-20
591,2017,64.9,207,260,60.9,155,20
591,2018,49.7,200,236,43.5,119,-4
591,2019,32,170,226,30.2,76,-14
591,2020,36.1,188,238,35.7,86,-2
591,2021,47.2,183,242,47.2,113,2
591,2022,40.2,227,261,30.4,96,22
591,2023,55.2,206,241,48.3,132,2
591,2024,37.3,193,247,37,89,8
591,2025,47.2,191,242,46.5,113,2
591,2026,18.2,164,215,14.9,43,-24
592,1981,8.1,176,186,5.2,105,8
592,1982,8.4,186,201,7.7,109,24
592,1983,24.3,199,221,22.5,316,44
592,1984,7.3,155,176,4.3,95,-2
592,1985,10,162,189,9.4,130,12
592,1986,3.9,83,145,0,51,-32
592,1987,10.5,177,195,9.7,136,18
592,1988,7.2,159,177,3.4,94,-0
592,1989,7,157,163,0,91,-14
592,1990,4.9,167,177,1,64,-0
592,1991,5.1,186,192,4.7,66,14
592,1992,13,163,193,12.4,169,16
592,1993,18.7,163,199,12.3,243,22
592,1994,6.2,148,168,0,81,-10
592,1995,15.6,179,192,15,203,14
592,1996,2.4,161,168,0,31,-10
592,1997,7.7,156,172,0,100,-6
592,1998,12.2,200,207,9.6,158,30
592,1999,1.2,187,191,0.3,16,14
592,2000,9.8,162,187,6.7,127,10
592,2001,11.6,163,183,5.2,151,6
592,2002,2.3,144,151,0,30,-26
592,2003,3.1,158,165,0,40,-12
592,2004,9.5,159,174,0,123,-4
592,2005,16.2,184,201,15.9,210,24
592,2006,4.9,183,192,4.9,64,14
592,2007,5.5,156,165,0,71,-12
592,2008,11.3,151,181,4,147,4
592,2009,10.2,144,173,1.8,132,-4
592,2010,15.9,170,207,15.3,206,30
592,2011,13.3,160,184,7.5,173,6
592,2012,6.3,161,169,0,82,-8
592,2013,7.4,162,171,0,96,-6
592,2014,3.4,103,138,0,44,-40
592,2015,5.7,158,169,0,74,-8
592,2016,7.3,135,153,1.2,95,-24
592,2017,8.4,159,167,1.1,109,-10
592,2018,2.6,160,165,0,34,-12
592,2019,15,176,198,13.1,195,20
592,2020,7.7,157,190,6.8,100,12
592,2021,4.8,169,183,2.3,62,6
592,2022,7.9,164,178,0,103,0
592,2023,20.2,190,201,20.1,262,24
592,2024,7.4,172,190,6.3,96,12
592,2025,1.7,172,175,0,22,-2
592,2026,2.1,147,150,0,27,-28
593,1986,0,365,365,,0,196
593,1987,4.2,154,164,0.6,75,-4
593,1988,3.8,144,152,0,68,-16
593,1989,9.7,146,163,0,173,-6
593,1990,5.1,150,172,0,91,4
593,1991,4.8,182,187,4.7,86,18
593,1992,6,163,172,0.6,107,4
593,1993,24.4,158,191,16.3,436,22
593,1994,5.3,149,162,0,95,-6
593,1995,8.8,139,168,0,157,-0
593,1996,2.4,160,163,0,43,-6
593,1997,7.9,158,169,0,141,0
593,1998,7,160,176,3.4,125,8
593,1999,1,43,48,0,18,-120
593,2000,5,164,173,0,89,4
593,2001,5.4,164,173,0,96,4
593,2002,2.2,100,140,0,39,-28
593,2003,2.3,158,163,0,41,-6
593,2004,9.3,156,170,0,166,2
593,2005,14.3,156,191,11.9,255,22
593,2006,2.9,174,179,0.9,52,10
593,2007,3.2,130,141,0,57,-28
593,2008,12.3,151,178,1.1,220,10
593,2009,9.2,146,169,0,164,0
593,2010,14.8,166,188,8.5,264,20
593,2011,11.9,162,184,6.3,212,16
593,2012,4.4,156,166,0,79,-2
593,2013,4.2,151,156,0,75,-12
593,2014,2.8,85,113,0,50,-56
593,2015,5,155,167,0,89,-2
593,2016,6.2,134,150,0,111,-18
593,2017,10.3,130,164,0.2,184,-4
593,2018,0.7,148,151,0,12,-18
593,2019,11.8,173,187,7.8,211,18
593,2020,5.8,123,159,0,104,-10
593,2021,2.7,146,155,0,48,-14
593,2022,6.7,104,169,0,120,0
593,2023,21.8,182,200,21.7,389,32
593,2024,5.9,157,173,0.4,105,4
593,2025,2.1,146,149,0,38,-20
593,2026,3.3,147,151,0,59,-18
594,1981,20.9,197,227,17.2,78,-1
594,1982,0,365,365,,0,137
594,1983,33.3,196,238,32.4,125,10
594,1984,25.8,198,245,25,97,17
594,1985,36.6,189,230,36.3,137,2
594,1986,26.8,178,231,25.7,100,3
594,1987,25.3,183,213,25.3,95,-15
594,1988,26.6,190,222,25.3,100,-6
594,1989,32.4,188,220,30.2,121,-8
594,1990,34.2,178,236,33.8,128,8
594,1991,31.2,200,234,30.4,117,6
594,1992,26,154,217,23.4,97,-11
594,1993,31.8,174,228,30.1,119,0
594,1994,21.8,193,219,21.4,82,-9
594,1995,26,195,230,25.2,97,2
594,1996,25.8,189,241,25.6,97,13
594,1997,52,198,241,49.9,195,13
594,1998,25.5,181,219,25.3,96,-9
594,1999,45.6,194,244,45.4,171,16
594,2000,32,191,235,31.7,120,7
594,2001,20.9,198,228,18.4,78,0
594,2002,46,194,249,44.9,172,21
594,2003,21.9,191,236,20.6,82,8
594,2004,27.4,163,221,25.8,103,-7
594,2005,15.8,202,219,15,59,-9
594,2006,30.4,186,227,30,114,-1
594,2007,26,160,221,24.5,97,-7
594,2008,40.1,210,242,37.6,150,14
594,2009,28.7,188,237,28.1,107,9
594,2010,17.6,196,229,15.6,66,1
594,2011,41.6,218,249,33.7,156,21
594,2012,34.4,192,229,34,129,1
594,2013,23.2,178,224,22.5,87,-4
594,2014,32.9,190,233,32.4,123,5
594,2015,11.5,116,182,5.5,43,-46
594,2016,22.3,183,205,22.1,84,-23
594,2017,24.9,165,225,24.1,93,-3
594,2018,30.2,202,226,26.9,113,-2
594,2019,29,201,225,28.4,109,-3
594,2020,25.6,190,228,25,96,0
594,2021,24.8,197,226,24.4,93,-2
594,2022,24.3,204,239,21.7,91,11
594,2023,26,190,218,24.5,97,-10
594,2024,15.5,193,224,15,58,-4
594,2025,23.7,175,217,19.9,89,-11
594,2026,15.9,169,204,12.2,60,-24
595,1981,0.9,118,122,0,41,-15
595,1982,3.1,119,154,0,141,17
595,1983,8.4,136,155,0,382,18
595,1984,4.1,133,147,0,186,10
595,1985,5.8,120,154,0,264,17
595,1986,3.1,139,145,0,141,8
595,1987,5.1,154,164,0,232,27
595,1988,6.3,145,158,0,286,21
595,1989,2.2,132,137,0,100,0
595,1990,2,146,153,0,91,16
595,1991,2.9,136,154,0,132,17
595,1992,7.5,143,169,0,341,32
595,1993,5.1,145,162,0,232,25
595,1994,2.2,136,145,0,100,8
595,1995,3.5,129,144,0,159,7
595,1996,2.3,133,142,0,105,5
595,1997,3.9,154,161,0,177,24
595,1998,4,153,158,0,182,21
595,1999,1,100,102,0,45,-35
595,2000,1.8,116,132,0,82,-5
595,2001,3.9,143,165,0,177,28
595,2002,2.6,140,147,0,118,10
595,2003,1.6,101,107,0.1,73,-30
595,2004,2.2,141,145,0,100,8
595,2005,2.1,134,138,0,95,1
595,2006,0.4,118,123,0,18,-14
595,2007,3.5,144,150,0,159,13
595,2008,2,119,142,0,91,5
595,2009,1.9,91,109,0,86,-28
595,2010,5.3,146,169,0,241,32
595,2011,1.3,104,112,0,59,-25
595,2012,4,86,125,0,182,-12
595,2013,1.2,127,129,0,55,-8
595,2014,1.1,96,116,0,50,-21
595,2015,1.1,96,101,0,50,-36
595,2016,3.1,130,136,0,141,-1
595,2017,2.7,123,133,0,123,-4
595,2018,0.3,104,105,0,14,-32
595,2019,1.3,98,108,0,59,-29
595,2020,2,60,69,0,91,-68
595,2021,1.5,144,149,0,68,12
595,2022,1.1,99,104,0,50,-33
595,2023,1.4,126,129,0,64,-8
595,2024,2.1,136,142,0,95,5
595,2025,0.7,109,115,0,32,-22
595,2026,0.7,107,109,0,32,-28
596,1988,0,366,366,,0,138
596,1989,27.4,189,207,25.3,95,-22
596,1990,17.3,172,199,16.4,60,-30
596,1991,25.1,218,236,20.4,87,8
596,1992,13.6,181,198,12.9,47,-30
596,1993,31.3,222,234,27,109,6
596,1994,22.1,193,221,19.7,77,-8
596,1995,33.2,215,246,31.5,116,18
596,1996,35.1,205,228,32.6,122,-0
596,1997,39.2,196,229,37.4,137,0
596,1998,35.3,201,236,31.9,123,8
596,1999,27.8,219,238,21.7,97,10
596,2000,27.2,185,216,27.1,95,-12
596,2001,26.3,205,222,20.3,92,-6
596,2002,24.1,183,222,24.1,84,-6
596,2003,22.1,191,229,20.3,77,0
596,2004,29.7,171,219,28.2,103,-10
596,2005,38,206,238,36.6,132,10
596,2006,47,197,231,41.7,164,2
596,2007,20.4,169,212,19.4,71,-16
596,2008,32.3,201,233,29.5,113,4
596,2009,37.2,199,227,30.3,130,-2
596,2010,24.6,198,244,18.2,86,16
596,2011,55.4,215,259,44.6,193,30
596,2012,18.9,174,215,17.8,66,-14
596,2013,24,208,222,18.2,84,-6
596,2014,29.6,191,230,28.2,103,2
596,2015,17.2,167,211,14.1,60,-18
596,2016,25.8,186,226,25.5,90,-2
596,2017,36.4,213,237,33.9,127,8
596,2018,15.4,182,212,15.2,54,-16
596,2019,38.5,198,243,35,134,14
596,2020,31.3,186,222,31.1,109,-6
596,2021,24.6,204,225,23.8,86,-4
596,2022,20,200,228,17.2,70,-0
596,2023,54.4,208,235,49.7,190,6
596,2024,36,196,236,34.8,125,8
596,2025,29.5,191,220,28.4,103,-8
596,2026,14.2,168,177,2.7,49,-52
597,1981,13.7,195,212,12.9,84,-10
597,1982,23.6,212,235,20.8,145,13
597,1983,14.4,199,239,13.3,89,17
597,1984,16.8,221,233,12.5,103,11
597,1985,13.4,184,214,13.3,82,-8
597,1986,29.4,213,241,29.3,181,19
597,1987,13,183,208,13,80,-14
597,1988,13.1,184,213,13.1,81,-9
597,1989,20,188,216,19.3,123,-6
597,1990,14.5,183,205,14.5,89,-17
597,1991,14.2,182,232,14.1,87,10
597,1992,8.9,182,199,8.3,55,-23
597,1993,17.7,197,231,16.3,109,9
597,1994,12,194,206,11.2,74,-16
597,1995,13.6,184,232,13.6,84,10
597,1996,24.2,189,239,23.9,149,17
597,1997,27.4,193,228,27.4,169,6
597,1998,18,202,231,16.6,111,9
597,1999,19.5,199,238,18.6,120,16
597,2000,17.7,187,214,17.7,109,-8
597,2001,12.6,198,215,11.3,78,-7
597,2002,14.5,186,228,14.5,89,6
597,2003,17.3,189,214,17.3,106,-8
597,2004,14.8,169,209,12.9,91,-13
597,2005,15.1,185,221,15.1,93,-1
597,2006,20.7,191,216,19.9,127,-6
597,2007,10.3,164,210,9.4,63,-12
597,2008,17.4,190,229,16.9,107,7
597,2009,17.9,199,227,16.3,110,5
597,2010,9.1,197,210,7.4,56,-12
597,2011,25.4,215,246,21.6,156,24
597,2012,13.7,176,205,12.6,84,-17
597,2013,11.4,206,219,10.5,70,-3
597,2014,25.5,192,231,24.9,157,9
597,2015,14,161,212,13.3,86,-10
597,2016,14.5,184,216,14.5,89,-6
597,2017,27.1,193,229,26.6,167,7
597,2018,19.3,193,219,17.5,119,-3
597,2019,16.7,199,226,15.5,103,4
597,2020,15.8,202,223,14.7,97,1
597,2021,11.8,184,215,11.7,73,-7
597,2022,11,200,226,9.7,68,4
597,2023,17.5,193,226,16.2,108,4
597,2024,12.6,185,212,12.6,78,-10
597,2025,15.6,176,219,14.9,96,-3
597,2026,12.7,168,184,6.7,78,-38
599,1991,15.1,177,209,14,79,-4
599,1992,12.4,147,187,7.8,65,-26
599,1993,19.2,172,219,18.9,101,6
599,1994,16.7,180,203,15.9,88,-10
599,1995,20.6,179,228,20.2,108,15
599,1996,17.1,160,215,16.4,90,2
599,1997,32,170,220,31,168,7
599,1998,27,198,216,25.8,142,3
599,1999,37.4,198,234,35.2,197,21
599,2000,21.8,182,213,21,115,0
599,2001,11.4,197,209,10.2,60,-4
599,2002,23.7,180,213,23.4,125,0
599,2003,19.6,189,217,18.3,103,4
599,2004,18.8,160,199,17.8,99,-14
599,2005,6.1,110,118,3.4,32,-95
599,2006,24.4,185,214,24,128,1
599,2007,17.4,162,190,11,92,-23
599,2008,19.7,194,222,19.5,104,9
599,2009,16.8,188,214,16,88,1
599,2010,23,194,213,20.3,121,0
599,2011,21.4,181,224,19.7,113,11
599,2012,29,191,220,27.9,153,7
599,2013,15.5,176,206,14.4,82,-7
599,2014,11.3,156,198,10.5,59,-15
599,2015,3.4,116,134,0,18,-79
599,2016,19.2,173,196,18.6,101,-17
599,2017,18.7,161,216,17.2,98,3
599,2018,12.3,188,208,11.5,65,-5
599,2019,20.4,177,207,19.5,107,-6
599,2020,15.1,189,203,14.8,79,-10
599,2021,19.4,183,204,19.4,102,-9
599,2022,12,204,223,7.4,63,10
599,2023,21.1,203,215,20.4,111,2
599,2024,11.7,167,206,10.2,62,-7
599,2025,17.8,173,200,15.1,94,-13
599,2026,9.4,167,181,3.5,49,-32
600,1982,0,365,365,,0,116
600,1983,64.5,198,257,62.5,117,8
600,1984,61,219,271,54,111,22
600,1985,66.3,211,252,64.4,120,4
600,1986,50.4,190,243,49.7,91,-6
600,1987,53.9,201,229,51.6,98,-20
600,1988,48.8,192,241,46.7,88,-8
600,1989,58.6,187,253,56.9,106,4
600,1990,54.9,180,269,54.1,99,20
600,1991,78.5,197,263,74.4,142,14
600,1992,50.9,196,234,49.7,92,-14
600,1993,53.4,215,243,46.8,97,-6
600,1994,36.6,198,224,34.7,66,-24
600,1995,55.5,206,246,51,101,-2
600,1996,60.8,220,258,53.9,110,10
600,1997,104.4,219,259,96,189,10
600,1998,43.9,202,235,41.4,80,-14
600,1999,79.4,194,261,77.3,144,12
600,2000,57.7,191,250,57.1,105,2
600,2001,32,216,240,26.8,58,-8
600,2002,78.1,223,269,74.1,141,20
600,2003,45.8,201,251,43.8,83,2
600,2004,47.7,184,247,47.7,86,-2
600,2005,38.6,204,239,34.3,70,-10
600,2006,59,204,248,54.3,107,-0
600,2007,48.3,205,243,46.2,88,-6
600,2008,68.9,213,268,64.4,125,20
600,2009,55,227,249,53.4,100,0
600,2010,36.3,222,249,31.6,66,0
600,2011,78.1,222,280,61.4,141,32
600,2012,62,204,268,58.7,112,20
600,2013,47.3,208,248,41.6,86,-0
600,2014,65.3,213,260,59.6,118,12
600,2015,33.7,200,230,30.2,61,-18
600,2016,52.8,186,231,52.3,96,-18
600,2017,56.9,215,252,50.4,103,4
600,2018,69.5,201,244,59.9,126,-4
600,2019,47.8,202,241,39.8,87,-8
600,2020,55.4,207,250,52.4,100,2
600,2021,51.1,194,244,48.8,93,-4
600,2022,50.5,228,266,42.2,91,18
600,2023,53.7,208,235,47.8,97,-14
600,2024,39.5,193,253,36.8,72,4
600,2025,49.6,192,243,48,90,-6
600,2026,41.8,211,242,39.2,76,-6
601,1982,39.8,208,239,36.1,210,13
601,1983,36.2,205,268,34.6,191,42
601,1984,23.1,198,239,19.1,122,13
601,1985,18.6,185,216,18.6,98,-10
601,1986,34,179,241,33.1,179,15
601,1987,11.4,183,206,11.4,60,-20
601,1988,15.4,193,227,14.3,81,1
601,1989,28.1,194,222,26.8,148,-4
601,1990,13.8,181,202,13.1,73,-24
601,1991,13.9,202,239,12.8,73,13
601,1992,13.4,181,213,13.3,71,-13
601,1993,26,209,234,22.8,137,8
601,1994,11.3,193,216,10.9,60,-10
601,1995,33.9,221,257,30.6,179,31
601,1996,27.5,207,246,26.3,145,20
601,1997,42,196,232,41.7,222,6
601,1998,20.9,197,243,19,110,17
601,1999,26.3,167,241,26.1,139,15
601,2000,19,184,219,19,100,-7
601,2001,10.8,198,217,10,57,-9
601,2002,18.3,179,226,17.9,97,0
601,2003,24,225,240,21.4,127,14
601,2004,19.1,168,215,18.3,101,-11
601,2005,14.2,203,232,13.5,75,6
601,2006,36.9,203,232,30.1,195,6
601,2007,13,163,213,12.7,69,-13
601,2008,18.9,210,231,18.5,100,5
601,2009,18.7,193,230,18.5,99,4
601,2010,13.1,195,226,12.4,69,0
601,2011,23,210,238,20,121,12
601,2012,20.3,183,213,20.2,107,-13
601,2013,17.7,192,220,17.5,93,-6
601,2014,18.5,188,218,17.8,98,-8
601,2015,13.5,164,205,11.7,71,-21
601,2016,21.2,182,211,20.9,112,-15
601,2017,37.7,203,235,36.6,199,9
601,2018,17.2,180,218,16.8,91,-8
601,2019,23.2,200,225,21.3,122,-1
601,2020,12.5,191,213,11.9,66,-13
601,2021,12.6,179,212,12.3,66,-14
601,2022,14.4,173,233,13,76,7
601,2023,27.1,205,232,25.4,143,6
601,2024,16.4,193,223,15.2,87,-3
601,2025,21.1,188,215,20.7,111,-11
601,2026,18.5,168,206,13.7,98,-20
602,1993,27.3,214,257,21.8,112,15
602,1994,20.6,198,236,17.8,84,-6
602,1995,31,244,265,17.2,127,23
602,1996,30.1,222,254,28.7,123,12
602,1997,29.4,219,253,22.6,120,11
602,1998,20.3,211,242,17.2,83,0
602,1999,24.7,219,253,16.5,101,11
602,2000,22.9,210,241,19.6,94,-1
602,2001,20.7,208,239,17.2,85,-3
602,2002,10.6,196,220,10,43,-22
602,2003,26.1,209,242,19.9,107,0
602,2004,17.2,210,233,13.1,70,-9
602,2005,19.7,222,239,15.6,81,-3
602,2006,25.2,202,239,22.4,103,-3
602,2007,25.5,209,242,19.7,104,0
602,2008,25,201,251,21.2,102,9
602,2009,26.4,210,241,21.6,108,-1
602,2010,18.9,228,242,14.3,77,0
602,2011,38.8,238,261,27.3,159,19
602,2012,14,204,231,12.8,57,-11
602,2013,23.1,223,249,14.9,94,7
602,2014,28.5,238,254,24.4,117,12
602,2015,22.8,236,257,16.4,93,15
602,2016,24.2,215,250,19,99,8
602,2017,24.7,216,254,21.5,101,12
602,2018,20.4,216,238,15.4,83,-4
602,2019,25.3,216,258,21.4,103,16
602,2020,21.8,211,236,18.7,89,-6
602,2021,18.2,225,243,15.7,74,1
602,2022,18.8,218,230,15.1,77,-12
602,2023,18.6,213,242,16.9,76,0
602,2024,23.2,227,247,16.4,95,5
602,2025,22.7,220,249,18.6,93,7
602,2026,13.7,220,239,10.8,56,-3
603,1981,19.5,229,248,17.2,97,0
603,1982,26,206,265,22.1,129,18
603,1983,26.3,232,252,21.8,130,4
603,1984,26.6,221,260,18.6,132,12
603,1985,16.6,210,233,16.3,82,-14
603,1986,21.8,227,249,18,108,2
603,1987,15.2,197,220,14.8,75,-28
603,1988,17.3,224,238,14.5,86,-10
603,1989,22,217,252,19,109,4
603,1990,19.5,228,253,17.6,97,6
603,1991,27.8,225,253,15.7,138,6
603,1992,17.2,208,231,14.7,85,-16
603,1993,17.6,213,239,12.8,87,-8
603,1994,13.5,193,226,10.4,67,-22
603,1995,30.7,226,268,20.2,152,20
603,1996,22.9,219,257,21.3,113,10
603,1997,29,216,248,24.4,144,0
603,1998,19.4,202,245,14.7,96,-2
603,1999,21.2,229,255,16.9,105,8
603,2000,15,194,242,14.7,74,-6
603,2001,15.5,206,235,11,77,-12
603,2002,15.5,224,244,12.1,77,-4
603,2003,23.1,226,248,16.6,114,0
603,2004,18.7,213,255,15.9,93,8
603,2005,19.4,226,258,13.1,96,10
603,2006,21.8,209,236,18.2,108,-12
603,2007,15.5,206,230,12.2,77,-18
603,2008,21.3,228,264,18.2,105,16
603,2009,25,222,249,19.1,124,2
603,2010,20.2,242,263,14.7,100,16
603,2011,23.4,244,267,17.6,116,20
603,2012,20.2,203,247,17,100,-0
603,2013,17.9,217,241,14.5,89,-6
603,2014,27,226,248,25,134,0
603,2015,16.4,210,245,13.5,81,-2
603,2016,19.5,201,249,18.5,97,2
603,2017,23.4,215,247,17.8,116,-0
603,2018,24.7,206,243,21,122,-4
603,2019,23.3,215,255,18.8,115,8
603,2020,18.6,203,243,16.6,92,-4
603,2021,16.4,210,246,14.5,81,-2
603,2022,18.2,227,259,12.6,90,12
603,2023,20.4,210,240,18.3,101,-8
603,2024,16.8,223,249,13.9,83,2
603,2025,22.9,219,245,17.8,113,-2
603,2026,15.5,213,239,11.5,77,-8
604,1981,1.3,144,148,0.1,23,-30
604,1982,9.6,194,209,8.8,171,30
604,1983,5.5,143,173,1,98,-6
604,1984,3.7,160,172,0.5,66,-6
604,1985,5.1,168,185,3.5,91,6
604,1986,7,147,173,0.7,125,-6
604,1987,3.8,150,186,3.2,68,8
604,1988,5.5,140,177,1.8,98,-2
604,1989,8.2,175,197,7.8,146,18
604,1990,5,177,183,2.5,89,4
604,1991,4.8,163,184,2.8,86,6
604,1992,3.8,123,154,0,68,-24
604,1993,5,152,173,0,89,-6
604,1994,4,152,166,0,71,-12
604,1995,4.6,143,166,0,82,-12
604,1996,5.6,163,189,4.3,100,10
604,1997,10.5,165,202,7.7,188,24
604,1998,4.9,163,178,1.6,88,-0
604,1999,6.8,163,177,3.1,121,-2
604,2000,6.2,151,179,1.1,111,0
604,2001,5,157,176,1.8,89,-2
604,2002,6.2,174,192,5.4,111,14
604,2003,7.2,163,193,5.2,129,14
604,2004,5.7,159,174,0,102,-4
604,2005,2.1,149,156,0,38,-22
604,2006,5.6,172,188,4,100,10
604,2007,4.8,153,165,0,86,-14
604,2008,5.6,164,200,5.5,100,22
604,2009,6.4,187,199,6.4,114,20
604,2010,3.4,144,168,0,61,-10
604,2011,7.8,174,199,6.8,139,20
604,2012,7.7,156,185,4,138,6
604,2013,3.5,160,167,0,63,-12
604,2014,8.4,157,192,7.1,150,14
604,2015,6.1,129,165,0,109,-14
604,2016,3.8,133,164,0,68,-14
604,2017,6.4,162,176,0,114,-2
604,2018,9.8,157,205,8.5,175,26
604,2019,7.1,168,185,4.1,127,6
604,2020,5,158,190,3,89,12
604,2021,6.1,161,185,3.9,109,6
604,2022,5.7,152,175,0,102,-4
604,2023,8.3,188,198,7.8,148,20
604,2024,4,167,172,0,71,-6
604,2025,4.5,171,179,0.2,80,0
604,2026,5.9,169,175,0,105,-4
605,1981,4.7,197,201,4.1,62,18
605,1982,18.8,192,212,17.8,249,30
605,1983,13.3,181,205,13,176,22
605,1984,15.1,196,225,14.6,200,42
605,1985,13.9,183,194,13.9,184,12
605,1986,11.6,146,179,3.5,154,-4
605,1987,12.8,154,189,10.1,170,6
605,1988,7.6,150,192,7,101,10
605,1989,18.1,187,199,17.6,240,16
605,1990,7.3,163,183,3.1,97,0
605,1991,7,181,188,6.5,93,6
605,1992,3.6,78,88,0,48,-94
605,1993,11.8,156,184,6.3,156,2
605,1994,6.5,152,179,0.8,86,-4
605,1995,7.7,122,148,0.4,102,-34
605,1996,6.1,159,171,3.1,81,-12
605,1997,6.6,165,178,1.7,87,-4
605,1998,10.3,163,193,7,136,10
605,1999,10.2,164,201,8.1,135,18
605,2000,10.2,177,191,9,135,8
605,2001,6.4,163,177,2.3,85,-6
605,2002,8.3,176,190,6.7,110,8
605,2003,3.3,161,166,0,44,-16
605,2004,11,160,175,1.5,146,-8
605,2005,3.6,110,116,0.4,48,-66
605,2006,9.7,180,196,9,128,14
605,2007,5.3,155,164,0,70,-18
605,2008,12.4,195,212,11.9,164,30
605,2009,8.2,168,194,6.9,109,12
605,2010,6.8,166,198,4.8,90,16
605,2011,14.5,181,217,13.5,192,34
605,2012,8.6,176,198,7.5,114,16
605,2013,7.1,158,181,1.9,94,-2
605,2014,5.9,154,168,1.5,78,-14
605,2015,4.3,97,130,0,57,-52
605,2016,7.4,138,177,1.8,98,-6
605,2017,11.7,159,174,5.1,155,-8
605,2018,5.2,177,189,4.2,69,6
605,2019,14.4,163,202,12.5,191,20
605,2020,10,188,199,9.6,132,16
605,2021,12,178,197,11.2,159,14
605,2022,8.1,166,178,1.6,107,-4
605,2023,13.5,188,212,12.4,179,30
605,2024,7.9,167,186,4.6,105,4
605,2025,14.6,146,192,10.8,193,10
605,2026,1.4,146,149,0.1,19,-34
606,1984,68.8,243,278,56.5,104,23
606,1985,52.5,226,247,51.2,80,-8
606,1986,53.6,231,249,48,81,-6
606,1987,60.5,209,243,55.6,92,-12
606,1988,65.2,195,262,60.7,99,7
606,1989,66.4,200,253,60.1,101,-2
606,1990,69.4,196,264,68.1,105,9
606,1991,98.1,225,273,84.3,149,18
606,1992,59,177,242,57.3,89,-13
606,1993,43.5,222,247,34.6,66,-8
606,1994,47.7,201,236,45.8,72,-19
606,1995,80.8,215,258,75.1,123,3
606,1996,74.7,235,272,67.1,113,17
606,1997,89.5,220,265,82,136,10
606,1998,69.5,206,255,64.5,105,0
606,1999,94.1,234,275,88.5,143,20
606,2000,64.7,207,264,60.8,98,9
606,2001,37.6,218,252,34.1,57,-3
606,2002,88.7,211,266,74.2,134,11
606,2003,61.3,207,255,55.6,93,0
606,2004,42.2,188,233,41.4,64,-22
606,2005,35.7,201,238,30.8,54,-17
606,2006,70.3,202,260,65.9,107,5
606,2007,71.8,220,253,66.8,109,-2
606,2008,59.8,209,267,55.9,91,12
606,2009,51.1,230,253,43.8,77,-2
606,2010,58.3,221,271,48.6,88,16
606,2011,84.4,227,280,66.8,128,25
606,2012,69.9,207,277,66.2,106,22
606,2013,61.7,217,256,54.4,94,1
606,2014,67.2,215,254,59.8,102,-1
606,2015,43.4,198,237,41.8,66,-18
606,2016,68.3,192,244,66.3,104,-11
606,2017,75.9,218,263,64.8,115,8
606,2018,69.6,211,250,60,106,-5
606,2019,44.4,202,234,39.2,67,-21
606,2020,52.2,193,243,51.4,79,-12
606,2021,62.3,198,246,59.2,94,-9
606,2022,60.2,231,271,50.7,91,16
606,2023,52.8,209,241,47.3,80,-14
606,2024,37.7,197,250,36,57,-5
606,2025,42.8,197,240,40.1,65,-15
606,2026,49.4,170,227,48,75,-28
607,1981,6.8,188,199,6.7,59,-10
607,1982,8.2,108,308,,71,98
607,1983,14.6,197,237,13.1,127,28
607,1984,16.6,221,229,15.1,144,20
607,1985,14,189,216,13.5,122,6
607,1986,15.9,175,214,13.2,138,4
607,1987,9.1,187,206,9.1,79,-4
607,1988,14.5,195,218,14.4,126,8
607,1989,13.6,157,203,11.3,118,-6
607,1990,11,183,199,11,96,-10
607,1991,12.3,213,224,11.7,107,14
607,1992,11.3,182,209,10.7,98,-0
607,1993,16,203,225,13.7,139,16
607,1994,11.7,196,206,9.8,102,-4
607,1995,12.1,187,232,12.1,105,22
607,1996,16.9,184,219,16.9,147,10
607,1997,13.2,200,221,12.3,115,12
607,1998,12.2,204,217,10.8,106,8
607,1999,9.6,171,213,8.1,83,4
607,2000,11.2,187,210,10.4,97,0
607,2001,10.9,183,210,10.9,95,0
607,2002,9.1,174,190,7.7,79,-20
607,2003,11.1,191,227,10.8,97,18
607,2004,8.6,171,190,6.8,75,-20
607,2005,10.9,186,203,10.6,95,-6
607,2006,14.2,183,206,14.2,123,-4
607,2007,11.1,169,208,10.7,97,-2
607,2008,17,197,229,14.9,148,20
607,2009,15.4,190,212,13.6,134,2
607,2010,10.2,191,204,8.6,89,-6
607,2011,17.4,189,229,17.1,151,20
607,2012,8.4,165,185,4.9,73,-24
607,2013,11.2,198,218,9.8,97,8
607,2014,14.4,190,207,13.8,125,-2
607,2015,9.8,166,191,7.4,85,-18
607,2016,11.9,184,205,11.9,103,-4
607,2017,9.9,166,182,4.7,86,-28
607,2018,9.4,175,205,8.9,82,-4
607,2019,13.7,177,203,12.6,119,-6
607,2020,13,187,212,12.7,113,2
607,2021,10.2,184,194,10.2,89,-16
607,2022,8.5,176,202,7.9,74,-8
607,2023,13.8,189,213,13.8,120,4
607,2024,11.1,169,206,10.9,97,-4
607,2025,10.6,175,194,8,92,-16
607,2026,4.8,162,173,0,42,-36
608,1981,1.9,137,143,1.3,40,-28
608,1982,9.2,135,164,4.5,194,-8
608,1983,9.1,145,156,1,192,-16
608,1984,11.8,197,221,11.4,248,50
608,1985,10,182,189,9.7,211,18
608,1986,6,146,151,0,126,-20
608,1987,7.3,154,164,3.1,154,-8
608,1988,4.2,126,150,0,88,-22
608,1989,10.1,159,189,6.8,213,18
608,1990,3.7,167,172,0,78,0
608,1991,3.7,124,134,2.3,78,-38
608,1992,2.3,115,133,0,48,-38
608,1993,12.8,157,175,4.8,269,4
608,1994,3.6,152,155,0,76,-16
608,1995,4.5,78,124,0.3,95,-48
608,1996,2.8,130,132,0.5,59,-40
608,1997,4.9,167,171,0,103,-0
608,1998,9.6,160,176,3.8,202,4
608,1999,7.1,166,178,2.4,149,6
608,2000,5.3,163,182,2.1,112,10
608,2001,4.5,160,171,0,95,-0
608,2002,6.3,136,182,2.9,133,10
608,2003,2.8,160,164,0,59,-8
608,2004,3.7,101,124,0,78,-48
608,2005,2.3,71,73,0,48,-98
608,2006,7.3,178,196,6.1,154,24
608,2007,4.2,120,130,0,88,-42
608,2008,10.9,192,210,10,229,38
608,2009,7.2,186,195,6.8,152,24
608,2010,4.4,138,172,0.2,93,0
608,2011,8.3,181,202,7.3,175,30
608,2012,4.6,174,187,2.6,97,16
608,2013,7.4,152,180,0.9,156,8
608,2014,3.8,148,158,0,80,-14
608,2015,2.5,97,117,0,53,-54
608,2016,6.1,131,150,0,128,-22
608,2017,7.9,159,168,0,166,-4
608,2018,3.3,158,183,1.4,69,12
608,2019,11.4,166,191,9.3,240,20
608,2020,6.1,151,194,4.9,128,22
608,2021,7.4,154,185,5,156,14
608,2022,5.2,100,175,0,109,4
608,2023,10.1,188,209,9.6,213,38
608,2024,4.2,119,122,0,88,-50
608,2025,8.2,145,177,0,173,6
608,2026,0.8,205,207,0,17,36
609,1981,18.4,193,216,17.2,74,-21
609,1982,34.8,202,239,30.4,141,2
609,1983,27.8,198,242,27,113,5
609,1984,19.8,220,241,18.1,80,4
609,1985,24.8,191,231,24.5,100,-6
609,1986,27.1,187,240,27.1,110,3
609,1987,16.1,195,210,15.8,65,-27
609,1988,21.3,195,233,19.5,86,-4
609,1989,35.1,188,241,34.2,142,4
609,1990,21,182,240,20.9,85,3
609,1991,24.4,226,242,21.1,99,5
609,1992,20.4,195,220,19.9,83,-17
609,1993,26,209,244,22.1,105,7
609,1994,20.6,192,224,18.7,83,-13
609,1995,35.9,214,249,33.4,145,12
609,1996,31.1,219,250,29,126,13
609,1997,44.5,206,236,42,180,-1
609,1998,23.4,202,239,21,95,2
609,1999,33.9,229,251,31.3,137,14
609,2000,19.9,186,236,19.9,81,-1
609,2001,15.4,203,223,13.1,62,-14
609,2002,24,205,233,21.7,97,-4
609,2003,22.3,219,238,18.8,90,1
609,2004,25,184,234,25,101,-3
609,2005,21.3,204,235,19.2,86,-2
609,2006,31.3,202,231,27.3,127,-6
609,2007,18.2,206,224,16.5,74,-13
609,2008,33.8,210,260,30.7,137,23
609,2009,25.7,219,240,22.4,104,3
609,2010,17.3,220,246,14.3,70,9
609,2011,38,214,260,30.6,154,23
609,2012,28.3,203,234,25.6,115,-3
609,2013,22.8,206,225,20,92,-12
609,2014,27.5,212,239,24.8,111,2
609,2015,14.3,199,217,12.8,58,-20
609,2016,22,188,223,21.5,89,-14
609,2017,30.1,216,238,26.3,122,1
609,2018,30.3,207,238,26.4,123,1
609,2019,32.6,199,243,26.5,132,6
609,2020,23.4,201,232,22,95,-5
609,2021,20.2,192,227,19.1,82,-10
609,2022,19.6,216,239,15.5,79,2
609,2023,32.6,196,237,29.6,132,0
609,2024,20.7,204,242,20.6,84,5
609,2025,23.4,195,225,21.9,95,-12
609,2026,17.4,169,228,14.9,70,-9
610,1981,12.5,194,213,11.7,65,-4
610,1982,29.1,194,221,28.1,151,4
610,1983,25.7,192,239,24.6,133,22
610,1984,36.6,219,240,32,190,23
610,1985,20.8,185,200,20.8,108,-17
610,1986,24.1,147,203,19.1,125,-14
610,1987,11.2,181,198,10.6,58,-19
610,1988,16.1,184,200,16.1,83,-17
610,1989,24.1,187,203,23.6,125,-14
610,1990,13.5,170,189,10.2,70,-28
610,1991,14.7,183,229,14.7,76,12
610,1992,10.2,148,182,3.6,53,-35
610,1993,21.6,170,225,18.1,112,8
610,1994,13.8,193,204,11.6,72,-13
610,1995,16,182,231,15.7,83,14
610,1996,21.6,188,219,21.2,112,2
610,1997,28.3,169,225,26.9,147,8
610,1998,19.1,170,217,18.2,99,0
610,1999,22.9,193,235,20,119,18
610,2000,19.2,176,207,18.5,99,-10
610,2001,13.4,171,211,11.4,69,-6
610,2002,21.2,181,217,20.9,110,0
610,2003,12.1,189,227,10.6,63,10
610,2004,24,163,210,20.2,124,-7
610,2005,16.7,183,229,16.7,87,12
610,2006,29.7,190,220,28.2,154,3
610,2007,15.3,164,211,14,79,-6
610,2008,21.2,195,224,20,110,7
610,2009,22.3,199,220,20.4,116,3
610,2010,17.4,192,217,15.7,90,0
610,2011,22.8,198,235,21.8,118,18
610,2012,19.4,174,201,17.2,101,-16
610,2013,15.9,179,215,15.2,82,-2
610,2014,19.1,189,217,17.7,99,0
610,2015,16.2,137,203,13,84,-14
610,2016,22.7,183,206,22.4,118,-11
610,2017,20.7,160,223,19.8,107,6
610,2018,13,179,209,12.7,67,-8
610,2019,22.4,185,220,21.2,116,3
610,2020,22,191,213,21.4,114,-4
610,2021,16.6,183,207,16.6,86,-10
610,2022,16.7,175,228,14.9,87,11
610,2023,31.1,191,227,28.4,161,10
610,2024,27.4,195,228,26.1,142,11
610,2025,24.8,189,211,24.6,128,-6
610,2026,8.2,160,176,0.4,42,-41
612,1981,15.7,193,207,13.7,84,-10
612,1982,30.9,194,219,28.8,165,2
612,1983,36.6,234,247,30.7,196,30
612,1984,35.4,221,233,31.4,189,16
612,1985,24.3,185,205,24.3,130,-12
612,1986,31.4,204,213,30.1,168,-4
612,1987,9.5,191,205,9.4,51,-12
612,1988,18.2,176,199,16.9,97,-18
612,1989,19.3,172,199,18,103,-18
612,1990,17.1,173,203,16.9,91,-14
612,1991,22.4,218,234,19.6,120,18
612,1992,12.9,181,194,12,69,-22
612,1993,28.9,193,230,26.9,155,14
612,1994,19.1,181,206,18,102,-10
612,1995,21.2,216,235,20.2,113,18
612,1996,26.4,206,223,23.8,141,6
612,1997,36,198,223,30.1,193,6
612,1998,24.8,201,221,20.5,133,4
612,1999,17.4,219,234,12.2,93,18
612,2000,18.3,174,210,18,98,-6
612,2001,13.3,197,212,12.1,71,-4
612,2002,13.7,178,196,12.2,73,-20
612,2003,16.4,190,228,15.1,88,12
612,2004,15.1,160,190,9.5,81,-26
612,2005,21.8,195,232,21.4,117,16
612,2006,24.4,190,220,23.1,130,4
612,2007,10.5,163,190,7.6,56,-26
612,2008,24.4,196,228,22.1,130,12
612,2009,22.9,201,219,17.2,122,2
612,2010,17.2,192,223,14.9,92,6
612,2011,27.9,195,241,27.2,149,24
612,2012,11,175,204,8.2,59,-12
612,2013,14,164,213,11.7,75,-4
612,2014,16.3,190,205,15.1,87,-12
612,2015,11.1,166,194,6.8,59,-22
612,2016,15.9,170,205,15.8,85,-12
612,2017,29.1,164,206,25.9,156,-10
612,2018,11.7,180,207,11,63,-10
612,2019,28.9,197,226,28.3,155,10
612,2020,20.1,203,214,19.1,107,-2
612,2021,13.6,182,207,13.5,73,-10
612,2022,15.6,184,215,15.6,83,-2
612,2023,37.9,191,229,36.5,203,12
612,2024,23.3,193,222,22.6,125,6
612,2025,17.1,189,207,15.9,91,-10
612,2026,8.4,160,173,0.1,45,-44
613,1981,14.5,158,202,9.4,102,-2
613,1982,24,202,224,21.9,170,20
613,1983,16.1,181,209,15.8,114,5
613,1984,12.5,185,201,12.1,88,-3
613,1985,18.6,183,211,18.6,131,7
613,1986,11.7,150,181,5.9,83,-23
613,1987,12.9,181,198,12.6,91,-6
613,1988,11.6,183,199,11.3,82,-5
613,1989,18.1,189,205,17.3,128,1
613,1990,18.1,170,200,15.8,128,-4
613,1991,22,168,219,21.4,155,15
613,1992,10.2,147,186,5.9,72,-18
613,1993,13,173,194,10.9,92,-10
613,1994,15.7,158,203,14.7,111,-1
613,1995,10.6,144,184,5.4,75,-20
613,1996,14.3,185,205,14,101,1
613,1997,26.8,196,223,24.3,189,19
613,1998,12.5,180,207,11.5,88,3
613,1999,19.1,158,207,17.3,135,3
613,2000,14.8,172,204,13.3,105,0
613,2001,14,197,215,10.3,99,11
613,2002,21.9,185,215,20.9,155,11
613,2003,12.6,164,203,11.8,89,-1
613,2004,11.4,160,188,6.4,81,-16
613,2005,4.4,185,191,4,31,-13
613,2006,11.2,171,197,10.7,79,-7
613,2007,10.9,156,197,5.5,77,-7
613,2008,16.5,186,217,16.4,117,13
613,2009,14.4,187,202,14,102,-2
613,2010,8.6,172,201,7.1,61,-3
613,2011,23.6,203,225,21,167,21
613,2012,18.8,182,206,18.3,133,2
613,2013,11.4,178,208,10,81,4
613,2014,18.3,188,213,18.3,129,9
613,2015,5.8,129,164,0,41,-40
613,2016,6.8,183,193,6.7,48,-11
613,2017,17.8,166,202,14.5,126,-2
613,2018,21.2,200,216,19,150,12
613,2019,10.6,171,204,9.7,75,0
613,2020,16.1,190,211,15.6,114,7
613,2021,11,182,203,10.9,78,-1
613,2022,14.6,170,214,12.9,103,10
613,2023,12.8,186,207,12.5,90,3
613,2024,9.3,183,204,9.2,66,0
613,2025,9.1,187,198,8.2,64,-6
613,2026,4.4,168,171,0.5,31,-33
614,1981,2,82,86,0,20,-104
614,1982,21.3,204,217,18,210,28
614,1983,6,137,146,0,59,-44
614,1984,8.1,159,177,2.7,80,-12
614,1985,26.5,182,214,25.8,261,24
614,1986,14,145,152,0,138,-38
614,1987,4.4,117,158,0,43,-32
614,1988,10.9,148,197,9.5,107,8
614,1989,18.3,182,198,18,180,8
614,1990,17.7,165,198,15.9,174,8
614,1991,5.5,102,136,0.9,54,-54
614,1992,2,114,118,0,20,-72
614,1993,18.9,156,190,12.2,186,0
614,1994,5.8,148,168,3,57,-22
614,1995,12.9,161,190,9.7,127,0
614,1996,15.3,130,132,0,151,-58
614,1997,15.2,166,203,13.1,150,14
614,1998,4.5,106,127,0.2,44,-62
614,1999,27.2,194,234,26.2,268,44
614,2000,14.2,150,197,12.2,140,8
614,2001,7.7,152,172,0,76,-18
614,2002,26.5,174,223,25.9,261,34
614,2003,2.8,104,118,0,28,-72
614,2004,12.4,139,189,7.8,122,-0
614,2005,2.9,149,160,0,29,-30
614,2006,11,143,191,8.5,108,2
614,2007,8.7,154,176,2.6,86,-14
614,2008,34.5,207,240,33.1,340,50
614,2009,17.4,169,218,16.8,171,28
614,2010,4.3,72,80,0.8,42,-110
614,2011,9,181,219,7.8,89,30
614,2012,18.8,191,215,17.3,185,26
614,2013,13.2,161,188,9.3,130,-2
614,2014,5.4,136,158,0,53,-32
614,2015,1,51,53,0,10,-136
614,2016,7.6,103,154,0,75,-36
614,2017,20.3,160,201,15.1,200,12
614,2018,8,179,194,7.3,79,4
614,2019,13.7,174,199,12.9,135,10
614,2020,9.3,159,203,8.8,92,14
614,2021,8.3,176,200,7.8,82,10
614,2022,12.5,122,185,6.6,123,-4
614,2023,17.8,189,218,15.4,175,28
614,2024,9.4,164,191,5.9,93,2
614,2025,5.2,173,183,2.6,51,-6
614,2026,1.1,121,126,0,11,-64
615,1981,15.9,187,208,15.2,70,-4
615,1982,39.5,200,226,34.8,174,14
615,1983,58.4,215,248,52.7,257,36
615,1984,30.9,172,224,29,136,12
615,1985,22.6,182,208,22.3,100,-4
615,1986,41,175,222,38,181,10
615,1987,15.6,180,204,14.7,69,-8
615,1988,10.8,171,184,4.9,48,-28
615,1989,26.5,179,202,25.5,117,-10
615,1990,13.7,169,195,11.2,60,-18
615,1991,14.8,180,213,14.6,65,0
615,1992,11.2,184,198,11.2,49,-14
615,1993,34.4,189,221,33.8,152,8
615,1994,12.7,164,200,10.3,56,-12
615,1995,45.9,206,247,45.3,202,34
615,1996,34.7,187,223,34.2,153,10
615,1997,33.8,161,208,25.7,149,-4
615,1998,35.6,198,249,32.1,157,36
615,1999,35.7,195,234,33.6,157,22
615,2000,23.3,170,210,22,103,-2
615,2001,13.3,166,212,9.3,59,-0
615,2002,21.7,176,218,19.2,96,6
615,2003,19,223,234,14.3,84,22
615,2004,23.2,159,198,19,102,-14
615,2005,36.4,193,235,35.8,160,22
615,2006,38.5,206,226,35.3,170,14
615,2007,11.7,158,191,9.6,52,-22
615,2008,22.2,148,212,19.3,98,-0
615,2009,15,178,212,14.3,66,-0
615,2010,25.1,214,243,22.3,111,30
615,2011,43.8,180,254,43.5,193,42
615,2012,12,186,208,11.5,53,-4
615,2013,16.3,162,202,13.4,72,-10
615,2014,14.1,156,200,13.6,62,-12
615,2015,9.5,163,181,2.9,42,-32
615,2016,23.6,176,205,23,104,-8
615,2017,51.2,200,235,48.1,226,22
615,2018,14.8,180,207,14.2,65,-6
615,2019,43.7,188,226,42.5,193,14
615,2020,20,194,214,18.8,88,2
615,2021,15.6,179,205,15.4,69,-8
615,2022,17.7,175,211,15.8,78,-2
615,2023,53.7,190,234,53.1,237,22
615,2024,24.5,192,223,23.8,108,10
615,2025,24.6,189,218,24.1,108,6
615,2026,13.4,147,176,4.1,59,-36
616,1981,8,190,241,,81,10
616,1982,8,199,216,6.5,81,-14
616,1983,18.3,233,253,12.3,185,22
616,1984,17.8,222,243,10.6,180,12
616,1985,6.3,187,206,6.1,64,-24
616,1986,12.5,203,238,10.5,126,8
616,1987,12.1,196,217,11.2,122,-14
616,1988,9.4,224,230,8.2,95,-0
616,1989,6.6,197,220,5.8,67,-10
616,1990,11.2,227,242,8.6,113,12
616,1991,16.2,221,238,9,164,8
616,1992,9.5,196,217,9.4,96,-14
616,1993,11.4,218,229,5.6,115,-2
616,1994,8.9,175,202,6.5,90,-28
616,1995,21.3,227,259,12.5,215,28
616,1996,15.3,218,235,12.4,155,4
616,1997,16.7,217,233,12.7,169,2
616,1998,15.7,201,233,12.6,159,2
616,1999,19.2,231,250,8.1,194,20
616,2000,7.9,203,218,6.5,80,-12
616,2001,5.4,198,212,4.5,55,-18
616,2002,7.1,187,225,7.1,72,-6
616,2003,17.6,225,241,13.2,178,10
616,2004,8.3,214,221,6.6,84,-10
616,2005,9.4,226,233,4.3,95,2
616,2006,2.5,187,193,2.5,25,-38
616,2007,5,207,213,2.7,51,-18
616,2008,10.3,227,234,7.2,104,4
616,2009,9.1,216,232,6.6,92,2
616,2010,14.2,229,246,6.6,143,16
616,2011,14.6,244,257,3.1,147,26
616,2012,9.3,175,207,7.9,94,-24
616,2013,11,217,227,6.1,111,-4
616,2014,15.9,227,238,14.8,161,8
616,2015,7.6,210,216,4.2,77,-14
616,2016,8.6,203,227,7.6,87,-4
616,2017,20.4,216,245,12.2,206,14
616,2018,7.4,201,221,5.7,75,-10
616,2019,13.8,241,250,7.2,139,20
616,2020,9.4,205,220,6.6,95,-10
616,2021,8.6,211,231,5.2,87,0
616,2022,8.1,216,229,3.7,82,-2
616,2023,10.1,191,224,8.7,102,-6
616,2024,17.7,223,245,12,179,14
616,2025,10.9,213,225,9.9,110,-6
616,2026,3.3,168,174,0,33,-56
617,1981,6.3,166,192,5.2,70,12
617,1982,9.9,173,198,9.4,109,18
617,1983,22.1,198,216,21.1,244,36
617,1984,8.1,136,168,2.8,90,-12
617,1985,19.6,156,193,14.8,217,14
617,1986,6.3,179,189,3.6,70,10
617,1987,14.3,192,203,12,158,24
617,1988,10.1,146,178,1.7,112,-2
617,1989,9.8,145,165,0,108,-14
617,1990,6.2,168,174,0,69,-6
617,1991,16,155,201,12.6,177,22
617,1992,13.2,166,194,11.1,146,14
617,1993,23.6,153,203,20.1,261,24
617,1994,9.1,152,185,5.5,101,6
617,1995,12.7,164,200,10.6,140,20
617,1996,2.7,130,140,0,30,-40
617,1997,13.6,154,176,2.9,150,-4
617,1998,12.5,171,202,11.7,138,22
617,1999,4.4,142,149,0,49,-30
617,2000,2.4,161,168,0.1,27,-12
617,2001,10.3,170,183,5.1,114,4
617,2002,4.6,148,165,0,51,-14
617,2003,9,170,190,7.4,99,10
617,2004,8.2,159,175,0.6,91,-4
617,2005,14.8,183,197,14.8,164,18
617,2006,3.5,166,183,1.7,39,4
617,2007,7,157,168,0.2,77,-12
617,2008,16.4,151,184,7.9,181,4
617,2009,13.1,147,183,6.4,145,4
617,2010,17.9,163,198,16.2,198,18
617,2011,7.3,153,169,0.1,81,-10
617,2012,7.2,145,168,0,80,-12
617,2013,7.9,161,174,0,87,-6
617,2014,2.9,136,140,0,32,-40
617,2015,5.8,155,168,0,64,-12
617,2016,6.1,141,155,0,67,-24
617,2017,12,159,170,0,133,-10
617,2018,2.1,155,163,0,23,-16
617,2019,12.7,172,186,8.4,140,6
617,2020,10,156,183,4,110,4
617,2021,2.4,150,159,0,27,-20
617,2022,5.6,154,178,2.1,62,-2
617,2023,11.4,174,195,11,126,16
617,2024,8.6,191,199,8.2,95,20
617,2025,1.2,141,146,0,13,-34
617,2026,1.8,125,133,0,20,-46
618,1981,14.3,190,206,12.6,86,-6
618,1982,20.6,192,215,20.3,124,3
618,1983,24.1,216,241,22.6,145,29
618,1984,27.9,220,234,26.3,168,22
618,1985,24,190,220,23.8,145,8
618,1986,18.5,173,214,14.8,111,2
618,1987,14.9,189,209,14.2,90,-3
618,1988,14.4,188,215,14.3,87,3
618,1989,17.8,186,204,17.8,107,-8
618,1990,10.5,170,203,9.8,63,-9
618,1991,16.4,199,226,15.9,99,14
618,1992,16,184,209,16,96,-3
618,1993,30.9,204,232,27.4,186,20
618,1994,14.4,194,223,13.1,87,11
618,1995,26.9,226,245,24.8,162,33
618,1996,15.6,179,218,14.3,94,6
618,1997,25.6,195,220,22.4,154,8
618,1998,25.5,203,225,21.2,154,13
618,1999,12.9,193,227,9.1,78,15
618,2000,16.9,187,211,16.1,102,-1
618,2001,14.8,198,212,13.9,89,0
618,2002,12,179,195,11.2,72,-17
618,2003,16.8,191,216,15.6,101,4
618,2004,14.8,161,201,10.7,89,-11
618,2005,26.1,194,227,25.6,157,15
618,2006,20.5,190,210,19.8,123,-2
618,2007,15.5,164,210,14.4,93,-2
618,2008,29.3,199,226,26.8,177,14
618,2009,24.2,190,211,21.2,146,-1
618,2010,20.3,192,203,17.6,122,-9
618,2011,22.8,182,229,22.2,137,17
618,2012,12.7,174,189,8.2,77,-23
618,2013,13.8,177,218,12.9,83,6
618,2014,18.5,182,205,18.1,111,-7
618,2015,11.4,165,184,5.8,69,-28
618,2016,13.7,163,218,13.1,83,6
618,2017,18.1,163,198,12.7,109,-14
618,2018,9.5,181,194,8.6,57,-18
618,2019,22.5,178,210,22,136,-2
618,2020,16.1,187,212,16,97,0
618,2021,13.4,181,197,13.2,81,-15
618,2022,14,175,209,13,84,-3
618,2023,28.9,191,222,28.4,174,10
618,2024,15,186,206,14.9,90,-6
618,2025,13.3,174,195,9.2,80,-17
618,2026,8.4,161,174,0,51,-38
619,1982,60.4,202,253,53.5,160,18
619,1983,38.7,196,240,35.2,103,6
619,1984,47.5,219,263,39,126,28
619,1985,58.8,183,240,58.8,156,6
619,1986,38.5,175,242,35.8,102,8
619,1987,34.7,182,212,34.5,92,-22
619,1988,36,191,237,34.4,95,2
619,1989,75.8,188,245,72.1,201,10
619,1990,42.4,169,216,36.8,112,-18
619,1991,31.1,212,246,27,82,12
619,1992,23.7,142,185,12.1,63,-50
619,1993,48.6,208,238,43.7,129,4
619,1994,31.9,193,219,28,85,-16
619,1995,39.4,204,238,35.9,104,4
619,1996,38.4,207,239,37.6,102,4
619,1997,64.2,197,234,60.9,170,-0
619,1998,34.2,201,235,30.2,91,0
619,1999,83.6,230,262,75.2,221,28
619,2000,56.8,171,237,53.4,150,2
619,2001,26.1,170,225,22,69,-10
619,2002,54.5,184,241,54,144,6
619,2003,36.8,189,242,32.9,97,8
619,2004,46,160,221,43.5,122,-14
619,2005,24.8,198,226,20.2,66,-8
619,2006,56.2,196,229,51.9,149,-6
619,2007,46.2,163,229,42.2,122,-6
619,2008,76.1,212,268,67,202,34
619,2009,60.4,187,243,57.3,160,8
619,2010,32,197,251,27.2,85,16
619,2011,58.2,213,265,50.8,154,30
619,2012,53.8,200,236,50.3,143,2
619,2013,37.1,180,221,35.3,98,-14
619,2014,30.2,188,233,28.8,80,-2
619,2015,7.3,124,148,1.1,19,-86
619,2016,35.8,181,217,34.2,95,-18
619,2017,46.1,161,237,40.1,122,2
619,2018,31.4,201,222,27.8,83,-12
619,2019,37,168,220,34.9,98,-14
619,2020,35.1,189,219,34.3,93,-16
619,2021,43.2,184,219,42.5,114,-16
619,2022,35.5,226,251,23.4,94,16
619,2023,41.6,204,232,34.2,110,-2
619,2024,39.7,181,238,39.2,105,4
619,2025,44.3,190,217,41.5,117,-18
619,2026,10.4,147,173,0.4,28,-62
620,1982,32.1,206,260,27.2,187,22
620,1983,27.1,232,249,23.2,158,10
620,1984,19,214,275,16,111,36
620,1985,15.5,190,219,15.5,90,-20
620,1986,17.5,183,244,17.5,102,6
620,1987,11.9,182,212,11.8,69,-26
620,1988,14,214,245,13.8,82,6
620,1989,18,188,222,17.3,105,-16
620,1990,13.6,184,248,13.6,79,10
620,1991,20.3,228,251,11.9,118,12
620,1992,12.5,207,218,11,73,-20
620,1993,23.2,222,237,15.8,135,-2
620,1994,11.5,194,222,10,67,-16
620,1995,28.6,228,259,19.9,167,20
620,1996,22,220,253,19.7,128,14
620,1997,30.6,215,242,26,178,4
620,1998,16.2,203,244,12.7,94,6
620,1999,25.3,230,255,19.8,148,16
620,2000,15.2,193,237,14.7,89,-2
620,2001,13.7,205,225,8.8,80,-14
620,2002,16.1,213,241,14,94,2
620,2003,20.8,225,241,13.4,121,2
620,2004,14.4,166,219,13.9,84,-20
620,2005,13.1,225,239,9.4,76,0
620,2006,21.2,202,229,17.8,124,-10
620,2007,14.7,206,227,11.8,86,-12
620,2008,18.7,210,247,17.4,109,8
620,2009,20.8,222,240,16.6,121,2
620,2010,14.1,244,257,9.6,82,18
620,2011,24.6,223,265,18.3,143,26
620,2012,17,193,227,16.2,99,-12
620,2013,16,210,227,14.1,93,-12
620,2014,19.8,212,238,18.6,115,-0
620,2015,10.9,171,217,10.7,64,-22
620,2016,16.9,191,228,16.4,99,-10
620,2017,24.9,213,244,21.1,145,6
620,2018,20,202,236,16.9,117,-2
620,2019,17.3,199,247,14.9,101,8
620,2020,15.3,202,230,14.2,89,-8
620,2021,11.5,209,227,10.9,67,-12
620,2022,17,227,253,13.2,99,14
620,2023,20.9,209,234,18.2,122,-4
620,2024,14.1,193,241,12.9,82,2
620,2025,14.4,193,223,14.2,84,-16
620,2026,15.8,213,225,14.4,92,-14
621,1981,12,188,200,9.9,89,-12
621,1982,17.6,193,214,17.1,130,2
621,1983,25,205,240,22.6,185,28
621,1984,19.1,195,224,18.1,141,12
621,1985,15.3,185,198,15.3,113,-14
621,1986,18.1,170,215,16,134,2
621,1987,10.8,191,204,9.9,80,-8
621,1988,10.6,176,214,10,78,2
621,1989,11.5,158,192,10.1,85,-20
621,1990,9.7,191,209,9,72,-4
621,1991,14.1,186,221,13.7,104,8
621,1992,13.2,184,201,13.2,97,-12
621,1993,20.3,190,214,19.8,150,2
621,1994,13,194,205,10.7,96,-8
621,1995,18.5,204,230,16.8,137,18
621,1996,13.9,186,214,13.4,103,2
621,1997,20.9,197,218,18.7,154,6
621,1998,20.9,201,227,17.3,154,14
621,1999,11.2,217,227,8.4,83,14
621,2000,12.5,184,206,12.5,92,-6
621,2001,13.5,197,213,11,100,0
621,2002,7.5,178,194,7.3,55,-18
621,2003,11.9,191,211,11.1,88,-2
621,2004,12.5,171,211,12.1,92,-2
621,2005,21.1,194,232,20.6,156,20
621,2006,15.2,189,213,13.6,112,0
621,2007,7.1,163,192,6.6,52,-20
621,2008,16.5,195,212,14.5,122,-0
621,2009,17.8,188,216,17.5,131,4
621,2010,18.7,191,221,17.1,138,8
621,2011,20.2,197,226,17.6,149,14
621,2012,9.1,179,206,7.5,67,-6
621,2013,12.8,179,208,12.1,94,-4
621,2014,11.1,189,204,10.7,82,-8
621,2015,7.7,166,195,5.1,57,-18
621,2016,13.6,186,205,13.6,100,-8
621,2017,15.9,166,205,15.6,117,-8
621,2018,5.9,181,192,5.7,44,-20
621,2019,21.8,200,217,20.2,161,4
621,2020,13,204,213,12.6,96,0
621,2021,10.6,183,204,10.6,78,-8
621,2022,12.2,186,204,12.2,90,-8
621,2023,28.3,191,221,27.6,209,8
621,2024,13.7,193,215,13.2,101,2
621,2025,10.3,189,204,9.4,76,-8
621,2026,4.9,159,173,0,36,-40
622,1987,19.3,197,225,19.1,101,-4
622,1988,14.4,183,227,14.3,76,-2
622,1989,19.5,188,207,18.3,102,-22
622,1990,13.1,192,232,11,69,2
622,1991,20.2,218,233,17.5,106,4
622,1992,21.2,186,219,21.2,111,-10
622,1993,33.3,203,238,28.9,175,8
622,1994,19.4,195,230,17,102,0
622,1995,33.3,226,259,24.1,175,30
622,1996,22.5,206,227,20.2,118,-2
622,1997,26.2,197,227,22,138,-2
622,1998,25.5,211,234,17.9,134,4
622,1999,18.8,219,235,11.3,99,6
622,2000,15.4,188,215,15.2,81,-14
622,2001,16.7,197,224,13.2,88,-6
622,2002,9.6,179,201,9.3,50,-28
622,2003,18.4,207,231,16.9,97,2
622,2004,19.9,209,225,16.1,104,-4
622,2005,30.2,195,235,28.7,159,6
622,2006,17.9,190,215,15.8,94,-14
622,2007,13,196,214,12.1,68,-16
622,2008,23.3,195,235,19.6,122,6
622,2009,19.2,200,223,16.6,101,-6
622,2010,16.9,191,233,15.4,89,4
622,2011,27.1,216,248,20.8,142,18
622,2012,12.7,176,210,12,67,-20
622,2013,17.1,203,229,13,90,-0
622,2014,15.1,190,233,14.1,79,4
622,2015,10.6,210,242,9.5,56,12
622,2016,20.1,224,239,16.6,106,10
622,2017,18.9,194,226,18.1,99,-4
622,2018,9.3,205,219,8,49,-10
622,2019,24.9,198,251,23.9,131,22
622,2020,12.2,184,215,12.2,64,-14
622,2021,13.4,182,214,13,70,-16
622,2022,16,191,221,15.7,84,-8
622,2023,25.1,209,233,23.4,132,4
622,2024,16.1,187,226,16.1,85,-4
622,2025,13.7,189,213,12.5,72,-16
622,2026,6.6,166,178,1.1,35,-52
623,1990,0,365,365,,0,149
623,1991,23.1,181,215,22,102,-1
623,1992,21.6,144,187,12.9,96,-29
623,1993,22,166,219,19.3,97,3
623,1994,19.8,152,203,16.3,88,-13
623,1995,18.6,179,213,17.5,82,-3
623,1996,16.9,184,218,16.9,75,2
623,1997,46.7,169,230,45,207,14
623,1998,19.7,171,210,18.3,87,-6
623,1999,37.4,193,233,36.6,165,17
623,2000,29.8,178,210,29.3,132,-6
623,2001,19.5,170,219,16.9,86,3
623,2002,35.8,185,233,35.8,158,17
623,2003,17.8,180,213,17,79,-3
623,2004,28.7,160,208,23.8,127,-8
623,2005,10.2,188,206,9.4,45,-10
623,2006,23,178,213,22.6,102,-3
623,2007,24.4,159,212,21.5,108,-4
623,2008,41.4,196,240,39.4,183,24
623,2009,29.1,187,228,27.3,129,12
623,2010,16,192,207,14.5,71,-9
623,2011,30.7,217,250,24.7,136,34
623,2012,26,183,226,25.5,115,10
623,2013,19.7,177,217,18.7,87,1
623,2014,25.9,180,221,25.4,115,5
623,2015,10.5,129,181,4.1,46,-35
623,2016,20.3,183,204,20.1,90,-12
623,2017,24.4,161,221,21.7,108,5
623,2018,30.3,198,223,27.4,134,7
623,2019,20.4,167,217,18.2,90,1
623,2020,22.2,189,213,21.8,98,-3
623,2021,24.5,182,211,24.2,108,-5
623,2022,20.7,172,229,18,92,13
623,2023,23.4,188,220,21.9,104,4
623,2024,15,182,207,14.8,66,-9
623,2025,21.3,175,210,19.8,94,-6
623,2026,12.1,168,192,9.2,54,-24
624,1981,16.1,202,224,14.8,84,-6
624,1982,25.9,234,244,21.6,135,14
624,1983,18.1,217,248,16.1,95,18
624,1984,23.8,220,238,17.6,124,8
624,1985,32.8,211,247,29.5,171,17
624,1986,31,213,253,25.3,162,23
624,1987,31.2,202,249,28.6,163,19
624,1988,13.2,178,226,12.3,69,-4
624,1989,18.5,173,221,18.1,97,-9
624,1990,18.4,218,236,13,96,6
624,1991,20.1,186,226,19.8,105,-4
624,1992,18.9,191,228,18.5,99,-2
624,1993,26.7,202,243,24.2,139,13
624,1994,16.9,217,237,13.2,88,7
624,1995,28.9,227,256,23.1,151,26
624,1996,12.8,207,218,12.2,67,-12
624,1997,28,196,245,25.1,146,15
624,1998,19.6,202,235,18,102,5
624,1999,27.2,217,242,18.1,142,12
624,2000,13,186,219,13,68,-11
624,2001,28.4,205,238,24.6,148,8
624,2002,6.9,178,191,5.8,36,-39
624,2003,14.5,199,216,13.5,76,-14
624,2004,22.5,214,233,18.6,117,3
624,2005,25.9,194,237,25.4,135,7
624,2006,16.7,190,219,15.1,87,-11
624,2007,18.9,209,232,16.3,99,2
624,2008,26.5,199,231,26.2,138,1
624,2009,22.8,207,223,18.1,119,-7
624,2010,20.3,190,224,19.5,106,-6
624,2011,17.5,196,229,16.6,91,-1
624,2012,15.7,174,210,14.1,82,-20
624,2013,16,208,226,14.5,84,-4
624,2014,18.8,191,233,17.6,98,3
624,2015,13,178,216,11.6,68,-14
624,2016,19.4,215,238,16.4,101,8
624,2017,22.1,199,238,20.5,115,8
624,2018,11.9,188,213,11.9,62,-17
624,2019,26.7,193,256,26.3,139,26
624,2020,17.7,190,221,17.7,92,-9
624,2021,17.9,181,229,17.6,93,-1
624,2022,20,196,212,18.8,104,-18
624,2023,25,192,238,24.7,131,8
624,2024,17.7,194,222,17,92,-8
624,2025,13,190,225,11.4,68,-5
624,2026,9.5,169,221,5.1,50,-9
625,1981,11,196,214,10.4,83,-16
625,1982,14.6,205,236,11.5,111,6
625,1983,17.9,233,241,12.7,136,12
625,1984,21.7,226,243,12.5,164,14
625,1985,12.1,190,222,10.8,92,-8
625,1986,17,210,239,14.4,129,10
625,1987,12.7,196,219,11.8,96,-10
625,1988,16.8,223,236,13.1,127,6
625,1989,12.5,194,223,11,95,-6
625,1990,17.5,228,241,13.9,133,12
625,1991,19.5,218,234,11.7,148,4
625,1992,10,185,219,10,76,-10
625,1993,13.6,222,232,8.2,103,2
625,1994,12,198,222,10.1,91,-8
625,1995,23.3,227,247,15.2,177,18
625,1996,16.7,215,233,12.1,127,4
625,1997,19.6,215,233,17.3,148,4
625,1998,13.6,204,228,10.6,103,-2
625,1999,18.3,209,239,10.4,139,10
625,2000,12.6,194,219,11.2,95,-10
625,2001,9.6,206,220,8.6,73,-10
625,2002,7,193,230,6.8,53,0
625,2003,9.6,223,234,8.8,73,4
625,2004,10.1,181,219,9.5,77,-10
625,2005,9.3,216,233,7.8,70,4
625,2006,12.8,184,229,12.8,97,-0
625,2007,13.2,205,227,11.9,100,-2
625,2008,15.8,227,242,12,120,12
625,2009,13,201,232,11.6,98,2
625,2010,13.9,226,241,9.5,105,12
625,2011,17.5,234,247,10.9,133,18
625,2012,10.6,174,210,9.4,80,-20
625,2013,13.7,208,226,10.9,104,-4
625,2014,19.7,201,235,18,149,6
625,2015,10.3,161,215,9.1,78,-14
625,2016,13.2,215,233,11.1,100,4
625,2017,13.7,215,226,7,104,-4
625,2018,10.9,201,220,9.6,83,-10
625,2019,8.5,199,226,8,64,-4
625,2020,13.4,203,228,12,102,-2
625,2021,13.9,208,230,11.3,105,0
625,2022,13.1,214,231,7.4,99,2
625,2023,13.2,192,223,11.7,100,-6
625,2024,13.7,222,241,6.1,104,12
625,2025,10.5,190,224,9.7,80,-6
625,2026,6.6,168,181,2.2,50,-48
626,1981,15.3,207,216,12.7,60,-10
626,1982,31.3,193,235,29.9,123,10
626,1983,51.1,220,261,45.5,202,36
626,1984,20.1,196,227,19.1,79,2
626,1985,31.1,188,229,31.1,123,4
626,1986,26.8,201,231,24.3,106,6
626,1987,23.9,192,223,23,94,-2
626,1988,26,210,236,21,103,10
626,1989,17.4,184,201,17.4,69,-24
626,1990,16.6,210,227,15.6,65,2
626,1991,21.5,190,239,21.3,85,14
626,1992,26.3,187,223,26.2,104,-2
626,1993,50,201,244,45.9,197,18
626,1994,19.7,195,234,18.1,78,8
626,1995,43.7,207,264,40.5,172,38
626,1996,17.2,189,217,17.2,68,-8
626,1997,23.3,174,224,20.7,92,-2
626,1998,36.3,202,259,31.5,143,34
626,1999,18.2,195,230,13.1,72,4
626,2000,19.4,186,213,19.4,77,-12
626,2001,27,195,224,22.5,107,-2
626,2002,10.7,178,192,9.4,42,-34
626,2003,19.6,207,235,17.1,77,10
626,2004,24.7,163,221,22.5,97,-4
626,2005,70.3,195,254,66.3,277,28
626,2006,27.8,198,227,25,110,2
626,2007,15.3,163,215,13.9,60,-10
626,2008,26.9,197,228,25.9,106,2
626,2009,27.8,202,223,23.8,110,-2
626,2010,36,209,244,32.1,142,18
626,2011,46,193,254,42.7,181,28
626,2012,18.5,200,218,16.2,73,-8
626,2013,21.2,202,218,19.5,84,-8
626,2014,13.2,190,207,12.6,52,-18
626,2015,14.4,166,242,12.4,57,16
626,2016,29.8,222,242,26,118,16
626,2017,32.3,198,221,30.7,127,-4
626,2018,15.9,181,219,15.6,63,-6
626,2019,32.4,203,255,30.3,128,30
626,2020,26,193,221,25.4,103,-4
626,2021,15,185,208,15,59,-18
626,2022,17.2,184,214,17.2,68,-12
626,2023,50,199,234,49.3,197,8
626,2024,23.4,200,230,23.2,92,4
626,2025,15.3,174,215,14.4,60,-10
626,2026,17.1,160,205,10.9,67,-20
627,1982,34.8,204,262,28.8,160,20
627,1983,26.2,229,251,23.1,121,9
627,1984,22.1,220,262,19.5,102,20
627,1985,19,188,231,19,88,-11
627,1986,28.1,229,247,22.8,129,5
627,1987,14.2,183,234,14.2,65,-8
627,1988,18.1,222,238,15.9,83,-4
627,1989,21,191,234,20.1,97,-8
627,1990,14.8,182,241,14.7,68,-1
627,1991,21.9,227,255,16.5,101,13
627,1992,15.6,207,220,12.9,72,-22
627,1993,22.9,224,239,17.5,106,-3
627,1994,11.1,198,221,10.2,51,-21
627,1995,27.7,228,260,20.8,128,18
627,1996,29.9,223,256,27.2,138,14
627,1997,35.6,217,244,32.9,164,2
627,1998,19.4,202,256,15.7,89,14
627,1999,28.1,218,258,26.3,129,16
627,2000,18.6,201,237,18.5,86,-5
627,2001,14.6,215,230,11.2,67,-12
627,2002,20.3,204,242,18.2,94,0
627,2003,23.5,225,242,19.4,108,0
627,2004,15.1,171,218,14.6,70,-24
627,2005,15.2,204,240,13,70,-2
627,2006,25.8,202,232,22.1,119,-10
627,2007,20.1,208,230,18.5,93,-12
627,2008,24.7,210,252,23,114,10
627,2009,31.7,227,247,27.6,146,5
627,2010,18.4,242,257,13.9,85,15
627,2011,24.9,246,267,20.5,115,25
627,2012,25.7,203,237,25.4,118,-5
627,2013,17.2,206,228,16,79,-14
627,2014,25.4,191,241,24.3,117,-1
627,2015,16.8,198,227,15.6,77,-15
627,2016,20.7,190,239,20.6,95,-3
627,2017,35.6,214,249,32.3,164,7
627,2018,28.4,201,242,26.3,131,0
627,2019,20.2,213,256,17.7,93,14
627,2020,21.5,211,242,19.4,99,0
627,2021,13.6,182,220,13.5,63,-22
627,2022,27.5,227,257,21.5,127,15
627,2023,22.6,212,236,20.2,104,-6
627,2024,19.9,224,244,16.8,92,2
627,2025,21.1,203,238,19.8,97,-4
627,2026,23,210,227,21,106,-15
628,1989,31.2,188,218,28.9,116,-7
628,1990,19.9,170,203,19.2,74,-22
628,1991,24.8,218,239,19.5,92,14
628,1992,15.6,181,196,14.5,58,-29
628,1993,37.5,222,238,28.8,139,13
628,1994,20.1,194,221,17.7,74,-4
628,1995,32.1,225,255,26.6,119,30
628,1996,30.3,204,227,28.8,112,2
628,1997,36.7,199,228,34.5,136,3
628,1998,33.2,201,237,29.2,123,12
628,1999,27.3,219,240,19.6,101,15
628,2000,27.4,184,214,27.4,101,-11
628,2001,22,197,220,16.7,81,-5
628,2002,26.7,183,219,26.7,99,-6
628,2003,17,190,228,15.6,63,3
628,2004,23.6,161,198,18,87,-27
628,2005,37.2,190,237,35.9,138,12
628,2006,38.8,192,228,35.9,144,3
628,2007,16.5,163,190,12,61,-35
628,2008,31.4,197,234,28.4,116,9
628,2009,32.5,198,224,26.1,120,-1
628,2010,23.8,197,241,17.2,88,16
628,2011,44.3,214,257,33.8,164,32
628,2012,16.7,173,207,13.9,62,-18
628,2013,22.8,207,222,17.2,84,-3
628,2014,24.4,190,216,23.3,90,-9
628,2015,14.6,161,183,6.7,54,-42
628,2016,23.9,185,206,23.9,89,-19
628,2017,28.9,162,226,26.3,107,1
628,2018,19.4,201,212,18.7,72,-13
628,2019,36.8,199,229,32.4,136,4
628,2020,28.9,203,219,28,107,-6
628,2021,21,184,219,21,78,-6
628,2022,16.6,174,221,14.1,61,-4
628,2023,57.5,194,234,53.1,213,9
628,2024,35,191,231,33.7,130,6
628,2025,26,189,214,24.3,96,-11
628,2026,13.8,162,176,0.2,51,-49
629,1981,9.1,191,207,8.3,58,-13
629,1982,16.1,186,234,16.1,103,14
629,1983,21,200,240,18.3,134,20
629,1984,23.8,220,233,18.5,152,13
629,1985,18.8,188,219,18.5,120,-1
629,1986,16.3,203,219,14.4,104,-1
629,1987,18.6,196,220,17,119,0
629,1988,11.4,177,214,10.2,73,-6
629,1989,17.1,174,203,16,109,-17
629,1990,8.6,215,224,7.1,55,4
629,1991,14.3,186,221,14.2,91,1
629,1992,14.8,186,211,14.8,95,-9
629,1993,24.3,203,232,21.9,155,12
629,1994,13.7,194,227,11.2,88,7
629,1995,25.3,226,245,21.1,162,25
629,1996,16.2,206,217,15.1,104,-3
629,1997,21.1,197,228,19.4,135,8
629,1998,15.6,200,225,13.6,100,5
629,1999,13.9,220,229,9.4,89,9
629,2000,16.3,188,209,14.9,104,-11
629,2001,15.7,205,223,13.4,100,3
629,2002,9,178,189,7.6,58,-31
629,2003,12.1,191,214,11.6,77,-6
629,2004,15.9,197,221,14.1,102,1
629,2005,20.9,196,230,20.3,134,10
629,2006,15.3,190,211,13.5,98,-9
629,2007,13.5,198,223,11.9,86,3
629,2008,22.1,196,229,20.1,141,9
629,2009,17,202,213,14.7,109,-7
629,2010,15.8,190,211,14.8,101,-9
629,2011,16.2,179,241,15.2,104,21
629,2012,12.7,176,193,9.1,81,-27
629,2013,11.3,180,210,11,72,-10
629,2014,18,191,219,16.6,115,-1
629,2015,12.2,167,212,10.5,78,-8
629,2016,14.8,185,220,14.8,95,0
629,2017,18.2,188,220,17.5,116,0
629,2018,8.4,178,206,8.1,54,-14
629,2019,24.5,194,246,22.9,157,26
629,2020,15.2,188,217,15,97,-3
629,2021,14.2,184,214,14.2,91,-6
629,2022,11.4,187,209,11.3,73,-11
629,2023,19.1,191,221,18.6,122,1
629,2024,13.7,195,208,12.9,88,-12
629,2025,12.6,175,205,10.6,81,-15
629,2026,6.3,160,172,0.2,40,-48
631,1988,0,366,366,,0,147
631,1989,22.4,187,203,20.9,113,-16
631,1990,11.4,171,196,10.2,58,-23
631,1991,16.7,217,235,13.2,84,16
631,1992,10.8,181,195,10.3,55,-24
631,1993,20.1,197,226,19.3,102,7
631,1994,15.2,194,205,12.5,77,-14
631,1995,25.8,227,243,22.1,130,24
631,1996,22.6,206,226,22.6,114,7
631,1997,30.4,198,225,25.9,154,6
631,1998,32.9,203,238,27.3,166,19
631,1999,16.1,218,232,11,81,13
631,2000,18.4,185,210,18.4,93,-9
631,2001,17.4,198,214,14.1,88,-5
631,2002,18.2,177,196,16.4,92,-23
631,2003,14.6,191,227,13.1,74,8
631,2004,23.5,169,215,19.7,119,-4
631,2005,29.1,194,234,28.2,147,15
631,2006,28.5,190,222,26.5,144,3
631,2007,13.4,160,199,12.2,68,-20
631,2008,23.6,197,227,21.6,119,8
631,2009,23.3,200,219,19.3,118,0
631,2010,19.7,196,232,15.9,99,13
631,2011,36.5,215,254,31.5,184,35
631,2012,11.5,174,205,9.7,58,-14
631,2013,18.5,206,219,13.5,93,0
631,2014,18.8,189,207,17.4,95,-12
631,2015,9.3,164,184,4.7,47,-35
631,2016,19.9,186,205,19.9,101,-14
631,2017,25.6,194,223,24.4,129,4
631,2018,11.1,181,204,10.5,56,-15
631,2019,26.6,199,218,23.8,134,-1
631,2020,21.9,183,213,21.7,111,-6
631,2021,17.5,184,213,17.5,88,-6
631,2022,12.1,176,204,10.6,61,-15
631,2023,42.5,192,224,40,215,5
631,2024,24.5,193,216,24.2,124,-3
631,2025,17.6,188,204,16.4,89,-15
631,2026,8.6,167,175,0,43,-44
632,1986,0.9,362,364,,4,142
632,1987,24.3,199,227,21.3,110,4
632,1988,16.1,191,223,16.1,73,0
632,1989,26.2,188,220,25.5,119,-2
632,1990,16.1,215,230,12.4,73,8
632,1991,24.3,184,222,23.8,110,-0
632,1992,13.9,187,215,13.9,63,-8
632,1993,32.4,195,237,30.3,147,14
632,1994,22,216,231,18.1,100,8
632,1995,37,226,253,30.5,168,30
632,1996,22.4,208,219,18.8,102,-4
632,1997,29.7,198,229,25.5,135,6
632,1998,22.3,209,233,17.7,101,10
632,1999,25.8,220,234,18.2,117,12
632,2000,19.5,189,214,17.5,89,-8
632,2001,22.2,206,227,18.4,101,4
632,2002,10.9,180,189,8.4,50,-34
632,2003,15.9,191,224,15.4,72,2
632,2004,21,210,229,18.1,95,6
632,2005,28.1,196,233,28,128,10
632,2006,19.9,190,214,17.6,90,-8
632,2007,14.3,198,223,12.7,65,0
632,2008,30.3,203,231,27.5,138,8
632,2009,27.2,203,219,22.2,124,-4
632,2010,18.5,190,220,17.1,84,-2
632,2011,22,200,242,20.4,100,20
632,2012,14,177,192,10.4,64,-30
632,2013,13.8,203,211,12.5,63,-12
632,2014,23.3,191,219,22.4,106,-4
632,2015,13.6,176,214,13,62,-8
632,2016,15,146,220,14.6,68,-2
632,2017,25.5,164,227,24.4,116,4
632,2018,11.1,182,208,11,50,-14
632,2019,28.1,189,251,27.4,128,28
632,2020,17.5,189,219,17.5,80,-4
632,2021,14.9,183,213,14.9,68,-10
632,2022,18.6,188,214,18.6,85,-8
632,2023,28.2,192,228,27.7,128,6
632,2024,16.4,194,208,14.7,75,-14
632,2025,14.3,190,208,12.7,65,-14
632,2026,8,148,176,0.1,36,-46
633,1991,12.8,181,213,12.5,82,6
633,1992,8.2,179,192,7.4,53,-15
633,1993,22.1,183,215,22.1,142,8
633,1994,9.6,165,198,7.8,62,-9
633,1995,28.5,206,239,28.4,183,32
633,1996,21.2,189,215,20.7,136,8
633,1997,19.7,161,203,15.3,127,-4
633,1998,21.9,199,223,20.9,141,16
633,1999,19.8,197,222,16.4,127,15
633,2000,12.8,165,193,10.6,82,-14
633,2001,12.7,165,208,8.3,82,1
633,2002,14.5,176,194,13.4,93,-13
633,2003,15.1,174,226,12.7,97,19
633,2004,15.6,160,192,10.3,100,-15
633,2005,22.7,187,228,22.6,146,21
633,2006,26.6,187,220,25.2,171,13
633,2007,7.9,156,186,5.3,51,-21
633,2008,16.3,172,204,14.2,105,-3
633,2009,13.3,180,206,12.9,86,-1
633,2010,16.4,195,221,15.5,105,14
633,2011,27.3,183,219,27.3,176,12
633,2012,6.3,172,193,5.4,41,-14
633,2013,12.6,163,190,8.9,81,-17
633,2014,8.1,164,192,6.2,52,-15
633,2015,4.7,162,167,0,30,-40
633,2016,15.5,161,197,13.6,100,-10
633,2017,36.3,201,227,32.1,233,20
633,2018,15.6,180,207,15.3,100,0
633,2019,27.5,187,215,27.2,177,8
633,2020,10.7,194,207,9.8,69,0
633,2021,12.2,178,194,11.5,78,-13
633,2022,12.1,165,187,8.2,78,-20
633,2023,56.6,191,234,55.8,364,27
633,2024,16.9,192,209,16.1,109,2
633,2025,15.3,186,203,15.1,98,-4
633,2026,11.4,147,173,0,73,-34
634,1981,16,191,214,15.3,54,-20
634,1982,36.7,205,254,33.6,124,20
634,1983,39.9,234,254,27.9,135,20
634,1984,45.5,222,241,37.2,154,7
634,1985,35.7,185,219,35.6,121,-15
634,1986,49,226,248,39,166,14
634,1987,20,187,213,20,68,-21
634,1988,25.9,187,229,25.6,88,-5
634,1989,37.4,187,221,35.3,127,-13
634,1990,22.6,171,218,22.4,76,-16
634,1991,30.4,218,245,26.1,103,11
634,1992,20.8,179,209,18.8,70,-25
634,1993,42.4,222,241,36,143,7
634,1994,27.8,199,225,24.8,94,-9
634,1995,39.8,220,258,35.1,135,24
634,1996,40.1,207,246,37.1,136,12
634,1997,43.1,215,235,40.6,146,1
634,1998,33,203,242,30.2,112,8
634,1999,40.3,227,249,26,136,15
634,2000,21.4,187,216,21.4,72,-18
634,2001,21.8,198,223,17.6,74,-11
634,2002,23,183,230,23,78,-4
634,2003,21.4,191,234,20.2,72,0
634,2004,23,170,222,21.3,78,-12
634,2005,32.2,213,240,30.5,109,6
634,2006,39.1,190,231,36.5,132,-3
634,2007,19.4,164,223,18.9,66,-11
634,2008,32.4,211,244,29.4,110,10
634,2009,31.4,201,231,26.7,106,-3
634,2010,21.1,198,249,16.7,71,15
634,2011,49.6,243,267,39.2,168,33
634,2012,18.3,174,216,16.7,62,-18
634,2013,23.6,207,226,17.9,80,-8
634,2014,29,190,234,27.9,98,0
634,2015,16.9,176,216,15.4,57,-18
634,2016,28.4,185,234,28.3,96,0
634,2017,39,215,242,35.6,132,8
634,2018,24.2,200,223,21.4,82,-11
634,2019,37.7,201,250,32.4,128,16
634,2020,30.1,192,226,29.4,102,-8
634,2021,18.8,184,225,18.8,64,-9
634,2022,22.9,200,230,18.7,77,-4
634,2023,47.6,211,236,41.5,161,2
634,2024,31.1,195,241,30.3,105,7
634,2025,25.9,189,223,25.2,88,-11
634,2026,19.4,163,216,13.1,66,-18
635,1981,17.8,226,246,14.4,76,-0
635,1982,30.2,206,266,25.8,129,20
635,1983,23.3,233,252,17.5,99,6
635,1984,22.8,221,260,17.1,97,14
635,1985,20.2,196,236,18.6,86,-10
635,1986,28.4,228,247,23.5,121,0
635,1987,15,197,223,14.8,64,-24
635,1988,21.2,224,242,15.3,90,-4
635,1989,21.6,197,252,20.2,92,6
635,1990,25.9,232,264,20.2,110,18
635,1991,27.6,228,254,17.4,118,8
635,1992,19.7,209,235,16.6,84,-12
635,1993,22.6,221,254,17.2,96,8
635,1994,18.6,199,238,16.8,79,-8
635,1995,27,222,258,20.9,115,12
635,1996,31.5,225,260,26.4,134,14
635,1997,36.4,215,248,33.2,155,2
635,1998,21,203,244,19.3,90,-2
635,1999,29.6,230,258,26.2,126,12
635,2000,21.5,210,248,19.6,92,2
635,2001,15.9,206,231,13,68,-16
635,2002,25.9,223,249,20.5,110,2
635,2003,27.7,225,247,20.9,118,0
635,2004,17.3,206,248,16.2,74,2
635,2005,16.9,204,240,16,72,-6
635,2006,27.1,202,233,23.9,116,-14
635,2007,19.3,206,226,17.1,82,-20
635,2008,26.8,210,265,24.2,114,18
635,2009,28.1,221,248,24.9,120,2
635,2010,20.2,225,254,15.6,86,8
635,2011,33.1,223,267,28.4,141,20
635,2012,21.9,204,248,20.1,93,2
635,2013,22.2,207,245,19.5,95,-2
635,2014,31.6,213,243,28.6,135,-4
635,2015,19.2,196,239,17.6,82,-8
635,2016,18.7,191,232,18.5,80,-14
635,2017,26.5,215,245,22.6,113,-2
635,2018,35.7,202,240,31.1,152,-6
635,2019,22.5,200,246,19.5,96,-0
635,2020,24.3,208,246,22.7,104,-0
635,2021,22.5,209,240,21,96,-6
635,2022,21.5,227,261,15,92,14
635,2023,24.1,211,233,21.8,103,-14
635,2024,17.7,223,248,14.7,75,2
635,2025,20.5,212,237,17.7,87,-10
635,2026,21.8,213,236,19.6,93,-10
636,1982,19,203,228,16.6,191,16
636,1983,17.5,198,234,16.6,176,22
636,1984,14.3,220,231,11,144,20
636,1985,8.3,187,200,8,83,-12
636,1986,11.9,181,216,11.7,120,4
636,1987,6.3,185,200,6.3,63,-12
636,1988,9.8,186,205,9.8,98,-6
636,1989,12,185,205,11.8,121,-6
636,1990,8.8,177,195,8.1,88,-16
636,1991,9.3,202,229,7.9,93,18
636,1992,7.7,181,198,7.3,77,-14
636,1993,13.5,197,226,12,136,14
636,1994,6.9,191,202,6.2,69,-10
636,1995,13.5,220,234,13.3,136,22
636,1996,12.2,167,223,11.8,123,12
636,1997,15.9,168,218,14.8,160,6
636,1998,10.7,201,214,8.9,108,2
636,1999,13.3,192,219,13,134,8
636,2000,9.2,163,203,8.3,92,-8
636,2001,5.3,203,211,3.7,53,-0
636,2002,6.4,176,195,5.9,64,-16
636,2003,5.7,168,226,4.7,57,14
636,2004,11.2,166,188,7,113,-24
636,2005,7,180,209,6.9,70,-2
636,2006,15.6,190,215,14.3,157,4
636,2007,7.6,157,191,5.8,76,-20
636,2008,12.9,197,222,12.6,130,10
636,2009,10.6,187,224,10.4,107,12
636,2010,7.2,197,204,6.3,72,-8
636,2011,15,210,230,13.4,151,18
636,2012,9.3,174,202,8.8,93,-10
636,2013,7.8,180,202,7.3,78,-10
636,2014,9.9,175,213,9.4,99,2
636,2015,8.8,165,194,5.1,88,-18
636,2016,10,184,200,10,101,-12
636,2017,13.1,160,218,12.3,132,6
636,2018,11.4,175,212,11,115,0
636,2019,11.4,188,208,11.1,115,-4
636,2020,9,192,211,8.8,90,-0
636,2021,9.3,180,211,9,93,-0
636,2022,8.3,178,219,7.4,83,8
636,2023,15.7,192,222,15.2,158,10
636,2024,9.6,194,209,9.5,96,-2
636,2025,10.5,188,206,9.9,106,-6
636,2026,8.5,168,180,3.1,85,-32
637,1982,55.9,204,244,49.8,179,22
637,1983,50.8,203,244,48.9,163,22
637,1984,41.8,220,244,38,134,22
637,1985,32,191,230,31.8,103,8
637,1986,47.2,179,240,45.8,151,18
637,1987,16.8,185,210,16.8,54,-12
637,1988,27.4,195,226,26.7,88,4
637,1989,41.5,188,227,40,133,4
637,1990,21.2,168,218,20,68,-4
637,1991,23,201,233,20.8,74,10
637,1992,19.4,181,210,18.9,62,-12
637,1993,42.5,201,232,38.8,136,10
637,1994,21.4,192,218,20.7,69,-4
637,1995,39.4,188,234,39.3,126,12
637,1996,33.4,206,237,33,107,14
637,1997,44.2,189,230,43.9,142,8
637,1998,24.8,174,222,24.4,79,-0
637,1999,43.4,194,237,42.7,139,14
637,2000,30.8,183,217,30.7,99,-6
637,2001,17.5,197,219,16.2,56,-4
637,2002,32.2,183,227,32.2,103,4
637,2003,28.5,191,234,27.5,91,12
637,2004,32.1,184,218,32.1,103,-4
637,2005,19,192,221,18.4,61,-2
637,2006,42.6,188,229,40.9,137,6
637,2007,24.7,173,215,23.9,79,-8
637,2008,34,198,232,33.2,109,10
637,2009,29.7,193,230,28.2,95,8
637,2010,26.3,198,231,23.9,84,8
637,2011,38,214,246,34.2,122,24
637,2012,31.6,192,223,31.5,101,0
637,2013,14.9,178,214,14.4,48,-8
637,2014,34.2,189,229,32.7,110,6
637,2015,20.5,139,210,17.6,66,-12
637,2016,32.6,181,214,32.5,104,-8
637,2017,40.9,161,218,37.3,131,-4
637,2018,22.2,174,210,21.1,71,-12
637,2019,36.5,183,219,36.5,117,-4
637,2020,28,184,214,28,90,-8
637,2021,28.8,182,205,28.6,92,-18
637,2022,21.7,169,228,16.4,70,6
637,2023,37.4,191,227,34.8,120,4
637,2024,27.7,193,224,26.4,89,2
637,2025,38.5,190,215,37.5,123,-8
637,2026,13,168,191,7.5,42,-32
638,1982,26.3,210,236,24.1,160,20
638,1983,21.8,200,230,19.8,133,14
638,1984,22.3,199,234,20.8,136,18
638,1985,17.5,183,228,17.5,107,12
638,1986,15.9,183,244,15.9,97,28
638,1987,9.5,186,206,9.5,58,-10
638,1988,15.1,193,219,14.2,92,2
638,1989,18.8,189,215,18.6,115,-2
638,1990,14.4,182,202,14.1,88,-14
638,1991,16.4,202,232,14.9,100,16
638,1992,14.8,178,215,14.2,90,-2
638,1993,14.4,174,223,13.7,88,6
638,1994,12.6,191,210,11.3,77,-6
638,1995,15.9,181,231,15.6,97,14
638,1996,23.9,189,235,23.5,146,18
638,1997,32.5,199,231,31.1,198,14
638,1998,15,201,218,13.2,91,2
638,1999,22.5,194,233,21.8,137,16
638,2000,16.4,187,215,16.3,100,-2
638,2001,12.3,204,220,10.3,75,4
638,2002,14.6,185,226,14.5,89,10
638,2003,21.2,190,229,20.2,129,12
638,2004,16.8,169,206,14,102,-10
638,2005,9.7,188,214,9.7,59,-2
638,2006,21,188,216,20.8,128,-0
638,2007,11.8,160,211,11.7,72,-6
638,2008,20.7,195,230,20,126,14
638,2009,18.9,188,230,18.1,115,14
638,2010,10.7,196,207,9.9,65,-10
638,2011,22.4,206,232,20.6,137,16
638,2012,16.9,181,206,15.8,103,-10
638,2013,12.2,178,211,11.6,74,-6
638,2014,22.2,190,222,22.1,135,6
638,2015,15.5,161,205,12.7,95,-12
638,2016,16.5,183,204,16.4,101,-12
638,2017,15.6,161,213,13,95,-4
638,2018,20.8,174,217,20.4,127,0
638,2019,14.3,175,209,14.1,87,-8
638,2020,16.4,188,213,16.2,100,-4
638,2021,17.3,183,209,17.3,105,-8
638,2022,14,173,218,12.2,85,2
638,2023,18.1,189,216,16.8,110,-0
638,2024,11.4,184,207,11.4,70,-10
638,2025,14.3,176,208,13.8,87,-8
638,2026,13.3,168,193,10,81,-24
639,1982,20.8,204,237,17.6,198,26
639,1983,18.1,200,236,17.1,172,24
639,1984,18.6,223,241,15.7,177,30
639,1985,13,183,199,13,124,-12
639,1986,15.9,172,216,13.8,151,4
639,1987,7.1,184,197,7.1,68,-14
639,1988,10.4,193,201,10.2,99,-10
639,1989,11.6,187,204,11.1,110,-8
639,1990,8.5,177,189,7.7,81,-22
639,1991,9.1,217,234,8.3,87,22
639,1992,8.3,175,189,6.3,79,-22
639,1993,12,213,226,10.6,114,14
639,1994,7.3,181,201,7.1,70,-10
639,1995,13.8,219,236,12.7,131,24
639,1996,16.6,188,233,16.2,158,22
639,1997,21.4,185,226,21.3,204,14
639,1998,10.3,201,214,9.1,98,2
639,1999,16.2,198,232,15.9,154,20
639,2000,11.2,184,205,11.2,107,-6
639,2001,9,196,219,7.2,86,8
639,2002,8.1,183,212,8.1,77,0
639,2003,9.2,191,229,8.9,88,18
639,2004,10,163,186,5.1,95,-26
639,2005,6.6,183,208,6.6,63,-4
639,2006,14.9,194,219,12.9,142,8
639,2007,8.5,160,191,6.1,81,-20
639,2008,13.5,194,228,12.8,129,16
639,2009,13.2,188,229,12.7,126,18
639,2010,7.7,192,204,7.2,73,-8
639,2011,14.3,208,233,11.3,136,22
639,2012,10.7,174,203,9.8,102,-8
639,2013,9.7,179,210,9,92,-2
639,2014,11.5,189,203,11.3,110,-8
639,2015,8.3,133,181,2.9,79,-30
639,2016,11.2,182,195,10.4,107,-16
639,2017,13.5,164,217,11.5,129,6
639,2018,11.9,200,211,11.1,113,-0
639,2019,9.1,168,205,8.8,87,-6
639,2020,10.2,188,210,10.2,97,-2
639,2021,8.7,183,201,8.7,83,-10
639,2022,8.9,155,226,7.3,85,14
639,2023,15.2,192,221,14,145,10
639,2024,11.7,191,210,10,111,-2
639,2025,12.2,175,212,11.7,116,0
639,2026,10.4,169,189,5.8,99,-22
640,1981,4.1,175,191,2.8,75,23
640,1982,10.7,179,195,10.6,196,27
640,1983,16.6,182,216,15.6,305,48
640,1984,4.4,85,107,0,81,-61
640,1985,12.3,135,187,8.3,226,19
640,1986,4,170,177,0,73,9
640,1987,7.6,175,191,5.7,139,23
640,1988,7.1,128,153,0,130,-15
640,1989,7.5,136,160,0,138,-8
640,1990,6.7,166,176,0.5,123,8
640,1991,10.5,183,195,10.5,193,27
640,1992,11.9,163,189,8.6,218,21
640,1993,17,157,177,7.5,312,9
640,1994,4.8,150,166,0.2,88,-2
640,1995,9.9,140,158,0,182,-10
640,1996,2,157,160,0,37,-8
640,1997,9.9,163,172,0.2,182,4
640,1998,13.8,200,209,12.1,253,41
640,1999,3.2,192,197,0,59,29
640,2000,2.8,163,169,0.5,51,1
640,2001,5.5,169,174,0,101,6
640,2002,2.9,101,136,0,53,-32
640,2003,3.9,157,167,0.1,72,-1
640,2004,7.8,158,171,1.9,143,3
640,2005,11.3,152,188,8.8,207,20
640,2006,2.7,175,184,1.6,50,16
640,2007,4.7,143,162,0,86,-6
640,2008,13.4,149,180,2.8,246,12
640,2009,9.3,143,167,0,171,-1
640,2010,21.5,166,195,16.6,394,27
640,2011,5.4,152,167,0,99,-1
640,2012,3.1,125,135,0,57,-33
640,2013,5.1,150,169,0,94,1
640,2014,3.2,83,110,0,59,-58
640,2015,3.2,155,163,0,59,-5
640,2016,6.5,133,143,0,119,-25
640,2017,9.5,117,150,0,174,-18
640,2018,1.9,155,161,0,35,-7
640,2019,7.1,167,178,0.3,130,10
640,2020,5.4,106,137,0,99,-31
640,2021,5.5,126,157,0,101,-11
640,2022,6,164,174,0,110,6
640,2023,23,179,200,22.5,422,32
640,2024,7.3,133,157,4.1,134,-11
640,2025,4,167,176,0,73,8
640,2026,2.5,146,150,0,46,-18
642,1982,82.6,206,255,68.3,143,8
642,1984,58.6,225,249,48.5,101,2
642,1985,47.3,186,245,46.9,82,-2
642,1986,44,225,242,43,76,-5
642,1987,58.9,210,235,52.1,102,-12
642,1988,59.5,195,236,54.1,103,-11
642,1989,61.7,191,243,56.3,107,-4
642,1990,50.3,178,246,48.6,87,-1
642,1991,64.5,204,251,53.1,112,4
642,1992,45.3,160,221,40.4,78,-26
642,1993,44.3,215,234,38.7,77,-13
642,1994,44.1,197,225,39.9,76,-22
642,1995,78,220,240,71.5,135,-7
642,1996,52.7,212,253,46,91,6
642,1997,90.8,199,252,85.5,157,5
642,1998,73.4,203,250,67.4,127,3
642,1999,103.5,238,278,91.1,179,31
642,2000,61.6,185,247,61.6,107,0
642,2001,28.8,202,237,26.8,50,-10
642,2002,58.1,196,249,56.1,101,2
642,2003,57.4,214,256,52.1,99,9
642,2004,49.4,161,227,48.6,86,-20
642,2005,28.6,200,224,22.6,50,-23
642,2006,75.1,203,247,67.8,130,0
642,2007,54.7,163,236,49.7,95,-11
642,2008,67.1,212,259,61.9,116,12
642,2009,47,244,253,37.9,81,6
642,2010,65.3,219,273,55.5,113,26
642,2011,65.7,230,284,60.3,114,37
642,2012,76.8,204,272,70.8,133,25
642,2013,56.8,203,248,55.2,98,1
642,2014,55.3,211,245,51.5,96,-2
642,2015,21.6,176,222,20.1,37,-25
642,2016,59.4,181,226,58.2,103,-21
642,2017,60.6,216,256,51.3,105,9
642,2018,58.7,207,246,54,102,-1
642,2019,49.2,200,239,45,85,-8
642,2020,52.8,193,234,52.3,91,-13
642,2021,56,183,239,56,97,-8
642,2022,55,228,284,44.2,95,37
642,2023,57.3,208,234,47.1,99,-13
642,2024,46.7,186,245,46.3,81,-2
642,2025,59.6,193,246,57.9,103,-1
642,2026,34.4,169,221,32.1,60,-26
643,1981,11.2,191,213,10.6,89,-6
643,1982,15.4,193,218,15.2,123,-0
643,1983,30.3,234,251,21.5,241,32
643,1984,16.1,218,232,12.5,128,14
643,1985,11.4,193,219,11.4,91,0
643,1986,20.8,203,241,17.5,166,22
643,1987,8.5,195,213,7.7,68,-6
643,1988,7.5,189,226,7.5,60,8
643,1989,9.4,189,206,9.1,75,-12
643,1990,12,193,220,11.2,96,2
643,1991,18.2,217,232,11.7,145,14
643,1992,8.5,190,212,8.5,68,-6
643,1993,22,202,231,19.4,175,12
643,1994,10.3,198,222,8.9,82,4
643,1995,26.2,225,257,21.8,209,38
643,1996,9.4,205,219,8.2,75,0
643,1997,21.4,199,225,18.1,171,6
643,1998,19.1,203,233,11.8,152,14
643,1999,19.7,218,236,9.8,157,18
643,2000,12,184,212,12,96,-6
643,2001,18.3,197,220,12.9,146,2
643,2002,8.1,179,197,7.7,65,-22
643,2003,10.7,181,209,10.2,85,-10
643,2004,12.9,169,211,10.8,103,-8
643,2005,25.7,184,234,25.7,205,16
643,2006,15.2,191,212,13.6,121,-6
643,2007,8.6,168,197,8.4,69,-22
643,2008,14.1,196,217,13.1,112,-2
643,2009,12.2,201,214,9.5,97,-4
643,2010,10.4,190,220,8.9,83,2
643,2011,17.5,214,247,16.3,139,28
643,2012,10.5,174,194,8.7,84,-24
643,2013,13.4,207,218,10.1,107,-0
643,2014,10.4,190,207,9.1,83,-12
643,2015,5.6,178,197,4.5,45,-22
643,2016,8.6,185,219,8.5,69,0
643,2017,22,193,225,21.4,175,6
643,2018,6.6,192,205,6.6,53,-14
643,2019,17.1,201,228,15.6,136,10
643,2020,11.9,189,217,11.7,95,-2
643,2021,9,184,213,9,72,-6
643,2022,12.4,190,218,12,99,-0
643,2023,23.5,190,228,22.5,187,10
643,2024,13.1,186,217,13.1,104,-2
643,2025,10.4,176,207,9.9,83,-12
643,2026,6.8,167,179,1,54,-40
644,1992,15.8,174,180,9.4,95,-39
644,1993,13.2,201,223,10.6,79,4
644,1994,9.4,178,202,7.9,56,-17
644,1995,17.9,199,222,17.8,107,3
644,1996,15.3,186,226,15,92,7
644,1997,18.2,170,223,17.8,109,4
644,1998,18.5,195,217,17.1,111,-2
644,1999,37.8,198,235,35.5,226,16
644,2000,20.3,183,213,20,122,-6
644,2001,8.4,191,215,7.3,50,-4
644,2002,17.6,185,216,17.2,105,-3
644,2003,16.7,202,228,15.1,100,9
644,2004,10.7,181,210,10.5,64,-9
644,2005,7.7,201,208,6.3,46,-11
644,2006,28,203,227,26.7,168,8
644,2007,16.1,187,211,15.5,96,-8
644,2008,13.2,195,230,12.5,79,11
644,2009,8.9,188,215,8.5,53,-4
644,2010,17.5,197,224,14.9,105,5
644,2011,20.9,216,237,16.8,125,18
644,2012,19.3,193,226,18.5,116,7
644,2013,20.8,181,219,19.9,125,0
644,2014,9.2,188,220,9.2,55,1
644,2015,6.1,129,181,2.4,37,-38
644,2016,19.4,184,206,19.4,116,-13
644,2017,18.6,198,224,16.7,111,5
644,2018,20.6,201,221,19,123,2
644,2019,11.7,199,216,10.4,70,-3
644,2020,10.6,192,213,10.6,63,-6
644,2021,17.1,181,213,16.8,102,-6
644,2022,10.8,206,230,8.5,65,11
644,2023,22.5,206,218,19.7,135,-1
644,2024,10.2,192,210,9.8,61,-9
644,2025,19.9,173,212,18.9,119,-7
644,2026,5.2,161,172,0.3,31,-47
645,1982,47.4,200,244,43.4,140,10
645,1983,45.8,190,239,43.9,135,5
645,1984,32.3,198,244,28.6,95,10
645,1985,41.8,186,231,41,123,-3
645,1986,23.1,178,232,22,68,-2
645,1987,29.9,182,218,29.8,88,-16
645,1988,28.1,190,225,27.1,83,-9
645,1989,40.8,189,223,37.6,120,-11
645,1990,39.7,184,240,39.7,117,6
645,1991,37.8,195,233,36.2,111,-1
645,1992,31.1,157,218,28.9,92,-16
645,1993,30.5,213,239,29,90,5
645,1994,26.5,178,218,24.6,78,-16
645,1995,34.2,207,231,32.7,101,-3
645,1996,31.1,212,248,30.5,92,14
645,1997,61.1,203,244,56.1,180,10
645,1998,27.8,196,219,27.5,82,-15
645,1999,52.8,204,245,51.2,156,11
645,2000,40.6,191,235,40.2,120,1
645,2001,21.3,197,226,18,63,-8
645,2002,45.9,196,243,44.2,135,9
645,2003,32,188,236,31,94,2
645,2004,37.2,186,222,37.2,110,-12
645,2005,25.7,199,220,24.8,76,-14
645,2006,39.2,197,231,36.4,115,-3
645,2007,31.7,176,224,30.4,93,-10
645,2008,47.8,214,252,45.4,141,18
645,2009,33.7,199,240,31.3,99,6
645,2010,29.1,197,237,26.4,86,3
645,2011,56.9,217,262,44.4,168,28
645,2012,50.2,193,243,47.8,148,9
645,2013,36.6,203,227,32.4,108,-7
645,2014,36.9,190,236,35.8,109,2
645,2015,16.8,129,216,15.4,49,-18
645,2016,32.3,183,217,32.2,95,-17
645,2017,29.6,213,239,29.1,87,5
645,2018,45.8,204,231,38.8,135,-3
645,2019,30.5,200,224,29.5,90,-10
645,2020,41.6,201,240,40.1,123,6
645,2021,28,185,220,28,82,-14
645,2022,30.5,205,247,28.6,90,13
645,2023,32.1,193,223,30.2,95,-11
645,2024,26.3,196,228,25.3,77,-6
645,2025,33.5,176,222,30.4,99,-12
645,2026,20.9,169,215,18.9,62,-19
646,1985,2.3,365,,,5,
646,1986,43.5,228,251,35.4,100,-3
646,1987,34.7,203,226,31.3,80,-28
646,1988,28.8,194,249,27.4,66,-5
646,1989,39.4,194,257,37,90,3
646,1990,47.3,215,273,43.2,108,19
646,1991,49.9,221,256,43.7,114,2
646,1992,33.9,200,237,30.5,78,-17
646,1993,43.6,219,244,31.2,100,-10
646,1994,31.1,197,239,25.9,71,-15
646,1995,49.7,218,261,41,114,7
646,1996,53.8,227,262,43.5,123,8
646,1997,72.8,218,258,64.1,167,4
646,1998,36.5,207,242,30.6,84,-12
646,1999,44.4,229,259,42.2,102,5
646,2000,36.2,209,250,35,83,-4
646,2001,33.5,206,244,25.4,77,-10
646,2002,42.9,222,266,36.1,98,12
646,2003,38,232,253,34.2,87,-1
646,2004,32.6,204,255,29.2,75,1
646,2005,34.2,203,259,27.5,78,5
646,2006,47.6,205,250,39.2,109,-4
646,2007,42.4,207,248,35.2,97,-6
646,2008,42.6,231,275,34.7,98,21
646,2009,40.8,228,255,35,94,1
646,2010,46.1,221,271,35.5,106,17
646,2011,72.1,218,285,56,165,31
646,2012,48.2,220,276,41.1,111,22
646,2013,45.1,218,251,35.5,103,-3
646,2014,53.6,225,257,46.4,123,3
646,2015,43.8,203,242,41.7,100,-12
646,2016,39.5,203,250,38.9,91,-4
646,2017,52.5,216,252,39.9,120,-2
646,2018,57.4,206,250,47.8,132,-4
646,2019,38.2,201,247,31.2,88,-7
646,2020,43.6,210,264,36.6,100,10
646,2021,36.1,211,257,34,83,3
646,2022,43.2,214,270,37,99,16
646,2023,45.1,209,243,40.4,103,-11
646,2024,35.2,224,255,27.6,81,1
646,2025,42.6,206,251,37.1,98,-3
646,2026,46.2,215,250,39.3,106,-4
647,1981,15,198,216,12.8,57,-10
647,1982,38.8,196,237,35.4,147,11
647,1983,29.8,196,236,27.2,113,10
647,1984,31.2,197,244,28.5,118,18
647,1985,30.2,184,220,30,114,-6
647,1986,27.2,171,231,25.1,103,5
647,1987,24.1,183,207,24.1,91,-19
647,1988,27,188,226,26.3,102,0
647,1989,37.4,189,220,34.5,141,-6
647,1990,22.2,167,195,18.6,84,-31
647,1991,24,182,235,23.9,91,9
647,1992,17.8,148,185,9.9,67,-41
647,1993,26.4,212,231,22.3,100,5
647,1994,23.8,158,216,20.5,90,-10
647,1995,27.6,204,235,26.6,104,9
647,1996,17.3,187,227,16.5,65,1
647,1997,36.5,198,230,33,138,4
647,1998,22.8,198,217,20.5,86,-9
647,1999,32.2,192,232,30.3,122,6
647,2000,27.7,184,211,27.7,105,-15
647,2001,19.6,198,224,15.8,74,-2
647,2002,23.9,174,227,21.8,90,1
647,2003,26.5,189,235,24.6,100,9
647,2004,30.1,160,214,26.7,114,-12
647,2005,15.2,197,219,12.8,57,-7
647,2006,28.1,192,221,26.1,106,-5
647,2007,21.7,162,219,21.3,82,-7
647,2008,29.9,195,243,28.2,113,17
647,2009,31.1,188,233,28.9,118,7
647,2010,23.2,197,232,20.8,88,6
647,2011,35.2,217,261,30,133,35
647,2012,26,192,227,23.7,98,1
647,2013,23.7,178,221,22.3,90,-5
647,2014,31.7,190,233,30.4,120,7
647,2015,15.9,163,209,13.5,60,-17
647,2016,29.1,181,217,28.7,110,-9
647,2017,26.2,211,237,23.6,99,11
647,2018,29.2,201,225,25.1,110,-1
647,2019,30,199,224,26,113,-2
647,2020,36.6,188,224,35.8,138,-2
647,2021,30.4,183,217,30.4,115,-9
647,2022,23.3,216,248,18.4,88,22
647,2023,32.8,207,231,27.4,124,5
647,2024,22.9,192,230,20.7,87,4
647,2025,29.2,176,216,28.8,110,-10
647,2026,16.2,169,219,13.3,61,-7
648,1990,24.1,169,216,22.7,74,-16
648,1991,17,194,227,13.1,53,-4
648,1992,16.7,147,200,12.6,52,-32
648,1993,20.6,197,225,20,64,-6
648,1994,28.4,176,222,27,88,-10
648,1995,40.6,206,237,35,126,6
648,1996,17.4,187,239,16.7,54,8
648,1997,33.9,195,232,32.8,105,0
648,1998,41.6,197,235,39.1,129,4
648,1999,81.6,180,235,79,252,4
648,2000,35.9,182,235,35.6,111,4
648,2001,24.4,202,234,20.1,75,2
648,2002,36.3,185,247,36.2,112,16
648,2003,24.6,190,237,22.9,76,6
648,2004,30.8,185,228,30.7,95,-4
648,2005,18.4,198,216,13.9,57,-16
648,2006,38.7,175,230,35.2,120,-2
648,2007,30,162,231,28.2,93,-0
648,2008,43.3,209,255,37.6,134,24
648,2009,18.8,197,236,17.2,58,4
648,2010,40.7,193,254,32.6,126,22
648,2011,49.7,203,279,47.6,154,48
648,2012,47.6,204,250,45.3,147,18
648,2013,35.9,174,227,35.2,111,-4
648,2014,19.8,188,227,19.4,61,-4
648,2015,2.6,97,118,0,8,-114
648,2016,34.7,181,221,33.7,107,-10
648,2017,35.2,198,241,31.1,109,10
648,2018,36.5,201,228,31.8,113,-4
648,2019,21.6,191,222,20.3,67,-10
648,2020,27.2,188,224,26.2,84,-8
648,2021,39.5,195,238,38.5,122,6
648,2022,32.9,205,255,24,102,24
648,2023,43.4,204,233,37.3,134,2
648,2024,22,193,229,21.8,68,-2
648,2025,36.7,196,238,35.8,113,6
648,2026,14.8,185,214,13.6,46,-18
649,1981,16.1,198,236,14.5,81,-2
649,1982,31.1,203,258,28.4,156,20
649,1983,18.9,227,241,16.8,94,4
649,1984,15.4,222,242,12.1,77,4
649,1985,20.8,190,234,19.9,104,-4
649,1986,21.3,187,241,21.3,106,4
649,1987,18.3,195,219,18.1,92,-18
649,1988,20.3,189,233,19.1,102,-4
649,1989,21.6,213,245,20.5,108,8
649,1990,24,199,247,23.6,120,10
649,1991,33.8,218,252,28.1,169,14
649,1992,16.1,175,221,15.9,81,-16
649,1993,17.3,217,232,15.1,86,-6
649,1994,17.8,193,226,16.2,89,-12
649,1995,20,226,244,16.1,100,6
649,1996,26.1,225,252,26,130,14
649,1997,31.7,199,243,29.7,158,6
649,1998,16.6,203,221,14,83,-16
649,1999,28.3,206,249,27.2,142,12
649,2000,19,192,230,18.2,95,-8
649,2001,17.5,206,235,13.3,88,-2
649,2002,28.2,223,262,24.7,141,24
649,2003,20.5,195,237,20,102,-0
649,2004,17.4,181,235,16.8,87,-2
649,2005,13.3,204,230,11.7,66,-8
649,2006,20,189,228,18.4,100,-10
649,2007,18.4,204,224,16.7,92,-14
649,2008,24.9,209,248,23.2,124,10
649,2009,21.3,213,241,19.3,106,4
649,2010,15.3,198,245,12.7,76,8
649,2011,34.9,214,261,28.1,174,24
649,2012,26.1,193,230,26,130,-8
649,2013,18.3,206,228,16.4,92,-10
649,2014,29.4,211,242,28.3,147,4
649,2015,16.1,198,219,14.7,81,-18
649,2016,14.2,184,219,14.2,71,-18
649,2017,22.2,200,240,21.5,111,2
649,2018,30.2,202,238,26.8,151,0
649,2019,17.7,200,243,15.3,88,6
649,2020,23.6,203,240,20.8,118,2
649,2021,18.7,209,242,17.9,94,4
649,2022,23.2,206,240,20.3,116,2
649,2023,19,205,229,17.1,95,-8
649,2024,13.1,195,233,12.3,66,-4
649,2025,16.9,188,222,16.2,84,-16
649,2026,20.2,168,222,19.1,101,-16
650,1981,17.3,196,237,13.9,75,4
650,1982,36.5,204,255,30.7,158,22
650,1983,22.1,231,242,19.1,95,9
650,1984,36.5,222,259,30.5,158,26
650,1985,23,190,230,22.1,99,-3
650,1986,24.5,226,242,18.8,106,9
650,1987,17,198,213,15.9,73,-20
650,1988,24.8,193,237,22.3,107,4
650,1989,25.9,187,245,24.3,112,12
650,1990,21,181,232,20.4,91,-1
650,1991,23.2,199,242,21.4,100,9
650,1992,15.6,154,217,14.3,67,-16
650,1993,23.7,222,233,18.1,102,0
650,1994,21.3,198,218,18.4,92,-15
650,1995,20.7,215,236,16.6,89,3
650,1996,27.8,218,251,26.6,120,18
650,1997,33.8,199,235,31.8,146,2
650,1998,21.4,201,222,17.4,92,-11
650,1999,25.8,193,241,25.5,111,8
650,2000,22.1,185,216,22.1,95,-17
650,2001,19.9,197,228,16.2,86,-5
650,2002,20,186,238,19.8,86,5
650,2003,30.9,190,242,28.1,133,9
650,2004,21,169,215,18.4,91,-18
650,2005,15.5,202,225,12.4,67,-8
650,2006,24.1,201,226,22.4,104,-7
650,2007,17.1,203,224,16.4,74,-9
650,2008,31.8,216,261,27.2,137,28
650,2009,29.8,199,242,28.2,129,9
650,2010,15.8,196,247,14.6,68,14
650,2011,34.2,214,264,28.2,148,31
650,2012,24.4,192,227,23.9,105,-6
650,2013,23.1,207,226,20.6,100,-7
650,2014,30.3,189,238,29.1,131,5
650,2015,21,197,218,19.4,91,-15
650,2016,21.9,181,216,21.5,95,-17
650,2017,21.9,212,236,19.3,95,3
650,2018,29.8,200,235,26.9,129,2
650,2019,23.2,200,226,19.2,100,-7
650,2020,28,187,233,27.2,121,0
650,2021,24.4,183,224,24.4,105,-9
650,2022,24.5,223,249,19,106,16
650,2023,27,208,231,23,117,-2
650,2024,23,193,243,20.2,99,10
650,2025,24.7,175,222,23.2,107,-11
650,2026,16.8,169,219,15.8,73,-14
651,1981,34.6,200,245,24.3,58,-5
651,1982,88.7,226,262,78.2,149,12
651,1983,69.4,199,249,64.9,117,-1
651,1984,75.5,225,277,60.6,127,27
651,1985,88.7,210,256,87.6,149,6
651,1986,62.8,226,254,52.9,106,4
651,1987,59.8,196,229,58.1,101,-21
651,1988,64,192,262,60.7,108,12
651,1989,84.4,189,256,80.4,142,6
651,1990,68.4,183,269,68.4,115,19
651,1991,64.2,211,275,53.4,108,25
651,1992,39.7,147,227,34.4,67,-23
651,1993,64.8,224,242,52.4,109,-8
651,1994,57.7,197,238,53.3,97,-12
651,1995,72.5,217,265,62.2,122,15
651,1996,53.9,212,260,48.6,91,10
651,1997,102.4,220,262,89.5,172,12
651,1998,58.9,200,253,55,99,3
651,1999,92.7,228,273,88.5,156,23
651,2000,71.5,227,264,69.5,120,14
651,2001,43.5,216,240,35.9,73,-10
651,2002,80.6,197,264,77.9,136,14
651,2003,52.7,220,250,44,89,0
651,2004,60.1,181,250,59.9,101,0
651,2005,22.9,201,225,17.6,39,-25
651,2006,68,201,246,63.8,114,-4
651,2007,54.1,204,244,51.5,91,-6
651,2008,91.8,214,277,82,155,27
651,2009,72.8,226,256,63.1,123,6
651,2010,54,220,272,42,91,22
651,2011,69.3,222,277,51.6,117,27
651,2012,68.1,191,266,65.9,115,16
651,2013,57.1,204,233,51.2,96,-17
651,2014,60.3,210,250,56,102,0
651,2015,19.7,198,228,14.9,33,-22
651,2016,50.1,183,227,49.8,84,-23
651,2017,59.9,212,252,53.9,101,2
651,2018,52.8,201,232,42.8,89,-18
651,2019,48.3,198,230,40.2,81,-20
651,2020,48.1,190,242,46.8,81,-8
651,2021,70.4,193,242,70,119,-8
651,2022,57.8,226,270,40.3,97,20
651,2023,62.3,207,236,52.3,105,-14
651,2024,51.5,221,252,45.6,87,2
651,2025,57.2,191,240,55.5,96,-10
651,2026,23,164,217,20.2,39,-33
652,1981,26.8,189,220,25.6,72,-20
652,1982,76.2,206,257,69.7,204,18
652,1983,84.5,224,267,76.6,226,28
652,1984,54.3,208,242,51.2,145,2
652,1985,35.6,182,222,35.5,95,-18
652,1986,71.8,182,246,71.2,192,6
652,1987,21.3,192,211,21.2,57,-28
652,1988,21.3,172,223,19.7,57,-16
652,1989,45.8,185,232,45.5,122,-8
652,1990,22.4,168,214,20.9,60,-26
652,1991,24.2,209,245,23.7,65,6
652,1992,21.5,185,213,21.5,57,-26
652,1993,64.2,205,253,60.9,172,14
652,1994,21.6,179,223,21.1,58,-16
652,1995,87.1,229,276,76.3,233,36
652,1996,58.6,205,250,52.2,157,10
652,1997,64.8,168,231,59.7,173,-8
652,1998,49.5,201,263,45.9,132,24
652,1999,55.8,194,254,50.5,149,14
652,2000,35.9,203,239,35.2,96,-0
652,2001,19.3,165,222,17.9,52,-18
652,2002,41.7,184,240,41.2,111,0
652,2003,46.8,225,245,38.5,125,6
652,2004,37.1,173,223,34.4,99,-16
652,2005,53,227,248,48.1,142,8
652,2006,73.5,209,254,65.4,197,14
652,2007,19.9,162,224,18.6,53,-16
652,2008,32.5,194,225,32.5,87,-14
652,2009,34.7,198,233,33.5,93,-6
652,2010,37.7,213,253,31.8,101,14
652,2011,54,209,268,52.4,144,28
652,2012,26,198,223,24.3,70,-16
652,2013,32.2,172,215,30.5,86,-24
652,2014,16.6,188,207,16.5,44,-32
652,2015,17.5,166,200,13.3,47,-40
652,2016,42.1,187,243,42.1,113,4
652,2017,93.6,205,264,83.7,250,24
652,2018,34.6,180,234,34.3,93,-6
652,2019,61.9,199,259,59.9,166,20
652,2020,30.4,197,222,27.7,81,-18
652,2021,23.9,178,214,23.3,64,-26
652,2022,28.2,172,231,25.1,75,-8
652,2023,73.9,191,260,73.6,198,20
652,2024,37.5,193,235,36.6,100,-4
652,2025,37,192,232,36.3,99,-8
652,2026,27,148,223,19.1,72,-16
653,1981,9.1,236,243,6.6,44,11
653,1982,31.4,225,259,25.3,153,27
653,1983,12.5,223,243,8,61,11
653,1984,29.7,221,264,21.2,145,32
653,1985,13.8,176,216,13.7,67,-16
653,1986,25.1,225,242,23.1,122,10
653,1987,16.3,197,212,15.4,79,-20
653,1988,19,189,235,17.5,92,3
653,1989,24,188,229,22.8,117,-3
653,1990,17.3,182,203,16.9,84,-29
653,1991,23.4,231,254,15.5,114,22
653,1992,9,176,213,8.2,44,-19
653,1993,18.7,221,230,14.3,91,-2
653,1994,9.9,198,221,9.2,48,-11
653,1995,24.2,226,247,14.9,118,15
653,1996,21.3,221,247,13.7,104,15
653,1997,36.5,208,233,29.7,178,1
653,1998,20.7,202,220,14.8,101,-12
653,1999,20.9,230,242,19.6,102,10
653,2000,20.4,185,232,20.4,99,0
653,2001,15.2,206,226,11,74,-6
653,2002,19.5,211,241,18.9,95,9
653,2003,25.6,227,246,20.2,125,14
653,2004,13.5,182,217,13.3,66,-15
653,2005,18.4,206,241,11.5,90,9
653,2006,24.3,204,230,20.5,118,-2
653,2007,14.4,209,226,12.1,70,-6
653,2008,23.3,211,258,20.9,113,26
653,2009,25.8,227,243,19.9,126,11
653,2010,18.8,226,257,15.6,91,25
653,2011,21.4,223,265,15.2,104,33
653,2012,24.3,203,232,22.1,118,0
653,2013,17.1,208,225,15.2,83,-7
653,2014,23.3,183,245,23.3,113,13
653,2015,13.7,177,215,12.2,67,-17
653,2016,16.8,184,222,16.8,82,-10
653,2017,26.4,215,243,19.9,128,11
653,2018,17.9,202,229,14.3,87,-3
653,2019,22.7,200,229,17.2,110,-3
653,2020,16.2,208,224,15,79,-8
653,2021,14.1,196,225,13.6,69,-7
653,2022,22.3,227,254,12.9,109,22
653,2023,21.1,207,231,16.8,103,-1
653,2024,17.3,194,232,15.1,84,0
653,2025,17.7,188,221,17.1,86,-11
653,2026,10.7,167,216,8.2,52,-16
654,1981,2.4,134,143,0,35,-34
654,1982,11.5,176,201,10.3,165,24
654,1983,7.7,190,199,7.5,111,22
654,1984,11.6,157,201,11.5,167,24
654,1985,8.6,183,189,8.6,124,12
654,1986,14.2,141,178,2.3,204,1
654,1987,5.1,152,161,0,73,-16
654,1988,3.9,147,173,0,56,-4
654,1989,9.9,160,183,4.8,142,6
654,1990,7.1,156,178,1,102,1
654,1991,4,169,182,1.2,58,5
654,1992,3.4,143,153,0,49,-24
654,1993,10,159,178,2.3,144,1
654,1994,5,153,177,0,72,0
654,1995,9.9,144,170,2.2,142,-7
654,1996,8,162,190,5.8,115,13
654,1997,8.1,168,178,2.6,117,1
654,1998,7.4,161,178,4.2,106,1
654,1999,9,169,195,6.6,129,18
654,2000,9,173,186,6,129,9
654,2001,5.4,161,175,0,78,-2
654,2002,9,176,187,6.4,129,10
654,2003,5,154,166,0,72,-11
654,2004,10.2,160,177,1.2,147,0
654,2005,3.6,157,164,0.8,52,-13
654,2006,11.2,173,198,10.9,161,21
654,2007,4.8,158,168,0,69,-9
654,2008,9.6,179,202,9,138,25
654,2009,6.5,167,181,3,94,4
654,2010,8.6,191,200,8,124,23
654,2011,11.7,180,199,10.7,168,22
654,2012,5.2,161,175,0,75,-2
654,2013,4.6,159,170,0,66,-7
654,2014,3,136,150,0,43,-27
654,2015,2,110,121,0,29,-56
654,2016,5.7,138,159,0,82,-18
654,2017,8.5,159,167,0,122,-10
654,2018,1.6,160,163,0,23,-14
654,2019,8,164,182,3.4,115,5
654,2020,5.3,124,169,0,76,-8
654,2021,4.4,157,172,0,63,-5
654,2022,5,153,173,0,72,-4
654,2023,8.1,189,199,7.7,117,22
654,2024,9.2,167,184,4.6,132,7
654,2025,6.2,156,177,0,89,0
654,2026,0.4,145,146,0,6,-31
655,1981,6.8,199,206,2.1,28,-14
655,1982,45.1,204,233,40.4,185,12
655,1983,26.9,198,219,25.5,110,-2
655,1984,26.6,198,240,23.1,109,20
655,1985,43.3,184,233,43.2,177,12
655,1986,27.6,145,229,21.1,113,8
655,1987,23.6,181,210,22.8,97,-10
655,1988,34.4,190,226,33.3,141,6
655,1989,42.4,187,215,40.6,174,-6
655,1990,30.4,168,202,27.8,125,-18
655,1991,22.3,195,227,20.6,91,6
655,1992,11.2,143,167,0.6,46,-54
655,1993,28.8,156,212,23.7,118,-8
655,1994,19.7,175,207,17.1,81,-14
655,1995,24,141,223,21.5,98,2
655,1996,22.5,159,214,20,92,-6
655,1997,39.9,168,219,37.2,164,-2
655,1998,22.2,198,217,20.5,91,-4
655,1999,34.8,165,253,30.4,143,32
655,2000,33.8,172,217,31.3,139,-4
655,2001,19,198,224,15.9,78,4
655,2002,38.7,187,230,37.6,159,10
655,2003,16.8,190,228,15,69,8
655,2004,29.5,159,212,26.8,121,-8
655,2005,8.5,155,206,7.5,35,-14
655,2006,36.1,178,224,35.1,148,4
655,2007,24,161,220,20.8,98,-0
655,2008,53,211,249,49.2,217,28
655,2009,47,195,239,41.7,193,18
655,2010,20.3,193,236,17.1,83,16
655,2011,29.8,213,247,24.5,122,26
655,2012,32.8,190,231,31.5,134,10
655,2013,24.8,179,218,23,102,-2
655,2014,21.1,187,226,21,86,6
655,2015,5.3,97,131,0.4,22,-90
655,2016,22.4,181,204,21.8,92,-16
655,2017,32.9,181,236,31.3,135,16
655,2018,25,201,221,23.1,102,0
655,2019,26.2,167,208,23.7,107,-12
655,2020,18,184,214,18,74,-6
655,2021,36.4,178,213,36.2,149,-8
655,2022,30.2,204,239,23.2,124,18
655,2023,37,204,227,32.2,152,6
655,2024,28.4,167,226,27.6,116,6
655,2025,25.2,173,207,22.4,103,-14
655,2026,10.9,164,188,6.1,45,-32
656,1981,15,231,247,12.1,86,3
656,1982,22.5,206,264,18.6,129,20
656,1983,18.1,233,246,13.3,104,2
656,1984,16.6,221,260,12.7,95,16
656,1985,14.9,209,233,13.8,85,-11
656,1986,12.8,178,234,12.3,73,-10
656,1987,12.7,204,222,12.4,73,-22
656,1988,16,222,238,14.1,92,-6
656,1989,16.3,196,246,15.8,93,2
656,1990,17,229,256,15.5,97,12
656,1991,20.5,228,254,13.6,117,10
656,1992,16.7,208,231,14.2,96,-13
656,1993,17.6,221,238,13.3,101,-6
656,1994,11,200,225,10,63,-19
656,1995,23.8,220,259,16.7,136,15
656,1996,22.6,182,256,22,130,12
656,1997,26.7,220,247,22.8,153,3
656,1998,17.5,203,257,13.5,100,13
656,1999,20.9,230,255,17.9,120,11
656,2000,17.3,203,240,16.2,99,-4
656,2001,15.4,207,236,11.9,88,-8
656,2002,17.4,223,245,13.8,100,1
656,2003,22.4,226,245,17.2,128,1
656,2004,13.6,206,248,11.3,78,4
656,2005,13.9,226,244,9.3,80,0
656,2006,18.9,203,233,15.4,108,-11
656,2007,13.8,209,230,11.9,79,-14
656,2008,18.3,224,259,16.5,105,15
656,2009,21.5,227,244,17.8,123,0
656,2010,16.9,243,263,11.1,97,19
656,2011,23.4,217,265,18.9,134,21
656,2012,15.1,204,230,14,87,-14
656,2013,16,207,244,14,92,0
656,2014,23.3,211,244,21.5,134,0
656,2015,15.1,209,239,14,87,-5
656,2016,15.7,200,244,15.5,90,0
656,2017,20,215,246,16.7,115,2
656,2018,24.2,202,242,21.1,139,-2
656,2019,16.5,200,248,14,95,4
656,2020,15.9,203,241,15,91,-3
656,2021,15.8,209,247,14.8,91,3
656,2022,16.9,227,257,12.5,97,13
656,2023,16.3,210,237,14.5,93,-7
656,2024,11.9,223,242,10.5,68,-2
656,2025,14.8,213,242,13.3,85,-2
656,2026,17.6,212,237,15.3,101,-7
657,1981,9.1,196,211,8.3,77,-10
657,1982,22.9,202,228,21,195,8
657,1983,11.7,195,215,11.2,100,-6
657,1984,11.1,197,227,10,94,6
657,1985,10.9,189,211,10.7,93,-10
657,1986,11.1,178,215,10.1,94,-6
657,1987,8.5,182,204,8.3,72,-16
657,1988,10.1,194,201,9.9,86,-20
657,1989,14.1,187,215,13.9,120,-6
657,1990,13,180,203,12.6,111,-18
657,1991,12.7,202,222,12.5,108,2
657,1992,9.4,175,209,8.4,80,-12
657,1993,9.6,202,223,8.1,82,2
657,1994,9.9,192,204,8.3,84,-16
657,1995,9.9,206,223,8.9,84,2
657,1996,14,184,227,14,119,6
657,1997,18.6,198,225,17.8,158,4
657,1998,10.2,200,213,9,87,-8
657,1999,14,193,219,13.6,119,-2
657,2000,12.1,187,210,11.9,103,-10
657,2001,11.7,197,219,9.9,100,-2
657,2002,11.1,188,217,11,94,-4
657,2003,14.9,190,233,14.1,127,12
657,2004,10.8,171,208,9.8,92,-12
657,2005,10.4,204,220,7.6,89,-0
657,2006,12.8,193,218,11.4,109,-2
657,2007,11.1,203,215,9.7,94,-6
657,2008,11.8,211,229,11.2,100,8
657,2009,14.5,192,231,14.1,123,10
657,2010,9.6,197,223,7.7,82,2
657,2011,18.6,214,232,15.9,158,12
657,2012,15.2,190,222,14.2,129,2
657,2013,8.3,184,220,8.3,71,-0
657,2014,17.1,189,229,17,146,8
657,2015,10.1,151,206,8.2,86,-14
657,2016,10.2,184,206,10.2,87,-14
657,2017,10,200,221,9.3,85,0
657,2018,20.8,201,223,17.1,177,2
657,2019,12.8,200,221,10.9,109,0
657,2020,12.9,201,219,11.4,110,-2
657,2021,11.4,209,223,10.7,97,2
657,2022,9.7,213,228,8.9,83,8
657,2023,13.3,207,218,12.5,113,-2
657,2024,8.3,193,223,7.5,71,2
657,2025,10.8,189,216,9.1,92,-4
657,2026,14.1,187,217,13.2,120,-4
658,1986,10.8,173,203,9.1,123,6
658,1987,7.2,185,202,7.2,82,6
658,1988,7.1,184,196,7.1,81,-0
658,1989,8.3,188,198,6.9,94,2
658,1990,6.3,171,195,5.8,72,-2
658,1991,8.8,182,216,8.7,100,20
658,1992,7.6,185,196,7.6,86,-0
658,1993,13.8,197,215,13,157,18
658,1994,8.7,193,203,7.3,99,6
658,1995,11.3,186,219,11.3,128,22
658,1996,13.2,180,214,12.4,150,18
658,1997,13.8,164,201,8.9,157,4
658,1998,9,173,210,8.5,102,14
658,1999,7.5,166,180,2.8,85,-16
658,2000,9.7,187,197,9.2,110,0
658,2001,7.3,171,192,6.2,83,-4
658,2002,5.7,160,184,3.2,65,-12
658,2003,7.3,183,194,7.3,83,-2
658,2004,7.9,160,174,1.4,90,-22
658,2005,6.9,188,197,6.2,78,0
658,2006,9.6,176,192,7.7,109,-4
658,2007,6.5,164,186,4.2,74,-10
658,2008,15.2,197,212,13.8,173,16
658,2009,11,188,198,10,125,2
658,2010,6,189,194,5.1,68,-2
658,2011,11.3,165,200,10.9,128,4
658,2012,5.5,162,177,0,62,-20
658,2013,4.5,179,189,3.8,51,-8
658,2014,9.6,185,201,9.6,109,4
658,2015,7.3,162,179,0.8,83,-18
658,2016,8.8,185,192,8.4,100,-4
658,2017,12.1,161,190,6.9,138,-6
658,2018,7,175,188,5.3,80,-8
658,2019,14.2,168,201,12.2,161,4
658,2020,11.8,184,205,11.8,134,8
658,2021,9.1,183,194,9.1,103,-2
658,2022,9.2,176,199,7.6,105,2
658,2023,12.6,189,195,12.5,143,-2
658,2024,12,182,197,11.8,136,0
658,2025,9.4,174,193,5.9,107,-4
658,2026,5.5,161,173,0,62,-24
660,1981,2.3,137,140,0,17,-40
660,1982,16.8,138,212,15.2,126,32
660,1983,18.1,188,214,17.5,136,34
660,1984,15.1,153,202,12.1,114,22
660,1985,15.4,146,192,14.4,116,12
660,1986,20.8,147,174,4.1,156,-6
660,1987,10.7,152,183,4.9,80,3
660,1988,6.3,131,148,0,47,-32
660,1989,16.3,172,191,12.9,123,11
660,1990,9.4,146,178,0.6,71,-2
660,1991,5.2,104,119,1.8,39,-61
660,1992,5.1,120,148,0,38,-32
660,1993,25.8,156,190,15.1,194,10
660,1994,7,148,160,0,53,-20
660,1995,14.6,121,181,5.6,110,1
660,1996,13,130,170,2.3,98,-10
660,1997,15.8,159,174,3.6,119,-6
660,1998,13.6,163,203,11.8,102,23
660,1999,25.5,195,213,24.2,192,33
660,2000,16.7,166,187,10.2,126,7
660,2001,6.3,127,173,0,47,-7
660,2002,18.2,145,187,12.8,137,7
660,2003,6.5,95,121,0,49,-59
660,2004,19.6,160,175,6.3,147,-5
660,2005,5.6,108,162,2.5,42,-18
660,2006,24.4,176,209,22.6,183,29
660,2007,9.1,155,169,0,68,-11
660,2008,19.9,150,212,19,150,32
660,2009,14.8,170,196,11.6,111,16
660,2010,9.1,136,174,4.3,68,-6
660,2011,18.6,181,207,16.9,140,27
660,2012,8.9,182,201,8.4,67,21
660,2013,9,134,179,2.3,68,-1
660,2014,5.2,147,161,2.4,39,-19
660,2015,1.8,56,78,0,14,-102
660,2016,15.2,130,186,9.4,114,6
660,2017,23.4,160,189,14.9,176,9
660,2018,5.1,157,173,1.4,38,-7
660,2019,16.9,166,199,14.1,127,19
660,2020,12.6,156,196,10.3,95,16
660,2021,13.2,169,188,9.8,99,8
660,2022,10.4,113,176,0.2,78,-4
660,2023,24.1,190,214,22,181,34
660,2024,18,165,195,12.7,135,15
660,2025,25.1,173,200,21.7,189,20
660,2026,5.5,148,164,0,41,-16
661,1986,17.1,200,234,16.5,157,18
661,1987,9.6,183,207,9.6,88,-8
661,1988,8.1,191,203,8,74,-12
661,1989,11.3,188,206,10.7,104,-10
661,1990,10.4,184,218,10.4,95,2
661,1991,9.9,182,227,9.7,91,12
661,1992,7.6,182,204,7.5,70,-12
661,1993,12.4,203,226,10.7,114,10
661,1994,8.3,191,204,7.8,76,-12
661,1995,9.5,194,229,9.5,87,14
661,1996,15.6,189,226,15.4,143,10
661,1997,15.4,197,222,15.3,141,6
661,1998,12.2,202,216,10.6,112,0
661,1999,13.5,198,235,12.5,124,20
661,2000,10.9,187,211,10.9,100,-4
661,2001,10,198,212,8.8,92,-4
661,2002,9,183,227,9,83,12
661,2003,10.9,191,213,10.9,100,-2
661,2004,9.5,175,206,9,87,-10
661,2005,11.4,185,222,11.2,105,6
661,2006,11.7,190,211,11,107,-4
661,2007,8.4,186,212,7.9,77,-4
661,2008,10.3,191,222,9.8,94,6
661,2009,13,199,222,11.7,119,6
661,2010,6.6,198,207,5,61,-8
661,2011,15.3,206,234,13.3,140,18
661,2012,11.3,175,205,10,104,-10
661,2013,7.5,180,213,7.2,69,-2
661,2014,16.3,190,219,16.3,150,4
661,2015,9.9,167,203,8.5,91,-12
661,2016,9.5,184,204,9.5,87,-12
661,2017,16.4,165,219,15.6,150,4
661,2018,12.3,192,210,11.7,113,-6
661,2019,10.4,200,218,10.1,95,2
661,2020,11.1,201,215,10.5,102,-0
661,2021,9,183,212,9,83,-4
661,2022,7.4,176,218,6.3,68,2
661,2023,11.8,192,216,11.2,108,0
661,2024,9.1,185,204,9,83,-12
661,2025,10.5,175,212,10,96,-4
661,2026,8.7,169,182,4.1,80,-34
662,1981,10.3,195,213,9.6,74,-7
662,1982,23.3,203,229,21.6,168,9
662,1983,13.8,197,225,13,99,5
662,1984,13.8,197,231,13.5,99,11
662,1985,14.3,184,216,14.2,103,-4
662,1986,13.7,179,225,12.8,99,5
662,1987,9.6,187,209,9.2,69,-11
662,1988,15.3,192,222,14.7,110,2
662,1989,16.5,188,217,16,119,-3
662,1990,12.7,178,206,12.4,91,-14
662,1991,13.1,200,229,12.6,94,9
662,1992,9.4,157,211,8.5,68,-9
662,1993,11.6,174,220,10.1,83,0
662,1994,11.5,193,214,10.9,83,-6
662,1995,11.1,173,227,11,80,7
662,1996,17.3,189,231,17.1,124,11
662,1997,23.6,200,230,22.8,170,10
662,1998,11.4,203,218,10.3,82,-2
662,1999,15.7,198,232,15.7,113,12
662,2000,14.6,181,214,14.4,105,-6
662,2001,10.8,197,221,9.5,78,1
662,2002,13.8,186,228,13.8,99,8
662,2003,18.4,190,231,17.8,132,11
662,2004,14,169,208,11.9,101,-12
662,2005,7.9,189,216,7.9,57,-4
662,2006,16.5,180,219,16.3,119,-1
662,2007,10.7,163,211,9.9,77,-9
662,2008,17.9,211,233,16.9,129,13
662,2009,16.8,185,235,16.2,121,15
662,2010,8.4,186,228,8.3,60,8
662,2011,16.8,217,235,15,121,15
662,2012,15.1,174,221,14.4,109,1
662,2013,12.3,177,220,11.9,88,0
662,2014,20.5,189,233,19.9,147,13
662,2015,11.5,166,210,9.4,83,-10
662,2016,12.5,182,207,12.3,90,-13
662,2017,14.6,161,218,13.2,105,-2
662,2018,16.7,201,220,15.4,120,0
662,2019,12.1,182,218,12,87,-2
662,2020,17.4,188,220,17.1,125,0
662,2021,17,184,218,17,122,-2
662,2022,13.3,207,229,11.4,96,9
662,2023,14.6,189,222,14,105,2
662,2024,12.6,193,225,12.4,91,5
662,2025,15.4,175,215,14.6,111,-5
662,2026,12.5,168,214,10.6,90,-6
663,1981,7.6,191,209,7.1,50,-22
663,1982,15.1,198,240,13.9,100,9
663,1983,18.3,233,252,13.8,122,21
663,1984,21.1,221,234,15.6,140,3
663,1985,10.9,188,218,10.4,72,-13
663,1986,16.8,201,226,12.7,112,-5
663,1987,11.9,196,223,11.2,79,-8
663,1988,14,183,226,13.9,93,-5
663,1989,10.8,195,207,8.6,72,-24
663,1990,15.3,196,235,14.5,102,4
663,1991,9.4,183,225,9.4,62,-6
663,1992,12.6,184,214,12.6,84,-17
663,1993,15.9,203,231,12.3,106,0
663,1994,15.5,198,227,13.4,103,-4
663,1995,18.1,243,260,8.8,120,29
663,1996,20.6,191,225,20.3,137,-6
663,1997,20.4,215,238,14.1,136,7
663,1998,15.2,211,232,11.6,101,1
663,1999,14.7,216,236,7.6,98,5
663,2000,12.5,188,218,12,83,-13
663,2001,9.8,206,227,8.8,65,-4
663,2002,7,179,197,6.7,47,-34
663,2003,15.8,190,234,15.6,105,3
663,2004,11.6,209,221,6.6,77,-10
663,2005,13.4,216,234,11.2,89,3
663,2006,12.8,185,214,12.7,85,-17
663,2007,17.9,209,231,15.1,119,0
663,2008,14.9,201,234,12.9,99,3
663,2009,16,202,227,9.8,106,-4
663,2010,12.5,190,238,11.7,83,7
663,2011,17,234,247,14.3,113,16
663,2012,11,163,197,8.1,73,-34
663,2013,16.7,223,236,9.2,111,5
663,2014,18.5,200,238,17.5,123,7
663,2015,14.2,237,245,10.7,94,14
663,2016,16.5,216,242,13.9,110,11
663,2017,15.2,189,226,13.5,101,-5
663,2018,12.1,192,225,10.6,80,-6
663,2019,13.4,196,244,12.9,89,13
663,2020,18.9,209,229,15.8,126,-2
663,2021,15,211,240,13.2,100,9
663,2022,12.7,200,226,12,84,-5
663,2023,13.7,210,230,12.8,91,-1
663,2024,15,186,236,15,100,5
663,2025,13.3,189,216,12.3,88,-15
663,2026,8.3,168,180,3.2,55,-51
664,1981,49.9,206,268,41.6,106,20
664,1982,49.1,223,259,41.1,104,11
664,1983,50.2,210,252,43.2,106,4
664,1984,54.3,220,270,45.9,115,22
664,1985,47.7,212,237,41.5,101,-11
664,1986,41.4,231,248,33.3,88,0
664,1987,32.5,203,225,30.1,69,-23
664,1988,31.2,195,239,29.4,66,-9
664,1989,46.7,203,251,43.3,99,3
664,1990,51.9,247,268,40.2,110,20
664,1991,55.6,221,249,49.9,118,1
664,1992,38.5,200,235,35.9,82,-13
664,1993,47.4,212,242,33.6,101,-6
664,1994,33.8,199,228,28.7,72,-20
664,1995,47.8,208,245,39.1,101,-3
664,1996,52.5,226,258,41.1,111,10
664,1997,73.8,192,254,72.2,157,6
664,1998,36.7,201,239,34.9,78,-9
664,1999,47.2,231,258,45.4,100,10
664,2000,45,201,249,42.2,95,1
664,2001,34.9,207,239,24.5,74,-9
664,2002,47.7,222,258,40.5,101,10
664,2003,40.4,195,247,36.2,86,-1
664,2004,36.1,206,249,34.6,77,1
664,2005,35.7,203,237,30.9,76,-11
664,2006,52.1,205,246,45,110,-2
664,2007,40.1,205,245,33.7,85,-3
664,2008,48.4,228,267,39.3,103,19
664,2009,47.1,228,251,39.5,100,3
664,2010,42.2,222,272,34.9,90,24
664,2011,80.4,225,277,62.4,171,29
664,2012,42.4,204,267,39.5,90,19
664,2013,48,215,246,40.9,102,-2
664,2014,56.5,215,249,47.8,120,1
664,2015,43.8,200,237,41,93,-11
664,2016,46.9,199,232,45.5,99,-16
664,2017,55.6,215,249,40.4,118,1
664,2018,69.9,220,243,59.4,148,-5
664,2019,41.9,203,242,32.5,89,-6
664,2020,52.6,221,257,44.7,112,9
664,2021,41.2,209,247,37.7,87,-1
664,2022,43,210,269,36.9,91,21
664,2023,45,207,233,38.5,95,-15
664,2024,45.9,221,255,34.8,97,7
664,2025,53.5,212,246,44.7,113,-2
664,2026,44,212,244,34.7,93,-4
665,1981,2.2,183,190,2.2,31,-2
665,1982,3.6,180,193,2.8,51,1
665,1983,10.9,204,222,9.4,155,30
665,1984,7.4,195,207,6.3,105,15
665,1985,4.8,175,191,4.3,68,-1
665,1986,1.7,147,151,0,24,-41
665,1987,9.4,198,214,8.2,133,22
665,1988,4,173,179,1.6,57,-13
665,1989,7.9,157,178,1.7,112,-14
665,1990,5.8,192,202,4.9,82,10
665,1991,5.7,187,199,5.7,81,7
665,1992,9.6,169,207,9.3,136,15
665,1993,12.4,191,211,10.4,176,19
665,1994,12.1,195,218,10.5,172,26
665,1995,9.2,207,223,7.6,130,31
665,1996,5.7,176,184,2.8,81,-8
665,1997,7.9,161,175,2.4,112,-17
665,1998,8.8,201,207,6.6,125,15
665,1999,7.1,219,226,0.8,101,34
665,2000,5.5,176,191,4.5,78,-1
665,2001,9.6,171,192,7.9,136,0
665,2002,4.4,163,179,0.6,62,-13
665,2003,9.2,181,201,8.6,130,9
665,2004,6.8,160,176,1.4,96,-16
665,2005,13,188,206,12.2,184,14
665,2006,3.7,182,193,3.6,52,1
665,2007,7,154,173,4.9,99,-19
665,2008,11.7,171,200,8.1,166,8
665,2009,6.6,138,205,3.9,94,13
665,2010,10.4,179,202,9.8,148,10
665,2011,5.4,163,172,1.1,77,-20
665,2012,4.3,163,169,0,61,-23
665,2013,5.2,164,185,3.1,74,-7
665,2014,1.2,155,165,0,17,-27
665,2015,7.7,172,186,4.8,109,-6
665,2016,5.5,140,173,2.6,78,-19
665,2017,6.9,124,172,4.6,98,-20
665,2018,0.7,154,156,0,10,-36
665,2019,11.4,176,204,9.8,162,12
665,2020,7.4,181,192,7.1,105,0
665,2021,7.7,183,191,7.7,109,-1
665,2022,4.1,166,188,2.7,58,-4
665,2023,6.7,184,196,6.4,95,4
665,2024,4.9,173,197,3.7,70,5
665,2025,3.6,220,225,0,51,33
665,2026,0.9,146,149,0,13,-43
666,1981,8.4,197,205,1.5,38,-8
666,1982,21.8,202,222,16.3,97,9
666,1983,8.2,96,100,1.6,37,-113
666,1984,8.7,197,206,5.6,39,-7
666,1985,44,182,223,43.6,196,10
666,1986,20.6,146,161,4,92,-52
666,1987,12.2,152,190,9.7,54,-23
666,1988,14.4,189,209,13.9,64,-4
666,1989,30.8,186,203,28.8,138,-10
666,1990,32.4,166,201,28,145,-12
666,1991,16.3,102,127,5.9,73,-86
666,1992,6.5,114,126,0,29,-87
666,1993,21.8,168,191,14.6,97,-22
666,1994,16.6,149,200,12.6,74,-13
666,1995,18,111,170,6,80,-43
666,1996,18.9,129,192,13.3,84,-21
666,1997,30.6,167,207,25.1,137,-6
666,1998,22.4,162,213,20.9,100,0
666,1999,38.7,194,238,36.5,173,25
666,2000,29.8,184,214,29.8,133,1
666,2001,19.1,197,217,13.4,85,4
666,2002,50.4,175,231,49.2,225,18
666,2003,11.4,190,213,6,51,0
666,2004,31.2,158,209,26.9,139,-4
666,2005,5.2,198,205,4.4,23,-8
666,2006,31.2,179,222,29,139,9
666,2007,23.8,154,213,18.8,106,0
666,2008,72.5,192,248,68.2,324,35
666,2009,39.2,189,236,37,175,23
666,2010,15.2,192,226,8.3,68,13
666,2011,35.7,213,247,28.9,159,34
666,2012,36.2,191,228,33.3,162,15
666,2013,30.2,179,219,29,135,6
666,2014,10.7,144,167,6.9,48,-46
666,2015,3.2,96,107,0.1,14,-106
666,2016,15.9,127,199,14.6,71,-14
666,2017,31.7,161,218,26.3,142,5
666,2018,22.4,200,220,19.7,100,7
666,2019,21.8,171,206,20.8,97,-7
666,2020,26,189,218,23.7,116,5
666,2021,25.9,194,219,25.1,116,6
666,2022,31,203,240,21.5,138,27
666,2023,45.5,203,233,38.8,203,20
666,2024,20.5,165,223,18.7,92,10
666,2025,13.4,173,200,11.3,60,-13
666,2026,7.3,164,172,2.1,33,-41
667,1989,0,365,365,,0,120
667,1990,44.6,197,262,43.6,103,18
667,1991,57.3,218,256,54.8,132,12
667,1992,36.5,197,238,34.7,84,-6
667,1993,38.4,215,241,33,88,-4
667,1994,34.6,199,231,30.6,80,-14
667,1995,31.8,214,242,29.4,73,-2
667,1996,55.4,218,259,49.4,127,14
667,1997,70.9,194,261,67.6,163,16
667,1998,35.4,200,236,33.7,81,-8
667,1999,51.7,198,260,51.5,119,16
667,2000,44.3,193,243,43.4,102,-2
667,2001,33.7,215,240,29.5,77,-4
667,2002,60.2,209,256,53.2,138,12
667,2003,42.7,195,246,40.2,98,2
667,2004,39.8,185,229,39.4,91,-16
667,2005,29.7,186,243,28.9,68,-2
667,2006,50.8,203,238,45.3,117,-6
667,2007,35,204,235,32.8,80,-10
667,2008,49.9,213,259,42.8,115,14
667,2009,45.3,197,248,42.7,104,4
667,2010,39.6,222,254,31.2,91,10
667,2011,67,214,275,55.5,154,30
667,2012,47.5,204,260,45.4,109,16
667,2013,46.2,208,244,39.3,106,-0
667,2014,56.5,212,250,51.4,130,6
667,2015,39.6,170,228,34.6,91,-16
667,2016,39.4,181,244,39.3,91,-0
667,2017,40.3,214,245,36,93,0
667,2018,66.9,225,254,57.2,154,10
667,2019,34.6,200,244,30.6,80,-0
667,2020,49.3,199,251,45.8,113,6
667,2021,37.1,210,253,37.1,85,8
667,2022,47.8,208,266,41.8,110,22
667,2023,43.4,209,231,40.3,100,-14
667,2024,28.9,194,242,26.9,66,-2
667,2025,46.7,207,238,44.1,107,-6
667,2026,39.1,185,238,39,90,-6
668,1981,18.5,238,251,14.1,54,3
668,1982,45,230,263,37.1,132,15
668,1983,52.2,235,266,33.7,153,18
668,1984,44.5,224,259,35,130,11
668,1985,30.2,214,242,25.3,88,-6
668,1986,49.9,213,247,39.2,146,-1
668,1987,19.3,197,223,19.1,56,-25
668,1988,34.9,225,248,27.9,102,0
668,1989,30.1,196,233,27.3,88,-15
668,1990,31.9,230,250,27.9,93,2
668,1991,34,221,251,25.1,99,3
668,1992,26.1,208,231,21.3,76,-17
668,1993,38.9,221,262,28,114,14
668,1994,33.9,199,237,29.5,99,-11
668,1995,44.4,241,265,26.8,130,17
668,1996,43.1,219,256,32,126,8
668,1997,42.5,217,249,35.3,124,1
668,1998,34.4,205,247,30.6,101,-1
668,1999,42.3,231,262,28.8,124,14
668,2000,27.8,208,242,25.2,81,-6
668,2001,32.3,207,236,26.4,94,-12
668,2002,16.5,211,243,15.9,48,-5
668,2003,38.6,224,246,31.1,113,-2
668,2004,22.1,210,232,20.4,65,-16
668,2005,31.2,226,258,24.2,91,10
668,2006,35.6,203,238,33.9,104,-10
668,2007,27.7,208,234,24,81,-14
668,2008,35.1,202,259,31.2,103,11
668,2009,40.8,218,247,35,119,-1
668,2010,44.2,233,262,33.4,129,14
668,2011,65.3,241,269,48.2,191,21
668,2012,19.1,176,224,17.7,56,-24
668,2013,27.5,208,241,20.6,80,-7
668,2014,40.6,213,251,36.6,119,3
668,2015,23.5,209,252,20.9,69,4
668,2016,34.6,225,253,26.2,101,5
668,2017,28.9,216,249,23.6,85,1
668,2018,31.6,202,237,27.3,92,-11
668,2019,32.4,216,258,29.4,95,10
668,2020,36.6,212,246,33.4,107,-2
668,2021,29.5,211,241,27.8,86,-7
668,2022,28.1,218,250,20.5,82,2
668,2023,32.5,213,239,30,95,-9
668,2024,31.6,224,251,26.4,92,3
668,2025,33,206,246,31.8,96,-2
668,2026,21.1,170,235,15.3,62,-13
669,1985,0.7,365,,,4,
669,1986,21.6,173,216,18.8,124,5
669,1987,15.9,189,209,15.3,91,-2
669,1988,15.6,186,214,15.1,90,3
669,1989,19.6,161,204,18.5,113,-7
669,1990,10.5,172,220,9.3,60,9
669,1991,17.5,186,223,17.1,101,12
669,1992,14.9,184,209,14.9,86,-2
669,1993,28.6,204,231,25.9,164,20
669,1994,15.4,197,224,14.4,89,13
669,1995,25.4,225,247,24.1,146,36
669,1996,20,182,219,19.8,115,8
669,1997,22.8,195,224,20,131,13
669,1998,20.8,203,222,17.7,120,11
669,1999,12.9,167,202,8.5,74,-9
669,2000,16.9,187,211,16.5,97,0
669,2001,12.1,196,210,12,70,-1
669,2002,12,171,187,9,69,-24
669,2003,14.3,190,211,13.1,82,0
669,2004,15.8,162,203,10.5,91,-8
669,2005,24.2,185,231,24.1,139,20
669,2006,17.4,185,206,17.2,100,-5
669,2007,15.4,163,202,13.6,89,-9
669,2008,30.8,199,231,28.8,177,20
669,2009,23.6,189,218,21.7,136,7
669,2010,17.4,190,204,15.7,100,-7
669,2011,25.1,215,242,24.9,144,31
669,2012,13,161,192,8.7,75,-19
669,2013,16,208,225,13.3,92,14
669,2014,19.5,190,208,18.8,112,-3
669,2015,11.7,162,193,8.7,67,-18
669,2016,13.4,185,219,13.2,77,8
669,2017,21.8,160,201,17.9,125,-10
669,2018,11.7,179,209,11.1,67,-2
669,2019,23.1,177,211,22.6,133,0
669,2020,18.5,188,214,18,106,3
669,2021,15.9,184,209,15.8,91,-2
669,2022,20.4,177,213,19.8,117,2
669,2023,29.6,190,222,29,170,11
669,2024,18.6,186,208,18.3,107,-3
669,2025,15,175,205,12.9,86,-6
669,2026,11.3,167,177,2.1,65,-34
670,1981,8.3,196,207,7.4,81,-1
670,1982,15.8,204,229,13.7,154,21
670,1983,11.6,195,232,10.9,113,24
670,1984,9.9,198,228,9.2,97,20
670,1985,10.3,190,211,10,100,3
670,1986,12.2,171,203,10.6,119,-5
670,1987,7.5,182,201,7.4,73,-7
670,1988,9.2,193,201,8.5,90,-7
670,1989,13.4,188,208,12.7,131,0
670,1990,10.3,181,199,10.1,100,-9
670,1991,10.4,214,230,9.4,101,22
670,1992,10.2,176,208,9.7,100,0
670,1993,8.8,176,222,8,86,14
670,1994,8.9,194,203,8.9,87,-5
670,1995,10.6,186,221,9.4,103,13
670,1996,16.6,191,227,16.1,162,19
670,1997,15.9,189,223,15.9,155,15
670,1998,8.3,179,211,8,81,3
670,1999,12.7,171,213,11.7,124,5
670,2000,11.2,187,205,10.9,109,-3
670,2001,6,197,207,4.4,59,-1
670,2002,7.7,186,209,7.7,75,1
670,2003,11.4,190,207,11.2,111,-1
670,2004,7.1,170,184,3.5,69,-24
670,2005,6.3,188,206,6,61,-2
670,2006,10.3,185,204,10.2,100,-4
670,2007,8,163,179,3.8,78,-29
670,2008,11.4,195,225,11,111,17
670,2009,11.7,193,206,11.2,114,-2
670,2010,6,197,202,5.3,59,-6
670,2011,17.4,208,228,15,170,20
670,2012,10.2,174,204,8,100,-4
670,2013,6.9,176,211,6.4,67,3
670,2014,15.8,190,217,15.5,154,9
670,2015,9.5,160,187,4.8,93,-21
670,2016,7.9,186,196,7.6,77,-12
670,2017,12.1,163,197,9.3,118,-11
670,2018,16,197,216,13.8,156,8
670,2019,10.1,169,208,9.6,99,0
670,2020,11.4,190,213,11,111,5
670,2021,9.1,179,203,8.6,89,-5
670,2022,5.7,177,217,4.2,56,9
670,2023,10.5,189,214,10.2,102,6
670,2024,6.3,184,199,6.3,61,-9
670,2025,10.1,176,205,9.5,99,-3
670,2026,8.6,168,177,1.7,84,-31
671,1981,6.2,168,201,4.8,58,14
671,1982,16.9,192,211,15.9,159,24
671,1983,18.6,197,225,18.3,175,38
671,1984,17,197,225,16.2,160,38
671,1985,14.1,182,195,13.9,133,8
671,1986,15.9,171,203,11.2,150,16
671,1987,13.5,182,196,12.9,127,8
671,1988,4.7,148,171,1.5,44,-16
671,1989,13.9,187,197,13.3,131,10
671,1990,6.3,170,182,2.6,59,-6
671,1991,4.3,123,138,3.2,41,-50
671,1992,4.4,142,153,0,42,-34
671,1993,16.5,158,204,12.7,156,16
671,1994,8,151,178,2.8,75,-10
671,1995,8.9,122,178,3.9,84,-10
671,1996,7.2,121,178,4.5,68,-10
671,1997,14.6,165,177,4.2,138,-10
671,1998,13.4,160,208,10.2,126,20
671,1999,14.7,196,209,14.1,139,22
671,2000,12.5,171,194,11.1,118,6
671,2001,7.9,157,183,3.8,75,-4
671,2002,10.5,176,187,7.7,99,-0
671,2003,7.4,118,171,0.8,70,-16
671,2004,15.3,157,187,9.2,144,-0
671,2005,6.8,157,189,4.2,64,2
671,2006,17.5,185,210,17,165,22
671,2007,10.7,159,175,1.7,101,-12
671,2008,13.2,153,211,12.1,125,24
671,2009,10.8,179,203,10.5,102,16
671,2010,14.7,165,200,12,139,12
671,2011,16.1,181,214,14.1,152,26
671,2012,9.5,177,199,8.2,90,12
671,2013,8.8,160,182,3.2,83,-6
671,2014,6.2,154,167,0.4,58,-20
671,2015,2.5,109,129,0,24,-58
671,2016,12.3,123,185,6.9,116,-2
671,2017,15.7,159,188,9.5,148,0
671,2018,6,159,190,5.1,57,2
671,2019,16.5,167,200,14.3,156,12
671,2020,8.5,148,194,7.1,80,6
671,2021,10.4,163,184,5.9,98,-4
671,2022,6.3,151,175,0,59,-12
671,2023,17.5,188,211,16.6,165,24
671,2024,10.9,167,198,9.5,103,10
671,2025,16.6,173,194,13.5,157,6
671,2026,1.9,148,155,0,18,-32
672,1983,52.2,194,240,49.7,93,-3
672,1984,59.2,219,262,50.7,106,19
672,1985,71.9,210,254,70.9,129,11
672,1986,39.5,146,242,36.6,71,-1
672,1987,50,197,229,47.7,89,-14
672,1988,58.4,190,248,54.4,104,5
672,1989,64.7,187,246,60.2,116,3
672,1990,58.4,173,252,58,104,9
672,1991,53.3,196,253,46.2,95,10
672,1992,30.3,147,219,26.5,54,-24
672,1993,37.4,198,230,35.3,67,-13
672,1994,43.1,194,228,39.6,77,-15
672,1995,48.3,215,238,43.9,86,-5
672,1996,38.6,130,246,33.5,69,3
672,1997,100.1,204,257,93.3,179,14
672,1998,55.6,183,236,55.6,99,-7
672,1999,98.7,231,267,86.6,177,24
672,2000,66.4,198,248,56.1,119,5
672,2001,38.2,199,239,36.1,68,-4
672,2002,75.1,214,256,65.6,134,13
672,2003,42.7,191,243,41.6,76,0
672,2004,47.2,182,229,46.5,84,-14
672,2005,19.9,200,216,16,36,-27
672,2006,69.8,203,243,67.4,125,0
672,2007,63.4,176,242,58.5,113,-1
672,2008,90.4,212,265,79.7,162,22
672,2009,61.3,200,247,51.2,110,4
672,2010,56.2,216,254,44,101,11
672,2011,68.3,220,264,58.9,122,21
672,2012,82.7,204,258,75.1,148,15
672,2013,63.6,202,245,56,114,2
672,2014,57.3,213,243,55.8,103,0
672,2015,11.3,115,166,4.6,20,-77
672,2016,55.6,184,222,55.6,99,-21
672,2017,60,181,243,56.5,107,0
672,2018,61.6,209,235,53.4,110,-8
672,2019,37.4,199,229,34.7,67,-14
672,2020,49.7,190,239,48.5,89,-4
672,2021,71.5,197,272,64.1,128,29
672,2022,57.6,228,258,43.5,103,15
672,2023,60.3,205,232,55.2,108,-11
672,2024,45.2,192,242,42.2,81,-1
672,2025,50.2,175,229,43,90,-14
672,2026,26.3,167,217,24,47,-26
673,1981,22.1,238,251,16.6,57,-2
673,1982,51.2,233,267,45,132,14
673,1983,51.2,236,268,38,132,15
673,1984,51.4,223,265,39.6,132,12
673,1985,33.7,217,250,31.1,87,-3
673,1986,55.6,214,257,46.4,143,4
673,1987,22.8,197,228,21.6,59,-25
673,1988,37.9,224,249,26.7,98,-4
673,1989,29.8,193,238,27.8,77,-15
673,1990,29.8,214,248,24,77,-5
673,1991,33.7,220,245,25.7,87,-8
673,1992,24.1,210,230,21.4,62,-23
673,1993,44.6,221,259,35.9,115,6
673,1994,32,217,238,26.9,82,-15
673,1995,46.1,243,266,31.9,119,13
673,1996,41.1,216,253,32.8,106,0
673,1997,49.9,216,256,39.7,128,3
673,1998,36,209,256,31.3,93,3
673,1999,41.4,229,259,28,107,6
673,2000,28.5,209,245,26,73,-8
673,2001,31.2,206,242,23.6,80,-11
673,2002,23,212,242,20.4,59,-11
673,2003,37.7,224,249,29.3,97,-4
673,2004,32.8,215,250,27.2,84,-3
673,2005,41.9,226,259,33,108,6
673,2006,41.8,208,248,37.6,108,-5
673,2007,26.7,209,245,23.8,69,-8
673,2008,40.3,231,263,33.8,104,10
673,2009,41.5,219,257,33.6,107,4
673,2010,43.3,234,261,30.1,111,8
673,2011,60,236,270,43.7,154,17
673,2012,24.4,204,236,22.4,63,-17
673,2013,30.8,216,248,23.2,79,-5
673,2014,40,230,255,34.6,103,2
673,2015,27.2,237,253,21.5,70,0
673,2016,40,225,258,28.8,103,5
673,2017,40.5,215,258,35.6,104,5
673,2018,28,207,239,24.7,72,-14
673,2019,41.3,243,270,35.4,106,17
673,2020,35.3,210,249,31.9,91,-4
673,2021,30.4,217,246,28.3,78,-7
673,2022,31.7,223,253,27.2,82,0
673,2023,45,211,256,41.3,116,3
673,2024,36.7,224,256,32.5,94,3
673,2025,30.6,202,247,28.9,79,-6
673,2026,23.8,220,246,18.5,61,-7
675,1990,7.6,170,204,7.2,62,-10
675,1991,9.4,215,222,9.4,76,8
675,1992,10.8,185,211,10.8,87,-2
675,1993,22.7,197,237,21,184,24
675,1994,12,194,221,10.6,97,8
675,1995,18.7,226,252,16.1,151,38
675,1996,13,178,217,12.3,105,4
675,1997,17.2,165,222,14.1,139,8
675,1998,15.5,202,226,12.7,126,12
675,1999,8.8,168,203,7.4,71,-10
675,2000,11.5,187,209,11.2,93,-4
675,2001,12.5,197,214,11.2,101,0
675,2002,7.7,180,201,6.9,62,-12
675,2003,12.2,191,215,11.8,99,2
675,2004,13.2,160,216,8.6,107,2
675,2005,21.6,194,231,21.1,175,18
675,2006,13.4,190,210,12.3,109,-4
675,2007,9.7,163,205,8.1,79,-8
675,2008,22.1,198,231,20.9,179,18
675,2009,15.2,188,214,14.6,123,0
675,2010,15.2,191,208,13.5,123,-6
675,2011,17.9,182,237,17.8,145,24
675,2012,10.7,161,192,7.1,87,-22
675,2013,8.6,198,213,8.1,70,-0
675,2014,11.3,188,206,11.1,91,-8
675,2015,8.8,160,187,5,71,-26
675,2016,10.3,185,207,10.3,83,-6
675,2017,15,161,200,11.2,121,-14
675,2018,5.9,181,202,5.7,48,-12
675,2019,18.3,177,228,17.8,148,14
675,2020,10.8,188,213,10.5,87,-0
675,2021,9.8,183,206,9.8,79,-8
675,2022,13.7,184,212,13.6,111,-2
675,2023,24,189,229,23.2,194,16
675,2024,10.8,185,205,10.8,87,-8
675,2025,7.9,172,194,6.4,64,-20
675,2026,6.7,160,176,0.4,54,-38
676,1981,5.8,197,210,5.6,91,2
676,1982,3.5,195,201,2.9,55,-6
676,1983,7,198,238,4.9,109,30
676,1984,8.5,221,228,6.3,133,20
676,1985,3.1,190,194,3.1,48,-14
676,1986,8.9,202,216,7.7,139,8
676,1987,8.2,183,205,8.2,128,-2
676,1988,4.8,184,196,4.8,75,-12
676,1989,4,188,194,3.9,62,-14
676,1990,4.7,183,203,4.7,73,-4
676,1991,7.9,217,227,5.9,123,20
676,1992,7.5,185,208,7.4,117,0
676,1993,7.1,208,225,5.4,111,18
676,1994,4.8,194,202,4,75,-6
676,1995,11.8,218,247,7.2,184,40
676,1996,6.9,190,220,5.8,108,12
676,1997,9.2,198,220,8.1,144,12
676,1998,9.9,203,216,7.5,155,8
676,1999,10.9,229,238,6,170,30
676,2000,4.5,180,201,4.4,70,-6
676,2001,4.4,196,208,3.5,69,0
676,2002,4.6,188,197,4.6,72,-10
676,2003,7.2,187,201,7.2,112,-6
676,2004,4.1,172,210,3.5,64,2
676,2005,4.3,225,232,4.2,67,24
676,2006,3.3,184,193,3.3,52,-14
676,2007,4.8,164,198,4.2,75,-10
676,2008,6.2,195,207,5.9,97,-0
676,2009,6.6,201,206,5.6,103,-2
676,2010,6.9,189,202,5.7,108,-6
676,2011,8.1,205,221,5.8,127,14
676,2012,4.9,166,183,1.2,77,-24
676,2013,6.1,207,222,5.4,95,14
676,2014,8.3,191,206,7.6,130,-2
676,2015,4.7,169,184,2.6,73,-24
676,2016,5.1,185,197,5.1,80,-10
676,2017,10.7,193,218,9.2,167,10
676,2018,4.8,197,205,4.3,75,-2
676,2019,4.9,196,203,4.7,77,-4
676,2020,7.3,201,211,5.8,114,4
676,2021,6.9,209,219,5.7,108,12
676,2022,6,175,210,5.4,94,2
676,2023,8.8,190,210,7.6,138,2
676,2024,5.7,194,208,5.7,89,0
676,2025,6,189,196,5.7,94,-12
676,2026,2.5,168,172,0,39,-36
677,1981,4.8,186,194,4.8,47,3
677,1982,20,193,211,18.6,196,20
677,1983,14.5,198,220,12.7,142,29
677,1984,20.3,186,223,20.3,199,32
677,1985,9.8,163,200,9,96,9
677,1986,18.6,151,194,11.4,182,3
677,1987,3.6,157,166,1.7,35,-25
677,1988,7,187,193,7,69,2
677,1989,13.2,158,193,9.4,129,2
677,1990,7.2,156,177,0,71,-14
677,1991,7.6,182,187,6.1,75,-4
677,1992,5,150,162,0,49,-29
677,1993,15.3,169,201,9.2,150,10
677,1994,8.7,152,180,1.8,85,-11
677,1995,10.2,158,189,9.5,100,-2
677,1996,14.3,160,193,12.3,140,2
677,1997,21.4,161,200,15.1,210,9
677,1998,15.3,163,206,11.7,150,15
677,1999,11.8,164,197,7.3,116,6
677,2000,11.5,176,190,9.1,113,-1
677,2001,7.3,156,176,0.4,72,-15
677,2002,11.9,171,187,7.8,117,-4
677,2003,7.8,159,177,2.5,76,-14
677,2004,15.2,160,178,6,149,-13
677,2005,9.9,145,195,9.2,97,4
677,2006,15.5,185,204,15.2,152,13
677,2007,8.9,158,172,0.3,87,-19
677,2008,11.8,174,206,11.5,116,15
677,2009,9.3,162,203,8.3,91,12
677,2010,8.2,189,198,6.7,80,7
677,2011,16.1,182,217,15.7,158,26
677,2012,10,161,182,3.4,98,-9
677,2013,7.6,162,183,3.8,75,-8
677,2014,10.8,159,194,8.4,106,3
677,2015,6.2,128,160,0,61,-31
677,2016,8.2,183,191,7.9,80,0
677,2017,17.1,160,184,8.6,168,-7
677,2019,12.3,163,191,8.8,121,0
677,2020,8,154,193,6.3,78,2
677,2021,7.8,157,184,4.1,76,-7
677,2022,7.8,165,177,0,76,-14
677,2023,24.5,190,213,23.4,240,22
677,2024,18.2,167,197,15.5,178,6
677,2025,12.3,174,190,8.3,121,-1
677,2026,5.6,159,169,0,55,-22
679,1981,43,204,249,33.3,53,-22
679,1984,70.5,230,281,56.5,86,10
679,1985,75,212,262,71,92,-8
679,1986,64.5,227,258,51.9,79,-12
679,1987,63.5,197,237,58.2,78,-34
679,1988,69.4,221,265,63,85,-6
679,1989,86.2,188,266,82.9,106,-4
679,1990,78.6,184,276,78.2,96,6
679,1991,84.3,222,282,67.4,103,12
679,1992,55.7,201,238,53.7,68,-32
679,1993,68,218,249,55.1,83,-22
679,1994,63.6,200,263,57.7,78,-8
679,1995,81.8,214,266,72.5,100,-4
679,1996,66.9,227,272,56.4,82,2
679,1997,123.1,221,284,108,151,14
679,1998,71.4,207,271,66.3,88,0
679,1999,117.2,231,295,99.2,144,24
679,2000,87,228,274,79.6,107,4
679,2001,54.9,220,266,42.5,67,-4
679,2002,97.8,226,275,84.5,120,4
679,2003,61.4,235,260,53.1,75,-10
679,2004,73.9,210,261,72.4,91,-10
679,2005,39.2,198,237,33,48,-34
679,2006,86.3,211,263,77.9,106,-8
679,2007,74.4,210,263,69.3,91,-8
679,2008,108.8,228,286,96.2,133,16
679,2009,87,226,271,74.1,107,0
679,2010,69.7,225,281,54.9,85,10
679,2011,105.4,227,298,76,129,28
679,2012,84.4,203,284,82.2,103,14
679,2013,91.6,217,272,78.2,112,2
679,2014,95.4,224,276,81.1,117,6
679,2015,27.2,198,232,23.4,33,-38
679,2016,78.2,202,250,75.6,96,-20
679,2017,91.9,215,270,78.9,113,-0
679,2018,81.4,203,262,68.5,100,-8
679,2019,66.4,202,244,58.8,81,-26
679,2020,90,189,271,89,110,0
679,2021,93.3,204,270,92.2,114,-0
679,2022,85,228,280,61.9,104,10
679,2023,75,211,250,62.8,92,-20
679,2024,61,223,268,56.9,75,-2
679,2025,71.8,212,255,66,88,-16
679,2026,38.7,206,240,36.7,47,-30
680,1981,6.6,189,200,6.2,63,-16
680,1982,14.2,195,216,13.1,136,0
680,1983,10,193,222,9.1,96,6
680,1984,13.7,194,228,12.9,131,12
680,1985,12.7,188,201,12.7,122,-15
680,1986,14.6,174,213,12.7,140,-3
680,1987,10.7,184,209,10.7,102,-7
680,1988,6.9,179,196,6.3,66,-20
680,1989,11.4,187,201,9.7,109,-15
680,1990,7,188,198,6.9,67,-18
680,1991,10.6,183,217,10.6,101,1
680,1992,8.4,185,201,8.4,80,-15
680,1993,17.2,190,223,16.4,165,7
680,1994,10.4,196,207,7.3,100,-9
680,1995,17.7,215,235,15,169,19
680,1996,14.8,180,218,13.6,142,2
680,1997,15.6,196,220,14.8,149,4
680,1998,10.2,201,216,8.9,98,0
680,1999,10,195,225,9.1,96,9
680,2000,9.1,193,209,9,87,-7
680,2001,6,190,209,5.9,57,-7
680,2002,6.2,178,196,6,59,-20
680,2003,9.8,189,212,9.6,94,-4
680,2004,9.1,196,215,8.2,87,-1
680,2005,10.8,189,219,10.4,103,3
680,2006,11.3,189,209,10.9,108,-7
680,2007,7.8,200,210,7.4,75,-6
680,2008,17.7,197,230,16.5,169,14
680,2009,13.2,188,212,12,126,-4
680,2010,10.8,192,216,9.7,103,0
680,2011,14.5,189,226,13.8,139,10
680,2012,8.1,179,205,7.8,78,-11
680,2013,9.2,198,215,7.1,88,-1
680,2014,13.5,188,218,13.3,129,2
680,2015,7.9,201,213,7.5,76,-3
680,2016,8.6,190,218,8.4,82,2
680,2017,17.5,190,220,17,167,4
680,2018,8.2,193,211,7.6,78,-5
680,2019,15.1,196,226,14.1,144,10
680,2020,10.5,203,216,10.2,100,0
680,2021,8.6,185,214,8.6,82,-2
680,2022,11.6,197,219,11.1,111,3
680,2023,14.9,195,223,14.6,143,7
680,2024,12.7,195,218,12.4,122,2
680,2025,8.9,191,210,8.7,85,-6
680,2026,4.9,165,181,2,47,-35
681,1981,31.3,202,229,27.2,64,-4
681,1982,55.3,204,246,52,112,14
681,1983,50.6,198,239,48.3,103,6
681,1984,35.6,201,251,35.3,72,18
681,1985,42.6,185,232,42.5,86,-0
681,1986,38,179,233,37.3,77,0
681,1987,44.4,184,221,44.4,90,-12
681,1988,50.3,195,223,45.4,102,-10
681,1989,55.4,188,225,49.5,112,-8
681,1990,55,181,224,54.8,112,-8
681,1991,68.1,197,239,60.8,138,6
681,1992,48.8,165,217,41.9,99,-16
681,1993,28.9,174,230,27.6,59,-2
681,1994,26,180,215,24.1,53,-18
681,1995,40.5,204,233,40.3,82,0
681,1996,51.9,162,242,50.6,105,10
681,1997,76.9,202,246,72.8,156,14
681,1998,45.4,174,221,44.8,92,-12
681,1999,83.3,200,251,72.1,169,18
681,2000,51.5,193,233,49.5,105,0
681,2001,28.7,199,228,26.6,58,-4
681,2002,64.4,196,244,61.5,131,12
681,2003,41.6,182,234,40,84,2
681,2004,38.1,160,214,36.2,77,-18
681,2005,16.5,199,209,13.8,34,-24
681,2006,57.1,187,234,55.2,116,2
681,2007,62.1,163,228,54.1,126,-4
681,2008,60.1,197,239,54.8,122,6
681,2009,32.5,200,236,30.3,66,4
681,2010,46.3,197,236,41.1,94,4
681,2011,53.5,214,248,48.2,109,16
681,2012,64.3,204,242,59.1,131,10
681,2013,47.6,184,224,47.1,97,-8
681,2014,49.7,190,232,48.8,101,-0
681,2015,22.9,159,205,18.6,46,-28
681,2016,55.8,183,217,55.6,113,-16
681,2017,52.7,200,236,51.5,107,4
681,2018,51.5,198,229,48.5,105,-4
681,2019,35.9,172,216,31.2,73,-16
681,2020,43.8,193,224,43.3,89,-8
681,2021,58.6,198,228,56.3,119,-4
681,2022,42.5,207,242,35.2,86,10
681,2023,41.6,206,224,37.7,84,-8
681,2024,31.2,168,218,29.3,63,-14
681,2025,38.4,175,213,33.6,78,-20
681,2026,29,168,210,26.8,59,-22
682,1981,17.9,201,223,15.2,65,-18
682,1982,41,205,251,39.5,149,10
682,1983,50.2,236,264,38.8,183,22
682,1984,39.5,222,240,30.4,144,-2
682,1985,38,211,248,33.9,138,6
682,1986,39.3,212,250,35.6,143,8
682,1987,34.5,198,247,31.4,126,6
682,1988,28.5,224,242,24.6,104,0
682,1989,29.8,186,233,29.3,109,-8
682,1990,23.1,216,240,19.7,84,-2
682,1991,28.8,213,241,26.8,105,-0
682,1992,24.4,186,232,24.3,89,-10
682,1993,49.5,224,251,42,180,10
682,1994,27.3,217,242,21.6,99,0
682,1995,45.8,233,265,33.8,167,24
682,1996,26.6,208,233,23.6,97,-8
682,1997,40.8,217,244,33.6,149,2
682,1998,36.2,212,243,30.3,132,2
682,1999,31.9,220,245,20.7,116,4
682,2000,22.1,199,227,21.8,81,-14
682,2001,23.5,208,234,18.1,86,-8
682,2002,16,182,219,15.5,58,-22
682,2003,25.4,207,239,22.7,93,-2
682,2004,27.7,208,240,23,101,-2
682,2005,48.9,194,260,46.9,178,18
682,2006,26.8,198,231,23.6,98,-10
682,2007,18.3,210,231,16.5,67,-10
682,2008,35.7,223,258,32,130,16
682,2009,28.3,201,231,24.3,103,-10
682,2010,27.6,189,244,23.8,101,2
682,2011,41.3,233,257,35.8,150,16
682,2012,20.1,184,223,20.1,73,-18
682,2013,20.7,211,238,16.5,75,-4
682,2014,26.5,192,242,25.7,97,0
682,2015,17.3,239,252,14.8,63,10
682,2016,28.5,224,248,25.9,104,6
682,2017,30.6,195,245,29.8,111,4
682,2018,13.7,205,226,12,50,-16
682,2019,39.3,241,269,35.7,143,28
682,2020,21.1,209,232,20.4,77,-10
682,2021,20.4,181,232,20.3,74,-10
682,2022,29.1,214,237,28.3,106,-4
682,2023,49.4,212,255,46,180,14
682,2024,21.5,194,243,20.8,78,2
682,2025,17,191,226,15.8,62,-16
682,2026,13,212,228,10.2,47,-14
683,1982,29.8,200,274,26.2,115,31
683,1983,22.1,233,264,20.6,85,21
683,1984,23,240,269,18,89,26
683,1985,19.4,195,237,18.6,75,-6
683,1986,32.5,230,256,25.9,125,13
683,1987,16.8,203,227,15.2,65,-16
683,1988,22.8,224,249,15.4,88,6
683,1989,26.5,217,254,23.6,102,11
683,1990,23.4,230,262,18.3,90,19
683,1991,26.2,228,253,18.9,101,10
683,1992,20.6,208,235,16.6,80,-8
683,1993,24.3,222,258,16.2,94,15
683,1994,20.6,203,235,18.8,80,-8
683,1995,30.7,228,259,24.2,119,16
683,1996,35.1,241,260,27.7,136,17
683,1997,38.4,220,248,31.5,148,5
683,1998,20.8,206,242,19,80,-1
683,1999,28,231,257,23.7,108,14
683,2000,18.7,210,244,18.1,72,1
683,2001,17.7,207,227,14.2,68,-16
683,2002,23.7,211,242,19.8,92,-1
683,2003,30.1,225,242,25,116,-1
683,2004,17.2,182,222,16,66,-21
683,2005,18.7,225,241,15.1,72,-2
683,2006,22.5,208,233,18.7,87,-10
683,2007,22.6,206,225,18.1,87,-18
683,2008,33.2,226,268,27.4,128,25
683,2009,33.9,221,241,26.2,131,-2
683,2010,22.6,226,258,17.5,87,15
683,2011,41.6,244,273,29.8,161,30
683,2012,27.5,204,247,23.9,106,4
683,2013,25.6,215,227,19.5,99,-16
683,2014,38.5,227,247,31.1,149,4
683,2015,22.1,196,225,20.1,85,-18
683,2016,21.1,191,236,20,81,-7
683,2017,43.1,217,248,33,166,5
683,2018,39.3,210,242,32.3,152,-1
683,2019,28.8,220,257,22.1,111,14
683,2020,29.9,214,248,26.1,115,5
683,2021,25.1,204,235,22.7,97,-8
683,2022,25.5,227,265,17.6,98,22
683,2023,29.8,213,235,24,115,-8
683,2024,23.1,224,251,19.8,89,8
683,2025,27.6,213,242,24,107,-1
683,2026,24.4,189,228,23.4,94,-15
684,1981,15.3,191,201,15.2,97,-8
684,1982,26.5,197,216,25.1,169,7
684,1983,27.2,198,241,24.1,173,32
684,1984,33.9,197,229,30.7,216,20
684,1985,21,185,196,21,134,-13
684,1986,20.3,174,229,15.2,129,20
684,1987,15.3,185,198,15.3,97,-11
684,1988,14.3,170,192,12.9,91,-17
684,1989,20.6,155,197,16.4,131,-12
684,1990,15.3,169,186,10.3,97,-23
684,1991,17.1,181,192,16,109,-17
684,1992,7.5,150,185,3.9,48,-24
684,1993,15.5,170,212,13.1,99,3
684,1994,13.1,194,203,10.9,83,-6
684,1995,14.6,181,220,14.3,93,11
684,1996,19.6,184,217,19.6,125,8
684,1997,19.1,162,211,16.3,122,2
684,1998,16.7,201,215,15.5,106,6
684,1999,14.3,165,212,10.3,91,3
684,2000,15,174,195,14.1,96,-14
684,2001,10.6,197,209,8.4,68,0
684,2002,16.4,177,194,15.3,104,-15
684,2003,9.9,190,196,8.9,63,-13
684,2004,16.3,160,186,8.7,104,-23
684,2005,17.3,184,210,17.3,110,1
684,2006,24,190,211,22.7,153,2
684,2007,13.5,163,178,6.1,86,-31
684,2008,21.1,195,220,19.4,134,11
684,2009,18.1,199,212,15.7,115,3
684,2010,15.9,196,209,11.6,101,0
684,2011,26.3,215,229,22.5,168,20
684,2012,12.2,163,183,5.1,78,-26
684,2013,13.3,178,210,9.2,85,1
684,2014,15.2,189,200,14.4,97,-9
684,2015,11.9,162,180,1.4,76,-29
684,2016,14.9,184,195,14.9,95,-14
684,2017,18.3,160,199,13.3,117,-10
684,2018,13,180,204,11.6,83,-5
684,2019,21.7,199,212,21.6,138,3
684,2020,17.7,183,209,17.2,113,0
684,2021,15,182,212,14.8,96,3
684,2022,14.1,175,202,11.5,90,-7
684,2023,35.3,190,222,32,225,13
684,2024,19.4,185,205,19.4,124,-4
684,2025,16.6,174,198,14.2,106,-11
684,2026,6.7,163,172,0,43,-37
686,1981,14.4,190,204,13.9,90,0
686,1982,30.1,192,216,27.9,188,12
686,1983,35.5,197,243,33.1,222,39
686,1984,41.2,216,233,38.9,258,29
686,1985,21.3,186,199,21.3,133,-5
686,1986,24.1,201,218,20.8,151,14
686,1987,20.1,187,205,20.1,126,1
686,1988,21.6,187,208,21.3,135,4
686,1989,18.6,187,198,18.3,116,-6
686,1990,20.8,171,197,19.5,130,-7
686,1991,17.6,197,230,16.8,110,26
686,1992,12.1,176,191,9.9,76,-13
686,1993,25.4,170,216,24,159,12
686,1994,17.3,194,204,15.7,108,0
686,1995,19.3,208,233,15,121,29
686,1996,19.3,184,217,19.3,121,13
686,1997,18.3,162,213,15.4,114,9
686,1998,22.9,202,216,18.4,143,12
686,1999,12.8,166,215,10.1,80,11
686,2000,14.4,175,197,13.8,90,-7
686,2001,9.5,171,202,6.8,59,-2
686,2002,14.1,177,193,12.2,88,-11
686,2003,13.7,190,207,12.4,86,3
686,2004,18.7,160,189,11.8,117,-15
686,2005,20,194,218,19.5,125,14
686,2006,21.5,189,211,20.9,134,7
686,2007,9.6,158,175,3.2,60,-29
686,2008,24.7,197,220,22.2,154,16
686,2009,21.1,199,214,16.6,132,10
686,2010,16.3,190,203,14.1,102,-1
686,2011,21.4,196,225,20.1,134,21
686,2012,12.7,162,193,8.6,79,-11
686,2013,10.2,164,187,6.2,64,-17
686,2014,10.9,189,199,10.3,68,-5
686,2015,8.1,128,174,0,51,-30
686,2016,12.9,185,195,12.9,81,-9
686,2017,15.7,161,195,11.3,98,-9
686,2018,9.1,180,192,8,57,-12
686,2019,25.9,177,218,25.7,162,14
686,2020,11.6,191,204,11,72,0
686,2021,12.1,179,193,11.5,76,-11
686,2022,12,175,192,10,75,-12
686,2023,33.6,189,221,30.8,210,17
686,2024,17.7,185,204,17.5,111,0
686,2025,13.9,187,199,12.9,87,-5
686,2026,3,148,165,0,19,-39
687,1982,21.6,202,218,19.3,157,24
687,1983,13.5,135,200,8.1,98,6
687,1984,9.4,160,206,7,68,12
687,1985,23,182,200,22.6,167,6
687,1986,17.5,147,179,6.2,127,-15
687,1987,7.8,128,189,5,57,-5
687,1988,14,190,203,13.5,102,9
687,1989,19.1,187,197,18.3,139,3
687,1990,17.8,166,190,12.5,129,-4
687,1991,6.6,104,136,3.4,48,-58
687,1992,6.4,106,124,0,47,-70
687,1993,20.8,156,191,13.3,151,-3
687,1994,10,149,185,6.1,73,-9
687,1995,11.8,141,195,8.9,86,1
687,1996,12.1,130,193,9.6,88,-1
687,1997,22,167,209,18.6,160,15
687,1998,12.1,162,204,8.9,88,10
687,1999,29.1,194,236,27.7,212,42
687,2000,18.9,175,204,18.7,137,10
687,2001,8.5,157,183,3.9,62,-11
687,2002,21.5,127,146,0,156,-48
687,2003,5.2,160,182,2,38,-12
687,2004,21.9,159,190,15.1,159,-4
687,2005,3.8,109,116,1.7,28,-78
687,2006,22.5,179,210,21.6,164,16
687,2007,15.1,154,186,8.1,110,-8
687,2008,39.3,195,232,37.2,286,38
687,2009,23.9,187,219,22.2,174,25
687,2010,5.5,192,200,2,40,6
687,2011,18.8,198,226,16.2,137,32
687,2012,21.1,190,209,20.1,153,15
687,2013,15.2,162,193,11.4,111,-1
687,2014,6.5,154,188,3.8,47,-6
687,2015,2.6,97,110,0,19,-84
687,2016,9.5,129,158,5.1,69,-36
687,2017,23.8,160,201,16.6,173,7
687,2018,8,178,203,6.6,58,9
687,2019,16.4,165,195,12.3,119,1
687,2020,12.4,188,199,11.8,90,5
687,2021,16.7,177,199,16.3,121,5
687,2022,21.7,151,186,11.8,158,-8
687,2023,22,188,213,19.3,160,19
687,2024,15.9,167,194,10.5,116,0
687,2025,10.8,173,188,6.6,79,-6
687,2026,3.8,147,159,0,28,-35
688,1981,6.6,188,197,6.4,64,-14
688,1982,10.2,177,214,9.7,99,3
688,1983,13.7,216,243,10,132,32
688,1984,15.3,222,232,10.6,148,21
688,1985,8.5,191,201,8.3,82,-10
688,1986,13.8,188,217,12,133,6
688,1987,6.7,178,198,5.4,65,-13
688,1988,12.2,185,212,12.1,118,1
688,1989,8.5,188,202,7.5,82,-9
688,1990,8.6,189,203,8.3,83,-8
688,1991,9.5,183,222,9.5,92,11
688,1992,9.9,184,211,9.9,96,0
688,1993,14.4,203,225,11.9,139,14
688,1994,10.2,164,204,8.9,99,-7
688,1995,8.8,160,190,6.2,85,-21
688,1996,15.4,180,222,14.9,149,11
688,1997,13.1,216,225,10.2,127,14
688,1998,9.9,166,210,7.9,96,-1
688,1999,8.7,169,203,5.7,84,-8
688,2000,12.2,188,213,11.7,118,2
688,2001,9.4,185,212,9.4,91,1
688,2002,8.7,172,189,6.9,84,-22
688,2003,12.1,207,230,12,117,19
688,2004,6.7,160,178,1.1,65,-33
688,2005,8.6,173,203,8.2,83,-8
688,2006,11.1,179,200,10.8,107,-11
688,2007,9.1,165,199,6.7,88,-12
688,2008,11.7,197,221,9.8,113,10
688,2009,10.7,191,212,9.9,103,1
688,2010,8.4,172,203,6.8,81,-8
688,2011,20.3,217,244,17.7,196,33
688,2012,7.3,158,178,0.2,71,-33
688,2013,10.4,207,226,7.2,100,15
688,2014,13.3,191,219,12.5,129,8
688,2015,9.1,157,196,7,88,-15
688,2016,11,186,219,10.8,106,8
688,2017,13.3,161,196,9.3,129,-15
688,2018,10.6,192,211,9.7,102,0
688,2019,10.3,177,209,10,100,-2
688,2020,13,184,220,13,126,9
688,2021,9,182,212,8.9,87,1
688,2022,8.5,176,213,7.6,82,2
688,2023,13.4,189,217,12.8,129,6
688,2024,9.6,183,228,9.5,93,17
688,2025,10.5,189,207,10,101,-4
688,2026,6.9,161,177,0,67,-34
689,1981,17.3,196,235,15.9,61,-5
689,1982,50.4,209,252,44,177,12
689,1983,42.4,233,254,35.3,149,14
689,1984,32.4,222,243,24.5,114,3
689,1985,27.4,194,229,22.8,96,-11
689,1986,39.8,205,250,37.8,140,10
689,1987,17.3,186,213,17.3,61,-27
689,1988,23.8,222,237,22.6,84,-3
689,1989,38.7,198,235,36.7,136,-5
689,1990,23.1,213,245,22.2,81,5
689,1991,29,224,246,22.9,102,6
689,1992,19,195,222,16.7,67,-18
689,1993,34.6,222,244,27.7,121,4
689,1994,21.5,201,228,19.5,75,-12
689,1995,33.9,218,258,29,119,18
689,1996,38.5,218,252,33.4,135,12
689,1997,44.3,199,246,43,155,6
689,1998,28,209,247,26.6,98,7
689,1999,36.2,212,249,32.7,127,9
689,2000,23.9,202,236,23.2,84,-4
689,2001,18.8,198,227,16.3,66,-13
689,2002,24.2,213,238,21.8,85,-2
689,2003,25.4,192,236,25.2,89,-4
689,2004,24,174,221,23.6,84,-19
689,2005,23.1,194,240,22.6,81,0
689,2006,36.4,203,233,34.3,128,-7
689,2007,18.8,187,222,17.5,66,-18
689,2008,36.9,210,249,34.4,129,9
689,2009,31.4,219,240,27.7,110,0
689,2010,19.1,197,244,16.3,67,4
689,2011,44,223,263,33.6,154,23
689,2012,24.3,191,228,24.2,85,-12
689,2013,25.5,207,229,21.2,89,-11
689,2014,36.8,211,242,34.8,129,2
689,2015,21.8,179,226,21,76,-14
689,2016,22.3,190,228,22.2,78,-12
689,2017,42,214,245,36.4,147,5
689,2018,33.2,202,237,27.8,116,-3
689,2019,32,200,244,28.1,112,4
689,2020,32.2,210,242,29.5,113,2
689,2021,22.7,184,228,22.7,80,-12
689,2022,23.1,215,240,16.9,81,0
689,2023,30.9,206,235,29.5,108,-5
689,2024,25.7,222,247,25.4,90,7
689,2025,26.8,192,235,26.3,94,-5
689,2026,20.4,168,224,16.8,72,-16
690,1981,9.5,193,206,8.9,87,-4
690,1982,22.4,202,219,17.3,205,8
690,1983,20.5,193,216,17.7,187,6
690,1984,14.2,197,222,13.1,130,12
690,1985,14.9,191,200,11.5,136,-10
690,1986,9.2,141,189,6.3,84,-22
690,1987,7.7,153,189,6.6,70,-22
690,1988,11.9,187,200,11.9,109,-10
690,1989,15.7,188,203,15.3,143,-8
690,1990,10.9,183,201,10.9,100,-10
690,1991,11.9,202,231,10.9,109,20
690,1992,8.3,152,186,5.2,76,-24
690,1993,9,174,220,8.1,82,10
690,1994,10.2,191,203,8.5,93,-8
690,1995,7.6,180,202,6.8,69,-8
690,1996,12.5,188,226,12.3,114,16
690,1997,16.8,194,222,15.4,153,12
690,1998,9.2,200,210,7.6,84,-0
690,1999,11.4,164,206,9.8,104,-4
690,2000,9.1,177,201,8.9,83,-10
690,2001,10.7,204,213,7.8,98,2
690,2002,9.1,187,217,8.9,83,6
690,2003,11.6,190,207,10.4,106,-4
690,2004,10.4,160,190,6.2,95,-20
690,2005,7.1,186,200,7.1,65,-10
690,2006,13,188,211,12.6,119,0
690,2007,8.1,158,206,5.2,74,-4
690,2008,11.8,194,225,11.1,108,14
690,2009,13.1,199,231,12.6,120,20
690,2010,9.3,197,206,8,85,-4
690,2011,18.1,213,234,14.1,165,24
690,2012,12.7,177,206,11.8,116,-4
690,2013,10.5,178,215,9.8,96,4
690,2014,16.7,189,218,16.4,153,8
690,2015,9.1,165,196,5.7,83,-14
690,2016,10.9,185,202,10.8,100,-8
690,2017,11.6,165,207,10.3,106,-4
690,2018,15.3,198,218,13.2,140,8
690,2019,12.9,200,224,11.9,118,14
690,2020,11,202,213,10.3,100,2
690,2021,8.6,184,213,8.5,79,2
690,2022,2.4,206,216,0,22,6
690,2023,9.9,205,215,9.5,90,4
690,2024,3.8,168,189,3.7,35,-22
690,2025,7.3,175,203,6.4,67,-8
690,2026,4.3,168,172,0,39,-38
691,1981,14.4,191,209,13.3,89,-8
691,1982,23.6,193,220,22.6,145,2
691,1983,31.5,232,247,28.2,194,30
691,1984,41.8,217,237,35.1,257,20
691,1985,18,184,215,18,111,-2
691,1986,18.8,202,233,15,116,16
691,1987,16.5,189,211,15,102,-6
691,1988,17.1,184,225,17.1,105,8
691,1989,16.1,180,200,15.6,99,-18
691,1990,11.7,170,204,11.1,72,-14
691,1991,17.9,217,234,16.4,110,16
691,1992,13.8,180,205,13.5,85,-12
691,1993,18.9,191,216,18.3,116,-2
691,1994,12.1,194,205,10.3,74,-12
691,1995,18.1,207,234,15.1,111,16
691,1996,17.8,206,219,17.4,110,2
691,1997,19.5,196,222,16,120,4
691,1998,22.6,201,224,20.7,139,6
691,1999,15.5,218,232,9.7,95,14
691,2000,14.7,174,205,14.5,90,-12
691,2001,13.4,170,214,12.5,82,-4
691,2002,15.5,178,198,14.4,95,-20
691,2003,16.5,191,228,15.2,102,10
691,2004,15.6,160,201,11.7,96,-16
691,2005,13.8,188,218,13.8,85,0
691,2006,24.8,189,220,22.4,153,2
691,2007,11.6,160,187,7,71,-30
691,2008,20.5,195,223,18.5,126,6
691,2009,19.2,201,219,14.5,118,2
691,2010,16.2,190,233,13.3,100,16
691,2011,20.8,215,241,19,128,24
691,2012,12.3,175,206,9.5,76,-12
691,2013,13.5,164,215,11,83,-2
691,2014,13.3,189,205,12.6,82,-12
691,2015,12.3,159,189,6.7,76,-28
691,2016,17,186,218,17,105,0
691,2017,16.3,160,217,14.6,100,-0
691,2018,11,182,207,10.7,68,-10
691,2019,26.3,201,226,24,162,8
691,2020,17.1,187,215,17.1,105,-2
691,2021,13.9,182,207,13.8,86,-10
691,2022,11.7,175,203,10.5,72,-14
691,2023,27.2,189,224,25.4,167,6
691,2024,17.2,194,209,16.8,106,-8
691,2025,16.2,190,208,14.2,100,-10
691,2026,6.7,164,172,0,41,-46
692,1982,68.5,207,263,61.4,116,10
692,1983,48.1,202,247,45.8,81,-6
692,1984,55.6,226,273,44.7,94,20
692,1985,45.9,226,258,43.7,78,5
692,1986,40.2,227,253,36.4,68,0
692,1987,32.1,202,226,30.3,54,-27
692,1988,55.4,194,259,49.9,94,6
692,1989,73.9,188,252,70,125,-1
692,1990,62.9,184,266,61.7,106,13
692,1991,67.3,200,269,58.9,114,16
692,1992,44.9,206,237,41.8,76,-16
692,1993,47.3,212,236,34.3,80,-17
692,1994,40.8,197,238,37.6,69,-15
692,1995,56.5,221,253,47.5,96,0
692,1996,57.7,226,256,52.9,98,3
692,1997,106,220,262,97.6,179,9
692,1998,55.4,206,251,52.3,94,-2
692,1999,88.6,238,270,76.2,150,17
692,2000,54.6,216,249,48.1,92,-4
692,2001,30.5,220,240,25.2,52,-13
692,2002,68.8,198,255,60.6,116,2
692,2003,54.1,225,255,48.4,91,2
692,2004,58.9,188,248,58.2,100,-5
692,2005,26.5,199,227,20.4,45,-26
692,2006,68.6,219,255,58.9,116,2
692,2007,60.7,211,242,54.1,103,-11
692,2008,76.1,229,270,65.7,129,17
692,2009,74.5,230,258,61.6,126,5
692,2010,60.1,226,265,41.3,102,12
692,2011,69.1,227,279,57.8,117,26
692,2012,84.7,229,272,75.8,143,19
692,2013,59.4,209,253,49.8,100,0
692,2014,71.7,211,257,64,121,4
692,2015,25.1,199,229,21.8,42,-24
692,2016,57.9,185,237,57.8,98,-16
692,2017,59.3,214,254,46.8,100,1
692,2018,59,208,239,50,100,-14
692,2019,46.9,202,241,38.9,79,-12
692,2020,69.1,191,248,67.4,117,-5
692,2021,58.6,204,246,55.5,99,-7
692,2022,50.9,228,266,35.4,86,13
692,2023,44.3,205,241,40.3,75,-12
692,2024,44.1,224,253,38.1,75,0
692,2025,53.9,176,240,50.9,91,-13
692,2026,39.7,170,234,37.3,67,-19
693,1981,21.8,198,230,18.1,104,5
693,1982,42.3,204,254,36.6,201,29
693,1983,27.3,199,236,25.3,130,11
693,1984,18,221,237,17.4,86,12
693,1985,31.2,190,230,30,149,5
693,1986,22.3,178,234,21.8,106,9
693,1987,25.9,196,214,25.7,123,-11
693,1988,24.1,193,224,22.1,115,-1
693,1989,28,190,230,26,133,5
693,1990,33.9,178,237,33.5,161,12
693,1991,48.2,219,239,42.1,230,14
693,1992,22.6,196,217,22.5,108,-8
693,1993,24,203,227,21.3,114,2
693,1994,24.5,191,224,23.2,117,-1
693,1995,20.7,200,235,20.5,99,10
693,1996,31.6,189,248,30.7,150,23
693,1997,45.1,198,233,42.2,215,8
693,1998,20.2,201,216,17.9,96,-9
693,1999,36,198,239,35.3,171,14
693,2000,24.2,191,227,23.4,115,2
693,2001,19.7,204,226,14.1,94,1
693,2002,34.5,221,244,30.6,164,19
693,2003,22.6,191,236,21.7,108,11
693,2004,21.3,182,215,20.3,101,-10
693,2005,15.6,186,221,15,74,-4
693,2006,28.4,188,228,28.2,135,3
693,2007,22,204,222,19.9,105,-3
693,2008,30.1,210,261,28.7,143,36
693,2009,20.2,189,230,19.7,96,5
693,2010,12.6,198,205,8.9,60,-20
693,2011,27.7,213,238,21.7,132,13
693,2012,15.2,186,211,15,72,-14
693,2013,9.4,172,220,8.2,45,-5
693,2014,12,183,227,12,57,2
693,2015,5.6,90,93,0,27,-132
693,2016,7.6,184,190,7.6,36,-35
693,2017,10.7,164,215,8.4,51,-10
693,2018,15.2,199,215,12.5,72,-10
693,2019,5.6,142,177,2.3,27,-48
693,2020,8.3,202,211,6,40,-14
693,2021,5.1,138,168,2.4,24,-57
693,2022,5.9,161,213,4.2,28,-12
693,2023,4.3,190,193,3.6,20,-32
693,2024,4.1,184,197,4.1,20,-28
693,2025,7.2,174,179,3.8,34,-46
693,2026,6.8,101,109,0.8,32,-116
694,1985,21,184,204,20.9,92,-16
694,1986,30.2,201,238,21.8,132,18
694,1987,24.4,190,210,24.1,106,-10
694,1988,23.4,185,228,23.4,102,8
694,1989,17.7,157,194,14.6,77,-26
694,1990,24,193,219,23.1,105,-0
694,1991,22.6,217,239,20.2,98,20
694,1992,16.8,183,198,16.7,73,-22
694,1993,28,197,227,25.9,122,8
694,1994,27.7,193,226,20,121,6
694,1995,28.2,208,247,20.8,123,28
694,1996,25.6,205,218,23.9,112,-2
694,1997,27.8,196,224,23.6,121,4
694,1998,37.2,201,234,31.2,162,14
694,1999,21,217,234,12.7,92,14
694,2000,25.6,173,208,25.5,112,-12
694,2001,15,197,211,13.7,65,-8
694,2002,18.1,171,194,16.8,79,-26
694,2003,22.7,190,231,20.2,99,12
694,2004,23.2,160,216,18.1,101,-4
694,2005,26.7,193,233,24.2,116,14
694,2006,22.6,190,215,21.4,98,-4
694,2007,16.4,162,211,11.8,71,-8
694,2008,29.5,197,220,28.1,129,0
694,2009,24,195,215,19.3,105,-4
694,2010,24.9,190,241,21.7,108,22
694,2011,29,213,248,24.6,126,28
694,2012,17.1,175,207,13.5,75,-12
694,2013,25.8,204,220,18.6,112,0
694,2014,16.3,192,204,15.3,71,-16
694,2015,17.3,159,184,8.7,75,-36
694,2016,22.2,186,226,22.2,97,6
694,2017,20.1,165,219,19.6,88,-0
694,2018,14.4,183,208,14.4,63,-12
694,2019,33.7,200,246,27.9,147,26
694,2020,19.6,189,214,19.2,85,-6
694,2021,18.4,184,205,18.4,80,-14
694,2022,15.5,174,204,15,68,-16
694,2023,31.9,189,225,30,139,6
694,2024,26.3,193,227,25.6,115,8
694,2025,21.5,190,215,19,94,-4
694,2026,7.7,165,176,0,34,-44
695,1989,21,187,206,20.6,130,-6
695,1990,9.8,171,193,8.8,61,-18
695,1991,13.1,182,227,13,81,16
695,1992,9.1,177,193,7.8,57,-18
695,1993,17.5,171,226,14.9,109,14
695,1994,13.6,190,204,12.9,84,-8
695,1995,17.6,183,222,17.6,109,10
695,1996,16.9,189,223,16.6,105,12
695,1997,25.3,191,224,24.7,157,12
695,1998,16.5,175,218,15.9,102,6
695,1999,16.8,194,215,15.4,104,4
695,2000,14.4,176,205,14.1,89,-6
695,2001,11,197,210,9.1,68,-2
695,2002,14.1,169,210,13.4,88,-2
695,2003,13,191,207,12.5,81,-4
695,2004,16.3,162,196,12.5,101,-16
695,2005,12.1,194,211,11.9,75,-0
695,2006,20.9,184,211,20.6,130,-0
695,2007,13.9,163,198,11,86,-14
695,2008,19.3,195,223,19.1,120,12
695,2009,15.9,192,216,14.8,99,4
695,2010,14.3,190,223,12.4,89,12
695,2011,23.2,212,232,21,144,20
695,2012,16.5,173,198,13.3,102,-14
695,2013,11.9,180,211,11.4,74,-0
695,2014,23.1,190,217,22.9,143,6
695,2015,13.6,164,201,10,84,-10
695,2016,15.2,181,205,15,94,-6
695,2017,17.2,161,199,11.4,107,-12
695,2018,15,197,212,14.6,93,0
695,2019,18.5,178,216,18.1,115,4
695,2020,19.8,191,217,18.9,123,6
695,2021,16.3,179,212,16.2,101,0
695,2022,11.8,175,219,10.5,73,8
695,2023,20.4,188,224,20,127,12
695,2024,18.4,184,218,18.4,114,6
695,2025,19,175,208,18,118,-4
695,2026,7.3,161,174,0,45,-38
696,1981,20.5,230,250,15.2,100,5
696,1982,27.7,204,269,21.8,135,24
696,1983,26,233,262,16.5,127,17
696,1984,25.2,226,269,17.8,123,24
696,1985,19.2,191,221,18,94,-24
696,1986,24.1,232,249,19.7,118,4
696,1987,15.4,196,223,14.8,75,-22
696,1988,22.7,227,248,14.3,111,3
696,1989,18,232,257,16.7,88,12
696,1990,21.6,240,267,18,105,22
696,1991,24.5,228,257,15.3,120,12
696,1992,18.7,207,234,13.8,91,-11
696,1993,21.4,220,240,13.4,104,-5
696,1994,17.2,197,225,15.4,84,-20
696,1995,23.9,227,258,17.7,117,13
696,1996,26.3,221,254,22.1,128,9
696,1997,29.3,215,244,24.8,143,-1
696,1998,19.1,203,238,15.6,93,-7
696,1999,22.1,229,248,18,108,3
696,2000,19,192,244,17.9,93,-1
696,2001,13.8,205,226,11.3,67,-19
696,2002,20,225,245,14.5,98,0
696,2003,23.3,225,242,19.3,114,-3
696,2004,15.4,176,223,14.5,75,-22
696,2005,18.5,225,249,13.1,90,4
696,2006,19,203,231,17.9,93,-14
696,2007,16.5,209,226,13.8,80,-19
696,2008,22.5,240,267,18.7,110,22
696,2009,26.4,226,245,21.2,129,0
696,2010,20.2,228,253,13.6,99,8
696,2011,34.1,244,269,22.3,166,24
696,2012,18.9,204,247,17.4,92,2
696,2013,18.4,217,250,15.5,90,5
696,2014,31.5,226,250,26.3,154,5
696,2015,15.3,209,245,13.9,75,0
696,2016,15.1,190,242,14.9,74,-3
696,2017,21.3,215,249,17.3,104,4
696,2018,30.1,208,243,25.8,147,-2
696,2019,20.8,224,257,17.5,101,12
696,2020,20.9,208,244,19.6,102,-1
696,2021,20.5,209,244,18.3,100,-1
696,2022,21.7,246,262,14.2,106,17
696,2023,18.6,210,234,17.6,91,-11
696,2024,16.3,223,251,12.6,80,6
696,2025,20.2,214,243,16.9,99,-2
696,2026,16.2,170,228,15.2,79,-17
697,1981,16,179,197,15.3,87,-16
697,1982,34.7,194,213,28.5,190,-0
697,1983,37,191,227,36.7,202,14
697,1984,14.2,171,199,13.1,78,-14
697,1985,17.2,183,199,17.2,94,-14
697,1986,28.9,164,202,21.7,158,-12
697,1987,10.9,183,195,10.9,60,-18
697,1988,11.6,172,182,4.9,63,-32
697,1989,16.9,156,192,14,92,-22
697,1990,12.9,175,197,11.8,70,-16
697,1991,15,186,217,15,82,4
697,1992,8.1,174,191,6.9,44,-22
697,1993,30.5,190,213,30,167,-0
697,1994,13.5,158,201,12.2,74,-12
697,1995,30.3,186,234,30.2,166,20
697,1996,19.4,185,214,18.9,106,0
697,1997,18,119,181,9.4,98,-32
697,1998,21.3,188,221,21.2,116,8
697,1999,21.8,194,223,18.4,119,10
697,2000,18.2,162,190,14,99,-24
697,2001,18.4,195,217,16,101,4
697,2002,19.9,175,207,17.8,109,-6
697,2003,17.8,200,225,15.9,97,12
697,2004,16.6,160,199,14.6,91,-14
697,2005,29.8,194,230,28.7,163,16
697,2006,21.4,194,219,19.9,117,6
697,2007,11,160,192,9.8,60,-22
697,2008,21.1,176,215,19.6,115,2
697,2009,18.9,177,214,18,103,0
697,2010,21.6,197,229,19.5,118,16
697,2011,30.1,181,220,29.5,164,6
697,2012,9.7,198,207,9.5,53,-6
697,2013,12,164,196,8.9,66,-18
697,2014,8.9,188,200,8.7,49,-14
697,2015,4.2,163,169,0,23,-44
697,2016,16.7,183,204,16.6,91,-10
697,2017,37.1,199,222,32.9,203,8
697,2018,15.4,180,208,14.6,84,-6
697,2019,35.2,189,221,34.1,192,8
697,2020,15.5,193,211,13.3,85,-2
697,2021,17,179,206,16.7,93,-8
697,2022,15,164,212,11.6,82,-2
697,2023,59,191,238,58.2,322,24
697,2024,19.8,188,212,19.3,108,-2
697,2025,17.9,173,212,17.7,98,-2
697,2026,13,147,173,1,71,-40
698,1981,12.8,196,217,11.8,60,-18
698,1982,29.5,204,240,28.2,138,6
698,1983,25.3,231,246,20.3,118,12
698,1984,39.3,223,244,31.7,184,10
698,1985,22.6,187,230,22.3,106,-4
698,1986,21.5,202,238,19.6,100,4
698,1987,16.1,182,213,15.9,75,-22
698,1988,21.3,194,230,20.8,100,-4
698,1989,26.2,188,222,24.8,122,-12
698,1990,18,182,225,17.9,84,-10
698,1991,23.9,227,250,17.6,112,16
698,1992,16,185,219,16,75,-16
698,1993,29.1,222,237,22.9,136,2
698,1994,15.8,217,227,13.7,74,-8
698,1995,25.9,227,256,18.6,121,22
698,1996,26,206,242,24,121,8
698,1997,31.1,215,234,26.1,145,-0
698,1998,20.9,203,250,19,98,16
698,1999,22.5,218,244,18.5,105,10
698,2000,18.5,187,234,18.4,86,-0
698,2001,19.8,206,227,17.6,93,-8
698,2002,21.7,214,241,20.5,101,6
698,2003,20.1,223,238,13.6,94,4
698,2004,20.3,181,223,19.7,95,-12
698,2005,19.6,213,238,16.5,92,4
698,2006,28,202,228,24.8,131,-6
698,2007,21.1,206,227,18.6,99,-8
698,2008,25.2,210,234,22.9,118,-0
698,2009,27,201,230,22.4,126,-4
698,2010,19.7,226,250,14.2,92,16
698,2011,31.2,224,257,25.1,146,22
698,2012,15.1,177,214,14.5,71,-20
698,2013,24.3,208,227,20.1,114,-8
698,2014,15.9,190,235,15.2,74,0
698,2015,16,197,225,14.3,75,-10
698,2016,31.3,215,245,29,146,10
698,2017,25.1,212,240,20.8,117,6
698,2018,18.1,201,221,16.5,85,-14
698,2019,25.7,198,249,20.6,120,14
698,2020,20.9,204,224,20.3,98,-10
698,2021,19.5,194,226,19.5,91,-8
698,2022,20,217,238,16.9,93,4
698,2023,26.6,195,235,24.2,124,0
698,2024,23.9,194,235,23.7,112,0
698,2025,23.4,189,224,22.8,109,-10
698,2026,11.3,165,216,10,53,-18
699,1982,21.5,169,213,19.3,124,6
699,1983,18.8,154,202,16.8,109,-6
699,1984,17.6,173,209,15.7,102,2
699,1985,16.6,181,199,16.1,96,-8
699,1986,17.8,147,192,13,103,-16
699,1987,17.1,154,197,14.1,99,-10
699,1988,17.3,182,200,16.8,100,-8
699,1989,17.6,170,200,16.1,102,-8
699,1990,17,166,193,13.7,98,-14
699,1991,14.5,178,204,13.3,84,-4
699,1992,16.8,152,192,10.8,97,-16
699,1993,13,174,204,11.8,75,-4
699,1994,14.9,154,199,12.2,86,-8
699,1995,26.4,176,216,25,153,8
699,1996,25.9,161,214,23.9,150,6
699,1997,32.8,170,224,31,190,16
699,1998,19.5,164,213,18.8,113,6
699,1999,30,165,226,28.5,173,18
699,2000,19.6,174,206,18.8,113,-2
699,2001,11.2,170,207,10.1,65,-0
699,2002,18.4,174,209,18,106,2
699,2003,17.7,164,209,15.3,102,2
699,2004,13.9,159,193,10.3,80,-14
699,2005,8.2,142,203,7.1,47,-4
699,2006,24.7,171,216,23.3,143,8
699,2007,19.9,162,205,15.9,115,-2
699,2008,19,142,225,17.1,110,18
699,2009,13.9,185,215,13.5,80,8
699,2010,15.2,194,216,13.6,88,8
699,2011,18.3,182,226,17.9,106,18
699,2012,23.3,186,211,23.2,135,4
699,2013,14.3,176,208,13.4,83,0
699,2014,17.5,160,205,15.8,101,-2
699,2015,11.3,129,177,0.5,65,-30
699,2016,17.8,168,193,14.8,103,-14
699,2017,17.1,181,208,16.5,99,0
699,2018,16.8,165,198,14,97,-10
699,2019,15.5,169,198,11.9,90,-10
699,2020,12.3,154,194,9.6,71,-14
699,2021,20.7,166,200,17.8,120,-8
699,2022,14.9,152,207,9,86,-0
699,2023,20.1,171,211,19.5,116,4
699,2024,13,167,194,10,75,-14
699,2025,19.6,175,196,14.6,113,-12
699,2026,8.5,167,173,3.7,49,-34
700,1981,5.9,196,203,4.8,86,-2
700,1982,10.6,202,215,8.1,155,10
700,1983,7.3,197,205,5.6,107,0
700,1984,8.9,188,207,8.8,130,2
700,1985,7.7,184,200,7.7,112,-4
700,1986,5,171,186,3.5,73,-18
700,1987,3.3,182,189,3.2,48,-16
700,1988,6.6,194,201,6.2,96,-4
700,1989,9.1,187,204,9.1,133,-0
700,1990,6.8,177,192,5.7,99,-12
700,1991,9.9,218,230,7.3,145,26
700,1992,5,155,185,2.8,73,-20
700,1993,7,203,218,5.2,102,14
700,1994,4.2,165,198,3.8,61,-6
700,1995,8.7,214,223,7.5,127,18
700,1996,8.3,191,227,8,121,22
700,1997,14.3,199,223,12,209,18
700,1998,6.1,173,205,5.8,89,0
700,1999,6.7,165,200,4.9,98,-4
700,2000,5.9,178,196,5.7,86,-8
700,2001,7.6,197,210,5.9,111,6
700,2002,6.2,186,213,6.1,91,8
700,2003,8.1,190,204,6.9,118,-0
700,2004,7.5,160,184,3.7,109,-20
700,2005,4.9,179,195,4.6,72,-10
700,2006,9,189,204,8.8,131,-0
700,2007,4.8,163,174,0,70,-30
700,2008,7.8,196,220,6.7,114,16
700,2009,8.4,188,205,7.8,123,0
700,2010,5.7,197,203,5.2,83,-2
700,2011,10.8,214,227,8.5,158,22
700,2012,6.1,174,184,2.8,89,-20
700,2013,4.6,180,189,4.1,67,-16
700,2014,11.5,189,215,11.5,168,10
700,2015,3.6,129,167,0,53,-38
700,2016,4.9,184,193,4.9,72,-12
700,2017,4.9,165,183,2.1,72,-22
700,2018,13.7,197,217,11.4,200,12
700,2019,8.1,198,209,7.6,118,4
700,2020,6.5,188,210,6.1,95,6
700,2021,5,183,204,5,73,-0
700,2022,4.6,174,191,2.7,67,-14
700,2023,8.4,189,212,8.1,123,8
700,2024,5.4,194,204,4.8,79,-0
700,2025,7.5,175,209,6.5,109,4
700,2026,3.6,169,172,0.4,53,-32
701,1981,10.2,192,207,9.8,60,-20
701,1982,21.6,197,236,20,127,10
701,1983,23.3,234,255,17.8,137,28
701,1984,27.4,223,240,24.1,161,14
701,1985,17.3,188,238,17.3,102,12
701,1986,16.3,177,224,13.9,96,-2
701,1987,17.3,197,228,16.6,102,2
701,1988,15.1,193,224,14.9,89,-2
701,1989,13.1,189,204,11.8,77,-22
701,1990,13.5,216,234,10.9,79,8
701,1991,12.6,198,224,12.1,74,-2
701,1992,15.1,186,216,15,89,-10
701,1993,22.5,204,234,20.3,132,8
701,1994,16,195,230,12.6,94,4
701,1995,24,230,258,17.6,141,32
701,1996,21.6,184,223,21.6,127,-4
701,1997,23.7,216,230,19.4,139,4
701,1998,18.9,209,232,14.5,111,6
701,1999,14.7,218,232,11.4,86,6
701,2000,17.4,186,213,17.1,102,-14
701,2001,14.6,197,215,14.5,86,-12
701,2002,8.5,175,192,7.5,50,-34
701,2003,17.2,191,227,17.1,101,0
701,2004,14.2,207,224,10.8,84,-2
701,2005,18.5,194,233,17.7,109,6
701,2006,16.2,190,209,15.1,95,-18
701,2007,15.6,207,226,13.3,92,-0
701,2008,23.8,198,232,22.5,140,6
701,2009,19.2,201,221,15.4,113,-6
701,2010,16.7,190,226,16,98,-0
701,2011,19.7,216,240,18.3,116,14
701,2012,10.6,175,195,8,62,-32
701,2013,10.9,207,229,8.9,64,2
701,2014,20.6,190,220,19.1,121,-6
701,2015,13.6,167,245,11.9,80,18
701,2016,16.8,216,238,15.3,99,12
701,2017,22.1,196,228,20.4,130,2
701,2018,11.7,197,211,10.3,69,-16
701,2019,21.9,178,253,21.6,129,26
701,2020,18.9,206,221,18.1,111,-6
701,2021,14.4,183,226,14.4,85,-0
701,2022,16.4,189,218,16.1,96,-8
701,2023,20.1,184,233,20.1,118,6
701,2024,20.8,193,238,20.6,122,12
701,2025,17.7,189,225,16.1,104,-2
701,2026,10.4,161,177,0.7,61,-50
702,1984,23.6,197,238,20.8,74,11
702,1985,34.5,185,228,34.3,108,1
702,1986,23.5,177,232,22.5,73,5
702,1987,20.8,183,211,20.8,65,-16
702,1988,26.6,193,227,25.7,83,0
702,1989,30.3,188,214,28.2,95,-13
702,1990,27.7,169,201,25,86,-26
702,1991,22.8,195,233,19.2,71,6
702,1992,18.2,147,179,7.2,57,-48
702,1993,23.4,156,222,19.6,73,-5
702,1994,23.3,180,217,22.1,73,-10
702,1995,24.2,206,227,23.2,76,0
702,1996,18.9,160,229,18.1,59,2
702,1997,41.5,167,226,39.1,129,-1
702,1998,27.9,163,218,25.9,87,-9
702,1999,51.9,192,245,50.8,162,18
702,2000,35.5,183,233,35.4,111,6
702,2001,17.5,198,226,16.2,55,-1
702,2002,37.5,177,234,37,117,7
702,2003,25.5,190,233,24.1,80,6
702,2004,25.7,159,217,24.1,80,-10
702,2005,6.4,110,127,2.6,20,-100
702,2006,36.1,186,227,35.7,113,0
702,2007,32,162,223,29.1,100,-4
702,2008,47,195,244,45.3,147,17
702,2009,32,198,240,30.1,100,13
702,2010,32.2,198,247,27.2,100,20
702,2011,45.6,214,255,37.7,142,28
702,2012,44.5,193,238,43.6,139,11
702,2013,31.1,174,224,30.1,97,-3
702,2014,32.1,188,229,31.7,100,2
702,2015,10.6,129,204,7.6,33,-23
702,2016,32.1,182,221,31.9,100,-6
702,2017,33.8,198,240,32.3,105,13
702,2018,35.3,202,225,33.4,110,-2
702,2019,35.6,198,224,33.8,111,-3
702,2020,34.9,186,228,34.7,109,1
702,2021,41.3,198,228,39.8,129,1
702,2022,36,213,249,27,112,22
702,2023,39.7,192,228,35.4,124,1
702,2024,33.9,193,231,33.4,106,4
702,2025,38.3,175,222,35.9,120,-5
702,2026,19.8,165,216,17.6,62,-11
703,1981,8.2,196,209,7.6,67,-22
703,1982,14.9,204,239,13.6,122,8
703,1983,11.9,236,242,9.2,98,11
703,1984,13.8,225,234,9.1,113,3
703,1985,9.3,195,213,8.2,76,-18
703,1986,13.7,201,233,12.9,112,2
703,1987,8.7,197,208,8,71,-23
703,1988,8.5,190,218,8.3,70,-13
703,1989,10.6,194,222,9.2,87,-9
703,1990,12.7,201,238,11.2,104,7
703,1991,15.7,218,232,13.5,129,1
703,1992,12,208,218,9.9,98,-13
703,1993,11.4,214,229,8.9,93,-2
703,1994,13.3,198,223,11.8,109,-8
703,1995,15,226,250,10.7,123,19
703,1996,16.4,222,247,14.6,134,16
703,1997,16,214,234,13.9,131,3
703,1998,14,203,230,10.3,115,-1
703,1999,13.5,206,240,11.9,111,9
703,2000,9.7,191,217,9.4,80,-14
703,2001,8.5,199,221,6.6,70,-10
703,2002,9.6,216,233,8.7,79,2
703,2003,11.5,191,235,10.9,94,4
703,2004,10.1,170,211,8.4,83,-20
703,2005,10.7,184,233,10.7,88,2
703,2006,10.2,185,213,10.1,84,-18
703,2007,10.7,196,222,9.5,88,-9
703,2008,13.4,211,247,12.7,110,16
703,2009,13.5,198,234,12.6,111,3
703,2010,9.8,192,244,8.7,80,13
703,2011,23.1,243,260,15,189,29
703,2012,12.3,173,209,10.5,101,-22
703,2013,14.1,218,230,10.8,116,-1
703,2014,16.6,201,238,15.7,136,7
703,2015,10.3,198,234,9.8,84,3
703,2016,8.2,214,222,8.1,67,-9
703,2017,12.1,215,225,8.1,99,-6
703,2018,17.4,201,228,16.2,143,-3
703,2019,10,201,227,9,82,-4
703,2020,12.9,201,234,11.9,106,3
703,2021,12.5,210,235,11.7,102,4
703,2022,10.2,216,231,8.4,84,0
703,2023,11.5,189,217,11,94,-14
703,2024,7.5,194,232,6.2,61,1
703,2025,7.8,189,223,7.2,64,-8
703,2026,9.8,169,192,6.5,80,-39
704,1983,2,1,,,35,
704,1987,2.9,146,156,0,50,-13
704,1988,4.7,149,170,0,82,1
704,1989,6.4,160,178,3.1,111,9
704,1990,5.6,153,173,0,97,4
704,1991,4,134,148,0,70,-21
704,1992,0.9,151,154,0,16,-15
704,1993,6.6,117,174,0,115,5
704,1994,5.8,151,165,0,101,-4
704,1995,3.6,101,121,0,63,-48
704,1996,5.3,130,164,0,92,-5
704,1997,6.1,165,177,0.7,106,8
704,1998,6.1,125,171,0,106,2
704,1999,9.7,164,178,4.2,169,9
704,2000,5.3,138,161,0,92,-8
704,2001,4.5,158,167,0,78,-2
704,2002,8.5,163,185,5.1,148,16
704,2003,2.7,95,120,0,47,-49
704,2004,6.8,150,172,0,118,3
704,2005,4.6,145,166,0.1,80,-3
704,2006,7.4,129,187,4.4,129,18
704,2007,2.1,157,162,0,37,-7
704,2008,8.7,172,201,8.2,151,32
704,2009,6.1,147,183,3,106,14
704,2010,6.5,151,176,2.9,113,7
704,2011,3.9,165,185,2.4,68,16
704,2012,7.4,158,177,0.9,129,8
704,2013,3.3,153,165,0,57,-4
704,2014,5.1,147,158,0,89,-11
704,2015,3.3,111,132,0,57,-37
704,2016,6.5,147,161,0,113,-8
704,2017,9.1,132,171,0,158,2
704,2018,3.4,172,180,0.5,59,11
704,2019,8.1,157,181,3.1,141,12
704,2020,5.7,141,166,0,99,-3
704,2021,7,159,179,1.9,122,10
704,2022,5.7,116,171,0,99,2
704,2023,8.7,188,198,8.1,151,29
704,2024,7.6,167,183,3.2,132,14
704,2025,6,154,179,2.4,104,10
704,2026,1.1,142,149,0,19,-20
705,1981,13.2,190,199,10.9,104,20
705,1984,7.9,130,165,0,62,-14
705,1985,27.5,182,197,21.6,217,18
705,1986,8,172,182,3.4,63,4
705,1987,15.4,182,201,15,122,22
705,1988,13.4,147,180,5.4,106,2
705,1989,10.2,143,170,2.7,81,-8
705,1990,11.6,169,190,7.3,92,12
705,1991,28.8,182,213,28.5,228,34
705,1992,22.5,185,207,22.2,178,28
705,1993,25.4,154,203,21.9,201,24
705,1994,12.8,176,204,12.3,101,26
705,1995,17.7,139,188,10.8,140,10
705,1996,3.1,129,138,0.2,25,-40
705,1997,12.5,161,180,4.8,99,2
705,1998,21.1,200,217,18.2,167,38
705,1999,5.5,191,203,0,43,24
705,2000,5,163,189,3.7,40,10
705,2001,12.2,164,183,5.9,96,4
705,2002,3.8,95,152,0,30,-26
705,2003,13.5,171,191,9.3,107,12
705,2004,10.7,158,170,0,85,-8
705,2005,18.2,158,196,16.3,144,18
705,2006,4.7,174,183,2.3,37,4
705,2007,11.4,153,166,0,90,-12
705,2008,18.9,148,177,3.5,149,-2
705,2009,19.2,143,171,2,152,-8
705,2010,29.9,163,194,21.2,236,16
705,2011,10.3,152,166,0,81,-12
705,2012,8.6,144,165,0,68,-14
705,2013,13.6,162,174,0.7,108,-4
705,2014,2.7,83,138,0,21,-40
705,2015,3.4,111,129,0,27,-50
705,2016,13.8,129,153,0,109,-26
705,2017,15.9,155,170,0.4,126,-8
705,2018,3.9,156,161,0,31,-18
705,2019,14.8,166,184,7.8,117,6
705,2020,7,138,159,0,55,-20
705,2021,6.8,137,181,2.1,54,2
705,2022,6.9,96,167,0.2,55,-12
705,2023,19.1,179,195,18.9,151,16
705,2024,9.6,136,163,6.7,76,-16
705,2025,3,167,172,0,24,-6
705,2026,2.1,145,149,0,17,-30
706,1981,2.6,138,162,0,96,12
706,1982,13.5,192,204,11.1,500,54
706,1983,17.1,196,212,17.1,633,62
706,1984,11.5,171,197,8.6,426,46
706,1985,10.1,166,188,9,374,38
706,1986,6,109,132,0,222,-18
706,1987,6.5,176,183,2.9,241,32
706,1988,6.7,138,167,0,248,16
706,1989,11.6,171,189,8.2,430,38
706,1990,3.9,148,171,0,144,20
706,1991,5.6,179,186,4.5,207,36
706,1992,2.8,143,151,0,104,0
706,1993,17.2,157,170,0,637,20
706,1994,1.9,75,80,0,70,-70
706,1995,11.2,121,125,0,415,-26
706,1996,7.5,128,133,0.1,278,-18
706,1997,1.9,90,92,0,70,-58
706,1998,9.8,161,171,0,363,20
706,1999,6.5,164,171,2.7,241,20
706,2000,3.2,160,171,0,119,20
706,2001,2.1,157,161,0,78,10
706,2002,3.4,92,99,0,126,-52
706,2003,1.9,91,92,0,70,-58
706,2004,2.6,156,162,0,96,12
706,2005,1.8,70,72,0,67,-78
706,2006,4.4,147,189,2.7,163,38
706,2007,2.3,148,162,0,85,12
706,2008,4.4,160,165,2.1,163,14
706,2009,2.2,98,112,0,81,-38
706,2010,2.1,138,150,0.3,78,-0
706,2011,4.4,181,185,3.2,163,34
706,2012,1.9,117,122,0.4,70,-28
706,2013,2.6,131,154,0.3,96,4
706,2014,0.6,70,77,0.2,22,-74
706,2015,1.2,82,83,0,44,-68
706,2016,4.6,130,136,0,170,-14
706,2017,4.7,131,139,0,174,-12
706,2018,1.9,161,165,0,70,14
706,2019,5.9,165,185,3.5,219,34
706,2020,1.6,116,120,0,59,-30
706,2021,1.1,174,178,0,41,28
706,2022,2.5,95,99,0,93,-52
706,2023,8.2,180,194,7.6,304,44
706,2024,1.9,167,172,0,70,22
706,2025,6.7,145,177,1.1,248,26
706,2026,1.2,146,148,0,44,-2
707,1988,17.3,185,205,17.3,80,-10
707,1989,26.5,188,219,25.7,123,4
707,1990,23.2,177,225,22.2,108,10
707,1991,19.1,196,224,17.8,89,8
707,1992,13.6,148,201,10.2,63,-14
707,1993,19.8,174,225,18.2,92,10
707,1994,18,176,205,16.2,84,-10
707,1995,24.3,181,221,23.9,113,6
707,1996,12.8,161,208,12,60,-8
707,1997,38.2,170,226,36.1,178,10
707,1998,21.9,164,212,19.6,102,-4
707,1999,33.1,194,236,30.8,154,20
707,2000,28.5,177,219,28.1,133,4
707,2001,14.7,197,219,10.8,68,4
707,2002,29.6,172,226,28,138,10
707,2003,14.4,173,213,13.5,67,-2
707,2004,22.3,161,209,18.8,104,-6
707,2005,6.4,110,159,1.7,30,-56
707,2006,25.6,179,225,25.1,119,10
707,2007,20.7,160,204,15.7,96,-12
707,2008,37.3,206,234,33.1,173,18
707,2009,23.3,188,218,22.1,108,2
707,2010,16.9,192,207,15.4,79,-8
707,2011,34.5,214,246,26.3,160,30
707,2012,29.9,190,222,28,139,6
707,2013,18.8,164,208,16,87,-8
707,2014,18.6,180,214,18.1,87,-2
707,2015,9.2,129,162,0.2,43,-54
707,2016,23.5,181,201,22.7,109,-14
707,2017,20.2,161,218,19.4,94,2
707,2018,24.6,201,217,21.3,114,2
707,2019,21.1,169,203,16.2,98,-12
707,2020,24.2,190,210,23.9,113,-6
707,2021,21.4,181,201,21.1,100,-14
707,2022,16.6,175,217,13.4,77,2
707,2023,23.3,190,214,22.8,108,-2
707,2024,17.2,168,203,14.7,80,-12
707,2025,26.5,175,204,23.5,123,-12
707,2026,8.7,168,183,4.2,40,-32
708,1981,11.6,181,199,11,146,18
708,1982,9.9,184,195,9.9,125,14
708,1983,16.8,198,209,15.5,211,28
708,1984,7.6,165,200,7.5,96,20
708,1985,15.9,173,195,14.8,200,14
708,1986,7,176,190,3.8,88,10
708,1987,19.1,190,206,15.9,240,26
708,1988,10.4,172,190,6.9,131,10
708,1989,9.4,157,181,3.1,118,0
708,1990,6.5,165,195,4.3,82,14
708,1991,10.7,170,192,10.6,135,12
708,1992,12.6,188,198,12.6,158,18
708,1993,14.8,183,202,14.8,186,22
708,1994,9.2,165,199,8,116,18
708,1995,12.7,160,197,8.8,160,16
708,1996,5.7,172,185,3.1,72,4
708,1997,12.1,155,182,5.1,152,2
708,1998,9.8,171,194,8.6,123,14
708,1999,4.9,172,178,0.1,62,-2
708,2000,5.3,175,190,4.5,67,10
708,2001,13.8,171,195,10.8,174,14
708,2002,3.5,163,173,0,44,-8
708,2003,7.8,173,187,6,98,6
708,2004,8.1,160,177,0.3,102,-4
708,2005,14.8,177,197,14.3,186,16
708,2006,2.2,165,178,0.8,28,-2
708,2007,10.8,158,180,4.9,136,-0
708,2008,10.3,167,183,4.5,130,2
708,2009,7.4,139,174,2.9,93,-6
708,2010,13,172,194,11.4,164,14
708,2011,3.8,162,168,0,48,-12
708,2012,7.5,164,176,0,94,-4
708,2013,4.6,154,168,0,58,-12
708,2014,2.8,138,147,0,35,-34
708,2015,6.8,157,174,0,86,-6
708,2016,7.5,133,157,0,94,-24
708,2017,8.4,154,167,0,106,-14
708,2018,1.4,153,155,0,18,-26
708,2019,10.4,167,181,4.5,131,0
708,2020,7.4,153,169,0,93,-12
708,2021,4.3,154,163,0,54,-18
708,2022,5.3,150,179,1.2,67,-2
708,2023,8.8,179,190,7.8,111,10
708,2024,8.7,143,187,5,109,6
708,2025,2.8,40,78,0,35,-102
708,2026,1.4,77,83,0,18,-98
709,1986,0.7,364,,,3,
709,1987,18.1,198,223,18.1,65,-11
709,1988,26.4,190,239,25.3,95,5
709,1989,27.3,189,233,24.6,98,-1
709,1990,24.3,194,239,24.3,87,5
709,1991,31.5,220,241,25.3,113,7
709,1992,23.8,208,228,22.9,85,-6
709,1993,39,212,245,28.1,140,11
709,1994,23.7,198,232,20.8,85,-2
709,1995,39.5,227,260,24.6,142,26
709,1996,42.6,217,247,36.6,153,13
709,1997,47.2,216,245,36.6,169,11
709,1998,32.9,205,234,26.8,118,0
709,1999,29,220,245,22.9,104,11
709,2000,32,209,237,30.8,115,3
709,2001,23.1,198,227,20.5,83,-7
709,2002,17.2,174,218,16.4,62,-16
709,2003,32.3,225,239,25.3,116,5
709,2004,21.6,171,221,20.7,77,-13
709,2005,23.4,189,234,21.8,84,0
709,2006,38,191,227,35.5,136,-7
709,2007,22.7,196,224,21.4,81,-10
709,2008,38,198,245,32,136,11
709,2009,32.8,203,229,30.4,118,-5
709,2010,19.2,228,243,14.7,69,9
709,2011,51.6,218,253,40.7,185,19
709,2012,15.2,165,195,11.4,54,-39
709,2013,23.7,209,230,18.4,85,-4
709,2014,38.6,201,240,35.8,138,6
709,2015,19.4,179,220,18.3,70,-14
709,2016,33.3,191,245,32.8,119,11
709,2017,22.2,166,225,18.6,80,-9
709,2018,24.2,204,225,17.3,87,-9
709,2019,26.2,197,247,26.1,94,13
709,2020,26.8,210,231,25.2,96,-3
709,2021,16.2,180,222,16,58,-12
709,2022,23.7,218,231,18.8,85,-3
709,2023,31.4,190,230,30.7,113,-4
709,2024,29,194,239,28.2,104,5
709,2025,26.3,189,222,24.2,94,-12
709,2026,13,163,179,4.1,47,-55
710,1982,3.8,104,122,0.2,211,2
710,1983,0,365,365,0,0,246
710,1984,0.7,145,147,0,39,28
710,1985,2.8,91,98,0,156,-22
710,1986,4.5,63,79,0,250,-40
710,1987,0.4,146,148,0,22,28
710,1988,0.7,113,116,0,39,-4
710,1989,4.7,108,132,0,261,12
710,1990,3.7,142,148,0,206,28
710,1991,1.4,97,103,0,78,-16
710,1992,0.1,103,104,0,6,-16
710,1993,3.4,109,123,0,189,4
710,1994,0.7,137,138,0,39,18
710,1995,3.2,61,79,0,178,-40
710,1996,3.7,123,129,0,206,10
710,1997,0.9,155,158,0.3,50,38
710,1998,0.4,145,146,0,22,26
710,1999,1.2,70,73,0.5,67,-46
710,2000,1.9,106,110,0,106,-10
710,2001,0.4,107,108,0,22,-12
710,2002,2.4,120,134,0,133,14
710,2003,0,365,365,0,0,246
710,2004,2.2,99,102,0,122,-18
710,2005,0.6,68,69,0,33,-50
710,2006,0.8,69,71,0,44,-48
710,2007,2,154,156,0,111,36
710,2008,6.9,130,145,0,383,26
710,2009,4.4,89,102,0,244,-18
710,2010,0.3,92,93,0,17,-26
710,2011,3.2,149,158,0,178,38
710,2012,1,154,157,0,56,38
710,2013,1.8,122,126,0,100,6
710,2014,0.9,131,133,0,50,14
710,2015,0.4,92,93,0,22,-26
710,2016,3.3,92,104,0,183,-16
710,2017,2.7,105,112,0,150,-8
710,2018,1.8,153,158,0,100,38
710,2019,5.3,152,169,0,294,50
710,2020,2.8,110,116,0,156,-4
710,2021,0.8,151,152,0,44,32
710,2022,3.3,97,106,0,183,-14
710,2023,3.5,166,172,1.2,194,52
710,2024,4,109,113,0,222,-6
710,2025,1.4,168,172,0,78,52
710,2026,0.4,102,103,0,22,-16
711,1983,47.2,198,242,45.2,119,0
711,1984,35.5,221,263,32.3,90,21
711,1985,39.6,185,240,39.2,100,-2
711,1986,35.9,204,246,34.2,91,4
711,1987,39.8,203,231,37.2,101,-11
711,1988,38.6,197,246,35,98,4
711,1989,40.9,189,246,34.8,103,4
711,1990,46,184,252,45.7,116,10
711,1991,66.6,200,260,59,168,18
711,1992,41.3,167,235,40.5,104,-7
711,1993,28,195,229,26,71,-13
711,1994,33.9,199,222,33,86,-20
711,1995,58.1,205,242,53,147,0
711,1996,52.5,220,255,51.4,133,13
711,1997,58.9,202,255,56.4,149,13
711,1998,34.5,202,229,32.9,87,-13
711,1999,66,199,259,61.7,167,17
711,2000,39,192,242,38.5,99,0
711,2001,24.7,199,235,23.1,62,-7
711,2002,52.9,196,255,49,134,13
711,2003,37.3,196,246,35.9,94,4
711,2004,30.8,187,228,30.4,78,-14
711,2005,19.1,200,219,15.6,48,-23
711,2006,43.4,202,243,41.3,110,1
711,2007,42.4,176,237,38.8,107,-5
711,2008,37.3,196,244,34.3,94,2
711,2009,31.4,203,242,27.6,79,0
711,2010,32.1,197,248,28.2,81,6
711,2011,48.9,206,258,44,124,16
711,2012,55.4,204,258,50.3,140,16
711,2013,33.9,207,240,33.5,86,-2
711,2014,45.8,212,246,42.5,116,4
711,2015,27.8,200,231,26.7,70,-11
711,2016,43,185,231,42.8,109,-11
711,2017,40.1,200,242,36.4,101,0
711,2018,49.7,203,237,43.2,126,-5
711,2019,25.4,201,227,24.1,64,-15
711,2020,37.7,194,242,36.1,95,0
711,2021,42.8,198,243,40.4,108,1
711,2022,39.2,206,260,33.5,99,18
711,2023,32.3,192,230,29.1,82,-12
711,2024,20.4,169,231,19.6,52,-11
711,2025,26.5,175,229,24.5,67,-13
711,2026,34.8,170,227,33.5,88,-15
712,1981,19.6,196,213,8.4,40,-23
712,1982,53.4,203,252,48.1,110,16
712,1983,45.2,188,234,43.6,93,-2
712,1984,55.2,225,255,48.2,114,19
712,1985,65.8,184,240,65.8,136,4
712,1986,45.7,147,238,37.3,94,2
712,1987,41.9,190,221,40.6,87,-15
712,1988,47.7,192,238,45.3,99,2
712,1989,59.8,187,249,56.9,124,13
712,1990,50.4,144,228,45.4,104,-8
712,1991,38.9,193,239,32.5,80,3
712,1992,18,147,185,9.4,37,-51
712,1993,50.4,176,230,45.4,104,-6
712,1994,43.1,200,224,41.3,89,-12
712,1995,38.5,146,231,35.3,80,-5
712,1996,40.9,131,241,37.6,85,5
712,1997,78.6,169,244,77.2,162,8
712,1998,53.1,197,239,50.2,110,3
712,1999,68.4,230,260,65,141,24
712,2000,55.1,188,243,52.9,114,7
712,2001,33.8,200,234,29.4,70,-2
712,2002,76.4,198,251,73,158,15
712,2003,31.6,190,241,28.4,65,5
712,2004,52.1,160,229,49.3,108,-7
712,2005,13.9,198,213,9.3,29,-23
712,2006,55.2,197,237,53,114,1
712,2007,59.9,164,231,49.3,124,-5
712,2008,101.4,214,271,88.6,210,35
712,2009,57.8,188,239,52.1,119,3
712,2010,45.5,216,252,36.1,94,16
712,2011,69.9,224,260,57.4,144,24
712,2012,67.7,203,247,64.7,140,11
712,2013,46.4,202,227,43,96,-9
712,2014,41,188,235,40.5,85,-1
712,2015,6.8,97,120,1.6,14,-116
712,2016,47.4,186,223,46.8,98,-13
712,2017,63.3,210,247,59.6,131,11
712,2018,46,201,229,37.2,95,-7
712,2019,42.6,193,223,40.2,88,-13
712,2020,49.4,189,234,47.8,102,-2
712,2021,56.1,199,239,54.2,116,3
712,2022,74.8,220,254,52.3,155,18
712,2023,60.7,213,227,47.9,125,-9
712,2024,41.8,221,245,38.3,86,9
712,2025,54.2,176,223,45,112,-13
712,2026,27.6,164,193,15.4,57,-43
713,1981,17.9,191,220,16.4,72,-17
713,1982,33.1,192,246,32.6,133,9
713,1983,37,216,262,29.3,148,25
713,1984,44.5,229,244,30.5,178,7
713,1985,35.5,215,241,33.1,142,4
713,1986,27.3,210,239,21.4,109,2
713,1987,34.1,204,242,31.3,137,5
713,1988,22.8,218,238,21.3,91,1
713,1989,24.6,186,224,24.1,99,-13
713,1990,21,215,236,12.9,84,-1
713,1991,25.7,215,233,22.2,103,-4
713,1992,26.5,191,231,25.9,106,-6
713,1993,36.5,203,241,32.3,146,4
713,1994,23.1,216,235,19.3,93,-2
713,1995,36.8,226,258,28.6,147,21
713,1996,27.6,205,225,25.6,111,-12
713,1997,34.9,215,246,28,140,9
713,1998,25.3,203,240,21.1,101,3
713,1999,30.4,219,245,18.3,122,8
713,2000,23,188,230,22.1,92,-7
713,2001,24.6,207,238,19.9,99,1
713,2002,14.9,180,208,14.6,60,-29
713,2003,19.5,207,235,17.5,78,-2
713,2004,25.4,209,236,21.1,102,-1
713,2005,30.9,216,240,28.1,124,3
713,2006,24.4,190,229,22.4,98,-8
713,2007,23.7,221,244,19,95,7
713,2008,34.4,197,247,30.5,138,10
713,2009,27.5,201,225,23.2,110,-12
713,2010,24.2,190,234,22.7,97,-3
713,2011,33.7,234,253,24.1,135,16
713,2012,17.8,174,218,15.8,71,-19
713,2013,19.6,208,227,17,79,-10
713,2014,24.5,214,243,22.4,98,6
713,2015,20.2,238,254,17.3,81,17
713,2016,23.3,216,250,20,93,13
713,2017,27.4,187,245,26.6,110,8
713,2018,16.4,208,225,14.1,66,-12
713,2019,36.4,215,258,33,146,21
713,2020,24.5,208,233,23.6,98,-4
713,2021,21.1,184,241,21,85,4
713,2022,19.9,182,222,19.3,80,-15
713,2023,31.1,211,242,30,125,5
713,2024,21.8,195,241,20.6,87,4
713,2025,21.3,191,236,20.1,85,-1
713,2026,10.3,160,182,5.1,41,-55
714,1981,12,191,208,10.4,79,-8
714,1982,25.1,193,221,23.6,166,4
714,1983,31.9,234,244,27.1,211,28
714,1984,33.8,222,234,27.7,223,18
714,1985,21.1,183,199,21.1,139,-18
714,1986,21.8,171,224,18.6,144,8
714,1987,11.4,192,207,10.4,75,-10
714,1988,17.5,187,223,17.5,116,6
714,1989,17.2,173,197,14.4,114,-20
714,1990,14.5,184,200,14.5,96,-16
714,1991,18.2,218,231,16.7,120,14
714,1992,10.3,185,201,9.8,68,-16
714,1993,22.4,191,228,21,148,12
714,1994,14.3,194,205,12.4,94,-12
714,1995,20.3,215,243,17.4,134,26
714,1996,20.1,206,222,18.9,133,6
714,1997,22.4,197,221,16.7,148,4
714,1998,16.2,204,222,14.3,107,6
714,1999,12.1,194,231,9.4,80,14
714,2000,16.2,178,210,16.1,107,-6
714,2001,10.5,197,212,8.8,69,-4
714,2002,12.2,179,196,11.4,81,-20
714,2003,14.8,191,211,13.2,98,-6
714,2004,14.2,164,196,10.2,94,-20
714,2005,18.2,195,229,17.5,120,12
714,2006,25.1,191,220,23.1,166,4
714,2007,8.5,162,186,5.4,56,-30
714,2008,21.1,196,224,18.8,139,8
714,2009,18.2,200,218,13.6,120,2
714,2010,13.7,197,218,11.2,90,2
714,2011,21.6,215,238,19.8,143,22
714,2012,9.4,174,193,6.4,62,-24
714,2013,9.7,203,212,7.9,64,-4
714,2014,14.2,188,206,13.7,94,-10
714,2015,10.4,161,195,5.7,69,-22
714,2016,11.7,185,197,11.7,77,-20
714,2017,21.8,168,219,19.5,144,2
714,2018,9.6,181,208,9.2,63,-8
714,2019,22.5,199,226,21.3,149,10
714,2020,15.5,202,215,14.8,102,-2
714,2021,11,184,206,11,73,-10
714,2022,13.6,200,215,12.2,90,-2
714,2023,23.2,191,223,22.6,153,6
714,2024,17.2,194,209,17,114,-8
714,2025,14.3,190,208,13.3,94,-8
714,2026,6.7,160,173,0,44,-44
715,1981,4.9,188,191,4.9,59,0
715,1982,9.3,183,197,9.3,112,6
715,1983,13.5,197,213,10.8,163,22
715,1984,10.3,193,209,8.7,124,18
715,1985,10.5,183,197,10.5,127,6
715,1986,6.4,174,182,2.1,77,-9
715,1987,13.3,196,208,12.5,160,17
715,1988,6.2,173,193,4.9,75,2
715,1989,10.3,159,185,6.2,124,-6
715,1990,8,191,198,7.4,96,7
715,1991,11.9,185,201,11.6,143,10
715,1992,10,185,198,10,120,7
715,1993,12.6,159,205,10.1,152,14
715,1994,11.8,195,206,9.6,142,15
715,1995,8.2,185,196,8.1,99,5
715,1996,5.1,173,183,1.5,61,-8
715,1997,9.1,161,202,6.5,110,11
715,1998,7.7,191,206,7.1,93,15
715,1999,6,140,157,0,72,-34
715,2000,7.7,187,194,7.4,93,3
715,2001,9.4,174,199,8.4,113,8
715,2002,6.1,161,175,0,73,-16
715,2003,8.6,179,194,7.5,104,3
715,2004,7.5,157,175,0,90,-16
715,2005,12.8,186,199,12.8,154,8
715,2006,4.2,186,191,4.1,51,0
715,2007,9.9,157,174,5.5,119,-17
715,2008,12.9,172,187,8.3,155,-4
715,2009,8.9,165,205,6.4,107,14
715,2010,10.5,181,199,10,127,8
715,2011,5,164,172,0,60,-19
715,2012,8.2,167,181,1.2,99,-10
715,2013,7.6,177,189,6.1,92,-2
715,2014,3.5,139,149,0,42,-42
715,2015,8.3,161,183,3.9,100,-8
715,2016,6.3,141,161,0.4,76,-30
715,2017,9.2,163,174,5.6,111,-17
715,2018,2.4,158,165,0,29,-26
715,2019,11.2,177,203,10.4,135,12
715,2020,8.3,177,191,7.5,100,0
715,2021,8,184,190,8,96,-1
715,2022,6.4,170,188,5,77,-3
715,2023,7.4,179,194,6.9,89,3
715,2024,5.8,154,189,3.9,70,-2
715,2025,2.1,147,151,0,25,-40
715,2026,1.5,79,98,0,18,-93
716,1983,33.7,232,252,27.9,207,21
716,1984,21.1,221,234,14.8,129,3
716,1985,12.7,190,213,12.1,78,-18
716,1986,18.6,202,233,13.2,114,2
716,1987,17.6,189,218,17.1,108,-13
716,1988,11.9,188,218,11.9,73,-13
716,1989,10.6,195,206,9.2,65,-25
716,1990,12.7,196,232,10.9,78,1
716,1991,15.3,213,231,11.5,94,0
716,1992,16.1,185,213,16.1,99,-18
716,1993,25.6,215,232,16.9,157,1
716,1994,15,198,222,14.1,92,-9
716,1995,26.9,226,257,10.4,165,26
716,1996,20.4,216,231,15.5,125,0
716,1997,26.4,197,233,22.4,162,2
716,1998,14.2,202,217,12.3,87,-14
716,1999,18.1,210,234,12.4,111,3
716,2000,15.9,203,218,12.8,98,-13
716,2001,16.7,206,224,12.6,102,-7
716,2002,9.9,192,217,9.7,61,-14
716,2003,14.7,207,234,12.8,90,3
716,2004,11.8,174,217,11.2,72,-14
716,2005,10.8,189,230,10.2,66,-1
716,2006,16.5,191,225,15.3,101,-6
716,2007,14.2,196,226,14.2,87,-5
716,2008,18.3,229,244,13.9,112,13
716,2009,17.8,201,231,14.3,109,0
716,2010,18.3,228,242,15.9,112,11
716,2011,19,217,246,14.2,117,15
716,2012,15,173,215,13.6,92,-16
716,2013,13.5,207,227,9.8,83,-4
716,2014,20.6,199,239,18.5,126,8
716,2015,11.9,202,237,9.5,73,6
716,2016,19.2,215,235,16.3,118,4
716,2017,13.5,216,224,12.1,83,-7
716,2018,11.3,204,220,10,69,-11
716,2019,17.4,201,246,16.4,107,15
716,2020,18.5,208,231,16.6,113,0
716,2021,16.5,207,232,15,101,1
716,2022,15.3,213,231,13.8,94,0
716,2023,17.1,190,228,14.5,105,-3
716,2024,12.1,223,240,9.4,74,9
716,2025,12.2,215,225,11.5,75,-6
716,2026,7,170,195,3.9,43,-36
717,1986,0,365,365,,0,124
717,1987,16.3,202,220,15.8,56,-21
717,1988,27.9,176,242,27.3,95,1
717,1989,24.6,189,235,21.6,84,-6
717,1990,20.3,214,241,19.6,69,0
717,1991,28,220,243,22.7,96,2
717,1992,21.2,208,228,20.8,72,-13
717,1993,42.5,222,257,34.5,145,16
717,1994,24.5,195,233,21.5,84,-8
717,1995,40.5,225,267,25.7,138,26
717,1996,37.2,207,249,34.8,127,8
717,1997,37.8,216,246,30.8,129,5
717,1998,32.3,204,241,26.3,110,0
717,1999,28.4,225,244,21.5,97,3
717,2000,27.4,191,236,26.4,94,-5
717,2001,30.3,197,237,25.7,103,-4
717,2002,18.5,181,220,18.2,63,-21
717,2003,33.7,224,242,27.1,115,1
717,2004,24.9,209,235,22.7,85,-6
717,2005,23.7,195,241,23.6,81,0
717,2006,32.1,190,234,30.8,110,-7
717,2007,22.9,196,233,21.6,78,-8
717,2008,29,196,239,24.8,99,-2
717,2009,33.4,202,231,29.9,114,-10
717,2010,24.5,228,248,19.3,84,7
717,2011,49.7,238,259,38.6,170,18
717,2012,18,159,218,15.9,61,-23
717,2013,27.5,207,240,21,94,-1
717,2014,33.5,197,245,31.4,114,4
717,2015,21.2,238,253,20.1,72,12
717,2016,31.4,225,252,27.3,107,11
717,2017,29.6,215,248,28.3,101,7
717,2018,27.1,204,235,21.4,92,-6
717,2019,34.1,201,261,32.4,116,20
717,2020,30.1,210,240,27.2,103,-1
717,2021,22.7,185,235,22.7,77,-6
717,2022,24.3,208,239,22.3,83,-2
717,2023,37.3,211,244,36,127,3
717,2024,28.4,203,250,26.5,97,9
717,2025,23.8,190,236,22.5,81,-5
717,2026,13.6,170,226,10.3,46,-15
718,1981,12.2,191,211,11.6,70,-24
718,1982,20.1,229,252,18.1,115,18
718,1983,30.4,232,260,19.1,174,26
718,1984,24.6,223,238,19.6,141,4
718,1985,17.6,209,233,16.1,101,-2
718,1986,31.7,203,241,26.7,181,6
718,1987,12.2,196,220,11.6,70,-14
718,1988,18.8,211,241,18.1,107,6
718,1989,16.1,194,219,14,92,-16
718,1990,18.4,193,237,18.1,105,2
718,1991,17.7,214,238,15,101,4
718,1992,13.4,188,220,13.2,77,-14
718,1993,21.7,209,238,18.5,124,4
718,1994,15.4,198,226,14.1,88,-8
718,1995,20.2,243,256,11.3,115,22
718,1996,24.5,208,234,21.1,140,-0
718,1997,26.5,220,238,21.7,151,4
718,1998,17.2,204,233,14.6,98,-2
718,1999,19.9,219,243,15,114,8
718,2000,15,187,228,14.6,86,-6
718,2001,16,207,228,11.7,91,-6
718,2002,9.6,180,217,9.5,55,-18
718,2003,19.2,207,238,17.9,110,4
718,2004,15.2,207,223,12.8,87,-12
718,2005,15.6,221,236,14.2,89,2
718,2006,17.3,190,226,16.7,99,-8
718,2007,19.7,208,231,16.9,113,-4
718,2008,22,202,245,19.4,126,10
718,2009,19.7,202,230,14.7,113,-4
718,2010,22.8,228,243,16,130,8
718,2011,28.7,218,250,21.2,164,16
718,2012,12.8,175,214,11.5,73,-20
718,2013,17.3,215,235,11.9,99,0
718,2014,23.3,199,241,21.2,133,6
718,2015,12.3,204,237,10.3,70,2
718,2016,22.8,225,246,17.8,130,12
718,2017,16.9,216,229,16.2,97,-6
718,2018,14.5,204,226,13.5,83,-8
718,2019,18.1,198,239,17.8,103,4
718,2020,17.1,202,224,15.3,98,-10
718,2021,15.9,211,237,15.7,91,2
718,2022,17.2,201,228,15.7,98,-6
718,2023,19.1,191,231,18.2,109,-4
718,2024,15,186,234,15,86,-0
718,2025,13.8,189,218,13.4,79,-16
718,2026,8.6,168,193,4.5,49,-42
719,1981,10.1,196,206,6.3,37,-12
719,1982,42.5,203,237,38.2,155,20
719,1983,35.6,198,234,32.2,130,16
719,1984,37.5,215,242,30.7,137,24
719,1985,43.3,184,233,42.8,158,16
719,1986,30.8,175,239,27.4,112,22
719,1987,26.6,182,207,26.4,97,-10
719,1988,23.3,192,227,23.1,85,10
719,1989,49.5,187,224,47,180,6
719,1990,26.3,172,197,22.6,96,-20
719,1991,23,194,234,19.9,84,16
719,1992,15.3,142,168,0.3,56,-50
719,1993,34.6,156,225,26,126,8
719,1994,23.3,193,215,21.6,85,-2
719,1995,25.7,121,230,24.6,94,12
719,1996,20.2,158,221,19.5,74,4
719,1997,39.7,168,224,36.2,145,6
719,1998,25.4,199,215,22.6,93,-2
719,1999,62.7,198,253,59.3,228,36
719,2000,39.5,171,211,36.1,144,-6
719,2001,21.9,169,217,15,80,-0
719,2002,38.9,169,216,37.5,142,-2
719,2003,14.7,190,232,11.4,54,14
719,2004,38.4,159,214,33.6,140,-4
719,2005,12.9,202,213,10,47,-4
719,2006,43.8,200,226,42.2,160,8
719,2007,27.8,161,213,23.9,101,-4
719,2008,63.2,212,243,58,230,26
719,2009,44.2,187,231,41.2,161,14
719,2010,23.2,193,239,19.6,85,22
719,2011,41.8,217,255,37.8,152,38
719,2012,37.6,191,227,35.2,137,10
719,2013,27.1,179,215,24.8,99,-2
719,2014,18.6,188,217,18.1,68,-0
719,2015,3.1,108,127,0.5,11,-90
719,2016,26.6,185,215,26.6,97,-2
719,2017,36.4,160,235,33.8,133,18
719,2018,20.9,184,217,20.3,76,-0
719,2019,30,181,218,29.9,109,0
719,2020,31.2,188,214,30,114,-4
719,2021,33.3,183,217,33.3,121,-0
719,2022,24.6,206,241,16.2,90,24
719,2023,40.9,204,228,33.8,149,10
719,2024,25.9,191,228,25,94,10
719,2025,34.7,174,214,32,126,-4
719,2026,6.4,146,170,0,23,-48
720,1981,7.4,191,198,6.6,92,-0
720,1982,9.1,192,207,8.6,113,8
720,1983,13.9,198,221,12.5,173,22
720,1984,9.7,190,201,8.7,120,2
720,1985,12.2,184,194,12.2,152,-4
720,1986,16.6,173,205,10.9,206,6
720,1987,7,186,192,7,87,-6
720,1988,8.2,173,186,5.1,102,-12
720,1989,7.7,175,190,6.8,96,-8
720,1990,7.9,173,193,6.6,98,-6
720,1991,8.2,183,202,8.2,102,4
720,1992,5.4,164,186,3.9,67,-12
720,1993,13.6,174,208,13.1,169,10
720,1994,6.5,165,197,5.1,81,-2
720,1995,7.9,166,190,6.9,98,-8
720,1996,11.3,182,210,10.8,140,12
720,1997,17.8,167,205,14.4,221,6
720,1998,10.4,171,208,9,129,10
720,1999,7.8,194,200,6.7,97,2
720,2000,9.5,176,195,8.7,118,-4
720,2001,8.3,171,201,5.2,103,2
720,2002,5.6,173,187,4.7,70,-12
720,2003,7.2,182,196,6.9,89,-2
720,2004,8.8,164,183,3.6,109,-16
720,2005,17.4,185,210,17.2,216,12
720,2006,12.3,190,204,12.2,153,6
720,2007,6.3,163,176,1.7,78,-22
720,2008,11.6,197,212,11,144,14
720,2009,7.2,194,204,6.2,89,6
720,2010,8.9,192,202,7.2,111,4
720,2011,12.8,181,211,11.4,159,12
720,2012,4.6,175,183,1.3,57,-16
720,2013,6.2,176,187,4.3,77,-12
720,2014,6.4,189,195,6,80,-4
720,2015,4.9,163,174,0.3,61,-24
720,2016,6.7,182,196,6.6,83,-2
720,2017,14.3,161,196,10.6,178,-2
720,2018,2,174,182,0.3,25,-16
720,2019,12.9,185,207,12.6,160,8
720,2020,7.9,191,206,7.7,98,8
720,2021,6.1,183,192,6.1,76,-6
720,2022,5.6,172,190,4.2,70,-8
720,2023,14.3,191,215,13.9,178,16
720,2024,9.5,185,202,9.5,118,4
720,2025,5.6,174,193,4.6,70,-6
720,2026,4,148,165,0,50,-34
721,1981,2.2,139,153,0,32,-18
721,1982,9,176,197,7.3,129,26
721,1983,11.6,159,198,10.3,167,27
721,1984,9.4,182,199,8.4,135,28
721,1985,7,165,184,3.7,101,13
721,1986,9.5,147,172,0,137,1
721,1987,3.6,151,177,0,52,6
721,1988,5,148,157,0,72,-14
721,1989,9,160,190,6,129,19
721,1990,1.6,147,171,0,23,0
721,1991,2.9,206,219,2.8,42,48
721,1992,1.6,82,89,0,23,-82
721,1993,10.9,156,176,1.2,157,5
721,1994,2.1,74,83,0,30,-88
721,1995,6.6,123,147,0,95,-24
721,1996,5.3,130,163,0.4,76,-8
721,1997,7.7,157,172,0.1,111,1
721,1998,11.4,162,175,3.3,164,4
721,1999,9.2,166,178,5,132,7
721,2000,8.2,164,179,2.3,118,8
721,2001,5.9,157,173,0,85,2
721,2002,6.8,171,180,1.2,98,9
721,2003,2.4,96,112,0,35,-59
721,2004,9.3,159,169,0,134,-2
721,2005,4.5,128,134,0,65,-37
721,2006,8.8,172,185,5.2,127,14
721,2007,1.8,125,141,0,26,-30
721,2008,7.4,157,190,5.2,106,19
721,2009,5.9,171,187,3.2,85,16
721,2010,8.7,166,179,3.5,125,8
721,2011,10.5,181,191,7.9,151,20
721,2012,3.2,145,163,0,46,-8
721,2013,7.8,152,167,0,112,-4
721,2014,2.5,146,154,0,36,-17
721,2015,2.3,116,129,0,33,-42
721,2016,7.5,130,158,0,108,-13
721,2017,9.9,160,170,0,142,-1
721,2018,1.7,120,127,0,24,-44
721,2019,11.2,166,184,6.1,161,13
721,2020,7.1,148,172,0.1,102,1
721,2021,7.9,154,180,2.3,114,9
721,2022,4.5,152,167,0,65,-4
721,2023,10.6,183,213,10.6,153,42
721,2024,8.9,164,176,3.5,128,5
721,2025,10.9,160,187,5.8,157,16
721,2026,1.5,126,131,0,22,-40
722,1981,19.5,238,253,15.4,119,6
722,1982,23,224,268,19,140,21
722,1983,19,233,249,12.9,116,2
722,1984,15.3,223,262,11.3,93,15
722,1985,13.2,210,234,12.7,80,-13
722,1986,15.9,228,244,14.1,97,-3
722,1987,12,209,224,10.7,73,-23
722,1988,17.5,224,243,11.9,107,-4
722,1989,14.5,218,249,12.5,88,2
722,1990,17.6,235,257,14.8,107,10
722,1991,18.1,226,253,12.2,110,6
722,1992,13.8,209,229,11.8,84,-18
722,1993,17.1,218,240,10.9,104,-7
722,1994,13.3,198,239,10.9,81,-8
722,1995,22,226,262,14.1,134,15
722,1996,18.4,224,257,16.2,112,10
722,1997,22.1,220,248,18,135,1
722,1998,16,203,238,13.3,98,-9
722,1999,17.7,229,256,14,108,9
722,2000,11.9,202,239,11,73,-8
722,2001,15.2,219,238,12.3,93,-9
722,2002,14.5,224,250,10.6,88,3
722,2003,19.8,226,247,14.4,121,0
722,2004,14.5,214,251,11.7,88,4
722,2005,14.2,225,261,9.1,87,14
722,2006,19.4,209,237,14.6,118,-10
722,2007,13.8,210,230,12,84,-17
722,2008,16.6,257,268,12.2,101,21
722,2009,22.4,228,257,17.3,137,10
722,2010,15.1,243,260,11.4,92,13
722,2011,24.7,223,268,16.4,151,21
722,2012,17.5,203,235,15.2,107,-12
722,2013,14.5,218,234,10.8,88,-13
722,2014,24.6,213,247,21.1,150,0
722,2015,15.2,210,241,12.6,93,-6
722,2016,14.7,200,248,12.8,90,1
722,2017,15.1,217,246,11.5,92,-1
722,2018,25.5,209,246,21.5,155,-1
722,2019,18.6,216,248,15.2,113,1
722,2020,16.2,203,244,14.4,99,-3
722,2021,16.1,211,246,14.2,98,-1
722,2022,15.3,214,257,12,93,10
722,2023,19.6,210,236,15.3,120,-11
722,2024,12.3,223,246,9.9,75,-1
722,2025,15,207,244,12.6,91,-3
722,2026,16.4,201,236,14.7,100,-11
723,1981,0,365,365,,0,138
723,1982,37,196,237,33.6,156,10
723,1983,55.6,234,256,44.5,235,29
723,1984,62.3,205,243,48.4,263,16
723,1985,31.4,185,215,31.4,133,-12
723,1986,24.8,212,235,21.6,105,8
723,1987,23.9,183,212,23.9,101,-15
723,1988,17.4,187,227,17.4,74,0
723,1989,20.7,189,205,19,88,-22
723,1990,20.5,180,219,19.8,87,-8
723,1991,22.8,216,247,14.9,96,20
723,1992,16.3,183,208,16.2,69,-19
723,1993,36.6,201,236,33.9,155,9
723,1994,21.4,194,224,18.2,90,-3
723,1995,40.7,227,258,32,172,31
723,1996,20.3,206,227,19.9,86,0
723,1997,32.5,196,229,28.9,137,2
723,1998,40.7,203,244,33,172,17
723,1999,23.5,218,237,16.2,99,10
723,2000,25.7,185,217,25.7,109,-10
723,2001,23.5,197,221,18.6,99,-6
723,2002,18.7,181,219,18.1,79,-8
723,2003,19.1,191,232,16.9,81,5
723,2004,26.9,161,217,22.8,114,-10
723,2005,37.5,225,240,33.7,159,13
723,2006,29.9,203,225,26,126,-2
723,2007,15,162,211,13.4,63,-16
723,2008,27.2,195,230,24.1,115,3
723,2009,28.2,200,223,21.5,119,-4
723,2010,22.7,196,246,19.1,96,19
723,2011,41.9,215,261,35.3,177,34
723,2012,14,174,208,12.9,59,-19
723,2013,23.8,205,225,16.7,101,-2
723,2014,19.3,189,228,17.8,82,1
723,2015,9.6,165,183,4.6,41,-44
723,2016,23.5,185,227,23.5,99,0
723,2017,29.9,213,236,28,126,9
723,2018,13.7,201,210,12.5,58,-17
723,2019,40.7,200,249,32.4,172,22
723,2020,24.8,203,220,24,105,-7
723,2021,19.7,183,217,19.7,83,-10
723,2022,12.2,174,215,11.4,52,-12
723,2023,46.3,193,234,42.9,196,7
723,2024,28.6,193,231,28.4,121,4
723,2025,26.5,189,221,25.4,112,-6
723,2026,11.2,163,179,3.4,47,-48
724,1981,19.9,189,214,18.9,75,-9
724,1982,46.7,203,235,41.6,176,12
724,1983,64.9,223,251,60.8,245,28
724,1984,31.9,196,231,30.3,120,8
724,1985,28.6,185,216,28.6,108,-7
724,1986,39.3,178,228,36.5,148,5
724,1987,15.2,183,205,15.2,57,-18
724,1988,15.1,166,194,11.6,57,-29
724,1989,30.6,179,217,30.3,115,-6
724,1990,16.8,171,196,13.6,63,-27
724,1991,22.1,187,236,21.4,83,13
724,1992,12.9,184,201,12.9,49,-22
724,1993,49.7,204,234,47.5,188,11
724,1994,15.7,168,203,14.6,59,-20
724,1995,53.3,214,254,46.5,201,31
724,1996,34.4,190,227,33.3,130,4
724,1997,30.9,172,218,28.1,117,-5
724,1998,43,201,253,39.2,162,30
724,1999,49.6,196,241,45.8,187,18
724,2000,26.6,167,219,24.9,100,-4
724,2001,16.7,167,219,12.3,63,-4
724,2002,24.6,180,222,23.2,93,-1
724,2003,26.5,224,237,17,100,14
724,2004,28.3,165,214,23.7,107,-9
724,2005,40.9,195,239,39.5,154,16
724,2006,39.3,206,232,31.9,148,9
724,2007,14,161,212,12,53,-11
724,2008,26.5,178,224,26.3,100,1
724,2009,22.4,180,223,22.2,85,0
724,2010,29.5,212,250,25.3,111,27
724,2011,47.4,215,261,46.3,179,38
724,2012,16.2,200,219,15.3,61,-4
724,2013,14.7,164,206,12.1,55,-17
724,2014,10.2,187,202,10.2,38,-21
724,2015,4.4,137,167,0,17,-56
724,2016,24,183,223,23.9,91,0
724,2017,59.5,196,243,56.6,225,20
724,2018,16.2,179,207,15.7,61,-16
724,2019,42.8,189,245,41.2,162,22
724,2020,21.6,193,215,19.4,82,-8
724,2021,17,177,202,15.5,64,-21
724,2022,20,164,192,14.4,75,-31
724,2023,59.7,180,243,59.5,225,20
724,2024,28.3,193,229,27.7,107,6
724,2025,23.7,191,221,22.4,89,-2
724,2026,14,146,170,0.5,53,-53
725,1981,23.6,233,249,14.8,117,7
725,1982,23.5,203,267,19,117,25
725,1983,22.3,232,253,15.3,111,11
725,1984,27.3,220,268,21.9,135,26
725,1985,16.3,190,222,16.2,81,-20
725,1986,19.6,228,244,16.1,97,2
725,1987,11.5,195,211,11,57,-31
725,1988,20,224,237,14.4,99,-5
725,1989,21.6,217,251,17.1,107,9
725,1990,24.6,237,253,18.9,122,11
725,1991,26.6,223,251,15.3,132,9
725,1992,20.5,207,232,13.8,102,-10
725,1993,22.9,219,243,14.2,114,1
725,1994,14.2,197,222,11.9,70,-20
725,1995,27.2,226,257,18.5,135,15
725,1996,24.8,225,257,20.1,123,15
725,1997,36.3,215,249,30,180,7
725,1998,18.9,203,232,14.9,94,-10
725,1999,21.1,227,247,18.2,105,5
725,2000,14.3,201,247,13.4,71,5
725,2001,17.7,206,221,13.1,88,-21
725,2002,19.2,223,243,14.1,95,1
725,2003,21.1,225,241,16.5,105,-1
725,2004,15.5,173,221,15,77,-21
725,2005,18.2,204,235,14.1,90,-7
725,2006,23.3,209,231,20.4,116,-11
725,2007,17.2,208,224,12.6,85,-18
725,2008,19.6,239,266,14.6,97,24
725,2009,23.9,226,242,18.9,119,0
725,2010,21,225,251,15.4,104,9
725,2011,27.2,244,267,18,135,25
725,2012,19,219,247,14.3,94,5
725,2013,14.5,207,226,12,72,-16
725,2014,26,213,241,22.1,129,-1
725,2015,15.2,209,234,12,75,-8
725,2016,16.1,215,241,14.1,80,-1
725,2017,22.4,216,244,12.9,111,2
725,2018,28,199,236,22.6,139,-6
725,2019,19.8,218,243,15.1,98,1
725,2020,15.6,229,242,13,77,0
725,2021,14.9,210,238,12,74,-4
725,2022,9.5,227,241,4.3,47,-1
725,2023,14.8,211,227,12.3,73,-15
725,2024,13.2,223,248,6.9,66,6
725,2025,17.6,214,225,13.6,87,-17
725,2026,12.6,213,226,10.2,63,-16
726,1981,3.8,196,201,0.3,42,51
726,1982,11,201,217,5.8,123,67
726,1983,7.3,96,99,0.1,82,-51
726,1984,5.2,148,162,0,58,12
726,1985,22.6,181,197,21.3,253,47
726,1986,6.6,65,88,0,74,-62
726,1987,6.3,176,184,3.4,70,34
726,1988,11,114,149,3.8,123,-1
726,1989,10.9,142,207,9.1,122,57
726,1990,22.9,144,187,13.9,256,37
726,1991,7.2,102,106,3.8,80,-44
726,1992,1.3,105,109,0,15,-41
726,1993,19.6,149,168,5.5,219,18
726,1994,6.9,147,154,0,77,4
726,1995,12.8,77,82,0,143,-68
726,1996,12.8,129,131,0.5,143,-19
726,1997,8.3,85,92,1.1,93,-58
726,1998,4.9,105,111,0.5,55,-39
726,1999,24.6,194,231,21.8,275,81
726,2000,9.8,124,186,6.2,109,36
726,2001,2.6,155,161,0,29,11
726,2002,9.8,134,146,0.2,109,-4
726,2003,3,189,191,0,34,41
726,2004,8.8,100,106,0,98,-44
726,2005,4.6,108,110,1,51,-40
726,2006,5.7,173,180,0.7,64,30
726,2007,17.1,154,159,0,191,9
726,2008,37.6,207,215,30.7,420,65
726,2009,20.1,93,100,8.8,225,-50
726,2010,9.1,192,199,2.2,102,49
726,2011,31.7,156,166,6.8,354,16
726,2012,13.9,182,184,6.8,155,34
726,2013,15.4,96,139,0,172,-11
726,2014,2.9,133,136,0,32,-14
726,2015,0.7,90,97,0,8,-53
726,2016,6.1,96,111,0,68,-39
726,2017,16.3,160,166,0,182,16
726,2018,7.3,157,173,3.7,82,23
726,2019,13.8,160,181,5,154,31
726,2020,6.4,111,118,1.1,72,-32
726,2021,6.9,151,183,3.3,77,33
726,2022,14.3,98,112,0,160,-38
726,2023,20.2,203,214,17.2,226,64
726,2024,8,165,175,0.4,89,25
726,2025,4.2,139,146,0,47,-4
726,2026,3.9,147,156,0,44,6
727,1981,23.5,197,244,21.8,92,-0
727,1982,37.8,204,263,34.9,148,18
727,1983,27.5,198,249,25.2,107,4
727,1984,24.4,198,251,24.2,95,6
727,1985,22.6,184,230,22.6,88,-14
727,1986,27.1,228,245,24.5,106,0
727,1987,15.8,182,218,15.6,62,-26
727,1988,21.3,194,238,21,83,-6
727,1989,26,189,246,25,102,2
727,1990,23,182,251,22.6,90,6
727,1991,26.2,227,253,20.8,102,8
727,1992,21.9,210,230,19.8,86,-14
727,1993,23.1,219,236,18.9,90,-8
727,1994,18.7,197,225,15.8,73,-20
727,1995,33.1,221,256,25.2,129,12
727,1996,40.1,220,259,35.5,157,14
727,1997,43.2,215,251,39.2,169,6
727,1998,25.7,202,239,20.4,100,-6
727,1999,31,201,255,29.8,121,10
727,2000,24.1,194,238,23.7,94,-6
727,2001,19,206,235,15,74,-10
727,2002,25.5,223,248,22.9,100,4
727,2003,30.4,190,246,28.7,119,2
727,2004,21.1,164,245,20.1,82,0
727,2005,16.7,203,238,14.7,65,-6
727,2006,31.9,202,235,27.8,125,-10
727,2007,22,206,231,19.9,86,-14
727,2008,32.2,210,261,29.5,126,16
727,2009,30,227,246,25.6,117,2
727,2010,15.5,197,252,13.4,61,8
727,2011,37.5,223,268,29.4,146,24
727,2012,26.2,194,235,26.1,102,-10
727,2013,22.4,207,235,20.1,88,-10
727,2014,38.7,210,251,36.4,151,6
727,2015,24.5,199,234,23,96,-10
727,2016,25.1,190,243,24.8,98,-2
727,2017,27.9,216,246,22.8,109,2
727,2018,35.7,199,243,32.9,139,-2
727,2019,23.6,217,246,21,92,2
727,2020,24.8,205,244,23.6,97,-0
727,2021,23.2,183,243,23.2,91,-2
727,2022,26.8,227,259,21.3,105,14
727,2023,24.2,210,237,22.1,95,-8
727,2024,19,223,245,17,74,0
727,2025,22,209,239,20.9,86,-6
727,2026,23.5,208,235,22,92,-10
728,1982,23,202,215,18.8,219,11
728,1984,12.9,196,223,12,123,19
728,1985,8.1,183,196,8.1,77,-8
728,1986,8.7,170,190,6.8,83,-14
728,1987,9.8,181,196,8.5,93,-8
728,1988,7.7,190,198,7.7,73,-6
728,1989,10.4,186,197,10,99,-7
728,1990,8.5,178,187,6.2,81,-17
728,1991,6.6,178,196,6,63,-8
728,1992,10.1,161,185,5.1,96,-19
728,1993,8.9,196,212,8.1,85,8
728,1994,10.3,175,199,7.5,98,-5
728,1995,16.9,178,217,16.1,161,13
728,1996,10.2,186,204,9.9,97,0
728,1997,18.1,186,213,17.9,172,9
728,1998,14,163,211,13.5,133,7
728,1999,16.5,165,212,15.7,157,8
728,2000,8.6,176,195,8.2,82,-9
728,2001,6.8,196,208,6.4,65,4
728,2002,10.7,173,204,10.1,102,0
728,2003,10.8,170,205,9.4,103,1
728,2004,9.1,160,192,8,87,-12
728,2005,5.5,184,204,5.4,52,0
728,2006,16,180,210,15,152,6
728,2007,11.1,166,198,9.5,106,-6
728,2008,10.2,193,217,9.7,97,13
728,2009,6.2,187,202,5.7,59,-2
728,2010,12,193,207,11,114,3
728,2011,15.1,181,218,13.7,144,14
728,2012,12.4,191,208,12.1,118,4
728,2013,10.9,178,203,9.7,104,-1
728,2014,6.7,187,196,6.6,64,-8
728,2015,6.9,133,178,0,66,-26
728,2016,14.4,169,193,12.3,137,-11
728,2017,10.8,181,213,10.6,103,9
728,2018,14.4,180,210,14.1,137,6
728,2019,7.4,169,190,5.3,70,-14
728,2020,6.7,172,197,6.3,64,-7
728,2021,11.5,156,199,10,110,-5
728,2022,5.9,175,185,3.3,56,-19
728,2023,13.6,190,212,12.8,130,8
728,2024,8.8,165,195,6.8,84,-9
728,2025,11.8,174,196,10,112,-8
728,2026,4,157,170,0,38,-34
729,1981,7.9,195,204,4.4,37,-8
729,1982,33,203,219,27.7,155,6
729,1983,20.8,196,217,19.6,97,4
729,1984,26.4,196,234,22.3,124,22
729,1985,29.2,182,226,29,137,14
729,1986,16.5,145,188,8.6,77,-24
729,1987,16.6,178,199,15.4,78,-14
729,1988,15.1,191,210,14.4,71,-2
729,1989,31.3,172,216,29.8,147,4
729,1990,19.2,168,196,15.9,90,-16
729,1991,16,199,220,12.6,75,8
729,1992,8.1,120,148,0,38,-64
729,1993,30.3,156,215,22.6,142,2
729,1994,12.4,177,201,11.2,58,-12
729,1995,19.4,121,220,17.1,91,8
729,1996,15.5,129,192,12.1,73,-20
729,1997,24.5,167,212,20.3,115,-0
729,1998,13.9,163,211,11.6,65,-2
729,1999,37.1,196,239,33.3,174,26
729,2000,24.3,175,205,23.2,114,-8
729,2001,15.6,170,216,10.8,73,4
729,2002,31.4,176,218,30,147,6
729,2003,6.4,189,210,3.7,30,-2
729,2004,24.1,161,195,18,113,-18
729,2005,5.2,201,208,3.7,24,-4
729,2006,26,183,216,26,122,4
729,2007,22.3,159,213,20.5,104,0
729,2008,47,210,234,43.1,220,22
729,2009,30.9,200,228,28.1,145,16
729,2010,10.7,193,222,7.4,50,10
729,2011,37.1,199,250,32.8,174,38
729,2012,21.6,190,221,19.8,101,8
729,2013,21.1,178,212,19.2,99,-0
729,2014,9.3,188,199,9.2,44,-14
729,2015,4.3,108,125,0.3,20,-88
729,2016,18.1,182,203,18,85,-10
729,2017,30,160,221,25.9,141,8
729,2018,11.9,179,209,11.2,56,-4
729,2019,25.6,170,213,23.4,120,0
729,2020,25.2,191,212,24,118,-0
729,2021,28,180,213,27.5,131,0
729,2022,21.3,203,235,13.6,100,22
729,2023,35.5,204,227,29.8,166,14
729,2024,21.5,170,212,20.8,101,-0
729,2025,21.2,173,207,18.7,99,-6
729,2026,2.8,118,128,0,13,-84
730,1981,10,193,201,8.5,74,-16
730,1982,21.3,185,216,21.3,157,-2
730,1983,17.3,203,237,14.3,127,20
730,1984,13.7,197,229,12.9,101,12
730,1985,11.5,188,203,11.5,85,-14
730,1986,21.3,178,233,20,157,16
730,1987,7.6,188,200,7.6,56,-18
730,1988,9.9,189,201,9.8,73,-16
730,1989,14.3,187,203,13.2,105,-14
730,1990,10.7,182,198,10.5,79,-20
730,1991,10.5,182,226,10.3,77,8
730,1992,8.2,178,196,7.5,60,-22
730,1993,14.6,201,228,12.8,107,10
730,1994,11.7,193,205,10.9,86,-12
730,1995,13.7,181,228,13.3,101,10
730,1996,17.3,189,225,17.1,127,8
730,1997,22.5,196,225,21.6,165,8
730,1998,15.9,201,218,15.3,117,0
730,1999,17,194,233,16.2,125,16
730,2000,13.4,186,211,13.4,99,-6
730,2001,9.2,197,210,7.6,68,-8
730,2002,11.3,181,217,11.2,83,-0
730,2003,12.4,190,208,12,91,-10
730,2004,12.7,169,209,11.3,93,-8
730,2005,13.7,189,225,13.5,101,8
730,2006,17,185,215,16.7,125,-2
730,2007,10.8,187,211,10.3,79,-6
730,2008,14.6,196,230,14,107,12
730,2009,16.5,199,227,14.9,121,10
730,2010,11,197,228,9.1,81,10
730,2011,21.2,214,238,18,156,20
730,2012,10.5,167,205,9.4,77,-12
730,2013,10.2,206,218,9.3,75,0
730,2014,18.7,190,217,18.5,138,-0
730,2015,10.7,166,203,9.5,79,-14
730,2016,13.5,187,212,13.5,99,-6
730,2017,20.5,167,222,19.5,151,4
730,2018,11.4,189,209,11.3,84,-8
730,2019,15.4,199,218,13.8,113,0
730,2020,16.1,189,215,15.5,118,-2
730,2021,11.4,183,214,11.4,84,-4
730,2022,13.3,200,224,10.1,98,6
730,2023,21.9,190,224,19.6,161,6
730,2024,16.2,186,211,16.1,119,-6
730,2025,15.9,175,215,15.5,117,-2
730,2026,9.8,160,176,0,72,-42
731,1983,52.3,235,270,36.6,158,16
731,1984,46.2,223,259,35.8,140,5
731,1985,31.5,212,250,28.6,95,-4
731,1986,49.3,232,252,41.4,149,-2
731,1987,24.5,206,228,21.5,74,-26
731,1988,39.2,228,252,32,118,-2
731,1989,31,196,238,28.7,94,-16
731,1990,28.5,229,251,25.8,86,-3
731,1991,29.1,221,252,23.4,88,-2
731,1992,24.3,210,232,21.8,73,-22
731,1993,37,224,260,27.3,112,6
731,1994,31.8,199,240,29,96,-14
731,1995,41.3,243,271,23.1,125,17
731,1996,39.1,218,256,32.7,118,2
731,1997,45.2,225,254,37.4,137,0
731,1998,31.5,211,246,26.5,95,-8
731,1999,48.8,236,264,33.6,147,10
731,2000,25.8,209,244,23.5,78,-10
731,2001,31.9,206,241,24.2,96,-13
731,2002,24.9,211,246,21.2,75,-8
731,2003,34.8,224,254,25.3,105,0
731,2004,25,209,242,20.7,76,-12
731,2005,29,226,259,22.4,88,5
731,2006,33.6,203,246,32.4,102,-8
731,2007,29.3,209,254,24.5,89,0
731,2008,35.3,230,265,28.4,107,11
731,2009,37.5,218,255,30.5,113,1
731,2010,41,232,264,29.4,124,10
731,2011,59,241,272,42.3,178,18
731,2012,24.7,204,239,22.7,75,-15
731,2013,26.7,208,250,21,81,-4
731,2014,40.3,230,260,34.3,122,6
731,2015,26.5,211,258,21.4,80,4
731,2016,35.8,225,257,26.6,108,3
731,2017,33.7,217,259,29.7,102,5
731,2018,30.5,205,243,26,92,-11
731,2019,32.6,242,271,28.3,98,17
731,2020,33.8,210,249,29.6,102,-5
731,2021,31.5,225,250,28.9,95,-4
731,2022,30.4,223,256,23.7,92,2
731,2023,31.3,212,255,28,95,1
731,2024,37,226,257,29.2,112,3
731,2025,29.8,191,255,28.8,90,1
731,2026,21.8,220,245,16.9,66,-9
732,1986,17.6,175,213,14.2,124,4
732,1987,10.1,188,202,10.1,71,-7
732,1988,13.9,177,197,13.2,98,-12
732,1989,13.1,175,201,12.8,93,-8
732,1990,11.6,181,198,11.1,82,-11
732,1991,13.7,183,223,13.7,97,14
732,1992,10.7,178,194,9.6,76,-15
732,1993,17.7,204,226,15.6,125,17
732,1994,13.4,194,204,12.4,95,-5
732,1995,14.2,222,232,12.4,100,23
732,1996,18,180,222,17,127,13
732,1997,20,196,219,17.8,141,10
732,1998,15.1,193,213,14.7,107,4
732,1999,15.3,199,214,11.2,108,5
732,2000,14.7,176,209,14.3,104,0
732,2001,13.4,197,210,11.6,95,1
732,2002,8.8,173,192,8,62,-17
732,2003,14.4,191,204,13.6,102,-5
732,2004,10.6,169,198,9.2,75,-11
732,2005,14.1,184,206,14,100,-3
732,2006,16.9,185,209,16.4,119,0
732,2007,10.3,163,199,8.8,73,-10
732,2008,20.4,196,225,18.3,144,16
732,2009,21.9,192,218,18.8,155,9
732,2010,16.2,190,222,11.5,114,13
732,2011,23.3,216,238,18.3,165,29
732,2012,11.1,157,184,4.9,78,-25
732,2013,10.1,203,215,8.3,71,6
732,2014,13.9,190,207,12.9,98,-2
732,2015,6.9,161,183,3.2,49,-26
732,2016,11.3,184,207,11.3,80,-2
732,2017,12.4,166,190,7.5,88,-19
732,2018,9.5,192,206,9,67,-3
732,2019,17.9,170,207,17.5,127,-2
732,2020,17.5,184,214,17.5,124,5
732,2021,13.6,183,207,13.6,96,-2
732,2022,12.1,176,213,10.9,86,4
732,2023,26.8,190,217,25.9,189,8
732,2024,18.9,185,207,18.9,134,-2
732,2025,13.3,189,206,11.8,94,-3
732,2026,8.7,159,175,0,61,-34
733,1981,5.3,82,89,1.6,35,-92
733,1982,37.1,201,223,31,247,42
733,1983,17.8,133,209,15,119,28
733,1984,18.3,197,220,16.6,122,39
733,1985,32.7,182,214,32.4,218,33
733,1986,18.5,146,183,8.6,123,2
733,1987,18.5,154,190,14.5,123,9
733,1988,15,148,197,12.1,100,16
733,1989,29.6,188,200,27.8,197,19
733,1990,18.7,144,182,8.3,125,1
733,1991,10.4,104,144,3.8,69,-37
733,1992,4.7,111,137,0,31,-44
733,1993,25.3,158,180,10.5,169,-1
733,1994,12.8,148,182,6.3,85,1
733,1995,18.8,121,168,4.8,125,-13
733,1996,14.1,130,167,0,94,-14
733,1997,21.7,158,200,17.4,145,19
733,1998,13.2,162,175,5.5,88,-6
733,1999,37.2,164,212,34.8,248,31
733,2000,20.7,124,188,14.7,138,7
733,2001,8.5,139,159,0,57,-22
733,2002,26.2,136,190,21.4,175,9
733,2003,7.2,159,171,2.6,48,-10
733,2004,17.8,158,171,0,119,-10
733,2005,4.1,110,124,2.2,27,-57
733,2006,19.7,178,194,17,131,13
733,2007,12.7,154,174,0.8,85,-7
733,2008,38.4,192,225,36.8,256,44
733,2009,21.1,186,205,19.4,141,24
733,2010,5.4,77,110,1.9,36,-71
733,2011,24.7,198,223,23.5,165,42
733,2012,20.1,175,205,19,134,24
733,2013,18.2,159,187,11.7,121,6
733,2014,8.8,144,164,1.7,59,-17
733,2015,2.1,91,110,0.5,14,-71
733,2016,14,129,159,4.5,93,-22
733,2017,23.8,160,189,15.8,159,8
733,2018,9.7,160,192,7.4,65,11
733,2019,15.9,165,183,7.8,106,2
733,2020,13.3,148,194,9.9,89,13
733,2021,18.2,176,197,16.8,121,16
733,2022,15.3,98,170,0,102,-11
733,2023,24.9,188,214,21.8,166,33
733,2024,15.9,166,193,10.2,106,12
733,2025,12.3,173,190,8.2,82,9
733,2026,2.2,105,123,0.1,15,-58
734,1985,34.2,185,230,34.2,107,2
734,1986,27.4,148,239,24.8,86,10
734,1987,28.2,180,217,28,88,-12
734,1988,32.8,190,225,31.8,103,-4
734,1989,37.5,188,220,34.8,117,-8
734,1990,39.2,184,229,39.2,123,0
734,1991,29.2,199,229,24.8,91,0
734,1992,26.8,159,212,23.6,84,-16
734,1993,27.5,174,224,27,86,-4
734,1994,31.2,192,218,30.2,98,-10
734,1995,40.8,202,228,40,128,-0
734,1996,31.4,187,230,30.6,98,2
734,1997,67.3,202,241,61.4,211,12
734,1998,39,201,214,37.7,122,-14
734,1999,60.1,200,248,57.9,188,20
734,2000,37.5,185,231,37,117,2
734,2001,22.8,199,225,20.9,71,-4
734,2002,52.4,200,240,45,164,12
734,2003,29.1,181,234,28.5,91,6
734,2004,29.3,182,220,29,92,-8
734,2005,16,199,215,14.3,50,-14
734,2006,44.2,203,232,41,138,4
734,2007,42.1,162,220,32.6,132,-8
734,2008,40,191,237,39.9,125,8
734,2009,24.9,186,239,23.8,78,10
734,2010,31.1,193,238,26.5,97,10
734,2011,36.1,211,248,32.8,113,20
734,2012,43.6,193,240,43.1,136,12
734,2013,28.8,177,227,28.1,90,-2
734,2014,32.5,184,230,32.4,102,2
734,2015,11.7,129,206,8.7,37,-22
734,2016,34.7,182,218,34,109,-10
734,2017,32.5,189,233,32.2,102,4
734,2018,35.8,201,224,31.8,112,-4
734,2019,25.6,170,219,23.9,80,-10
734,2020,26.7,189,214,26.5,84,-14
734,2021,42.4,183,225,42.4,133,-4
734,2022,26.8,204,238,22,84,10
734,2023,30.7,189,222,29.8,96,-6
734,2024,24.1,168,216,23,75,-12
734,2025,32,175,211,28.7,100,-18
734,2026,15.7,172,191,11.1,49,-38
735,1983,25.3,199,239,23.6,94,8
735,1984,24.1,199,248,23,89,17
735,1985,28.6,191,232,27.2,106,1
735,1986,25,177,241,24.6,93,10
735,1987,18.5,196,213,18,69,-18
735,1988,25.3,194,233,24,94,2
735,1989,29.6,189,227,28.1,110,-4
735,1990,24.4,185,241,24.3,91,10
735,1991,28.8,203,245,26.7,107,14
735,1992,21.1,205,224,18.5,78,-7
735,1993,21.1,213,231,19.3,78,0
735,1994,19,193,219,17,71,-12
735,1995,25.9,206,241,24.4,96,10
735,1996,32.9,222,254,30.5,122,23
735,1997,44,211,245,39.9,163,14
735,1998,22.3,200,222,20,83,-9
735,1999,35.9,193,245,35.7,133,14
735,2000,24.8,185,229,24.8,92,-2
735,2001,16.9,206,233,15,63,2
735,2002,30,196,248,27.8,111,17
735,2003,30.8,191,242,30.4,114,11
735,2004,23.1,185,218,22.9,86,-13
735,2005,17.2,203,227,15.1,64,-4
735,2006,29.3,203,230,26.4,109,-1
735,2007,20.3,187,224,20.1,75,-7
735,2008,35.3,211,248,33.7,131,17
735,2009,27.6,188,241,26.7,102,10
735,2010,17.9,197,231,15.6,66,0
735,2011,37.7,223,258,32,140,27
735,2012,30.8,186,228,30.6,114,-3
735,2013,25.1,207,227,23.3,93,-4
735,2014,37.5,191,241,36.7,139,10
735,2015,17.9,148,219,16.4,66,-12
735,2016,26.8,183,219,26.5,99,-12
735,2017,27.1,199,241,26.5,101,10
735,2018,37.7,202,233,33.2,140,2
735,2019,25.4,201,229,22.1,94,-2
735,2020,29.6,201,231,27.5,110,0
735,2021,25.7,184,227,25.7,95,-4
735,2022,27.2,208,247,23.9,101,16
735,2023,27.4,208,227,24.5,102,-4
735,2024,21,195,230,19.2,78,-1
735,2025,23.3,176,222,21.7,86,-9
735,2026,24,171,224,23.1,89,-7
736,1981,32.2,193,213,31.2,117,-8
736,1982,30.7,147,234,28.5,112,13
736,1983,34.4,164,240,30.3,125,19
736,1985,31.8,184,215,31.8,116,-6
736,1986,37.2,174,230,35.1,136,9
736,1987,21.3,184,205,21.1,78,-16
736,1988,23,168,212,22,84,-9
736,1989,39.8,176,221,38.7,145,0
736,1990,28.7,174,202,25.9,105,-19
736,1991,23.9,180,221,23.6,87,0
736,1992,25.9,148,198,18.4,94,-23
736,1993,36.6,175,226,33.3,133,5
736,1994,25.5,158,211,23.4,93,-10
736,1995,41.2,188,231,40.2,150,10
736,1996,27,185,221,26.9,98,0
736,1997,41.5,171,223,40,151,2
736,1998,29.3,174,219,26.7,107,-2
736,1999,56.7,199,238,53.8,207,17
736,2000,34.5,176,212,32.1,126,-9
736,2001,17.6,197,220,14.5,64,-1
736,2002,31.9,177,215,30,116,-6
736,2003,23.5,162,232,22.4,86,11
736,2004,29.3,162,214,24.4,107,-7
736,2005,16,181,214,15.6,58,-7
736,2006,36.1,188,224,34.4,132,3
736,2007,22.7,157,211,18.6,83,-10
736,2008,27.9,197,233,23,102,12
736,2009,23,187,221,22.2,84,0
736,2010,25.2,195,225,23.6,92,4
736,2011,35.8,182,237,34.6,130,16
736,2012,30,183,222,29.3,109,1
736,2013,20.1,174,206,16.8,73,-15
736,2014,22.9,188,221,22.5,83,0
736,2015,17.3,155,202,12.6,63,-19
736,2016,32.3,170,210,31.1,118,-11
736,2017,33.5,181,228,33.2,122,7
736,2018,22.6,177,211,21.7,82,-10
736,2019,40.1,190,221,38.5,146,0
736,2020,25.4,190,218,25.1,93,-3
736,2021,31.5,165,215,31,115,-6
736,2022,20.3,172,231,18.1,74,10
736,2023,37.8,207,233,34.1,138,12
736,2024,25.5,191,224,25,93,3
736,2025,47.5,176,218,44.6,173,-3
736,2026,14.8,164,192,10.8,54,-29
737,1985,1.4,365,,,4,
737,1986,52.6,213,250,47.3,150,10
737,1987,40.3,198,225,36.8,115,-14
737,1988,30.8,211,240,29.7,88,0
737,1989,37.9,188,233,36.1,108,-6
737,1990,31.8,214,244,27,91,4
737,1991,37.8,213,242,29.9,108,2
737,1992,25.3,184,228,25.3,72,-12
737,1993,50.8,211,259,42.6,145,20
737,1994,33.9,198,239,29.7,97,-0
737,1995,61.2,228,269,44.4,174,30
737,1996,47,207,237,42,134,-2
737,1997,49.3,215,249,42.1,140,10
737,1998,34,204,240,28.5,97,0
737,1999,36.2,219,245,24.8,103,6
737,2000,29.5,191,228,28.7,84,-12
737,2001,33.2,198,231,29.4,95,-8
737,2002,27.9,182,219,27.8,79,-20
737,2003,30.6,191,239,28.6,87,-0
737,2004,29,209,232,27.3,83,-8
737,2005,45.5,221,250,42.4,130,10
737,2006,39.8,191,226,36.6,113,-14
737,2007,29.1,199,227,28.4,83,-12
737,2008,55.9,196,254,48.8,159,14
737,2009,48.5,203,229,42.4,138,-10
737,2010,38.7,191,241,33.7,110,2
737,2011,56.3,238,258,40.5,160,18
737,2012,23.1,176,215,20.7,66,-24
737,2013,30.5,207,237,23.2,87,-2
737,2014,41.8,190,245,40.8,119,6
737,2015,22.9,167,247,20.9,65,8
737,2016,27.6,216,246,25.3,79,6
737,2017,49.8,190,244,49.4,142,4
737,2018,28.7,204,229,25.7,82,-10
737,2019,50.6,192,257,47.1,144,18
737,2020,32.1,204,232,29.4,91,-8
737,2021,26.1,184,234,26.1,74,-6
737,2022,37.2,201,229,36.5,106,-10
737,2023,51.8,212,242,47.5,148,2
737,2024,34,187,243,31.7,97,4
737,2025,26.6,190,225,24.8,76,-14
737,2026,19,161,207,11.2,54,-32
738,1982,71.7,218,263,61.3,140,16
738,1983,70.7,202,248,68,138,1
738,1984,51.4,222,265,42.9,101,18
738,1985,50.9,209,236,50.4,100,-11
738,1986,35.5,215,241,33.7,70,-6
738,1987,46.4,181,227,46.3,91,-20
738,1988,46.5,194,238,42.4,91,-9
738,1989,48.7,193,246,47,95,-1
738,1990,48.7,169,262,47.3,95,15
738,1991,55.3,196,247,47.1,108,0
738,1992,36.3,198,230,35.9,71,-17
738,1993,42.5,212,238,35.7,83,-9
738,1994,37.8,189,226,36.4,74,-21
738,1995,49.2,185,243,49.2,96,-4
738,1996,40.3,223,253,37.9,79,6
738,1997,73.4,207,247,68.5,144,0
738,1998,44.4,200,232,43,87,-15
738,1999,88.2,223,265,83.9,173,18
738,2000,56.7,200,251,52.3,111,4
738,2001,25,198,235,19.6,49,-12
738,2002,49.6,196,244,47.6,97,-3
738,2003,50.6,202,249,47.6,99,2
738,2004,50.1,204,249,48.4,98,2
738,2005,32.5,204,234,29.8,64,-13
738,2006,68,214,250,62.6,133,3
738,2007,51.4,178,244,50.6,101,-3
738,2008,60.4,211,262,57.4,118,15
738,2009,50.7,227,248,43.8,99,1
738,2010,41,222,249,34.6,80,2
738,2011,71.3,217,268,59.2,140,21
738,2012,75.7,204,264,69.2,148,17
738,2013,60.8,208,247,53.9,119,0
738,2014,51.6,213,249,46.3,101,2
738,2015,29.4,198,230,26,58,-17
738,2016,52.6,190,227,52.3,103,-20
738,2017,56.3,215,248,49.4,110,1
738,2018,74.4,208,239,58,146,-8
738,2019,46.8,197,238,43.8,92,-9
738,2020,55.6,193,244,54.4,109,-3
738,2021,46.2,184,229,44.5,90,-18
738,2022,46.9,214,254,40.6,92,7
738,2023,52.3,208,231,48.5,102,-16
738,2024,37.8,196,249,35.6,74,2
738,2025,57.7,198,242,53.4,113,-5
738,2026,37,202,226,33,72,-21
739,1986,0,365,365,,0,168
739,1987,20.1,189,212,19.1,167,14
739,1988,9.2,173,191,5.7,76,-6
739,1989,13.3,159,186,7.9,110,-12
739,1990,7.6,168,197,6.3,63,-0
739,1991,12.4,184,199,12.3,103,2
739,1992,12.9,186,197,12.9,107,-0
739,1993,21.7,191,212,21.2,180,14
739,1994,9.3,152,200,8.6,77,2
739,1995,16.5,165,214,15.2,137,16
739,1996,10,167,193,9.6,83,-4
739,1997,19.2,155,210,13.6,159,12
739,1998,11.2,201,208,10.8,93,10
739,1999,8.4,165,176,0,70,-22
739,2000,13.5,188,201,13.3,112,4
739,2001,13.5,171,203,11.9,112,6
739,2002,6.8,141,174,0,56,-24
739,2003,10.8,172,196,9.7,90,-2
739,2004,12.7,160,183,5,105,-14
739,2005,18.1,185,201,16.8,150,4
739,2006,9.8,189,200,8.6,81,2
739,2007,8.8,162,178,3.9,73,-20
739,2008,18.7,178,204,16.5,155,6
739,2009,12.4,147,193,9.5,103,-4
739,2010,13.9,169,199,13.2,115,2
739,2011,11.2,164,196,9.9,93,-2
739,2012,10.7,167,183,4.3,89,-14
739,2013,9,163,196,7.1,75,-2
739,2014,10.4,182,194,9.8,86,-4
739,2015,8.8,166,180,1.9,73,-18
739,2016,11.7,136,192,9.7,97,-6
739,2017,18.1,168,198,15.5,150,0
739,2018,4.7,175,185,2.6,39,-12
739,2019,20.5,178,207,19.7,170,10
739,2020,13.7,184,201,13.7,114,4
739,2021,9,182,191,8.5,75,-6
739,2022,11.1,170,187,7.4,92,-10
739,2023,22.6,188,213,22.2,188,16
739,2024,13.6,186,201,13.6,113,4
739,2025,9,170,193,6,75,-4
739,2026,7,148,169,0.1,58,-28
740,1982,56.2,210,262,48.2,175,33
740,1983,50.2,200,250,47.7,156,21
740,1984,42.6,223,259,37.1,133,30
740,1985,36.7,183,227,36.7,114,-2
740,1986,35.8,177,238,32.6,111,9
740,1987,20.6,187,210,20.6,64,-19
740,1988,29,195,226,27.5,90,-3
740,1989,35.4,188,230,34.7,110,1
740,1990,24,170,201,22.1,75,-28
740,1991,27.1,202,237,24,84,8
740,1992,22,156,210,18.1,68,-19
740,1993,35.5,204,233,30.5,110,4
740,1994,19.7,178,212,18.3,61,-17
740,1995,39.9,196,235,38.1,124,6
740,1996,38.2,207,246,37.5,119,17
740,1997,50.1,184,230,50.1,156,1
740,1998,28.6,201,222,26.4,89,-7
740,1999,53.1,194,242,51.3,165,13
740,2000,33.2,183,217,33.1,103,-12
740,2001,14.9,198,221,12.8,46,-8
740,2002,36.3,183,231,36.3,113,2
740,2003,36,191,239,34.2,112,10
740,2004,32.2,174,215,29.4,100,-14
740,2005,21.6,200,221,20.1,67,-8
740,2006,45.7,201,232,42.1,142,3
740,2007,26.5,162,220,24.7,82,-9
740,2008,38.7,214,238,36.8,120,9
740,2009,30.5,199,237,29.8,95,8
740,2010,22,197,231,20.7,68,2
740,2011,42.3,214,252,37.6,132,23
740,2012,38,191,228,37.7,118,-1
740,2013,28.2,177,223,27.5,88,-6
740,2014,32.1,189,233,30.6,100,4
740,2015,20.5,158,205,14.4,64,-24
740,2016,31.9,185,215,31.9,99,-14
740,2017,32.8,167,238,30.4,102,9
740,2018,26.4,198,220,25.4,82,-9
740,2019,35.6,198,226,33.8,111,-3
740,2020,27.9,190,225,27.1,87,-4
740,2021,27.8,178,219,27.5,86,-10
740,2022,25.1,213,240,20.6,78,11
740,2023,38.1,208,228,34.6,119,-1
740,2024,25.9,194,226,24.3,81,-3
740,2025,43.5,192,223,43.2,135,-6
740,2026,24.8,169,218,20.5,77,-11
741,1989,24.3,187,213,23.1,121,-6
741,1990,14.1,177,198,13.3,70,-22
741,1991,18.4,217,236,16.6,91,16
741,1992,10.9,177,197,10.1,54,-22
741,1993,26.9,222,233,23.5,133,14
741,1994,16.6,192,206,14.6,82,-14
741,1995,21.9,183,230,21.9,109,10
741,1996,26,189,226,25.7,129,6
741,1997,33,197,227,32.5,164,8
741,1998,24.6,201,220,22.9,122,0
741,1999,22.3,194,233,20.8,111,14
741,2000,18.5,177,212,17.6,92,-8
741,2001,12.8,198,211,10.1,64,-8
741,2002,15.9,182,219,15.8,79,-0
741,2003,15.4,191,208,14.7,76,-12
741,2004,21.3,168,209,19.6,106,-10
741,2005,20.9,188,231,20.7,104,12
741,2006,29.2,192,225,26.6,145,6
741,2007,15.2,186,211,14.4,75,-8
741,2008,22.3,195,228,21.4,111,8
741,2009,23,200,225,20.7,114,6
741,2010,16.7,192,221,14.5,83,2
741,2011,31.3,212,249,28.1,155,30
741,2012,15.9,183,208,15.7,79,-12
741,2013,17.1,205,218,15.5,85,-2
741,2014,19.4,190,216,18.3,96,-4
741,2015,11.9,165,205,10.6,59,-14
741,2016,19.2,187,216,19.2,95,-4
741,2017,29.3,212,228,26.6,145,8
741,2018,19,190,211,18.3,94,-8
741,2019,26.7,201,225,23.3,133,6
741,2020,21.3,192,215,19.8,106,-4
741,2021,14.9,183,218,14.9,74,-2
741,2022,13.8,200,226,11.2,68,6
741,2023,37,209,229,33.7,184,10
741,2024,23.3,195,226,23,116,6
741,2025,21.6,189,215,21.4,107,-4
741,2026,12.5,162,191,7.2,62,-28
742,1981,0,365,365,,0,138
742,1982,21.1,194,239,20.3,150,12
742,1983,36.5,236,253,25.3,259,26
742,1984,34.2,223,237,25.1,243,10
742,1985,17.5,184,218,17.5,124,-8
742,1986,26.1,211,241,20.8,185,14
742,1987,14.8,199,217,13.3,105,-10
742,1988,13.5,211,229,11,96,2
742,1989,13.2,190,205,12.9,94,-22
742,1990,10.5,194,224,10.2,74,-2
742,1991,14,220,237,10.6,99,10
742,1992,13,188,213,12.8,92,-14
742,1993,24.9,191,236,22.8,177,10
742,1994,13.7,197,225,10.8,97,-2
742,1995,27.2,227,258,17.5,193,32
742,1996,14.2,206,223,13.2,101,-4
742,1997,22.1,216,228,16.9,157,2
742,1998,19,204,237,15.8,135,10
742,1999,17.1,217,238,9.1,121,12
742,2000,13,184,217,13,92,-10
742,2001,15,206,224,13.3,106,-2
742,2002,9.7,183,215,9.7,69,-12
742,2003,13.5,224,232,10.6,96,6
742,2004,14.3,207,220,11.7,101,-6
742,2005,18.6,195,236,17,132,10
742,2006,20,201,226,16.4,142,-0
742,2007,7,164,189,5.7,50,-38
742,2008,13.3,197,233,11,94,6
742,2009,14.8,202,225,10.9,105,-2
742,2010,14,197,244,12.3,99,18
742,2011,22.5,215,252,17.6,160,26
742,2012,8.1,174,207,6.1,57,-20
742,2013,12.3,200,227,10.2,87,0
742,2014,11.5,197,231,10.7,82,4
742,2015,9.2,176,214,7.8,65,-12
742,2016,10.9,185,228,10.9,77,2
742,2017,15.2,195,223,14.8,108,-4
742,2018,7.9,181,211,7.8,56,-16
742,2019,21.6,196,251,19.3,153,24
742,2020,14.3,205,218,11.9,101,-8
742,2021,9.7,186,215,9.7,69,-12
742,2022,10,205,224,9.4,71,-2
742,2023,23.7,209,233,22.5,168,6
742,2024,17.7,190,229,17,126,2
742,2025,10.8,191,215,9.8,77,-12
742,2026,5.9,165,175,0.1,42,-52
743,1982,4.6,123,141,1,137,23
743,1983,1.6,97,121,0,48,3
743,1984,2.1,148,158,0,63,40
743,1985,8.2,176,193,7.8,245,75
743,1986,4.6,62,83,0,137,-35
743,1987,0.8,168,170,0,24,52
743,1988,5.1,131,135,0,152,17
743,1989,4.7,140,150,0,140,32
743,1990,12.2,144,180,4.1,364,62
743,1991,2.7,100,104,0,81,-14
743,1992,0.6,56,58,0,18,-60
743,1993,10.3,117,162,0,307,44
743,1994,1.8,148,151,0,54,33
743,1995,6.1,76,79,0,182,-39
743,1996,8,128,132,0.3,239,14
743,1997,3.8,85,92,0.2,113,-26
743,1998,3.6,105,110,0,107,-8
743,1999,8.4,164,176,6.8,251,58
743,2000,3.9,112,129,0,116,11
743,2001,1.7,109,112,0,51,-6
743,2002,4.9,134,145,0,146,27
743,2003,0.9,80,84,0,27,-34
743,2004,5.6,100,112,0,167,-6
743,2005,2.5,109,111,0,75,-7
743,2006,3.1,121,123,0,93,5
743,2007,2.3,153,157,0,69,39
743,2008,7.8,131,146,1.6,233,28
743,2009,5.7,88,100,0,170,-18
743,2010,1.1,186,189,0,33,71
743,2011,4.8,155,162,0,143,44
743,2012,2.8,111,113,0,84,-5
743,2013,3.8,87,101,0,113,-17
743,2014,1.7,133,135,0,51,17
743,2015,0,365,365,0,0,247
743,2016,1.8,96,105,0,54,-13
743,2017,4.1,107,113,0,122,-5
743,2018,1.8,154,160,0,54,42
743,2019,5.7,162,169,0,170,51
743,2020,1.4,110,113,0.3,42,-5
743,2021,2,138,144,0,60,26
743,2022,6.2,98,104,0,185,-14
743,2023,6.7,162,174,2.4,200,56
743,2024,3.7,160,168,0,110,50
743,2025,2.2,139,142,0,66,24
743,2026,2.1,145,149,0,63,31
744,1981,8.9,188,195,8.7,109,8
744,1982,11.8,185,197,11.8,145,10
744,1983,21.8,200,213,20.5,267,26
744,1984,12.2,162,199,11.3,150,12
744,1985,11.8,172,192,11.4,145,6
744,1986,7.6,170,183,3.4,93,-4
744,1987,10.5,190,201,10.3,129,14
744,1988,11.4,180,193,10.1,140,6
744,1989,11,159,177,1.3,135,-10
744,1990,7.4,168,194,5.8,91,8
744,1991,13.6,183,198,13.6,167,12
744,1992,17.2,184,200,17.2,211,14
744,1993,16.3,157,203,14.5,200,16
744,1994,7.8,164,187,5.7,96,0
744,1995,12.7,156,195,10.3,156,8
744,1996,3,140,174,0.1,37,-12
744,1997,13.6,155,203,8.7,167,16
744,1998,11.1,192,207,10.7,136,20
744,1999,1.5,189,193,0,18,6
744,2000,7.4,187,196,6.9,91,10
744,2001,10,171,198,8.8,123,12
744,2002,4.1,153,173,0,50,-14
744,2003,7.6,177,194,7.2,93,8
744,2004,8.3,160,178,2,102,-8
744,2005,12.6,187,203,12.3,155,16
744,2006,1.6,177,182,0.9,20,-4
744,2007,10.1,159,184,5.3,124,-2
744,2008,10.8,172,191,7.9,133,4
744,2009,6.7,147,173,3.2,82,-14
744,2010,11.3,173,198,10.7,139,12
744,2011,5.1,162,172,0.2,63,-14
744,2012,8.8,165,185,4.6,108,-2
744,2013,5.2,165,186,3.4,64,-0
744,2014,2.2,136,142,0,27,-44
744,2015,7.8,155,179,1.1,96,-8
744,2016,8,138,181,3.4,98,-6
744,2017,9.4,161,172,4.1,115,-14
744,2018,3.3,163,177,0,40,-10
744,2019,9.5,167,194,7.9,117,8
744,2020,7.3,156,186,4.5,90,-0
744,2021,6.2,177,190,5.8,76,4
744,2022,5.5,169,189,4.7,67,2
744,2023,12.2,176,200,12,150,14
744,2024,11.6,181,201,11,142,14
744,2025,1.2,42,59,0,15,-128
744,2026,1.8,144,151,0,22,-36
745,1981,16,197,210,14.6,51,-12
745,1982,40.9,203,236,40.9,130,14
745,1983,53.1,187,206,51.3,168,-16
745,1984,47.3,208,248,43.6,150,26
745,1985,41,183,219,41,130,-3
745,1986,32.5,178,230,32.2,103,8
745,1987,28,177,205,26.3,89,-17
745,1988,19.5,144,195,15.7,62,-27
745,1989,51.2,187,221,48.5,162,-1
745,1990,18.3,168,192,13.7,58,-30
745,1991,20.4,194,234,16.6,65,12
745,1992,14.8,147,182,5.9,47,-40
745,1993,40.6,160,231,36,129,9
745,1994,20.9,152,211,17.8,66,-11
745,1995,32.4,205,235,30.7,103,13
745,1996,28.6,184,223,28.6,91,1
745,1997,37.8,167,223,32.8,120,1
745,1998,36.5,198,249,34.1,116,27
745,1999,51.5,195,242,47.8,163,20
745,2000,35.7,166,218,31.5,113,-4
745,2001,15.7,158,209,9.8,50,-13
745,2002,40.4,180,221,38.3,128,-1
745,2003,25.7,213,238,20.9,81,16
745,2004,45.2,161,218,38.1,143,-4
745,2005,18.1,197,221,16,57,-1
745,2006,47.2,202,229,42.6,150,7
745,2007,30.7,163,221,26.3,97,-1
745,2008,46.4,196,234,44.1,147,12
745,2009,34.3,195,229,32.4,109,7
745,2010,27,196,246,23.3,86,24
745,2011,44.8,199,256,41.7,142,34
745,2012,26.2,200,224,24.1,83,2
745,2013,19.5,158,209,16.8,62,-13
745,2014,11.8,188,201,11.5,37,-21
745,2015,4,82,83,0.3,13,-139
745,2016,33.1,180,217,32.7,105,-5
745,2017,41.1,161,237,38.3,130,15
745,2018,19,179,216,17.8,60,-6
745,2019,35.8,184,221,34.9,113,-1
745,2020,29.9,191,215,28.8,95,-7
745,2021,27.6,179,212,26.7,87,-10
745,2022,22.5,206,238,15.6,71,16
745,2023,47.2,204,234,39.8,150,12
745,2024,37.8,186,230,37.7,120,8
745,2025,44.3,174,223,42.6,140,1
745,2026,8.7,158,173,0.2,28,-49
746,1981,3.9,173,198,3.4,36,-2
746,1982,20.8,193,214,19.3,190,14
746,1983,19.1,193,227,17.8,174,26
746,1984,27,198,230,25.3,247,30
746,1985,11.3,168,196,11.1,103,-4
746,1986,16.1,148,187,8.8,147,-14
746,1987,5.1,176,192,4.1,47,-8
746,1988,6,162,195,4.4,55,-6
746,1989,13.3,173,196,12.4,121,-4
746,1990,8.9,171,188,6.8,81,-12
746,1991,6.9,180,217,6.6,63,16
746,1992,4.2,159,175,0,38,-26
746,1993,16.9,170,205,12.4,154,4
746,1994,7.2,164,196,4.8,66,-4
746,1995,11.2,144,189,8.8,102,-12
746,1996,14.9,189,212,14.2,136,12
746,1997,16.5,164,202,12.6,151,2
746,1998,13.6,163,206,11.9,124,6
746,1999,13.9,193,203,10.2,127,2
746,2000,13.2,176,193,11.8,121,-8
746,2001,7.6,169,201,4.9,69,0
746,2002,12.8,177,192,11.2,117,-8
746,2003,7.3,190,196,5.6,67,-4
746,2004,13.7,160,186,7.3,125,-14
746,2005,12.8,184,200,12.5,117,-0
746,2006,19.7,194,212,18.7,180,12
746,2007,7.8,156,178,3.6,71,-22
746,2008,11.7,194,213,11.6,107,12
746,2009,9.6,193,204,8.8,88,4
746,2010,9.4,190,204,8.3,86,4
746,2011,11.9,180,218,11.2,109,18
746,2012,8.9,173,194,6.4,81,-6
746,2013,6.6,177,187,4.5,60,-14
746,2014,6.4,171,197,5.2,58,-4
746,2015,7.2,127,168,0,66,-32
746,2016,9.5,153,191,8.5,87,-10
746,2017,17.3,160,202,13.7,158,2
746,2018,5.8,173,193,5,53,-8
746,2019,15.8,171,206,15.5,144,6
746,2020,10.7,179,202,10.4,98,2
746,2021,8,183,198,8,73,-2
746,2022,5.7,175,188,3.8,52,-12
746,2023,16.7,189,213,15.5,153,12
746,2024,14.5,169,204,13.8,132,4
746,2025,13.9,173,198,11.9,127,-2
746,2026,4,159,165,0,37,-36
747,1983,24.1,196,217,22.5,97,2
747,1984,22.8,201,234,22.5,92,19
747,1985,36.5,183,219,36.5,147,4
747,1986,22.3,147,204,17,90,-11
747,1987,19.3,183,205,19.3,78,-10
747,1988,18.5,185,200,18.5,75,-15
747,1989,37.5,189,214,36.4,151,-1
747,1990,25,166,200,22.8,101,-15
747,1991,22.2,179,218,21.2,90,3
747,1992,17.1,143,182,6.4,69,-33
747,1993,24,169,219,19.5,97,4
747,1994,18.7,153,205,16.8,75,-10
747,1995,20.1,182,219,19.8,81,4
747,1996,18.4,159,213,16.9,74,-2
747,1997,43.7,169,225,41.4,176,10
747,1998,23.6,164,212,20.8,95,-3
747,1999,38.7,194,235,37.6,156,20
747,2000,34.2,180,213,33.7,138,-2
747,2001,20.9,197,221,17.8,84,6
747,2002,39.4,182,231,39.3,159,16
747,2003,21.3,190,217,20.2,86,2
747,2004,33.7,160,210,27.2,136,-5
747,2005,9.6,198,208,8.1,39,-7
747,2006,26.9,181,215,26.3,108,0
747,2007,23.2,159,210,19.1,94,-5
747,2008,40.7,210,239,38.2,164,24
747,2009,31.2,189,224,29.1,126,9
747,2010,15.3,195,206,13.9,62,-9
747,2011,35.5,210,248,30.8,143,33
747,2012,30.9,192,223,30.7,125,8
747,2013,17.7,178,215,16.3,71,0
747,2014,26.7,188,225,26.5,108,10
747,2015,10.5,116,172,3.9,42,-43
747,2016,24.5,182,206,24.2,99,-9
747,2017,29.8,161,202,19.7,120,-13
747,2018,26.2,188,216,24,106,1
747,2019,25.1,169,207,22.7,101,-8
747,2020,27.1,189,209,26.5,109,-6
747,2021,32.3,184,208,32.3,130,-7
747,2022,25.3,152,217,17.9,102,2
747,2023,28.9,191,217,27.2,117,2
747,2024,13.8,168,198,12.3,56,-17
747,2025,27.9,175,200,22.3,112,-15
747,2026,14.5,165,187,7.8,58,-28
748,1984,52,221,259,37.7,130,26
748,1985,56.2,182,251,55.8,140,18
748,1986,17.3,122,151,4.9,43,-82
748,1987,30.9,154,211,28.9,77,-22
748,1988,40,189,230,39,100,-2
748,1989,69,187,230,65.6,172,-2
748,1990,49.7,174,206,48.2,124,-26
748,1991,36.3,197,230,31.3,91,-2
748,1992,18.4,116,139,0.8,46,-94
748,1993,40.1,170,201,32,100,-32
748,1994,34.6,195,221,30.1,86,-12
748,1995,27.9,112,220,22.3,70,-12
748,1996,12.4,127,133,8.4,31,-100
748,1997,45.8,170,228,41,114,-4
748,1998,39.9,162,225,34.4,100,-8
748,1999,82.4,229,275,77.9,206,42
748,2000,51.8,191,246,51.7,130,14
748,2001,23.5,199,234,19.1,59,2
748,2002,52.4,182,247,51.9,131,14
748,2003,18.8,190,233,14.7,47,0
748,2004,34.1,181,230,33.4,85,-2
748,2005,11.4,109,114,5.1,28,-118
748,2006,51.2,201,235,49.4,128,2
748,2007,41.9,162,229,33.8,105,-4
748,2008,80.3,209,275,73.3,201,42
748,2009,49.2,189,247,45.9,123,14
748,2010,33.8,192,252,24.7,84,20
748,2011,65.7,222,277,50.2,164,44
748,2012,58.2,192,257,55.6,146,24
748,2013,48.2,176,244,46.1,120,12
748,2014,28.2,188,232,26.6,70,-0
748,2015,4.9,97,117,0.5,12,-116
748,2016,33.8,181,218,33.2,84,-14
748,2017,58.3,212,258,53.7,146,26
748,2018,49,200,236,41.7,122,4
748,2019,33.4,199,225,32.2,84,-8
748,2020,41.5,188,233,40.4,104,0
748,2021,51.2,195,244,50.9,128,12
748,2022,49.3,213,262,36.3,123,30
748,2023,63.6,207,247,55.4,159,14
748,2024,38,193,251,37.2,95,18
748,2025,43.3,191,236,42.7,108,4
748,2026,18.4,164,215,13.4,46,-18
749,1982,27.7,193,215,25.6,201,13
749,1983,0,365,365,,0,163
749,1984,16.8,184,223,16.8,122,21
749,1985,16,182,197,15.9,116,-5
749,1986,16.8,146,202,11.3,122,0
749,1987,8,184,191,8,58,-11
749,1988,10.9,185,197,10.9,79,-5
749,1989,17.8,187,200,17.1,129,-2
749,1990,10.5,169,188,8.7,76,-14
749,1991,12.4,179,202,11,90,0
749,1992,6.3,176,185,3.2,46,-17
749,1993,14.7,170,210,11.5,107,8
749,1994,8.7,168,200,7.9,63,-2
749,1995,12.7,183,209,12.7,92,7
749,1996,14.8,183,214,14.6,107,12
749,1997,22.4,167,217,21.5,162,15
749,1998,14.2,165,210,12.6,103,8
749,1999,15.6,170,209,14,113,7
749,2000,13.1,178,196,12,95,-6
749,2001,8.9,169,200,6.8,64,-2
749,2002,14.1,173,193,12.1,102,-9
749,2003,10.5,181,195,9.6,76,-7
749,2004,16.2,164,189,10.7,117,-13
749,2005,11.9,184,205,11.9,86,3
749,2006,18.9,184,207,18.7,137,5
749,2007,10.2,163,188,6.4,74,-14
749,2008,15.9,191,218,15.4,115,16
749,2009,13.5,186,207,12.8,98,5
749,2010,9.7,190,201,7.8,70,-1
749,2011,17.4,181,224,16.7,126,22
749,2012,11.5,165,193,8.8,83,-9
749,2013,9,174,200,8.2,65,-2
749,2014,14.2,172,201,14,103,-1
749,2015,9.3,162,185,4.9,67,-17
749,2016,14.1,183,202,13.9,102,0
749,2017,17.2,164,202,12.3,125,0
749,2018,10.3,186,206,10.1,75,4
749,2019,16.3,177,208,16.1,118,6
749,2020,14.9,191,212,13.9,108,10
749,2021,12.7,183,212,12.7,92,10
749,2022,10.6,199,219,8.9,77,17
749,2023,20.4,190,222,19.6,148,20
749,2024,16.2,186,208,16.2,117,6
749,2025,14.5,175,205,13.1,105,3
749,2026,6.5,162,173,0,47,-29
750,1989,9.7,237,353,,970,224
750,1990,1.1,147,152,0,110,22
750,1991,1.6,177,181,0,160,52
750,1992,1.1,160,164,0,110,34
750,1993,4.9,158,165,0,490,36
750,1994,0.8,96,106,0,80,-24
750,1995,1.6,101,107,0,160,-22
750,1996,2.4,128,131,0,240,2
750,1997,2.1,119,140,0,210,10
750,1998,0.6,151,153,0,60,24
750,1999,3,146,152,0.2,300,22
750,2000,0.8,125,127,0,80,-2
750,2001,0.6,112,113,0,60,-16
750,2002,2.1,92,99,0,210,-30
750,2003,0.9,222,223,0,90,94
750,2004,1.6,129,147,0,160,18
750,2005,1.1,106,111,0,110,-18
750,2006,0.4,127,128,0,40,-2
750,2007,0.7,154,157,0,70,28
750,2008,1.1,130,136,0,110,6
750,2009,0.8,90,95,0,80,-34
750,2010,0.5,131,137,0,50,8
750,2011,1.3,107,109,0,130,-20
750,2012,0.5,121,124,0,50,-6
750,2013,1.5,128,140,0,150,10
750,2014,0.1,85,86,0,10,-44
750,2015,0.6,97,101,0,60,-28
750,2016,1.4,108,114,0,140,-16
750,2017,1.1,126,131,0,110,2
750,2018,0.4,169,171,0,40,42
750,2019,0.7,97,101,0,70,-28
750,2020,0.8,81,85,0,80,-44
750,2021,0.6,80,82,0,60,-48
750,2022,1,94,97,0,100,-32
750,2023,1.9,86,89,1.5,190,-40
750,2024,1.3,159,173,0,130,44
750,2025,1,126,128,0,100,-2
750,2026,0.4,146,147,0,40,18
751,1981,12.9,235,249,9.6,71,4
751,1982,20.8,229,265,18.1,114,20
751,1983,19.8,235,262,15,109,18
751,1984,20.1,223,260,14.7,110,16
751,1985,16.1,211,238,14.3,88,-6
751,1986,21.8,229,247,17.6,120,2
751,1987,13.1,198,225,12.1,72,-20
751,1988,21,223,243,12.8,115,-2
751,1989,15.4,222,245,11.9,85,0
751,1990,20.8,231,253,14.5,114,8
751,1991,21.7,220,251,14.8,119,6
751,1992,15.7,216,240,10.4,86,-4
751,1993,15.9,222,244,11.5,87,-0
751,1994,18.6,199,229,16.5,102,-16
751,1995,24,227,260,15.1,132,16
751,1996,20.5,219,254,18.3,113,10
751,1997,21.9,216,245,17.9,120,0
751,1998,17.5,204,236,13.8,96,-8
751,1999,20.8,229,248,17,114,4
751,2000,16.2,210,243,14.7,89,-2
751,2001,15.1,207,229,11.3,83,-16
751,2002,16.8,224,246,12.7,92,2
751,2003,17.4,228,241,15.9,96,-4
751,2004,15.1,215,232,13.4,83,-12
751,2005,20,225,258,13.8,110,14
751,2006,15.8,209,235,14.1,87,-10
751,2007,17.8,209,231,15.4,98,-14
751,2008,20,229,266,16,110,22
751,2009,19.8,223,242,16.9,109,-2
751,2010,16.7,238,253,11.1,92,8
751,2011,29.6,243,268,18.2,163,24
751,2012,20.9,221,250,18,115,6
751,2013,18.6,218,237,13,102,-8
751,2014,22.6,212,246,19.4,124,2
751,2015,12.5,204,244,11.6,69,-0
751,2016,14.2,215,245,11.2,78,0
751,2017,20.5,215,245,16.4,113,0
751,2018,23.6,216,239,20.7,130,-6
751,2019,16.7,241,255,12.4,92,10
751,2020,16.6,204,244,14.3,91,-0
751,2021,18.4,229,246,14.4,101,2
751,2022,16.9,217,255,11.9,93,10
751,2023,15.4,211,235,13.9,85,-10
751,2024,17.6,224,250,11.4,97,6
751,2025,15.9,214,244,12.6,87,-0
751,2026,16.1,222,241,12,88,-4
752,1982,15.5,137,216,14.3,153,27
752,1983,8.8,145,172,4.3,87,-17
752,1984,11.1,154,202,9.6,110,13
752,1985,17.1,183,213,17.1,169,24
752,1986,11.3,147,182,5.4,112,-7
752,1987,7.8,154,187,5.1,77,-2
752,1988,7.9,141,197,7,78,8
752,1989,17.5,187,210,16.8,173,21
752,1990,12.7,168,197,11.1,126,8
752,1991,8,180,202,7.5,79,13
752,1992,6.4,120,157,0,63,-32
752,1993,10.7,157,197,7.9,106,8
752,1994,8.7,152,198,6.8,86,9
752,1995,8.9,118,189,5.9,88,0
752,1996,7.8,130,193,7,77,4
752,1997,20.7,167,209,17.9,205,20
752,1998,8.1,163,184,4.4,80,-5
752,1999,14,152,213,12,139,24
752,2000,13.7,150,194,10.8,136,5
752,2001,9.5,156,189,5.2,94,0
752,2002,19.6,176,207,18.3,194,18
752,2003,6,161,174,1.5,59,-15
752,2004,12.3,160,185,6.2,122,-4
752,2005,3.3,110,157,0,33,-32
752,2006,9.4,167,187,5.7,93,-2
752,2007,10.6,155,171,0.5,105,-18
752,2008,16.9,191,212,16.5,167,23
752,2009,12.6,187,201,10.9,125,12
752,2010,4.4,129,154,0,44,-35
752,2011,14.2,161,203,9.9,141,14
752,2012,13.3,176,197,10.4,132,8
752,2013,7.9,152,183,3.7,78,-6
752,2014,9.6,156,179,3.4,95,-10
752,2015,4.5,110,134,0,45,-55
752,2016,8.4,129,161,0.7,83,-28
752,2017,12,161,180,4.8,119,-9
752,2018,11.4,158,192,7.8,113,3
752,2019,11,167,184,5.7,109,-5
752,2020,10.8,151,190,6.4,107,1
752,2021,11.9,152,189,9,118,0
752,2022,10.9,152,176,2.5,108,-13
752,2023,12.4,165,206,11.1,123,17
752,2024,6.4,164,174,1.4,63,-15
752,2025,6.8,175,181,3.1,67,-8
752,2026,4.5,168,176,0,45,-13
753,1989,6.3,185,203,6.2,101,-12
753,1990,6,177,203,5.8,96,-12
753,1991,7.9,215,230,5.5,126,16
753,1992,6.3,175,204,6.1,101,-10
753,1993,6.3,213,224,5.2,101,10
753,1994,5.6,191,204,4.8,90,-10
753,1995,8.7,214,229,6.7,139,14
753,1996,6.5,218,227,5.9,104,12
753,1997,8.2,200,226,7.3,131,12
753,1998,7.1,204,218,5.8,114,4
753,1999,7.2,199,233,6.7,115,18
753,2000,6.2,189,206,6,99,-8
753,2001,5.8,204,214,4.5,93,-0
753,2002,3.9,193,215,3.9,62,0
753,2003,6.6,189,225,6.2,106,10
753,2004,5.3,170,192,4.5,85,-22
753,2005,5.3,205,218,4.8,85,4
753,2006,7,189,212,6.6,112,-2
753,2007,4,156,199,3.2,64,-16
753,2008,6.8,214,229,5.5,109,14
753,2009,6.7,201,226,5.5,107,12
753,2010,4.7,196,225,4.3,75,10
753,2011,9.2,217,228,7.3,147,14
753,2012,5.6,192,204,4.5,90,-10
753,2013,5.8,185,214,5.8,93,-0
753,2014,6.2,190,215,5.9,99,0
753,2015,3.6,166,179,0.5,58,-36
753,2016,6.2,189,202,5.9,99,-12
753,2017,3.9,167,181,1.7,62,-34
753,2018,7.8,196,212,7,125,-2
753,2019,6.1,186,206,6.1,98,-8
753,2020,7.6,190,213,7.6,122,-2
753,2021,5.8,183,210,5.8,93,-4
753,2022,4.1,176,219,3.5,66,4
753,2023,9.4,205,215,8.7,150,0
753,2024,5.3,184,199,5.3,85,-16
753,2025,6,177,195,5,96,-20
753,2026,3,168,172,0,48,-42
754,1981,23.5,229,250,17.1,91,-1
754,1982,34.9,226,267,26.8,135,16
754,1983,32.7,232,260,23.1,126,9
754,1984,35.8,221,269,26,138,18
754,1985,21.6,195,233,20.6,84,-18
754,1986,29.4,231,248,20.5,114,-3
754,1987,17.6,204,221,17,68,-30
754,1988,28.5,221,247,20.8,110,-4
754,1989,22.8,217,253,19.1,88,2
754,1990,28.2,233,263,21.8,109,12
754,1991,35.7,230,255,21.1,138,4
754,1992,23.3,208,233,16.2,90,-18
754,1993,30.8,221,246,18.4,119,-5
754,1994,22,198,231,18.3,85,-20
754,1995,32.6,226,259,20.5,126,8
754,1996,35.8,227,259,25.3,138,8
754,1997,40.8,219,252,31.7,158,1
754,1998,24.6,203,241,19.4,95,-10
754,1999,26.4,229,254,21.9,102,3
754,2000,23.3,210,249,21.7,90,-2
754,2001,20.8,206,236,16.8,80,-15
754,2002,22.6,224,259,18.7,87,8
754,2003,28.1,225,249,21.6,109,-2
754,2004,17.4,207,250,16.4,67,-1
754,2005,23,226,261,18.6,89,10
754,2006,25.5,210,236,22.7,99,-15
754,2007,24,209,233,19,93,-18
754,2008,36.6,238,274,25.5,142,23
754,2009,35.7,228,258,24.3,138,7
754,2010,27,225,262,18.8,104,11
754,2011,37.1,243,273,24.7,144,22
754,2012,25.8,219,253,21.2,100,2
754,2013,24.5,217,253,18.4,95,2
754,2014,34.9,231,253,28.8,135,2
754,2015,21.6,210,245,18.3,84,-6
754,2016,22.3,214,246,20.1,86,-5
754,2017,25.4,215,248,16.1,98,-3
754,2018,34.7,214,249,27.7,134,-2
754,2019,25.9,216,257,20.9,100,6
754,2020,30.1,214,249,27.7,116,-2
754,2021,26.3,221,248,22.4,102,-3
754,2022,28.1,243,264,17.1,109,13
754,2023,26,210,236,22.8,101,-15
754,2024,23.3,223,254,15.2,90,3
754,2025,27.8,212,251,23.5,108,0
754,2026,20.5,213,241,16.7,79,-10
755,1981,1.9,119,144,0,51,-12
755,1982,10.5,139,163,0,284,6
755,1983,13.3,140,198,7.8,359,42
755,1984,5.1,101,146,0,138,-10
755,1985,12.7,150,165,2.6,343,8
755,1986,3.5,141,152,0,95,-4
755,1987,6.9,155,164,0,186,8
755,1988,10.2,146,164,0,276,8
755,1989,4,124,147,0,108,-10
755,1990,4.4,151,159,0,119,2
755,1991,9.9,155,184,6,268,28
755,1992,10.8,158,175,0.8,292,18
755,1993,12.9,153,165,0,349,8
755,1994,3.2,139,157,0,86,0
755,1995,8.1,139,156,0,219,-0
755,1996,2.9,129,142,0,78,-14
755,1997,4.9,155,165,0,132,8
755,1998,9.4,153,175,1.9,254,18
755,1999,1.4,100,104,0,38,-52
755,2000,1.5,113,119,0,41,-38
755,2001,4.9,159,169,0,132,12
755,2002,3.8,136,144,0,103,-12
755,2003,4,155,163,0,108,6
755,2004,6.1,162,169,0.1,165,12
755,2005,6.2,159,166,0,168,10
755,2006,0.5,165,166,0,14,10
755,2007,7.2,144,164,0,195,8
755,2008,3.2,120,138,0,86,-18
755,2009,3.6,101,145,0,97,-12
755,2010,13.7,164,182,5.4,370,26
755,2011,2.5,134,143,0,68,-14
755,2012,6.9,112,159,0,186,2
755,2013,2.2,114,120,0,59,-36
755,2014,0.9,93,116,0,24,-40
755,2015,3.4,126,133,0,92,-24
755,2016,6,132,140,0,162,-16
755,2017,3.5,125,133,0,95,-24
755,2018,0.4,104,105,0,11,-52
755,2019,1.5,166,170,0,41,14
755,2020,2.1,60,67,0,57,-90
755,2021,1.7,125,127,0,46,-30
755,2022,2,96,113,0.1,54,-44
755,2023,1.7,124,130,0,46,-26
755,2024,3.1,138,144,0,84,-12
755,2025,0.6,49,51,0,16,-106
755,2026,1,53,56,0,27,-100
756,1981,4.1,121,147,1.6,38,-40
756,1982,15.3,204,212,13.9,140,25
756,1983,26.9,196,218,25.7,247,31
756,1984,13.5,156,197,8.3,124,10
756,1985,13.3,164,190,11.7,122,3
756,1986,12.3,146,180,4.4,113,-7
756,1987,10.1,153,186,6.7,93,-1
756,1988,7,124,167,0,64,-20
756,1989,12.5,172,191,10.7,115,4
756,1990,7.3,145,181,2.1,67,-6
756,1991,4.5,178,188,3.7,41,1
756,1992,4.7,130,163,0,43,-24
756,1993,18.5,158,191,11.7,170,4
756,1994,7.7,153,171,0,71,-16
756,1995,11.2,121,187,8.1,103,0
756,1996,9.8,160,187,6.5,90,0
756,1997,7.4,156,177,2.5,68,-10
756,1998,14.4,156,202,9.1,132,15
756,1999,24.8,166,210,22.7,228,23
756,2000,16.1,166,189,11.9,148,2
756,2001,5.1,170,178,0.8,47,-9
756,2002,13.9,173,187,9.7,128,0
756,2003,7.4,117,127,1.3,68,-60
756,2004,14.6,160,176,5.8,134,-11
756,2005,10.5,158,189,7.3,96,2
756,2006,24,178,212,23.6,220,25
756,2007,10.6,155,170,0,97,-17
756,2008,13.9,185,203,13.7,128,16
756,2009,12.5,169,191,9.1,115,4
756,2010,11.7,152,200,7.8,107,13
756,2011,17,179,214,15.3,156,27
756,2012,10.3,198,207,9.5,94,20
756,2013,8,160,176,0.7,73,-11
756,2014,4.4,147,161,0,40,-26
756,2015,3,110,125,0,28,-62
756,2016,11.7,125,184,5,107,-3
756,2017,16.3,160,187,10.4,150,0
756,2018,4.9,177,182,1.2,45,-5
756,2019,15.3,163,196,13.9,140,9
756,2020,7.9,127,193,5.4,72,6
756,2021,8.5,163,181,3,78,-6
756,2022,7.6,101,173,0,70,-14
756,2023,18.8,189,208,17.8,172,21
756,2024,9.6,167,186,5.9,88,-1
756,2025,19.6,173,195,16.5,180,8
756,2026,2.3,122,133,0,21,-54
757,1981,7.7,188,197,6.7,90,8
757,1982,14.5,167,274,14.2,170,85
757,1983,25.9,200,226,24.8,303,37
757,1984,9.3,124,197,6.8,109,8
757,1985,21.3,158,197,19.5,249,8
757,1986,9.1,169,190,7,106,1
757,1987,14,190,203,13.2,164,14
757,1988,11.5,149,188,6.5,135,-1
757,1989,6.6,125,166,0,77,-23
757,1990,8.5,169,188,5.4,99,-1
757,1991,17.5,183,204,17.5,205,15
757,1992,15.7,186,205,15,184,16
757,1993,21,168,205,20.1,246,16
757,1994,9,166,189,7.6,105,0
757,1995,8.7,165,189,5.7,102,0
757,1996,6.9,151,181,2.8,81,-8
757,1997,11.6,159,202,9.6,136,13
757,1998,18.8,186,218,18.5,220,29
757,1999,1.8,188,194,0,21,5
757,2000,2.1,166,174,1.4,25,-15
757,2001,11.4,165,206,10.3,133,17
757,2002,4.1,174,185,2.8,48,-4
757,2003,10.3,182,204,10.2,120,15
757,2004,8.6,165,205,4.9,101,16
757,2005,13,180,205,12.5,152,16
757,2006,2.9,182,188,2.8,34,-1
757,2007,8,146,193,7.2,94,4
757,2008,8.5,150,198,6.6,99,9
757,2009,6.6,149,198,5.2,77,9
757,2010,20.5,181,218,20.3,240,29
757,2011,4,163,172,0.3,47,-17
757,2012,7.2,147,184,3.6,84,-5
757,2013,7.4,165,177,0.4,87,-12
757,2014,3.3,157,172,0,39,-17
757,2015,5.1,156,167,0,60,-22
757,2016,7.3,141,159,0,85,-30
757,2017,8.9,154,166,0,104,-23
757,2018,2.8,155,162,0,33,-27
757,2019,9.3,166,179,0.9,109,-10
757,2020,10.4,151,177,2.2,122,-12
757,2021,7.7,143,173,2.2,90,-16
757,2022,4.5,153,164,0.3,53,-25
757,2023,10.8,155,186,6.7,126,-3
757,2024,12.6,186,200,11.7,147,11
757,2025,1.8,128,134,0,21,-55
757,2026,5.2,147,154,0,61,-35
759,1981,12.5,194,211,11.8,84,-6
759,1982,32.8,202,230,32.5,220,13
759,1983,45.2,231,245,40.8,303,28
759,1984,34.4,212,232,32.1,231,15
759,1985,22.5,185,214,22.1,151,-3
759,1986,20.8,172,210,19.8,140,-7
759,1987,12.2,188,206,11.6,82,-11
759,1988,9.2,184,200,9.2,62,-17
759,1989,33.9,188,203,33,228,-14
759,1990,8.1,169,188,5.7,54,-29
759,1991,9,211,228,7.4,60,11
759,1992,6.1,163,178,0,41,-39
759,1993,29.3,211,233,24.4,197,16
759,1994,14.4,153,203,12.5,97,-14
759,1995,15,182,231,14.9,101,14
759,1996,20.9,185,219,20.8,140,2
759,1997,17.3,169,217,14.6,116,0
759,1998,22,201,237,17.6,148,20
759,1999,34.1,230,238,28.9,229,21
759,2000,17.2,174,203,16.4,115,-14
759,2001,12.2,197,213,9,82,-4
759,2002,19.3,181,217,19,130,0
759,2003,8.2,190,227,6.1,55,10
759,2004,18,161,190,11.9,121,-27
759,2005,10.7,204,217,9.4,72,0
759,2006,19.1,201,219,15.4,128,2
759,2007,11.9,205,214,9.3,80,-3
759,2008,21.1,199,228,19.9,142,11
759,2009,18.3,193,221,16.6,123,4
759,2010,19.2,196,243,17.7,129,26
759,2011,18.6,204,260,17,125,43
759,2012,9.8,193,206,9.5,66,-11
759,2013,12.1,159,188,8.7,81,-29
759,2014,8.5,188,197,7.4,57,-20
759,2015,5.5,127,160,0,37,-57
759,2016,13.5,171,192,12.6,91,-25
759,2017,14.8,183,218,14.8,99,1
759,2018,8.9,178,202,8.2,60,-15
759,2019,20.1,198,217,18.4,135,0
759,2020,14.8,192,209,13.1,99,-8
759,2021,18,180,199,17.8,121,-18
759,2022,8.1,173,185,4.4,54,-32
759,2023,21,204,226,18.3,141,9
759,2024,19.2,191,211,18.6,129,-6
759,2025,24.8,187,212,24.2,166,-5
759,2026,3.9,161,170,0,26,-47
760,1981,20,200,243,18.3,85,6
760,1982,39.1,209,261,35,167,24
760,1983,24.8,232,248,22.3,106,10
760,1984,22.6,221,256,19.5,97,18
760,1985,20.8,192,235,20.1,89,-2
760,1986,27.4,229,246,23.1,117,8
760,1987,17,202,222,15.7,73,-16
760,1988,21.8,223,240,20.6,93,2
760,1989,25.9,189,247,24,111,10
760,1990,22.7,190,254,22.5,97,16
760,1991,26.6,220,247,23,114,10
760,1992,20.4,196,229,18.5,87,-8
760,1993,22.5,216,235,16.6,96,-2
760,1994,15.7,198,225,13.7,67,-12
760,1995,26.2,221,244,21.4,112,6
760,1996,36.3,220,253,32.1,155,16
760,1997,43,216,250,39.5,184,12
760,1998,22.1,202,238,19.9,94,0
760,1999,31.1,199,248,31,133,10
760,2000,22.4,192,234,21.4,96,-4
760,2001,15.9,207,234,13.1,68,-4
760,2002,26.1,208,245,23.7,112,8
760,2003,29.2,225,248,25.5,125,10
760,2004,19,188,246,18.8,81,8
760,2005,14.3,202,234,12.4,61,-4
760,2006,28.4,200,229,25.1,121,-8
760,2007,20,184,224,19.5,85,-14
760,2008,28.9,211,243,26.3,124,6
760,2009,24,199,240,22.4,103,2
760,2010,14.5,197,244,12.8,62,6
760,2011,33.7,223,259,26.7,144,22
760,2012,25.1,183,230,24.7,107,-8
760,2013,18.5,205,225,17.9,79,-12
760,2014,31.2,193,239,30.5,133,2
760,2015,18.8,196,217,17.2,80,-20
760,2016,19.6,186,218,19.6,84,-20
760,2017,25.4,212,242,23.7,109,4
760,2018,34,204,237,29,145,-0
760,2019,22.8,200,237,19,97,-0
760,2020,22,203,231,20,94,-6
760,2021,21.3,184,229,21.2,91,-8
760,2022,22.6,203,246,17.8,97,8
760,2023,20.6,208,229,18.7,88,-8
760,2024,14.3,193,228,13.7,61,-10
760,2025,19.2,192,223,18.4,82,-14
760,2026,22.5,170,225,21.5,96,-12
761,1981,13.3,192,201,12,88,-9
761,1982,32.1,203,227,28,211,17
761,1983,21.5,198,240,18.8,141,30
761,1984,23.6,197,229,21,155,19
761,1985,17.8,183,200,17.8,117,-10
761,1986,27.6,171,234,24.3,182,24
761,1987,9.3,181,197,9.1,61,-13
761,1988,13.4,181,198,13,88,-12
761,1989,17.1,188,202,16.1,113,-8
761,1990,10.5,168,193,9.5,69,-17
761,1991,12.7,182,228,12.4,84,18
761,1992,7.8,177,189,6.6,51,-21
761,1993,16.3,176,228,14.6,107,18
761,1994,13.7,190,204,12.1,90,-6
761,1995,14.4,185,221,14.4,95,11
761,1996,20.4,189,224,20.4,134,14
761,1997,24.9,196,223,24.6,164,13
761,1998,16.1,190,214,15.6,106,4
761,1999,17.3,194,225,15.8,114,15
761,2000,13.9,184,205,13.9,91,-5
761,2001,7.9,197,207,5.8,52,-3
761,2002,12.7,173,196,11.7,84,-14
761,2003,14.1,181,202,13.4,93,-8
761,2004,13.4,161,188,8.6,88,-22
761,2005,13.6,184,208,13.6,89,-2
761,2006,20.2,189,211,19.3,133,1
761,2007,12.1,163,199,9.3,80,-11
761,2008,20.1,194,220,19.6,132,10
761,2009,18.1,199,221,16.6,119,11
761,2010,13.2,191,207,10.8,87,-3
761,2011,24.5,214,235,21.5,161,25
761,2012,14.2,173,192,10.2,93,-18
761,2013,12.9,176,211,10.1,85,1
761,2014,23,190,214,22.3,151,4
761,2015,15.4,161,188,9,101,-22
761,2016,15,185,204,15,99,-6
761,2017,23,165,217,18.2,151,7
761,2018,15.5,181,205,14.8,102,-5
761,2019,17.9,177,209,17.7,118,-1
761,2020,21.2,189,213,20.2,139,3
761,2021,14.4,182,201,14.1,95,-9
761,2022,12.4,175,217,10.5,82,7
761,2023,28.1,189,232,26.2,185,22
761,2024,21.9,186,207,21.8,144,-3
761,2025,19,175,205,18.1,125,-5
761,2026,13.2,164,175,1.4,87,-35
762,1981,8.7,195,212,7.8,58,-18
762,1982,17.4,215,242,15.7,116,12
762,1983,14.3,215,240,11.5,95,10
762,1984,21.6,221,238,17.6,144,8
762,1985,16.8,212,240,15.1,112,10
762,1986,17.6,211,237,15.2,117,8
762,1987,20,204,239,18.6,133,10
762,1988,11.2,188,228,11.1,74,-2
762,1989,12.2,197,221,11,81,-8
762,1990,14,216,235,8.8,93,6
762,1991,14.9,197,229,13.7,99,-0
762,1992,11.3,199,220,11.1,75,-10
762,1993,13.9,202,233,12.4,92,4
762,1994,12.8,218,231,10,85,2
762,1995,20.2,231,253,15.5,134,24
762,1996,15.7,206,223,14.1,104,-6
762,1997,22.7,215,238,18,151,8
762,1998,16.1,210,232,14.1,107,2
762,1999,22.2,219,242,13.2,148,12
762,2000,13.9,200,220,13.3,92,-10
762,2001,17.6,206,235,15.6,117,6
762,2002,8.1,200,213,7.7,54,-16
762,2003,11.9,193,224,11.2,79,-6
762,2004,13.8,215,230,11.1,92,0
762,2005,18.7,219,235,16.6,124,6
762,2006,15.2,199,226,13.4,101,-4
762,2007,16.6,207,233,12.9,110,4
762,2008,19.6,203,235,17.3,130,6
762,2009,16,203,221,12,106,-8
762,2010,14.7,193,229,13.7,98,-0
762,2011,16.9,216,242,14,112,12
762,2012,12.1,189,217,11.7,80,-12
762,2013,12,205,220,8.8,80,-10
762,2014,14.6,193,239,13.9,97,10
762,2015,12.6,213,243,11.8,84,14
762,2016,14.7,216,228,14.3,98,-2
762,2017,16,189,219,14.8,106,-10
762,2018,8.5,191,210,8.1,56,-20
762,2019,21.4,192,247,21.1,142,18
762,2020,15.7,205,219,14.7,104,-10
762,2021,12.9,185,218,12.9,86,-12
762,2022,11.2,190,211,10.7,74,-18
762,2023,14.1,194,216,13.9,94,-14
762,2024,13.4,195,209,12.4,89,-20
762,2025,11.8,190,208,10.6,78,-22
762,2026,6.4,164,174,0,43,-56
763,1981,13.6,188,206,13,98,-4
763,1982,19.1,198,213,17.3,138,4
763,1983,18.3,196,237,16.6,132,28
763,1984,20.5,198,226,18.6,148,16
763,1985,19.3,184,200,19.3,139,-10
763,1986,18.6,201,231,15.7,134,22
763,1987,11.8,184,201,11.8,85,-8
763,1988,11.9,177,197,11,86,-12
763,1989,15.9,188,200,13.5,115,-10
763,1990,14.5,171,198,13.2,105,-12
763,1991,12,183,226,12,87,16
763,1992,8.4,177,191,6.3,61,-18
763,1993,19.7,172,227,17.1,142,18
763,1994,11.4,179,201,8.1,82,-8
763,1995,13.8,164,219,13.3,100,10
763,1996,19.6,184,218,19.6,142,8
763,1997,17.6,170,199,14.5,127,-10
763,1998,15.8,201,215,14.3,114,6
763,1999,14.2,193,230,12.4,103,20
763,2000,13.6,177,197,13.1,98,-12
763,2001,9.8,197,209,7.6,71,-0
763,2002,13.9,179,208,13.4,100,-2
763,2003,9.7,191,197,9,70,-12
763,2004,10.5,160,187,6.4,76,-22
763,2005,17.9,188,210,17.8,129,0
763,2006,17,189,210,16.6,123,0
763,2007,12.2,163,189,8.3,88,-20
763,2008,18,195,225,15.9,130,16
763,2009,17.9,199,215,15.2,129,6
763,2010,12.1,190,222,9.6,87,12
763,2011,23.6,214,234,20.3,170,24
763,2012,8.9,174,193,6.3,64,-16
763,2013,11.2,205,213,9.1,81,4
763,2014,16.2,189,205,15.2,117,-4
763,2015,9.5,160,181,3.2,69,-28
763,2016,11.7,184,201,11.7,84,-8
763,2017,16.9,161,199,13.4,122,-10
763,2018,7.8,182,198,7.3,56,-12
763,2019,18.7,199,217,17.5,135,8
763,2020,13.9,187,211,13.9,100,2
763,2021,8.8,183,206,8.8,64,-4
763,2022,9.1,177,204,8.1,66,-6
763,2023,24.4,191,218,22.8,176,8
763,2024,18.2,190,209,18.1,131,-0
763,2025,11.4,175,196,10.1,82,-14
763,2026,5.7,164,177,0,41,-32
764,1990,15.4,180,198,14.7,86,-16
764,1991,15.5,183,230,15.5,86,16
764,1992,12.2,176,197,10.5,68,-18
764,1993,18.3,174,225,16.3,102,10
764,1994,13.8,194,205,13.1,77,-10
764,1995,20.5,181,222,20.3,114,8
764,1996,21.3,189,227,21.3,118,12
764,1997,29.3,190,223,29.1,163,8
764,1998,18.1,201,218,16.8,101,4
764,1999,22.9,189,225,22.6,127,10
764,2000,17.3,185,205,17.3,96,-10
764,2001,11.2,198,210,10.2,62,-4
764,2002,14.4,181,214,13.9,80,-0
764,2003,16,163,208,14.7,89,-6
764,2004,17.9,172,197,15.6,99,-18
764,2005,12.3,189,207,11.8,68,-8
764,2006,21.6,185,212,21.4,120,-2
764,2007,13.7,164,199,10.7,76,-16
764,2008,21.5,195,230,21,119,16
764,2009,18.9,198,224,16.9,105,10
764,2010,9.3,185,204,8.8,52,-10
764,2011,23,198,232,21.1,128,18
764,2012,17.6,164,206,16,98,-8
764,2013,14.6,182,215,14.5,81,0
764,2014,23.2,186,216,22.6,129,2
764,2015,14,141,203,11.7,78,-12
764,2016,17.5,184,205,17.5,97,-10
764,2017,21.8,165,218,18.7,121,4
764,2018,19.4,186,212,18.5,108,-2
764,2019,20,178,217,19.5,111,2
764,2020,18.9,191,218,17.6,105,4
764,2021,15.4,185,205,15.4,86,-10
764,2022,10.7,177,219,9.5,59,4
764,2023,20.9,189,218,19.8,116,4
764,2024,16.3,186,214,16.2,91,-0
764,2025,20.4,175,210,19.2,113,-4
764,2026,11.7,164,180,3.4,65,-34
765,1981,5.7,143,200,5.2,43,-18
765,1982,10.5,98,257,,79,39
765,1983,15.6,229,240,12.4,117,22
765,1984,12.3,222,232,11,92,14
765,1985,10.6,190,215,10.5,79,-3
765,1986,22.1,200,239,20.8,166,21
765,1987,9.1,196,210,8.8,68,-8
765,1988,12.9,195,225,12.4,97,7
765,1989,15.9,190,216,14.7,119,-2
765,1990,12.2,192,219,12.1,91,1
765,1991,11.1,217,229,10.3,83,11
765,1992,8.2,188,209,8.2,61,-9
765,1993,16.8,205,229,14.4,126,11
765,1994,10.2,198,219,9.4,76,1
765,1995,11.6,185,229,11.6,87,11
765,1996,24.4,208,229,24,183,11
765,1997,23.9,197,227,23.5,179,9
765,1998,13.6,207,228,12.3,102,10
765,1999,20.6,212,236,16.4,154,18
765,2000,12.4,194,216,12.3,93,-2
765,2001,10.1,198,217,8.8,76,-1
765,2002,9.8,183,217,9.8,73,-1
765,2003,13.8,182,213,13.7,103,-5
765,2004,11.9,171,211,11.2,89,-7
765,2005,14,197,226,13.8,105,8
765,2006,19.1,191,223,18.7,143,5
765,2007,10.4,188,213,10,78,-5
765,2008,14.6,195,227,14.1,109,9
765,2009,16,200,226,14.4,120,8
765,2010,10.2,198,232,8.8,76,14
765,2011,24.4,214,238,21.4,183,20
765,2012,12.5,175,207,11.6,94,-11
765,2013,9.5,179,213,8.9,71,-5
765,2014,20.6,189,216,20.3,154,-2
765,2015,12.7,161,202,10.7,95,-16
765,2016,14,190,207,14,105,-11
765,2017,20.2,162,219,18.8,151,1
765,2018,13.1,189,207,12.5,98,-11
765,2019,11.7,185,208,11.4,88,-10
765,2020,13.7,191,212,13.3,103,-6
765,2021,11.1,185,206,11,83,-12
765,2022,9.6,201,217,7.6,72,-1
765,2023,16.3,191,221,14.6,122,3
765,2024,10.5,186,206,10.3,79,-12
765,2025,14.3,175,213,14,107,-5
765,2026,8.7,164,177,0.5,65,-41
766,1989,0,365,365,,0,122
766,1990,34,216,238,32.7,78,-5
766,1991,40,219,250,30.9,91,7
766,1992,23,185,217,23,53,-26
766,1993,66.9,223,257,48.5,153,14
766,1994,31.9,200,234,28.7,73,-9
766,1995,58.9,227,268,50.1,134,25
766,1996,52.9,205,250,44.5,121,7
766,1997,58.3,217,244,52.6,133,1
766,1998,44.7,211,246,36.8,102,3
766,1999,50.5,230,254,31.3,115,11
766,2000,37.5,210,236,35.8,86,-7
766,2001,36.6,207,228,24.5,84,-15
766,2002,50.2,213,243,42.3,115,0
766,2003,36.2,224,237,25.9,83,-6
766,2004,42.9,211,235,42.5,98,-8
766,2005,74.6,230,262,60.3,170,19
766,2006,68.9,213,245,58.5,157,2
766,2007,30.1,207,226,25.8,69,-17
766,2008,57.8,210,255,49.9,132,12
766,2009,54.1,203,235,43.5,124,-8
766,2010,40.4,228,251,29.3,92,8
766,2011,75.1,244,268,58.6,171,25
766,2012,32.8,204,224,28.4,75,-19
766,2013,35,209,229,28.2,80,-14
766,2014,32.5,189,238,30.4,74,-5
766,2015,21.6,198,226,19.4,49,-17
766,2016,35.3,216,243,33.7,81,0
766,2017,59.3,218,245,53.1,135,2
766,2018,30,203,228,26.3,68,-15
766,2019,56.6,204,254,49,129,11
766,2020,46.3,202,230,43.5,106,-13
766,2021,32.7,210,229,29.7,75,-14
766,2022,33.9,209,236,29.6,77,-7
766,2023,72.3,208,243,66.8,165,0
766,2024,48.6,196,243,46.9,111,0
766,2025,39.7,189,235,37.7,91,-8
766,2026,25.5,160,221,17.2,58,-22
767,1981,9.1,204,213,9,73,4
767,1982,17.8,192,206,17,142,-3
767,1983,26,202,236,24.1,208,27
767,1984,25.7,196,236,23.5,206,27
767,1985,14.2,190,211,14.2,114,2
767,1986,16,174,206,14.2,128,-3
767,1987,12.6,191,204,12.1,101,-5
767,1988,5.3,159,197,2.9,42,-12
767,1989,17.6,188,201,17.1,141,-8
767,1990,5.5,173,190,4.8,44,-19
767,1991,5.7,183,217,5.7,46,8
767,1992,4.7,175,184,2.1,38,-25
767,1993,19.7,172,223,17.7,158,14
767,1994,6.3,160,200,5,50,-9
767,1995,16.4,186,222,16.4,131,13
767,1996,11.9,184,212,11.9,95,3
767,1997,16,171,208,13.5,128,-1
767,1998,20.7,205,213,16.2,166,4
767,1999,21.3,200,226,18.4,170,17
767,2000,16.6,187,201,14.4,133,-8
767,2001,7.4,204,211,5.5,59,2
767,2002,13.6,187,196,12,109,-13
767,2003,7.7,224,226,4,62,17
767,2004,17,170,189,11.5,136,-20
767,2005,9.6,204,212,6.6,77,3
767,2006,20.3,194,216,18.9,162,7
767,2007,7.4,169,192,5.9,59,-17
767,2008,13.1,199,220,12.5,105,11
767,2009,10.1,198,206,9.1,81,-3
767,2010,11.3,197,217,10,90,8
767,2011,16.2,198,229,15.5,130,20
767,2012,10.1,201,206,7,81,-3
767,2013,8.3,163,196,7.2,66,-13
767,2014,7,190,213,5.7,56,4
767,2015,6.7,127,165,0,54,-44
767,2016,13.7,171,194,13.3,110,-15
767,2017,15.1,161,206,12.9,121,-3
767,2018,8.5,179,204,7.8,68,-5
767,2019,15.8,182,210,15.7,126,1
767,2020,13.4,190,205,12.3,107,-4
767,2021,13.9,182,202,13.7,111,-7
767,2022,7.2,173,190,4.3,58,-19
767,2023,20.7,191,217,19.2,166,8
767,2024,12.7,168,203,11.9,102,-6
767,2025,23.9,179,205,22.5,191,-4
767,2026,6,163,173,0.4,48,-36
769,1987,4.9,157,183,2.2,41,-6
769,1988,6.8,146,179,2.4,56,-10
769,1989,14,160,197,12.7,116,8
769,1990,7.8,158,181,2.3,65,-8
769,1991,6.1,177,189,5.7,51,0
769,1992,6,146,163,0,50,-26
769,1993,17,169,197,11.7,141,8
769,1994,8.4,152,175,0.7,70,-14
769,1995,15.4,142,191,12.2,128,2
769,1996,13.2,160,193,11.2,110,4
769,1997,18.8,167,201,14.8,156,12
769,1998,12.7,164,193,9.2,105,4
769,1999,19,169,200,15.1,158,11
769,2000,13.8,173,189,10.2,115,0
769,2001,6.2,161,175,0,51,-14
769,2002,12,169,188,8.6,100,-1
769,2003,10.2,164,183,4.6,85,-6
769,2004,12.8,150,178,3,106,-11
769,2005,7.3,145,189,6.5,61,0
769,2006,19.4,172,202,17.4,161,13
769,2007,9.8,158,178,2.1,81,-11
769,2008,14.3,182,210,14,119,21
769,2009,12.1,168,191,8.8,100,2
769,2010,9.4,167,197,7.6,78,8
769,2011,13.5,181,199,11.7,112,10
769,2012,11.7,174,192,8.9,97,3
769,2013,5.7,161,181,0.7,47,-8
769,2014,6.8,156,176,2.4,56,-13
769,2015,7.1,130,164,0,59,-25
769,2016,12.3,154,189,9.2,102,0
769,2017,22.2,161,189,13.8,184,0
769,2018,6.3,173,187,4.1,52,-2
769,2019,21.6,172,194,17.6,179,5
769,2020,7.1,133,188,4.3,59,-1
769,2021,8.4,164,182,3.4,70,-7
769,2022,7.4,143,177,0,61,-12
769,2023,18.5,189,207,17.7,154,18
769,2024,11,170,187,7.1,91,-2
769,2025,14.9,173,189,8.9,124,0
769,2026,1.6,128,131,0,13,-58
770,1981,8.7,193,202,8.4,68,-2
770,1982,22.6,194,216,20.6,177,12
770,1983,15.9,199,230,13,125,26
770,1984,17.8,197,227,16.8,140,22
770,1985,16.3,182,199,16,128,-6
770,1986,18.8,171,213,14,147,8
770,1987,7.9,182,192,7.7,62,-12
770,1988,9.7,185,196,9.7,76,-8
770,1989,13.8,187,199,12.9,108,-6
770,1990,9.5,170,192,8.8,75,-12
770,1991,12.6,182,203,12.1,99,-2
770,1992,5.9,152,168,1,46,-36
770,1993,15.2,170,225,13.8,119,20
770,1994,10.1,154,203,7.6,79,-2
770,1995,11.8,183,205,11.8,93,0
770,1996,15.9,190,219,15.4,125,14
770,1997,19.8,167,220,18,155,16
770,1998,13.4,185,211,13.3,105,6
770,1999,14.6,193,210,13.9,115,6
770,2000,13.6,177,197,12.4,107,-8
770,2001,7.5,170,200,4.4,59,-4
770,2002,11.9,173,191,9.5,93,-14
770,2003,11.1,161,196,9.2,87,-8
770,2004,12.9,160,187,8.2,101,-18
770,2005,11.4,191,207,10.5,89,2
770,2006,15.5,185,206,15.3,122,2
770,2007,10.1,163,190,6.5,79,-14
770,2008,14.1,201,220,13.6,111,16
770,2009,14,199,213,13.5,110,8
770,2010,10,197,203,8.3,78,-2
770,2011,15,193,225,14.5,118,20
770,2012,11.9,164,192,8.2,93,-12
770,2013,8.7,164,209,7.7,68,4
770,2014,15.8,189,204,15.3,124,-0
770,2015,9.2,163,181,3.5,72,-24
770,2016,11.1,183,197,11,87,-8
770,2017,16.7,160,200,10.8,131,-4
770,2018,11.3,187,205,10.9,89,0
770,2019,15.1,177,206,14.8,118,2
770,2020,13.9,191,209,13.4,109,4
770,2021,10.9,156,204,10.4,85,-0
770,2022,11.4,198,215,10.4,89,10
770,2023,21,190,221,19.7,165,16
770,2024,18.2,185,209,18.2,143,4
770,2025,15,175,199,13.8,118,-6
770,2026,7,149,172,0,55,-32
771,1981,15.7,194,216,15.5,67,-10
771,1982,51.9,193,233,48,222,7
771,1983,53.9,219,250,49.9,231,24
771,1984,33.5,197,229,31.7,143,3
771,1985,27.1,184,214,27.1,116,-12
771,1986,43.8,179,233,41.9,188,7
771,1987,13.4,194,210,13.1,57,-16
771,1988,13.9,176,224,11.6,60,-2
771,1989,25.2,180,216,24.4,108,-10
771,1990,14.8,172,217,12.8,63,-9
771,1991,17.1,200,235,16.3,73,9
771,1992,15.5,175,208,14.6,66,-18
771,1993,39.4,202,230,36.2,169,4
771,1994,14.5,195,217,14,62,-9
771,1995,45.1,185,255,44.8,193,29
771,1996,29.5,206,227,27.9,126,1
771,1997,37.9,194,225,37.2,162,-1
771,1998,37,201,250,35,158,24
771,1999,32.4,208,235,29.2,139,9
771,2000,22.1,203,227,21.5,95,1
771,2001,20.4,205,222,15.5,87,-4
771,2002,22.5,184,221,22.5,96,-5
771,2003,27.7,223,238,22.5,119,12
771,2004,26.5,171,216,25.9,113,-10
771,2005,42.1,194,240,40.5,180,14
771,2006,41.5,201,232,37,178,6
771,2007,11.5,184,222,11.5,49,-4
771,2008,24,207,225,23.4,103,-1
771,2009,21.4,194,224,21.4,92,-2
771,2010,27.4,214,246,23.9,117,20
771,2011,42.5,199,252,39.3,182,26
771,2012,12.1,200,212,10.4,52,-14
771,2013,20.7,174,212,19,89,-14
771,2014,13.2,189,214,12.8,57,-12
771,2015,8.2,161,179,3.3,35,-47
771,2016,22.7,185,229,22.7,97,3
771,2017,56.3,203,243,51.1,241,17
771,2018,19.7,179,214,19.3,84,-12
771,2019,42.2,200,244,40.8,181,18
771,2020,17.1,201,218,12.9,73,-8
771,2021,16.8,186,217,16.8,72,-9
771,2022,13.6,182,221,13.5,58,-5
771,2023,57.9,190,245,57.6,248,19
771,2024,24.9,193,229,23.6,107,3
771,2025,23.5,189,222,22.6,101,-4
771,2026,16.5,147,220,9.6,71,-6
772,1981,8.4,191,206,7.4,68,-8
772,1982,16.9,196,216,16.3,137,2
772,1983,20.6,206,242,16.8,167,28
772,1984,22.1,222,232,16.8,179,18
772,1985,13.9,194,217,13.3,113,4
772,1986,16.8,181,226,16.3,136,12
772,1987,7.4,190,208,7.4,60,-6
772,1988,12.1,193,226,12.1,98,12
772,1989,12.2,172,204,11.9,99,-10
772,1990,16.8,185,219,16.8,136,6
772,1991,12.5,201,226,12,101,12
772,1992,13.5,184,212,13.5,109,-2
772,1993,17.4,204,229,13.7,141,16
772,1994,13.2,183,205,13.2,107,-8
772,1995,14.2,222,235,9.8,115,22
772,1996,12.1,205,224,10.5,98,10
772,1997,14.3,168,221,13.6,116,8
772,1998,10.3,166,209,9.2,83,-4
772,1999,11.7,192,238,11.4,95,24
772,2000,10.6,184,212,10.6,86,-2
772,2001,10.4,197,213,9.3,84,-0
772,2002,11.1,180,207,10.7,90,-6
772,2003,14.5,191,229,13.9,117,16
772,2004,9.6,169,188,6.4,78,-26
772,2005,12.2,184,209,12.1,99,-4
772,2006,13.1,185,206,13,106,-8
772,2007,11.6,164,201,10.2,94,-12
772,2008,16.6,197,220,14.5,134,6
772,2009,14.3,192,220,13.2,116,6
772,2010,15.4,191,234,13.2,125,20
772,2011,25.4,216,242,19,206,28
772,2012,8,162,182,2.4,65,-32
772,2013,11.3,207,218,8.1,91,4
772,2014,14.1,190,216,12.6,114,2
772,2015,8.4,165,188,4.6,68,-26
772,2016,13,185,220,12.9,105,6
772,2017,10.8,164,183,5.2,87,-30
772,2018,11.7,190,208,10.6,95,-6
772,2019,12.1,185,205,11.8,98,-8
772,2020,13.8,184,214,13.8,112,0
772,2021,10,183,208,10,81,-6
772,2022,9,176,214,8.3,73,0
772,2023,16.3,190,215,15.7,132,2
772,2024,10.7,185,225,10.7,87,12
772,2025,10.9,173,206,10,88,-8
772,2026,6.5,167,175,0.3,53,-38
773,1992,20.3,194,226,19.7,97,-10
773,1993,23.2,208,239,20.2,111,3
773,1994,23.4,213,240,19.8,112,4
773,1995,33.9,219,256,28.5,162,20
773,1996,12.5,206,220,11,60,-16
773,1997,23.2,209,244,17.7,111,8
773,1998,23.6,199,226,21,113,-10
773,1999,20.5,221,242,13.6,98,6
773,2000,14.5,200,226,13,69,-10
773,2001,21.4,205,236,17.9,102,0
773,2002,8.4,182,214,8.3,40,-22
773,2003,20.1,207,231,17.6,96,-5
773,2004,22.5,214,232,16.1,108,-4
773,2005,28.6,216,238,24.4,137,2
773,2006,14.1,191,225,13.3,67,-11
773,2007,21.7,208,241,17.6,104,5
773,2008,30.1,204,246,28.6,144,10
773,2009,24.1,202,230,18.7,115,-6
773,2010,21.6,216,238,20.6,103,2
773,2011,16.2,216,238,12.1,78,2
773,2012,13.9,177,212,12.9,67,-24
773,2013,15.4,209,234,12.2,74,-2
773,2014,20.2,200,234,17.8,97,-2
773,2015,15.4,237,245,14.9,74,9
773,2016,22.4,216,242,16.7,107,6
773,2017,20.9,188,237,18.4,100,1
773,2018,8.5,190,210,7.8,41,-26
773,2019,24.1,197,247,23.3,115,11
773,2020,15.8,189,218,15.8,76,-18
773,2021,21.5,181,227,21.2,103,-9
773,2022,19.2,198,221,17.5,92,-15
773,2023,19.5,191,229,19.3,93,-7
773,2024,17.1,194,218,16.5,82,-18
773,2025,11,192,210,9.8,53,-26
773,2026,8.2,160,180,3,39,-56
774,1982,28.7,203,215,25.5,183,10
774,1983,35.4,198,238,34.6,226,33
774,1984,38.8,197,232,35.7,248,27
774,1985,22.3,182,193,22.1,142,-12
774,1986,26.4,146,213,22.1,169,8
774,1987,12.6,181,193,12.2,81,-12
774,1988,14.6,186,197,14.4,93,-8
774,1989,32.6,186,201,31.7,208,-4
774,1990,12.2,170,186,7.8,78,-19
774,1991,15.6,178,218,14.9,100,13
774,1992,8.7,147,168,0,56,-37
774,1993,28.3,170,223,23.1,181,18
774,1994,12.4,179,199,10.4,79,-6
774,1995,23.9,181,223,23.5,153,18
774,1996,18.1,188,214,17.4,116,9
774,1997,26.9,168,205,23.1,172,0
774,1998,20.5,165,212,17.2,131,7
774,1999,31.1,193,224,29.2,199,19
774,2000,15.7,174,192,13.9,100,-13
774,2001,9.4,171,208,5.7,60,3
774,2002,20.8,177,196,18.7,133,-9
774,2003,7.8,163,205,5.3,50,0
774,2004,22,159,186,11.5,141,-19
774,2005,8.8,156,209,8.7,56,4
774,2006,20.9,189,212,19.7,134,7
774,2007,11.9,156,188,7.5,76,-17
774,2008,23.1,194,221,22.1,148,16
774,2009,14.8,187,205,13.9,95,0
774,2010,18.4,192,208,16.5,118,3
774,2011,22.8,213,227,22.3,146,22
774,2012,13.5,182,202,12.3,86,-3
774,2013,10.2,152,183,4.3,65,-22
774,2014,7.9,189,196,7,50,-9
774,2015,6.8,110,144,0,43,-61
774,2016,14.3,147,189,11.3,91,-16
774,2017,19.5,160,189,12.8,125,-16
774,2018,6.7,173,190,5.4,43,-15
774,2019,18,169,205,16.6,115,0
774,2020,15.2,190,203,14.5,97,-2
774,2021,13.7,178,192,12.9,88,-13
774,2022,11.6,171,184,6.2,74,-21
774,2023,24.9,192,214,23.3,159,9
774,2024,24.2,192,206,23.2,155,1
774,2025,21.9,174,197,18.7,140,-8
774,2026,1.8,148,164,0,12,-41
775,1985,0.5,359,362,,3,129
775,1986,39.9,223,255,30.2,240,22
775,1987,16,186,217,16,96,-16
775,1988,15.7,194,228,15,94,-5
775,1989,16.6,188,219,16,100,-14
775,1990,14.4,193,233,14,86,0
775,1991,20.4,218,239,14.4,123,6
775,1992,11.4,186,212,11.2,68,-21
775,1993,17.8,222,236,14.1,107,3
775,1994,18.3,194,224,16.1,110,-9
775,1995,24.9,227,260,19.4,150,27
775,1996,21.6,205,230,19.6,130,-3
775,1997,28.4,216,238,24.9,171,5
775,1998,18.5,203,234,15.6,111,1
775,1999,25.2,219,246,17.7,151,13
775,2000,15.1,203,219,14.5,91,-14
775,2001,11.8,199,224,9.1,71,-9
775,2002,12,214,231,11.5,72,-2
775,2003,14.7,192,228,14.5,88,-5
775,2004,16.9,206,223,15,102,-10
775,2005,20,219,237,19.6,120,4
775,2006,16.5,190,224,16.2,99,-9
775,2007,12.9,188,223,12.4,77,-10
775,2008,15.8,196,234,14.9,95,1
775,2009,15.7,216,232,12,94,-1
775,2010,19.4,227,247,12.4,117,14
775,2011,20.8,243,256,17.5,125,23
775,2012,13.3,182,216,12.8,80,-17
775,2013,12.7,209,225,9.9,76,-8
775,2014,16.8,191,235,16.5,101,2
775,2015,11,204,243,9.2,66,10
775,2016,18.1,222,243,14.5,109,10
775,2017,34.5,213,250,30.8,207,17
775,2018,12.5,193,222,11.9,75,-11
775,2019,16.5,199,247,13.3,99,14
775,2020,13.7,201,222,11.6,82,-11
775,2021,13.8,210,232,12,83,-1
775,2022,13.4,217,230,10,80,-3
775,2023,21.6,210,233,18.2,130,0
775,2024,16.5,224,241,16.1,99,8
775,2025,14.8,189,225,14.6,89,-8
775,2026,12.2,168,204,8.5,73,-29
776,1983,32.3,194,224,30.2,100,5
776,1984,25.5,197,232,20.7,79,13
776,1986,24.1,146,193,16.1,75,-26
776,1987,31.7,154,210,29.1,98,-9
776,1988,26.9,189,222,25.8,83,3
776,1989,45.4,187,215,39.7,141,-4
776,1990,41.1,169,213,36.8,127,-6
776,1991,16.5,193,215,13.3,51,-4
776,1992,14.7,125,136,0.2,46,-83
776,1993,33.5,156,212,22.6,104,-7
776,1994,32.2,192,217,29.5,100,-2
776,1995,30.9,142,218,28.1,96,-1
776,1996,21.5,160,194,18.3,67,-25
776,1997,58,170,228,51.7,180,9
776,1998,41.4,164,217,38.3,128,-2
776,1999,75.9,197,253,73.2,235,34
776,2000,50.2,175,231,49.9,155,12
776,2001,21.2,170,219,19.4,66,0
776,2002,55.2,184,233,54.7,171,14
776,2003,18.2,190,220,15.3,56,1
776,2004,34.1,160,213,32.1,106,-6
776,2005,7.1,109,119,4.2,22,-100
776,2006,46.1,191,229,45.8,143,10
776,2007,42.6,162,219,35.4,132,0
776,2008,68.6,210,256,61,212,37
776,2009,36.4,189,234,32.3,113,15
776,2010,30.7,192,227,23.6,95,8
776,2011,45.3,214,250,36.9,140,31
776,2012,45.1,192,233,43,140,14
776,2013,32.4,175,220,31.6,100,1
776,2014,17.9,187,215,17.5,55,-4
776,2015,3.3,108,117,0,10,-102
776,2016,27.3,180,205,26.4,85,-14
776,2017,48.1,161,239,45.7,149,20
776,2018,29.8,196,221,26.3,92,2
776,2019,21.9,179,209,21.3,68,-10
776,2020,23,188,213,22.3,71,-6
776,2021,33.3,183,218,33.3,103,-1
776,2022,26.3,204,236,21,81,17
776,2023,39.1,206,229,35.4,121,10
776,2024,21.8,182,221,21.5,67,2
776,2025,28,174,212,25.9,87,-7
776,2026,12.8,164,191,8,40,-28
777,1985,21.2,138,189,16.4,188,24
777,1986,3,140,145,0,27,-20
777,1987,6.8,123,133,0,60,-32
777,1988,6,115,151,4.6,53,-14
777,1989,14.2,187,193,13.4,126,28
777,1990,19.8,144,172,0,175,8
777,1991,5.1,102,105,1.5,45,-60
777,1992,2.4,79,84,0,21,-80
777,1993,20.9,118,157,0,185,-8
777,1994,9.1,151,154,0.9,81,-10
777,1995,15.2,75,83,3.8,135,-82
777,1996,9.1,128,132,0,81,-32
777,1997,14.3,86,94,0.8,127,-70
777,1998,8.1,160,165,0.6,72,0
777,1999,27.9,193,208,25.1,247,44
777,2000,12.9,173,193,11.9,114,28
777,2001,4.1,156,158,0,36,-6
777,2002,15.5,132,195,14.8,137,30
777,2003,6.8,160,164,0,60,-0
777,2004,10.9,159,169,1.1,96,4
777,2005,5,102,110,1.6,44,-54
777,2006,13.9,174,191,11.9,123,26
777,2007,7.8,154,162,0,69,-2
777,2008,33.7,210,231,29.6,298,66
777,2009,16.5,186,207,14.7,146,42
777,2010,5.6,192,198,1.5,50,34
777,2011,15.2,181,225,11.4,135,60
777,2012,19.5,189,204,17.8,173,40
777,2013,19.9,149,188,14.7,176,24
777,2014,5,147,156,0.1,44,-8
777,2015,3.5,97,101,0.2,31,-64
777,2016,13.5,113,133,0.8,119,-32
777,2017,11.7,160,166,0,104,2
777,2018,9.6,160,189,6.2,85,24
777,2019,10.6,168,180,3,94,16
777,2020,13.4,115,124,8.8,119,-40
777,2021,18,177,198,16.7,159,34
777,2022,15.3,99,114,0,135,-50
777,2023,27.8,189,212,22.8,246,48
777,2024,9,114,120,2.1,80,-44
777,2025,12,173,180,4.1,106,16
777,2026,4,103,113,0,35,-52
778,1981,3.3,135,142,0,58,-22
778,1982,9.4,134,162,4.3,166,-2
778,1983,19.5,153,190,11.6,345,26
778,1984,4.1,90,132,0,73,-32
778,1985,8,166,174,4,142,10
778,1986,4.4,144,153,0,78,-11
778,1987,2,114,126,0,35,-38
778,1988,4.9,118,142,0,87,-22
778,1989,6.4,139,145,0,113,-19
778,1990,5.4,144,160,0,96,-4
778,1991,6.1,179,187,4.9,108,23
778,1992,3.8,142,145,0,67,-19
778,1993,16.8,152,169,0.2,297,5
778,1994,5.5,145,156,0,97,-8
778,1995,7.5,122,146,3.4,133,-18
778,1996,5.5,127,135,0,97,-29
778,1997,5.8,119,158,0,103,-6
778,1998,10.7,148,173,0.5,189,9
778,1999,5.4,149,156,0.5,96,-8
778,2000,2.5,162,166,0,44,2
778,2001,7.3,158,171,0,129,7
778,2002,4.7,92,146,0,83,-18
778,2003,7.6,94,125,0,135,-39
778,2004,8.1,155,166,0,143,2
778,2005,13.7,152,185,7.8,242,21
778,2006,3.6,173,179,2,64,15
778,2007,3,156,162,0,53,-2
778,2008,12.8,150,173,0,227,9
778,2009,6.3,143,170,0,112,6
778,2010,8.1,162,175,0.6,143,11
778,2011,12.2,179,187,10.3,216,23
778,2012,1.9,131,148,0.6,34,-16
778,2013,5.2,150,156,0,92,-8
778,2014,1.8,131,135,0.7,32,-29
778,2015,1,157,158,0,18,-6
778,2016,5.1,120,150,0,90,-14
778,2017,12.7,157,169,0,225,5
778,2018,4.7,172,180,0,83,16
778,2019,14.4,167,184,7.4,255,20
778,2020,4.3,133,145,0,76,-19
778,2021,6.5,138,173,0,115,9
778,2022,7.5,91,138,0,133,-26
778,2023,25,161,194,21.6,442,30
778,2024,6.8,157,166,0,120,2
778,2025,1.2,165,168,0.5,21,4
778,2026,3.1,145,148,0,55,-16
779,1981,14.2,184,239,14.2,55,-4
779,1982,39.4,210,246,35.8,151,4
779,1983,33.9,234,251,24.8,130,8
779,1984,27.8,225,243,22.6,107,0
779,1985,20.3,196,232,19.8,78,-10
779,1986,49.8,215,250,42.7,191,8
779,1987,17.3,197,220,17.1,66,-22
779,1988,21.8,200,237,21.3,84,-6
779,1989,32.9,202,236,30.2,126,-6
779,1990,22.4,214,249,20.4,86,6
779,1991,23.2,220,244,19.9,89,2
779,1992,15.8,185,217,15.8,61,-26
779,1993,37.5,221,241,27.1,144,-2
779,1994,18.7,197,228,16.9,72,-14
779,1995,30.9,228,258,26,119,16
779,1996,40.5,221,253,35.1,155,10
779,1997,41.3,215,243,36.8,159,0
779,1998,23.6,203,254,21.8,91,12
779,1999,38.3,229,255,29.6,147,12
779,2000,23,203,238,22.5,88,-4
779,2001,20.2,208,227,16.9,78,-16
779,2002,25,216,242,20.4,96,-0
779,2003,26.5,193,240,25.9,102,-2
779,2004,21.8,207,234,21.2,84,-8
779,2005,25.9,206,241,24.2,99,-2
779,2006,35,203,237,31.4,134,-6
779,2007,22.4,207,230,19,86,-12
779,2008,26.4,216,260,24.3,101,18
779,2009,33.5,219,242,27.2,129,-0
779,2010,23.3,226,252,16.5,89,10
779,2011,44.9,222,268,36.5,172,26
779,2012,23.4,204,236,22.8,90,-6
779,2013,26.1,208,237,20,100,-6
779,2014,38.4,213,246,35.2,147,4
779,2015,25.2,209,248,23.6,97,6
779,2016,26,204,249,25.1,100,6
779,2017,44.7,215,249,39.7,172,6
779,2018,29.3,205,240,26.2,112,-2
779,2019,25,200,254,22.2,96,12
779,2020,29,211,244,26.2,111,2
779,2021,22.6,210,245,21.3,87,2
779,2022,23.5,212,252,17.6,90,10
779,2023,31.5,210,246,26.9,121,4
779,2024,25.2,225,248,23.1,97,6
779,2025,28.5,211,243,26.6,109,0
779,2026,23.9,215,241,20.7,92,-2
780,1986,2.7,365,,,11,
780,1987,33.7,198,228,32.4,132,6
780,1988,23.6,172,198,18.6,92,-24
780,1989,32.5,162,207,30,127,-15
780,1990,17.3,215,233,11.3,68,11
780,1991,30.5,184,221,30.5,119,-1
780,1992,27.1,187,218,26.9,106,-4
780,1993,47.6,191,241,45.5,186,19
780,1994,25.6,216,235,21,100,13
780,1995,42.1,228,263,39.3,164,41
780,1996,21.2,172,218,20.7,83,-4
780,1997,32,196,233,28.1,125,11
780,1998,26.1,201,236,23.4,102,14
780,1999,24.7,218,236,13.7,96,14
780,2000,21.4,187,212,21,84,-10
780,2001,27.9,196,231,23.8,109,9
780,2002,11.7,178,187,9.2,46,-35
780,2003,20.2,173,225,19.6,79,3
780,2004,25.6,159,223,20.5,100,1
780,2005,39.9,189,236,39.8,156,14
780,2006,22.5,190,214,19.6,88,-8
780,2007,18,163,223,15.4,70,1
780,2008,35,198,230,33.7,137,8
780,2009,26.1,200,221,23.6,102,-1
780,2010,25.8,190,220,25,101,-2
780,2011,28.6,179,248,28.1,112,26
780,2012,19,161,192,13.1,74,-30
780,2013,20.9,175,212,19.1,82,-10
780,2014,22.7,191,217,21.8,89,-5
780,2015,17.7,165,192,12.3,69,-30
780,2016,19.3,134,234,18.3,75,12
780,2017,31.9,161,219,30.2,125,-3
780,2018,12,181,202,11.9,47,-20
780,2019,38,189,263,37.6,148,41
780,2020,23.7,183,217,23.4,93,-5
780,2021,21.3,179,213,20.7,83,-9
780,2022,21.6,168,211,20.8,84,-11
780,2023,41.4,192,236,41.1,162,14
780,2024,20.5,173,209,20.4,80,-13
780,2025,14.5,189,199,13.6,57,-23
780,2026,12,147,173,0.8,47,-49
781,1981,22,229,245,18.6,90,-2
781,1982,29,204,267,25.2,118,20
781,1983,21.7,232,247,17.8,88,0
781,1984,24.1,223,248,19.6,98,1
781,1985,23.9,192,236,22.1,97,-11
781,1986,27.7,231,246,21.8,113,-1
781,1987,13,206,218,12.5,53,-29
781,1988,20.6,222,238,17.6,84,-9
781,1989,24.1,217,251,20.6,98,4
781,1990,27.1,239,261,24.1,110,14
781,1991,33.6,228,253,22.2,137,6
781,1992,18.4,210,231,14.2,75,-16
781,1993,22.5,217,239,18.2,92,-8
781,1994,22.5,198,235,20.5,92,-12
781,1995,25.4,226,257,18.2,103,10
781,1996,28.5,225,253,24.1,116,6
781,1997,30.9,208,247,27.8,126,0
781,1998,20.4,198,238,17.8,83,-9
781,1999,28,232,251,25.2,114,4
781,2000,20.5,201,239,18.9,84,-8
781,2001,16.9,204,231,13.7,69,-16
781,2002,23.6,223,247,19,96,0
781,2003,26.7,233,246,21.1,109,-1
781,2004,18.9,206,251,18.7,77,4
781,2005,20.8,215,259,17.4,85,12
781,2006,24.8,202,235,22,101,-12
781,2007,20.5,205,230,18.3,84,-17
781,2008,24.6,211,267,21.8,100,20
781,2009,28.7,228,249,24.5,117,2
781,2010,26.7,225,258,16.9,109,11
781,2011,37.3,247,272,26.7,152,25
781,2012,28.1,205,251,25.5,114,4
781,2013,23.1,214,242,19.9,94,-5
781,2014,31,212,247,28.3,126,0
781,2015,22.5,210,244,20.5,92,-3
781,2016,23.8,200,249,21.8,97,2
781,2017,21.4,215,245,17.1,87,-2
781,2018,29.8,202,240,25.7,121,-7
781,2019,24.5,221,248,20.3,100,1
781,2020,25.9,227,249,23.9,105,2
781,2021,24.2,209,251,22,99,4
781,2022,23.1,226,257,17.9,94,10
781,2023,26.3,212,238,24.2,107,-9
781,2024,18.5,223,250,13.4,75,3
781,2025,24.8,213,244,22.6,101,-3
781,2026,23.3,212,240,20.7,95,-7
782,1982,27.8,183,213,27.8,118,-7
782,1983,40.8,213,237,37,173,17
782,1984,25.7,215,240,20.8,109,20
782,1985,24.8,183,215,24.8,105,-5
782,1986,28.9,174,240,24.2,123,20
782,1987,13.2,195,204,13.2,56,-16
782,1988,17.3,194,211,16.6,73,-9
782,1989,23.8,187,217,23.1,101,-3
782,1990,16.4,168,200,14.9,70,-20
782,1991,14.7,208,225,14.2,62,5
782,1992,14.9,147,199,11.2,63,-21
782,1993,26.9,204,228,23.8,114,8
782,1994,16.7,178,203,14.2,71,-17
782,1995,30.1,196,227,27.2,128,7
782,1996,22.2,160,224,21.2,94,4
782,1997,26.6,170,220,24.4,113,0
782,1998,24.7,201,219,23.8,105,-1
782,1999,40.9,194,239,38.9,174,19
782,2000,21.9,183,212,21.8,93,-8
782,2001,10,197,210,7.8,42,-10
782,2002,25.5,181,226,25.3,108,6
782,2003,24.3,190,233,22.9,103,13
782,2004,21.2,160,198,17.6,90,-22
782,2005,17.6,189,217,16.5,75,-3
782,2006,34.8,199,226,30.6,148,6
782,2007,16.8,163,210,14.2,71,-10
782,2008,27,197,231,26.6,115,11
782,2009,23.8,185,226,23.6,101,6
782,2010,17.7,197,226,16.1,75,6
782,2011,29.6,199,247,27.3,126,27
782,2012,23.3,191,215,23.1,99,-5
782,2013,15.6,178,210,14.2,66,-10
782,2014,19,187,220,19,81,0
782,2015,9,140,173,1.9,38,-47
782,2016,23.9,183,205,23.7,101,-15
782,2017,30.7,176,233,27.6,130,13
782,2018,17,170,210,15.6,72,-10
782,2019,35.2,171,224,34.7,149,4
782,2020,24,191,217,23,102,-3
782,2021,18.2,167,200,16.2,77,-20
782,2022,17.9,204,235,14.3,76,15
782,2023,31.9,195,228,29.1,135,8
782,2024,21.1,194,210,20.1,90,-10
782,2025,32,190,215,31.5,136,-5
782,2026,15.2,164,189,8.4,65,-31
783,1992,14.2,195,218,12.8,92,-8
783,1993,15.1,203,226,13.9,98,0
783,1994,12.7,197,218,11.1,82,-8
783,1995,11.7,206,229,10.7,76,3
783,1996,17.3,189,239,16.7,112,13
783,1997,30.6,209,234,29.9,199,8
783,1998,12,200,216,11.3,78,-10
783,1999,21.6,185,238,21.4,140,12
783,2000,15.3,191,217,15.2,99,-9
783,2001,13.7,198,225,10.6,89,-1
783,2002,18.8,187,241,18.5,122,15
783,2003,15.4,181,234,14.9,100,8
783,2004,12.3,160,215,10.9,80,-11
783,2005,11.7,203,220,10.5,76,-6
783,2006,17.7,203,225,16.2,115,-1
783,2007,13,162,215,12.3,84,-11
783,2008,22.1,208,233,20.7,144,7
783,2009,20.9,188,233,19.3,136,7
783,2010,12.5,197,229,10,81,3
783,2011,27.6,215,238,23.4,179,12
783,2012,20.9,192,226,20.5,136,0
783,2013,13.8,206,223,12.1,90,-3
783,2014,22,190,232,21.8,143,6
783,2015,11.9,159,208,9.6,77,-18
783,2016,13.6,184,205,13.6,88,-21
783,2017,18.8,166,234,18.2,122,8
783,2018,21.8,201,222,19.3,142,-4
783,2019,17.6,200,225,14.6,114,-1
783,2020,18.3,200,227,16,119,1
783,2021,14.1,195,226,14.1,92,0
783,2022,16.4,207,238,13.7,106,12
783,2023,16.3,188,221,15.4,106,-5
783,2024,11.3,193,225,10.2,73,-1
783,2025,13.7,175,216,12.3,89,-10
783,2026,14.2,169,215,12.3,92,-11
784,1981,38.4,187,217,37.3,76,-10
784,1982,92.1,202,255,82.7,181,28
784,1983,110.2,226,266,92.7,217,39
784,1984,49.6,197,240,47.5,98,13
784,1985,33.1,183,219,33.1,65,-8
784,1986,70.5,170,231,66.9,139,4
784,1987,33.3,179,209,32.7,66,-18
784,1988,29.7,156,196,23.1,58,-31
784,1989,54.5,185,218,53.6,107,-9
784,1990,27.9,168,210,24.9,55,-17
784,1991,33.2,184,246,33.2,65,19
784,1992,27.4,185,216,27.4,54,-11
784,1993,99.9,201,242,97.5,197,15
784,1994,31.7,166,203,27.4,62,-24
784,1995,116.5,228,265,103.5,229,38
784,1996,65.1,202,240,65,128,13
784,1997,88.6,170,221,77.5,174,-6
784,1998,87,202,259,80.2,171,32
784,1999,74.3,199,241,69.6,146,14
784,2000,56.7,172,219,52.7,112,-8
784,2001,32.1,165,218,23.8,63,-9
784,2002,61.4,185,231,61.2,121,4
784,2003,68.5,227,244,49.9,135,17
784,2004,49.9,162,216,41.8,98,-11
784,2005,75.7,226,245,71.1,149,18
784,2006,88.5,211,245,73.8,174,18
784,2007,32.2,163,225,30.8,63,-2
784,2008,40,176,223,39.4,79,-4
784,2009,46.7,177,229,45.4,92,2
784,2010,51.7,214,250,43,102,23
784,2011,73.4,212,264,65.2,144,37
784,2012,35.4,199,223,33.7,70,-4
784,2013,35.1,163,207,27.7,69,-20
784,2014,22,189,202,19.6,43,-25
784,2015,18.4,164,179,1.5,36,-48
784,2016,42.5,183,223,42.4,84,-4
784,2017,82.8,203,241,79.9,163,14
784,2018,36.2,184,219,36.2,71,-8
784,2019,67.2,190,247,62.9,132,20
784,2020,31,193,214,26.3,61,-13
784,2021,24.8,178,205,24.2,49,-22
784,2022,22.7,91,189,14.7,45,-38
784,2023,74.6,191,236,72.9,147,9
784,2024,34.1,192,226,33.2,67,-1
784,2025,43.1,188,219,41.2,85,-8
784,2026,25.5,148,172,6.1,50,-55
786,1984,13.9,221,230,9.3,199,23
786,1985,6.6,183,199,6.6,94,-8
786,1986,10.7,201,216,9.3,153,9
786,1987,10.1,185,209,10.1,144,2
786,1988,7.6,189,203,7.6,109,-4
786,1989,4.9,187,198,4.8,70,-9
786,1990,7.3,192,204,6.8,104,-3
786,1991,11.7,219,232,6.6,167,25
786,1992,7.6,190,201,7.5,109,-6
786,1993,7.1,205,226,6.3,101,19
786,1994,6.9,196,204,5.6,99,-3
786,1995,8.2,227,247,5.9,117,40
786,1996,8,191,217,7.9,114,10
786,1997,11.8,216,226,8.7,169,19
786,1998,11.6,201,221,9.6,166,14
786,1999,14.6,213,236,6.7,209,29
786,2000,5.3,187,197,5,76,-10
786,2001,4,197,202,3.2,57,-5
786,2002,4.8,180,195,4.7,69,-12
786,2003,8,191,206,8,114,-1
786,2004,5.8,153,189,3.7,83,-18
786,2005,7.2,180,222,7,103,15
786,2006,4,183,195,4,57,-12
786,2007,4.5,186,204,4.1,64,-3
786,2008,7.4,195,220,7,106,13
786,2009,8.3,200,223,5.7,119,16
786,2010,9.9,226,240,7.3,141,33
786,2011,6.2,196,216,4.9,89,9
786,2012,5.1,165,178,0,73,-29
786,2013,4.5,180,188,3.7,64,-19
786,2014,5.5,191,201,5.1,79,-6
786,2015,4.3,166,179,0.4,61,-28
786,2016,7.2,186,207,7.2,103,0
786,2017,10.7,189,220,10.3,153,13
786,2018,3.4,174,192,3,49,-15
786,2019,5.5,197,207,5.1,79,0
786,2020,6,201,211,5,86,4
786,2021,3.8,180,194,3.5,54,-13
786,2022,2.2,172,178,0,31,-29
786,2023,9,191,215,7.2,129,8
786,2024,6.9,185,200,6.9,99,-7
786,2025,5.7,175,195,5.3,81,-12
786,2026,3.3,168,171,0,47,-36
787,1981,34.5,206,271,28.7,84,17
787,1982,40.5,205,263,36.4,99,9
787,1983,40.2,225,260,35,98,6
787,1984,34.1,240,274,28.7,83,20
787,1985,34.8,210,251,32,85,-3
787,1986,35.7,231,250,30.5,87,-4
787,1987,38.3,203,239,35.4,94,-15
787,1988,29.4,190,249,27.1,72,-5
787,1989,41.2,188,258,39.3,101,4
787,1990,46.8,248,274,41.1,114,20
787,1991,59.3,204,277,55.4,145,23
787,1992,28.2,208,240,26,69,-14
787,1993,24.7,196,241,19.9,60,-13
787,1994,30.4,197,235,26.6,74,-19
787,1995,44.3,218,257,38.6,108,3
787,1996,59.8,246,279,47.2,146,25
787,1997,49.2,223,259,48,120,5
787,1998,35.3,207,250,33.1,86,-4
787,1999,46.6,231,266,43,114,12
787,2000,33.9,200,253,33.3,83,-1
787,2001,24.4,216,241,19.8,60,-13
787,2002,50,222,271,41.5,122,17
787,2003,38.8,221,252,33.1,95,-2
787,2004,32.2,204,249,30.2,79,-5
787,2005,32.7,204,248,28.8,80,-6
787,2006,41.6,204,247,38.3,102,-7
787,2007,41.2,220,255,31.3,101,1
787,2008,44.4,227,270,39.2,109,16
787,2009,36.9,228,255,30.7,90,1
787,2010,38.5,222,269,29.8,94,15
787,2011,62.5,220,280,47.9,153,26
787,2012,45.3,221,272,38.9,111,18
787,2013,39.1,205,252,34.5,96,-2
787,2014,46.2,224,265,40.4,113,11
787,2015,29.5,198,238,27.9,72,-16
787,2016,40.6,190,233,39.3,99,-21
787,2017,50.6,217,258,39.6,124,4
787,2018,53.2,204,247,43.2,130,-7
787,2019,31.7,198,244,27.6,78,-10
787,2020,41.2,205,255,39.7,101,1
787,2021,28.5,209,245,27.8,70,-9
787,2022,52,234,279,42,127,25
787,2023,29.8,194,230,28,73,-24
787,2024,33.5,222,256,30.7,82,2
787,2025,37.7,208,243,32.8,92,-11
787,2026,39.3,213,243,34.1,96,-11
788,1983,40.6,199,234,36.3,106,-2
788,1984,49,215,257,42.7,128,21
788,1985,52.9,184,239,52.3,139,3
788,1986,35.7,181,237,34.6,94,1
788,1987,43,197,219,41,113,-17
788,1988,44.8,196,243,41.8,117,7
788,1989,54.5,187,234,48.8,143,-2
788,1990,58.6,184,241,57.5,154,5
788,1991,40.9,201,233,38.4,107,-3
788,1992,32.2,148,213,26.1,84,-23
788,1993,34.5,174,227,33.1,90,-9
788,1994,37.9,199,222,36.5,99,-14
788,1995,53.7,143,235,49.9,141,-1
788,1996,35.8,188,241,34.8,94,5
788,1997,83.8,216,250,80.4,220,14
788,1998,39,174,234,38.8,102,-2
788,1999,65.7,200,258,63,172,22
788,2000,51.7,198,244,50.5,136,8
788,2001,30,197,236,27.7,79,0
788,2002,65.4,196,253,59.3,171,17
788,2003,33.2,190,241,31.6,87,5
788,2004,38.4,160,228,38,101,-8
788,2005,10.2,201,210,9.1,27,-26
788,2006,49.6,191,236,48.7,130,0
788,2007,44.6,162,239,40.5,117,3
788,2008,64.2,212,260,60.9,168,24
788,2009,45.3,195,245,41.2,119,9
788,2010,26,194,242,21,68,6
788,2011,40.6,227,258,32.6,106,22
788,2012,49.4,203,243,47.6,129,7
788,2013,37,202,237,32.9,97,1
788,2014,34.5,188,234,33.4,90,-2
788,2015,8.6,115,139,0.1,23,-97
788,2016,37.3,181,218,36.6,98,-18
788,2017,38.5,181,239,37.9,101,3
788,2018,37,204,230,33,97,-6
788,2019,24.4,171,225,24,64,-11
788,2020,33.8,191,232,33,89,-4
788,2021,51.6,200,245,48.6,135,9
788,2022,36.4,205,252,28.6,95,16
788,2023,36.2,206,229,32.9,95,-7
788,2024,24.3,169,228,22.8,64,-8
788,2025,27.9,175,221,23.8,73,-15
788,2026,17.9,169,213,15.1,47,-23
789,1981,2.2,139,147,0,31,-24
789,1982,11.6,192,201,11.2,166,30
789,1983,10.7,145,202,9.7,153,30
789,1984,11.5,148,199,9.4,164,28
789,1985,8.6,164,185,5.7,123,14
789,1986,7.9,146,157,0,113,-14
789,1987,5.9,154,164,1.3,84,-8
789,1988,4.8,143,156,0.2,69,-16
789,1989,8.9,157,187,4.7,127,16
789,1990,5.8,166,174,0,83,2
789,1991,2.8,136,146,0,40,-26
789,1992,3.3,142,152,0,47,-20
789,1993,9.5,157,174,0,136,2
789,1994,6,149,164,0,86,-8
789,1995,5.1,121,147,0,73,-24
789,1996,5.8,128,168,0.1,83,-4
789,1997,8.9,161,174,0,127,2
789,1998,6,156,171,0,86,-0
789,1999,8.9,166,196,5.5,127,24
789,2000,6.9,165,183,2.6,99,12
789,2001,4.5,149,171,0,64,-0
789,2002,9.3,173,181,2.3,133,10
789,2003,2.9,159,164,0,41,-8
789,2004,11.1,159,172,0,159,0
789,2005,4.3,137,141,0,61,-30
789,2006,13.3,171,190,8.8,190,18
789,2007,7.4,155,165,0,106,-6
789,2008,10.4,184,198,10.4,149,26
789,2009,11.5,187,196,10.9,164,24
789,2010,7.3,166,176,1.9,104,4
789,2011,11.2,181,200,9.7,160,28
789,2012,6.2,182,191,4.8,89,20
789,2013,6.4,161,173,0,91,2
789,2014,5.2,144,161,0,74,-10
789,2015,4.1,109,130,0,59,-42
789,2016,9.4,133,158,0,134,-14
789,2017,10.8,160,169,0,154,-2
789,2018,3.9,158,171,0,56,-0
789,2019,10.5,164,185,5.8,150,14
789,2020,7.1,147,191,4.2,101,20
789,2021,8.8,153,181,3.4,126,10
789,2022,5.4,152,170,0,77,-2
789,2023,10.6,187,206,9.6,151,34
789,2024,8.5,167,174,1.4,121,2
789,2025,10.7,146,182,5.5,153,10
789,2026,0.6,148,149,0,9,-22
790,1981,17.1,207,251,15.4,91,9
790,1982,24.8,221,253,21.6,132,11
790,1983,29.6,233,263,18.6,158,21
790,1984,24.8,222,244,17.6,132,2
790,1985,16.1,212,241,15.7,86,-1
790,1986,28.6,230,248,19.1,153,6
790,1987,17.8,213,231,15.9,95,-11
790,1988,18.5,222,240,14.8,99,-2
790,1989,17.2,196,249,16,92,7
790,1990,15.2,229,249,12.7,81,7
790,1991,17.1,220,250,12.3,91,8
790,1992,15.2,208,231,13.2,81,-11
790,1993,23.6,223,255,16,126,13
790,1994,13.7,216,234,11.3,73,-8
790,1995,27.1,242,266,16.3,145,24
790,1996,22.9,214,251,19.7,122,9
790,1997,21,215,243,16.2,112,1
790,1998,22.4,228,257,16.5,119,15
790,1999,23.5,232,258,14.3,125,16
790,2000,15.5,208,235,13.1,83,-7
790,2001,15.6,218,236,11.4,83,-6
790,2002,13.4,212,242,11.4,71,0
790,2003,18.5,225,242,12.8,99,0
790,2004,15.9,216,235,11.8,85,-7
790,2005,20.2,226,242,15.5,108,0
790,2006,19,222,239,16,101,-3
790,2007,14.7,219,239,12.3,78,-3
790,2008,20,228,262,15.8,107,20
790,2009,17.4,217,235,12.3,93,-7
790,2010,21.1,229,251,12.3,113,9
790,2011,29.2,243,266,17.5,156,24
790,2012,15.2,203,232,13.2,81,-10
790,2013,16.5,210,238,11.8,88,-4
790,2014,22.1,212,241,19.5,118,-1
790,2015,12.3,210,247,10,66,5
790,2016,22.5,224,250,16.9,120,8
790,2017,22.6,213,244,18.8,121,2
790,2018,16.1,204,234,13.4,86,-8
790,2019,18,215,254,15,96,12
790,2020,19.1,207,234,17.2,102,-8
790,2021,16.1,212,238,15,86,-4
790,2022,15.6,207,232,13.4,83,-10
790,2023,22.7,210,238,19.4,121,-4
790,2024,17.9,225,246,15.7,95,4
790,2025,16.4,193,235,15.8,87,-7
790,2026,11.4,168,223,9.1,61,-19
791,1981,8.6,196,212,6,23,-19
791,1982,39,204,243,37,102,12
791,1983,25.3,195,221,23.8,66,-10
791,1984,39.8,196,249,37.1,105,18
791,1985,50.4,183,230,50.4,132,-1
791,1986,35.3,147,231,33.3,93,0
791,1987,43.9,181,218,43.3,115,-13
791,1988,51.5,190,229,49.8,135,-2
791,1989,59.6,188,218,50.9,157,-13
791,1990,57.8,167,223,54.8,152,-8
791,1991,48.9,196,235,43.3,129,4
791,1992,33.4,147,199,22.8,88,-32
791,1993,33.5,174,223,30.6,88,-8
791,1994,40.6,200,224,39.6,107,-7
791,1995,47.7,176,229,39.5,125,-2
791,1996,32.6,159,232,31.1,86,1
791,1997,72.1,170,243,68.6,189,12
791,1998,36,163,217,35.7,95,-14
791,1999,57.8,198,247,56.7,152,16
791,2000,43.1,175,232,42.6,113,1
791,2001,24.8,198,229,23.2,65,-2
791,2002,51.2,197,243,47.2,135,12
791,2003,31.7,179,233,30.8,83,2
791,2004,33.7,159,212,32.6,89,-19
791,2005,13.4,185,209,12.1,35,-22
791,2006,46.9,171,230,45.1,123,-1
791,2007,39.8,176,225,37,105,-6
791,2008,45.3,189,244,44.7,119,13
791,2009,36,186,237,34.1,95,6
791,2010,31.2,193,234,27.4,82,3
791,2011,42.1,204,253,37,111,22
791,2012,48.5,186,239,48.1,127,8
791,2013,36.3,175,232,34.9,95,1
791,2014,36.1,183,236,36.1,95,5
791,2015,12.9,132,202,7.5,34,-29
791,2016,31.8,181,217,31.3,84,-14
791,2017,42.5,200,235,41.2,112,4
791,2018,50.2,200,228,45.8,132,-3
791,2019,29.6,166,217,27.6,78,-14
791,2020,51.8,188,228,50.7,136,-3
791,2021,56.4,195,230,55.6,148,-1
791,2022,43.6,207,249,36.9,115,18
791,2023,40,192,225,37,105,-6
791,2024,31.2,168,223,29.9,82,-8
791,2025,38.5,175,214,31.9,101,-17
791,2026,24.6,169,212,23.2,65,-19
792,1981,8.8,190,206,8.5,104,2
792,1982,12.5,196,216,11.3,148,12
792,1983,15.5,188,232,15.4,183,28
792,1984,10.3,204,225,10,122,21
792,1985,8.7,183,196,8.7,103,-8
792,1986,10.7,188,206,10.7,127,2
792,1987,4.7,181,192,4.2,56,-12
792,1988,3.8,187,195,3.8,45,-9
792,1989,9.2,186,200,8.7,109,-4
792,1990,5.6,169,189,5.3,66,-15
792,1991,6.2,182,210,6,73,6
792,1992,6,175,188,4.8,71,-16
792,1993,10.6,195,215,9.4,125,11
792,1994,4.7,163,194,3.8,56,-10
792,1995,12.6,181,222,12.2,149,18
792,1996,9.3,184,213,9.3,110,9
792,1997,12.7,196,208,12.2,150,4
792,1998,8.3,197,210,7.5,98,6
792,1999,11.2,198,214,10.5,133,10
792,2000,7.3,177,199,6.9,86,-5
792,2001,4.3,174,201,2.9,51,-3
792,2002,7.3,181,196,7.1,86,-8
792,2003,7.8,167,206,6.8,92,2
792,2004,8.4,167,183,3.6,99,-21
792,2005,7.2,188,208,7,85,4
792,2006,13.7,192,213,13,162,9
792,2007,5.8,163,186,3.7,69,-18
792,2008,9.5,195,216,9.4,112,12
792,2009,10.5,193,205,10.5,124,1
792,2010,6.5,196,202,6.2,77,-2
792,2011,10.1,181,219,9.6,120,15
792,2012,8.5,185,201,8.4,101,-3
792,2013,9.1,180,196,8.4,108,-8
792,2014,6.5,186,195,6.3,77,-9
792,2015,6.8,165,178,0.5,80,-26
792,2016,10.6,183,195,10.5,125,-9
792,2017,14.5,160,203,11.7,172,-1
792,2018,8.6,179,204,8.3,102,0
792,2019,10.8,188,204,10.3,128,0
792,2020,6.1,192,204,6,72,0
792,2021,5.8,183,191,5.8,69,-13
792,2022,5.9,174,185,3.4,70,-19
792,2023,12.9,191,214,12.6,153,10
792,2024,8.3,192,202,8.2,98,-2
792,2025,9.1,175,196,7.8,108,-8
792,2026,8.5,162,178,1.5,101,-26
793,1986,11.5,177,208,8.9,127,12
793,1987,4.5,187,191,4.1,50,-6
793,1988,7.9,175,197,7.4,87,0
793,1989,7.6,161,196,5.4,84,-0
793,1990,7.9,169,190,7.4,87,-6
793,1991,8.8,184,205,8.8,97,8
793,1992,6.4,179,192,6.1,71,-4
793,1993,11.5,171,213,10.8,127,16
793,1994,7.3,185,201,7.3,81,4
793,1995,7.3,164,191,6.3,81,-6
793,1996,10.9,180,208,10.5,120,12
793,1997,11.5,168,209,9.5,127,12
793,1998,7,167,196,4.8,77,-0
793,1999,7,166,183,3.5,77,-14
793,2000,10.6,175,198,9.8,117,2
793,2001,7.1,183,199,7.1,78,2
793,2002,6,172,185,4,66,-12
793,2003,11.8,183,212,11.8,130,16
793,2004,6.7,161,179,1.5,74,-18
793,2005,7.9,185,197,7.8,87,0
793,2006,10.6,173,188,7.9,117,-8
793,2007,9.4,164,185,5.6,104,-12
793,2008,10.8,197,207,10.1,119,10
793,2009,9.3,167,196,6.9,103,-0
793,2010,6.1,191,197,5.5,67,0
793,2011,12,183,211,12,133,14
793,2012,5.8,167,176,0,64,-20
793,2013,6.1,180,191,5.2,67,-6
793,2014,11.4,186,203,10.9,126,6
793,2015,7.7,162,181,1.8,85,-16
793,2016,10.4,186,198,10.3,115,2
793,2017,11.5,160,181,5,127,-16
793,2018,7.1,177,194,6.6,78,-2
793,2019,9.4,177,202,8.8,104,6
793,2020,9.6,181,195,9.4,106,-2
793,2021,5.5,175,186,4.4,61,-10
793,2022,7.4,174,190,5.2,82,-6
793,2023,11,188,203,10.8,122,6
793,2024,8,173,196,7.3,88,-0
793,2025,8,176,194,6.6,88,-2
793,2026,3.9,151,160,0,43,-36
794,1981,3.9,137,152,1.5,67,-18
794,1982,8.8,193,205,6.8,152,35
794,1983,16.5,188,211,16,284,41
794,1984,8.7,170,181,3.7,150,11
794,1985,7.4,183,187,7.4,128,17
794,1986,4.4,146,155,0,76,-15
794,1987,3.9,181,184,2.2,67,14
794,1988,6.7,132,157,0,116,-13
794,1989,9,156,188,5,155,18
794,1990,3.5,165,172,0,60,2
794,1991,3.3,179,219,2.8,57,49
794,1992,2.2,141,148,0,38,-22
794,1993,14.9,153,177,4,257,7
794,1994,4.5,146,154,0,78,-16
794,1995,8.1,121,143,0,140,-27
794,1996,6,128,137,0,103,-33
794,1997,6.5,157,169,0,112,-1
794,1998,12.2,162,175,6.1,210,5
794,1999,13.1,148,200,8.1,226,30
794,2000,10.6,165,180,3.3,183,10
794,2001,4.9,156,175,0,84,5
794,2002,6.8,145,182,2.7,117,12
794,2003,2.9,105,116,0,50,-54
794,2004,8.1,159,171,0,140,1
794,2005,3.2,111,149,0.4,55,-21
794,2006,8.3,188,205,7.5,143,35
794,2007,2.1,154,163,0,36,-7
794,2008,8.8,149,195,6.9,152,25
794,2009,4.8,165,178,0,83,8
794,2010,5.6,165,175,1.5,97,5
794,2011,9,181,202,8.4,155,32
794,2012,2.9,157,162,1.3,50,-8
794,2013,3.9,141,166,0,67,-4
794,2014,0.7,135,137,0.5,12,-33
794,2015,1.5,82,84,0,26,-86
794,2016,6.1,127,149,0,105,-21
794,2017,9.2,159,169,0,159,-1
794,2018,2.3,162,180,0,40,10
794,2019,9.2,165,187,6.3,159,17
794,2020,4.8,115,151,0,83,-19
794,2021,4.5,148,153,0,78,-17
794,2022,5.9,111,143,0,102,-27
794,2023,14.6,181,198,14.2,252,28
794,2024,6,166,173,0.2,103,3
794,2025,11,145,178,4.4,190,8
794,2026,2,146,149,0,34,-21
795,1981,14.8,190,205,14.1,92,-6
795,1982,28,194,228,26.1,174,17
795,1983,26.3,198,239,24.3,163,28
795,1984,32.1,197,228,29.4,199,17
795,1985,20.3,186,212,20.3,126,1
795,1986,26.2,173,228,23,163,17
795,1987,11.8,188,205,11.8,73,-6
795,1988,15.5,180,197,14.4,96,-14
795,1989,18.8,175,199,17.8,117,-12
795,1990,15.1,170,198,12.8,94,-13
795,1991,15.9,183,220,15.9,99,9
795,1992,9.7,177,190,6.9,60,-21
795,1993,22.6,170,215,21.3,140,4
795,1994,10.9,177,204,10.1,68,-7
795,1995,17,182,231,16.9,106,20
795,1996,22.4,184,220,22.4,139,9
795,1997,30.5,161,220,27.3,189,9
795,1998,20.7,201,216,18.6,129,5
795,1999,14.7,194,214,11.5,91,3
795,2000,17.2,184,206,17.2,107,-5
795,2001,11.9,171,202,8.5,74,-9
795,2002,14.8,177,192,12.9,92,-19
795,2003,11.4,191,205,10.3,71,-6
795,2004,17.1,160,188,10.5,106,-23
795,2005,22.2,184,216,22.2,138,5
795,2006,24.4,189,215,23.7,152,4
795,2007,11.9,163,188,8.6,74,-23
795,2008,21.8,196,220,19,135,9
795,2009,16.5,199,212,14.1,102,1
795,2010,12.8,190,218,10,80,7
795,2011,25.8,194,227,24.7,160,16
795,2012,8.6,174,194,5.9,53,-17
795,2013,12.2,164,210,9.5,76,-1
795,2014,15.2,189,205,14.3,94,-6
795,2015,11,165,183,4.9,68,-28
795,2016,12.3,184,196,12.3,76,-15
795,2017,23.9,159,215,23.2,148,4
795,2018,8.4,176,197,7.6,52,-14
795,2019,24.4,196,220,23.9,152,9
795,2020,16.3,183,210,15.5,101,-1
795,2021,10,183,207,10,62,-4
795,2022,11.5,172,204,10.9,71,-7
795,2023,25.2,190,224,23.6,157,13
795,2024,22,193,209,21.9,137,-2
795,2025,14.9,174,205,13.8,93,-6
795,2026,6.3,148,171,0,39,-40
797,1986,2.1,365,,,11,
797,1987,34.9,199,256,31.3,186,22
797,1988,17.5,213,241,13.7,93,6
797,1989,17.7,190,222,17.3,94,-12
797,1990,17.9,218,240,11,95,6
797,1991,17.8,213,231,16.3,95,-4
797,1992,21.2,206,242,20.8,113,8
797,1993,30.9,204,248,28.2,165,14
797,1994,18.4,214,239,14.1,98,4
797,1995,32.2,222,263,25.9,172,28
797,1996,12.8,205,219,11.7,68,-16
797,1997,27.6,217,247,24.6,147,12
797,1998,18.5,204,237,16.6,99,2
797,1999,22.5,216,245,14.2,120,10
797,2000,15.6,201,224,15.1,83,-10
797,2001,26.1,208,235,22.6,139,0
797,2002,5.8,195,212,5.5,31,-22
797,2003,13.2,207,234,12.1,70,-0
797,2004,22.9,215,235,16.5,122,0
797,2005,36.1,196,242,34.7,193,8
797,2006,14.1,199,221,12.1,75,-14
797,2007,16.5,207,243,13.8,88,8
797,2008,26.5,202,234,25.1,141,-0
797,2009,19,200,221,16.8,101,-14
797,2010,19.2,208,232,18.6,102,-2
797,2011,18,216,245,16,96,10
797,2012,15.3,183,219,15.1,82,-16
797,2013,12.4,203,218,11.4,66,-16
797,2014,17.2,191,219,16.2,92,-16
797,2015,14.5,238,248,12.3,77,14
797,2016,19.4,216,241,15.1,103,6
797,2017,24.2,192,226,23.6,129,-8
797,2018,8.6,186,207,8.6,46,-28
797,2019,30.7,197,252,30.2,164,18
797,2020,19.5,185,219,19.5,104,-16
797,2021,14.6,184,215,14.6,78,-20
797,2022,16.3,184,212,16,87,-22
797,2023,29.3,191,224,29,156,-10
797,2024,20.4,194,226,20,109,-8
797,2025,14,189,209,12.3,75,-26
797,2026,8.6,164,179,3.1,46,-56
798,1981,8.6,196,211,7.4,58,-22
798,1982,12.4,206,236,10.3,83,3
798,1983,14.8,232,245,10.9,99,12
798,1984,18.3,221,245,13.7,123,12
798,1985,11.5,190,217,10.2,77,-16
798,1986,15.9,197,239,14.2,107,6
798,1987,11.3,196,210,9.6,76,-23
798,1988,18.3,223,236,12.4,123,3
798,1989,9.7,194,223,8.3,65,-10
798,1990,19.3,228,244,13.5,130,11
798,1991,18.3,217,233,13.5,123,0
798,1992,12,208,218,11,81,-15
798,1993,12.8,214,229,8.9,86,-4
798,1994,16.2,198,221,15,109,-12
798,1995,21.7,226,256,11.1,146,23
798,1996,16.3,219,246,14.4,109,13
798,1997,20.7,215,237,14.7,139,4
798,1998,14.7,203,228,11.8,99,-5
798,1999,16.2,229,242,10.3,109,9
798,2000,13.8,192,230,12.2,93,-3
798,2001,9.5,199,222,8.1,64,-11
798,2002,11.3,215,233,10.8,76,0
798,2003,15.6,225,238,15.2,105,5
798,2004,10.9,182,219,10.6,73,-14
798,2005,15,225,241,11.4,101,8
798,2006,10.7,190,220,10.5,72,-13
798,2007,14.9,220,231,14,100,-2
798,2008,18.7,228,259,14.7,126,26
798,2009,16.8,189,236,14.6,113,3
798,2010,18.1,226,248,10.9,121,15
798,2011,24.3,243,259,13.6,163,26
798,2012,14.1,162,218,11.4,95,-15
798,2013,14.2,215,229,11.2,95,-4
798,2014,19.6,199,240,18.2,132,7
798,2015,11.6,204,229,10,78,-4
798,2016,11.5,214,234,9.8,77,1
798,2017,16.5,215,242,12.8,111,9
798,2018,13,202,222,10.9,87,-11
798,2019,12.9,241,250,10.3,87,17
798,2020,14.9,204,233,13.1,100,0
798,2021,16.6,210,237,13.7,111,4
798,2022,15.5,217,241,10,104,8
798,2023,14.8,190,228,13.8,99,-5
798,2024,12.3,223,245,9.2,83,12
798,2025,13.7,214,242,11.7,92,9
798,2026,7.4,168,205,4.9,50,-28
800,1981,12.4,185,214,12.4,71,-4
800,1982,23.3,186,204,23,133,-14
800,1983,38.9,224,241,35.7,222,24
800,1984,21.1,198,235,19.1,120,18
800,1985,23,184,218,23,131,0
800,1986,19,202,222,18.1,108,4
800,1987,10.5,198,207,9.8,60,-10
800,1988,14.3,177,213,13.8,81,-4
800,1989,25.6,186,200,25.5,146,-18
800,1990,14,168,197,12.3,80,-20
800,1991,10.9,207,231,10.3,62,14
800,1992,10.3,176,195,9,59,-22
800,1993,27.8,202,225,23.2,158,8
800,1994,11.7,174,203,11.4,67,-14
800,1995,25.2,205,234,22.1,144,16
800,1996,23.6,187,221,22.7,134,4
800,1997,27.9,174,219,26.7,159,2
800,1998,25.2,200,220,23.2,144,2
800,1999,34.8,193,233,31.5,198,16
800,2000,20.8,176,216,19.7,119,-2
800,2001,9.6,202,213,8.1,55,-4
800,2002,14.1,179,197,13,80,-20
800,2003,20,224,235,15.1,114,18
800,2004,17.9,169,210,16,102,-8
800,2005,16.5,206,227,15.6,94,10
800,2006,32.1,201,220,28.7,183,2
800,2007,16.7,161,213,15.9,95,-4
800,2008,16.6,191,220,16.4,95,2
800,2009,17.5,195,220,15.6,100,2
800,2010,17.6,190,229,15.9,100,12
800,2011,25.3,212,247,22.5,144,30
800,2012,15.9,186,219,15.8,91,2
800,2013,14,184,209,14,80,-8
800,2014,9,162,202,6.9,51,-16
800,2015,6.5,164,180,1.4,37,-38
800,2016,19.1,184,195,19.1,109,-22
800,2017,19.7,160,216,15.5,112,-2
800,2018,12.5,181,209,11.9,71,-8
800,2019,22.5,184,208,22.4,128,-10
800,2020,12.8,188,204,12.2,73,-14
800,2021,8.1,176,190,7.2,46,-28
800,2022,4.6,105,175,0,26,-42
800,2023,12.3,190,210,11.9,70,-8
800,2024,6.6,183,196,6.5,38,-22
800,2025,15.2,173,198,13,87,-20
800,2026,4.7,158,166,0,27,-52
801,1982,56.3,203,260,48.4,134,8
801,1983,50.5,228,248,43,120,-4
801,1984,63.5,217,273,51.1,151,22
801,1985,48.1,211,256,44.2,114,4
801,1986,42.8,232,255,34.1,102,4
801,1987,37.8,204,237,36.6,90,-14
801,1988,33.9,190,234,32.9,81,-18
801,1989,58,191,260,55.9,138,8
801,1990,30.1,192,249,30,72,-2
801,1991,35,212,256,27.5,83,4
801,1992,26,193,221,25.6,62,-30
801,1993,59.8,210,251,50.3,142,-0
801,1994,25.1,196,239,22.5,60,-12
801,1995,44.8,225,261,36.1,107,10
801,1996,39.4,207,251,35.2,94,-0
801,1997,49.8,216,249,46.7,118,-2
801,1998,39.4,202,262,35.2,94,10
801,1999,69.7,227,272,62.9,166,20
801,2000,40.7,192,252,40,97,0
801,2001,27.1,205,237,22.6,64,-14
801,2002,48.6,192,257,46,116,6
801,2003,35.4,223,252,30.5,84,0
801,2004,49.6,211,258,45.9,118,6
801,2005,29.5,203,244,24.2,70,-8
801,2006,53.1,204,260,48.8,126,8
801,2007,42,208,247,37.3,100,-4
801,2008,55.3,215,269,49.8,132,18
801,2009,43.9,217,254,38.3,104,2
801,2010,42.1,224,267,30.4,100,16
801,2011,54.5,246,280,44.1,130,28
801,2012,43,202,262,39.1,102,10
801,2013,38.6,202,245,34.7,92,-6
801,2014,27.8,212,246,24.5,66,-6
801,2015,12.8,199,231,10.4,30,-20
801,2016,45.1,207,246,43.9,107,-6
801,2017,55.9,210,259,50,133,8
801,2018,35.1,214,239,31.3,83,-12
801,2019,45.6,199,246,38.4,108,-6
801,2020,31.9,201,246,30.3,76,-6
801,2021,37.2,195,244,36.9,88,-8
801,2022,38.6,226,262,26,92,10
801,2023,47.6,204,248,37,113,-4
801,2024,42,222,251,37.7,100,-0
801,2025,51.6,189,251,48.7,123,-0
801,2026,13.3,161,221,10.4,32,-30
802,1981,8.4,191,206,7.4,73,-10
802,1982,8.8,101,307,,77,91
802,1983,15.4,220,241,12.4,134,25
802,1984,21.3,221,234,15.8,186,18
802,1985,12.8,192,215,12.4,112,-1
802,1986,12.5,203,216,11.7,109,0
802,1987,8.7,196,210,7.9,76,-6
802,1988,12.1,190,219,11.7,106,3
802,1989,13.4,188,208,11.6,117,-8
802,1990,9.8,192,219,9.8,86,3
802,1991,12.7,214,225,11.2,111,9
802,1992,9.3,188,212,9.3,81,-4
802,1993,17.6,204,229,14.2,154,13
802,1994,11.4,195,219,9.8,100,3
802,1995,15.3,216,235,11.8,134,19
802,1996,18.3,206,223,17.5,160,7
802,1997,15.8,216,226,13.5,138,10
802,1998,11.4,204,218,9.5,100,2
802,1999,10.9,200,228,9.9,95,12
802,2000,11.4,187,217,11.4,100,1
802,2001,10.2,206,214,9.3,89,-2
802,2002,7.9,181,201,7.8,69,-15
802,2003,15.4,194,229,14.5,134,13
802,2004,10.5,183,210,10.3,92,-6
802,2005,10.9,189,222,10.4,95,6
802,2006,14.2,186,209,14,124,-7
802,2007,10.5,196,212,10.2,92,-4
802,2008,16.6,196,226,14.4,145,10
802,2009,15.4,188,213,14.1,134,-3
802,2010,9.3,191,199,7.9,81,-17
802,2011,16.6,215,229,14.5,145,13
802,2012,8,168,183,3,70,-33
802,2013,10.2,208,218,7.5,89,2
802,2014,15,191,207,14.2,131,-9
802,2015,9.7,165,194,7.3,85,-22
802,2016,11.5,186,218,11.4,100,2
802,2017,13.7,161,199,10.6,120,-17
802,2018,9.3,192,209,8.5,81,-7
802,2019,13.7,183,209,13.7,120,-7
802,2020,12.4,189,215,12,108,-1
802,2021,9.3,185,208,9.3,81,-8
802,2022,9.7,189,205,9,85,-11
802,2023,13.4,190,213,13.4,117,-3
802,2024,12.1,187,208,11.8,106,-8
802,2025,12,175,199,10.4,105,-17
802,2026,6.3,168,174,0,55,-42
803,1982,50.3,204,257,45.2,218,24
803,1983,37.2,196,245,35.3,161,12
803,1984,31.7,198,306,,138,74
803,1985,36.1,188,239,34.9,157,6
803,1986,26.7,178,242,26.1,116,10
803,1987,28.2,182,221,28,122,-12
803,1988,28.6,194,236,26.8,124,4
803,1989,36.4,189,246,34.6,158,14
803,1990,32.6,181,254,31.9,141,22
803,1991,40.2,196,252,37.5,174,20
803,1992,28.5,154,220,25.4,124,-12
803,1993,30.1,217,237,24.5,131,4
803,1994,22,197,220,20.5,95,-12
803,1995,23.6,202,234,20.8,102,2
803,1996,25.2,220,248,24.5,109,16
803,1997,49.8,199,244,47.9,216,12
803,1998,17,201,217,15.6,74,-16
803,1999,28.3,194,240,27.7,123,8
803,2000,25.2,184,229,25.2,109,-4
803,2001,17.6,197,233,14.3,76,0
803,2002,27.7,186,244,27.7,120,12
803,2003,17.4,190,236,16.2,75,4
803,2004,19.9,161,214,17.6,86,-18
803,2005,13.4,202,217,11.4,58,-16
803,2006,21,201,228,20.3,91,-4
803,2007,16.9,161,222,16.3,73,-10
803,2008,31.1,210,246,29,135,14
803,2009,22.5,187,238,21.7,98,6
803,2010,14.7,197,239,12.9,64,6
803,2011,39.7,222,263,30.2,172,30
803,2012,27.7,191,231,27.2,120,-2
803,2013,19.2,206,224,17.9,83,-8
803,2014,25.6,189,236,24.7,111,4
803,2015,10.6,158,211,8.7,46,-22
803,2016,17.8,182,206,17.5,77,-26
803,2017,22.2,215,237,20.4,96,4
803,2018,31.6,201,227,27.7,137,-6
803,2019,18.2,200,225,15.8,79,-8
803,2020,23.9,191,232,23,104,-0
803,2021,20.2,182,220,20,88,-12
803,2022,21.5,214,246,18.7,93,14
803,2023,19.8,207,218,18.7,86,-14
803,2024,14.7,193,227,13.8,64,-6
803,2025,17.4,175,216,14.9,75,-16
803,2026,15.5,169,204,12.7,67,-28
804,1981,15.5,198,223,8.3,32,-16
804,1982,67.9,202,251,59.6,139,12
804,1983,58.7,197,240,55.7,120,0
804,1984,62.5,223,261,55.7,128,22
804,1985,55.1,187,239,55.1,112,-0
804,1986,38.6,177,241,37.7,79,2
804,1987,39.1,180,220,38.5,80,-20
804,1988,27.8,190,229,26.7,57,-10
804,1989,65.3,188,244,61.3,133,4
804,1990,45,180,234,44.4,92,-6
804,1991,37.2,194,236,32.3,76,-4
804,1992,30.2,145,200,18.6,62,-40
804,1993,40.8,209,232,38.2,83,-8
804,1994,44.5,197,225,41.5,91,-14
804,1995,48.8,205,240,45.3,100,0
804,1996,34.1,211,244,31,70,4
804,1997,77,201,248,74.3,157,8
804,1998,55.3,164,235,53.8,113,-4
804,1999,86,196,263,84.2,176,24
804,2000,64,185,249,63.8,131,10
804,2001,33.4,197,234,30.1,68,-6
804,2002,58.9,192,253,58.4,120,14
804,2003,41.4,192,244,38.9,84,4
804,2004,50.4,180,232,50.1,103,-8
804,2005,10.8,187,219,10.4,22,-20
804,2006,74.8,198,244,73.7,153,4
804,2007,49.2,162,237,47,100,-2
804,2008,72.7,212,261,66.8,148,22
804,2009,47.7,187,245,44.8,97,6
804,2010,49.9,192,252,43.3,102,12
804,2011,70.5,216,267,57.4,144,28
804,2012,62.3,190,256,60.6,127,16
804,2013,47.9,174,245,46.5,98,6
804,2014,39.8,187,239,39.3,81,-0
804,2015,11.3,116,167,5.1,23,-72
804,2016,57.1,180,224,56.4,117,-16
804,2017,65.4,213,250,61.9,133,10
804,2018,52.1,201,232,47.2,106,-8
804,2019,36.2,199,229,34.2,74,-10
804,2020,39.8,187,229,39.3,81,-10
804,2021,53.3,196,244,52.5,109,4
804,2022,45.3,213,254,33.7,92,14
804,2023,58.2,206,237,49,119,-2
804,2024,39.2,192,245,38.3,80,6
804,2025,51.4,175,238,49.5,105,-2
804,2026,25.1,165,216,22,51,-24
805,1982,25,193,229,22.6,181,10
805,1983,29.2,198,234,28.6,211,14
805,1984,17.8,196,228,16.3,129,8
805,1985,14.4,187,212,14.4,104,-8
805,1986,21.6,180,216,20.3,156,-4
805,1987,8.2,177,200,8.1,59,-20
805,1988,9.5,180,199,9,69,-20
805,1989,18.6,187,217,18.5,134,-2
805,1990,10.6,182,198,10.5,77,-22
805,1991,12.8,209,234,11.2,92,14
805,1992,11.7,182,200,11.2,84,-20
805,1993,20.4,203,227,18.1,147,8
805,1994,8.4,191,203,7.7,61,-16
805,1995,22.4,181,244,21.6,162,24
805,1996,14.8,190,227,14.6,107,8
805,1997,24.6,196,228,24,178,8
805,1998,15.2,200,220,14.2,110,0
805,1999,20.3,195,237,19.9,147,18
805,2000,13.7,177,212,13.4,99,-8
805,2001,8.9,199,213,7.7,64,-6
805,2002,12.2,184,217,12.2,88,-2
805,2003,17.1,225,237,14.7,123,18
805,2004,14.2,167,192,10.3,103,-28
805,2005,13.3,191,235,13.3,96,16
805,2006,26.2,202,226,23.5,189,6
805,2007,9.5,164,189,6.7,69,-30
805,2008,15.8,204,229,15,114,10
805,2009,13.9,189,227,13.7,100,8
805,2010,11.7,196,228,11,84,8
805,2011,18.7,211,248,16.7,135,28
805,2012,13.8,183,207,13.4,100,-12
805,2013,11.9,164,211,11.6,86,-8
805,2014,9.4,188,200,8.2,68,-20
805,2015,10,161,183,4.8,72,-36
805,2016,14.1,177,205,14,102,-14
805,2017,25.5,197,235,24.4,184,16
805,2018,13.5,191,219,13.5,97,-0
805,2019,20.8,191,219,20.1,150,-0
805,2020,9.8,193,211,9.5,71,-8
805,2021,9.4,178,203,8.9,68,-16
805,2022,9.2,177,227,7.7,66,8
805,2023,22.9,207,233,21.2,165,14
805,2024,12.7,187,217,12.7,92,-2
805,2025,13.1,177,203,12.1,95,-16
805,2026,11.3,161,179,4.1,82,-40
806,1981,14.4,198,242,12.6,65,4
806,1982,34.1,209,261,27.5,155,24
806,1983,26.6,237,251,21.5,121,14
806,1984,25.3,225,259,21.3,115,22
806,1985,22.4,191,230,21.8,102,-8
806,1986,34.3,228,246,30,156,8
806,1987,16.2,196,213,15.5,73,-24
806,1988,14.7,222,236,12.9,67,-2
806,1989,27.5,200,242,25.8,125,4
806,1990,18.7,212,248,18.4,85,10
806,1991,27.5,225,249,22,125,12
806,1992,19.1,207,225,15.5,87,-12
806,1993,25.8,220,241,18.7,117,4
806,1994,18.5,196,225,16.8,84,-12
806,1995,31.2,215,252,25.6,141,14
806,1996,28.1,210,257,26.1,127,20
806,1997,32.9,199,242,32.6,149,4
806,1998,19.7,203,233,17.9,89,-4
806,1999,27.9,206,255,26.3,127,18
806,2000,19.6,187,238,19.5,89,0
806,2001,17.4,204,225,14.3,79,-12
806,2002,21.1,205,242,18.6,96,4
806,2003,23.9,225,241,21,108,4
806,2004,15.4,171,214,14.3,70,-24
806,2005,15.4,195,232,14.8,70,-6
806,2006,21,203,227,18.2,95,-10
806,2007,16.2,206,221,14.1,73,-16
806,2008,23.7,210,262,22.2,107,24
806,2009,23.9,221,238,20.5,108,0
806,2010,14.6,197,251,13.2,66,14
806,2011,33.3,223,263,25.2,151,26
806,2012,18.8,174,228,18.3,85,-10
806,2013,19.4,207,225,16.2,88,-12
806,2014,25.6,212,238,24.5,116,0
806,2015,14.8,178,211,13.2,67,-26
806,2016,17.6,189,220,17.6,80,-18
806,2017,27.1,213,237,23,123,-0
806,2018,28.8,200,230,24.3,131,-8
806,2019,23,200,243,20.2,104,6
806,2020,23.7,200,233,21.5,107,-4
806,2021,17.7,182,219,17.6,80,-18
806,2022,16.9,216,240,13.2,77,2
806,2023,21.6,208,229,20.3,98,-8
806,2024,16,194,232,16,73,-6
806,2025,18.9,177,221,18.3,86,-16
806,2026,16.9,169,220,13.2,77,-18
807,1988,9.4,189,202,9.2,76,-8
807,1989,16.8,188,217,15.7,137,6
807,1990,11.4,183,202,11.4,93,-8
807,1991,14.5,202,231,12.7,118,20
807,1992,9.4,195,210,8.5,76,-0
807,1993,10.4,203,222,8.2,85,12
807,1994,12,196,209,11.2,98,-2
807,1995,14.1,192,228,13,115,18
807,1996,19.9,189,231,19.8,162,20
807,1997,21.2,196,223,20.5,172,12
807,1998,10.6,183,214,10.6,86,4
807,1999,16.7,194,220,16.4,136,10
807,2000,13.5,186,211,13.4,110,0
807,2001,10.4,198,214,8.3,85,4
807,2002,10.8,182,218,10.6,88,8
807,2003,14.5,190,226,14.1,118,16
807,2004,10.1,172,195,7.9,82,-16
807,2005,9.1,189,209,9.1,74,-2
807,2006,10.9,189,209,10.7,89,-2
807,2007,8.6,163,200,6.3,70,-10
807,2008,14.3,195,221,13.6,116,10
807,2009,15.2,193,206,14.1,124,-4
807,2010,7.4,187,202,7,60,-8
807,2011,18.6,206,227,16.4,151,16
807,2012,12.6,163,189,8.7,102,-22
807,2013,8.5,173,209,7.4,69,-2
807,2014,16.6,190,213,16.3,135,2
807,2015,10.5,147,182,3.5,85,-28
807,2016,8.3,184,193,8.3,67,-18
807,2017,15.7,161,189,9.3,128,-22
807,2018,16,198,211,13.4,130,0
807,2019,11.8,167,205,10.4,96,-6
807,2020,13.2,190,209,12.4,107,-2
807,2021,10.7,163,193,10.1,87,-18
807,2022,7.3,169,185,3.8,59,-26
807,2023,11.3,189,211,10.7,92,0
807,2024,8.2,168,197,7.7,67,-14
807,2025,10.9,176,194,8.8,89,-16
807,2026,9.4,160,173,0,76,-38
809,1982,21.8,192,211,19.3,155,24
809,1983,36.7,188,234,35.2,260,47
809,1984,16.6,156,180,6.3,118,-7
809,1985,13.7,165,193,13.1,97,6
809,1986,18.5,147,181,6.9,131,-6
809,1987,6.5,154,187,5,46,0
809,1988,8.4,132,167,0,60,-20
809,1989,12.3,139,187,8.3,87,0
809,1990,10.1,149,175,0,72,-12
809,1991,9.6,179,197,8.7,68,10
809,1992,5.1,163,171,0.1,36,-16
809,1993,28.9,153,192,18.4,205,5
809,1994,8.3,152,170,0.8,59,-17
809,1995,25.4,178,216,24.7,180,29
809,1996,16.4,166,192,12.4,116,5
809,1997,14.1,155,174,1.4,100,-13
809,1998,24.3,160,213,21.6,172,26
809,1999,27.6,193,214,23,196,27
809,2000,18.1,164,187,11.8,128,0
809,2001,10.5,158,177,1.1,74,-10
809,2002,14.6,176,187,11.3,104,0
809,2003,8.9,109,165,0,63,-22
809,2004,16.6,156,174,2.7,118,-13
809,2005,16.2,152,205,14.7,115,18
809,2006,13.2,188,212,13.2,94,25
809,2007,7.2,156,169,0,51,-18
809,2008,18.5,148,180,7.9,131,-7
809,2009,14.2,163,184,7.2,101,-3
809,2010,14.1,167,203,9.9,100,16
809,2011,30.2,179,210,28.5,214,23
809,2012,5,172,194,4.5,35,7
809,2013,6.8,114,153,0,48,-34
809,2014,2.6,133,138,0.8,18,-49
809,2015,1.3,96,110,0,9,-77
809,2016,11.3,130,153,0,80,-34
809,2017,30.1,159,202,21.4,213,15
809,2018,9.9,178,188,7.3,70,1
809,2019,30,166,208,28.8,213,21
809,2020,8.2,132,146,3.3,58,-41
809,2021,8.1,145,178,1.5,57,-9
809,2022,12.6,95,155,0,89,-32
809,2023,35.1,188,214,34.9,249,27
809,2024,16.8,159,200,15,119,13
809,2025,9.4,147,179,5.3,67,-8
809,2026,8.3,144,151,0,59,-36
810,1981,2.8,139,153,0,37,-22
810,1982,7.4,138,163,3.8,97,-12
810,1983,7.9,160,199,7.2,104,24
810,1984,8.8,150,188,5.2,116,14
810,1985,7.4,153,189,5.5,97,14
810,1986,5.6,145,152,0,74,-22
810,1987,5,152,159,0,66,-16
810,1988,5.9,135,160,0,78,-14
810,1989,8.4,160,180,2.6,111,6
810,1990,3.1,146,163,0,41,-12
810,1991,2.3,182,213,2.2,30,38
810,1992,3.8,142,150,0,50,-24
810,1993,15.4,153,182,7.1,203,8
810,1994,5.6,152,164,0,74,-10
810,1995,9.1,122,182,3.9,120,8
810,1996,9,152,170,2.9,118,-4
810,1997,7.3,161,174,0,96,-0
810,1998,9.5,160,175,3.8,125,0
810,1999,13.6,163,202,11.3,179,28
810,2000,10.8,167,186,6.3,142,12
810,2001,5.7,166,175,0,75,0
810,2002,9.3,143,183,4.3,122,8
810,2003,5.2,113,159,0,68,-16
810,2004,11.3,161,176,2.9,149,2
810,2005,8.6,151,171,4.4,113,-4
810,2006,16.2,170,207,15.5,213,32
810,2007,6.4,154,169,0,84,-6
810,2008,10.9,172,201,9.9,143,26
810,2009,7.9,162,189,5.1,104,14
810,2010,6.4,150,174,1.8,84,-0
810,2011,9.4,180,202,8.7,124,28
810,2012,7,182,193,6.4,92,18
810,2013,5.3,151,172,0,70,-2
810,2014,1.1,133,137,0.1,14,-38
810,2015,1.1,82,83,0,14,-92
810,2016,6.6,128,155,0,87,-20
810,2017,10.4,160,173,3.1,137,-2
810,2018,1.8,157,164,0,24,-10
810,2019,7.9,167,188,6,104,14
810,2020,5.6,132,156,0,74,-18
810,2021,4.8,148,166,0,63,-8
810,2022,5.5,130,161,0,72,-14
810,2023,11.7,189,204,11.2,154,30
810,2024,2.5,164,170,0,33,-4
810,2025,11.6,136,187,6.6,153,12
810,2026,0.9,145,151,0,12,-24
811,1981,1.8,137,139,0,30,-34
811,1982,10.4,191,198,10.4,173,24
811,1983,12.8,178,204,11.6,213,30
811,1984,17.5,169,207,16.3,292,34
811,1985,3.9,165,191,3.8,65,18
811,1986,3.9,136,154,0,65,-20
811,1987,0.8,174,176,0,13,2
811,1988,2.5,167,177,0,42,4
811,1989,11.9,157,180,4.2,198,6
811,1990,3.4,170,172,0,57,-2
811,1991,1.1,136,138,0,18,-36
811,1992,3.8,147,158,0,63,-16
811,1993,10.7,157,177,0.8,178,4
811,1994,2.9,153,160,0,48,-14
811,1995,6,123,159,0,100,-14
811,1996,9.2,159,191,6.3,153,18
811,1997,10.8,161,176,2.6,180,2
811,1998,7.3,163,176,2.9,122,2
811,1999,6.1,168,173,0,102,-0
811,2000,5.8,165,181,1.6,97,8
811,2001,5.4,157,173,0,90,-0
811,2002,10,171,184,5.8,167,10
811,2003,2.3,117,123,0,38,-50
811,2004,10.8,161,176,0,180,2
811,2005,5.9,159,194,5.1,98,20
811,2006,10.8,189,202,9.6,180,28
811,2007,1.3,156,159,0,22,-14
811,2008,10.2,170,197,7.8,170,24
811,2009,8.2,162,180,3.2,137,6
811,2010,4.8,167,191,2.6,80,18
811,2011,6.6,181,186,5.3,110,12
811,2012,1.9,133,148,0,32,-26
811,2013,4.7,168,173,0,78,-0
811,2014,1.5,136,138,0,25,-36
811,2015,1.5,82,85,0,25,-88
811,2016,8.1,150,165,0,135,-8
811,2017,11.7,162,174,2.9,195,0
811,2018,0.8,156,159,0,13,-14
811,2019,11.4,170,187,8.3,190,14
811,2020,6,155,167,0,100,-6
811,2021,3.4,166,170,0,57,-4
811,2022,5.2,151,168,0,87,-6
811,2023,17.3,192,206,16.1,288,32
811,2024,7.3,169,193,7.1,122,20
811,2025,1.6,144,152,0,27,-22
811,2026,0.6,143,148,0,10,-26
812,1981,21.6,197,210,19.4,102,-2
812,1982,28.6,201,229,26.6,135,16
812,1983,35.9,199,230,32.6,169,18
812,1984,35,197,236,31.9,165,24
812,1985,25.7,185,213,25.7,121,0
812,1986,20,171,204,17.6,94,-8
812,1987,15.3,180,200,15,72,-12
812,1988,18.1,184,204,18.1,85,-8
812,1989,32.2,183,206,32.2,152,-6
812,1990,16.8,169,193,15.1,79,-20
812,1991,17.7,195,218,16.7,83,6
812,1992,13.5,147,180,4.5,64,-32
812,1993,26.6,175,224,23.5,125,12
812,1994,18.7,154,200,15.1,88,-12
812,1995,23.3,182,221,22.9,110,8
812,1996,16.1,167,214,15.2,76,2
812,1997,26.7,168,209,23.5,126,-4
812,1998,21.9,202,213,20.5,103,0
812,1999,26.6,199,227,24.8,125,14
812,2000,24.2,184,204,24.2,114,-8
812,2001,12.1,194,210,10.7,57,-2
812,2002,20.6,179,215,20,97,2
812,2003,15.9,189,222,15.5,75,10
812,2004,21.9,159,209,17.9,103,-4
812,2005,13.3,188,208,12.5,63,-4
812,2006,25.3,187,216,24,119,4
812,2007,14.9,162,191,10.5,70,-22
812,2008,26.8,195,225,25.5,126,12
812,2009,22.5,188,207,21.1,106,-6
812,2010,21,198,225,18.6,99,12
812,2011,29,199,227,26.8,136,14
812,2012,21.5,192,208,20.3,101,-4
812,2013,15.6,177,207,12.5,73,-6
812,2014,19.3,189,215,18.5,91,2
812,2015,12.3,130,169,2.5,58,-44
812,2016,21.6,180,201,21.5,102,-12
812,2017,18.6,161,217,17.6,88,4
812,2018,17.2,163,208,15.3,81,-4
812,2019,28.8,179,217,27.8,136,4
812,2020,28.3,190,212,27.4,133,-0
812,2021,28.7,177,206,27.7,135,-6
812,2022,13.2,162,191,7.8,62,-22
812,2023,28,206,221,24.9,132,8
812,2024,17.6,168,204,16.6,83,-8
812,2025,31.1,176,210,30.5,146,-2
812,2026,10.3,164,175,1.7,48,-38
813,1981,10.7,196,236,10.4,77,6
813,1982,19.7,206,251,18.2,142,20
813,1983,18.2,200,242,17.3,131,12
813,1984,17.6,222,243,14.5,127,12
813,1985,11.8,189,221,11.7,85,-10
813,1986,16.8,230,243,13.3,121,12
813,1987,9.2,186,212,9.2,66,-18
813,1988,10.7,210,230,9.9,77,-0
813,1989,15.3,189,233,15,110,2
813,1990,9.8,185,240,9.8,71,10
813,1991,13.3,226,244,9.2,96,14
813,1992,10.9,185,220,10.9,79,-10
813,1993,20,216,241,15.3,144,10
813,1994,10.7,197,222,9.6,77,-8
813,1995,24.3,226,256,19.4,175,26
813,1996,16.5,221,247,13.9,119,16
813,1997,20.3,216,236,18.8,147,6
813,1998,16.2,204,249,14.1,117,18
813,1999,19.8,230,252,15.2,143,22
813,2000,13.7,192,238,13.6,99,8
813,2001,12.3,207,225,9.8,89,-6
813,2002,13.9,213,239,12.6,100,8
813,2003,15.8,225,239,10.6,114,8
813,2004,13.2,207,222,13.2,95,-8
813,2005,12.8,204,233,11.2,92,2
813,2006,19.6,202,229,16.6,142,-2
813,2007,11.2,165,215,10.8,81,-16
813,2008,17.4,216,233,15.1,126,2
813,2009,16.8,219,234,14.7,121,4
813,2010,10.1,197,231,8.7,73,0
813,2011,17.8,215,235,15.6,129,4
813,2012,13.1,192,210,12.3,95,-20
813,2013,11.6,197,220,11.3,84,-10
813,2014,13.4,189,230,12.7,97,-0
813,2015,8.9,164,207,7.7,64,-24
813,2016,15.2,184,217,15.2,110,-14
813,2017,13.8,210,223,11.7,100,-8
813,2018,15.1,201,221,13.9,109,-10
813,2019,16.2,200,223,15,117,-8
813,2020,13.4,201,220,13,97,-10
813,2021,11.1,210,219,11,80,-12
813,2022,12.3,216,238,9.7,89,8
813,2023,18.2,207,227,17.6,131,-4
813,2024,12,185,225,12,87,-6
813,2025,11.5,193,215,11.2,83,-16
813,2026,9.4,170,217,7.1,68,-14
814,1988,0,366,366,,0,137
814,1989,25.5,187,217,23.6,103,-12
814,1990,21,182,219,20.5,85,-10
814,1991,21,217,237,19,85,8
814,1992,16,181,211,15.7,65,-18
814,1993,33.3,222,238,30.1,135,9
814,1994,22.5,193,224,20.1,91,-5
814,1995,35.4,231,258,30.3,143,29
814,1996,34.7,207,230,29.7,140,1
814,1997,33.1,197,229,30,134,0
814,1998,30.6,203,239,26,124,10
814,1999,29.2,219,240,21.9,118,11
814,2000,20.3,184,216,20.3,82,-13
814,2001,27.6,207,225,21.1,112,-4
814,2002,20.1,182,218,19.7,81,-11
814,2003,18.3,191,229,17.2,74,0
814,2004,19.9,168,219,17.5,81,-10
814,2005,45.2,226,241,42,183,12
814,2006,35.7,203,229,33.3,145,0
814,2007,17.3,167,215,16.9,70,-14
814,2008,33.7,200,241,30.8,136,12
814,2009,28.6,201,227,23,116,-2
814,2010,24.9,198,241,19.3,101,12
814,2011,41.2,234,258,33.8,167,29
814,2012,15.5,173,216,15.2,63,-13
814,2013,23.1,203,225,17,94,-4
814,2014,21.1,191,230,20,85,1
814,2015,12.7,166,214,11.3,51,-15
814,2016,21.2,187,231,21.2,86,2
814,2017,32.6,194,234,31.9,132,5
814,2018,16.7,202,220,16.3,68,-9
814,2019,32.9,199,248,30.2,133,19
814,2020,24.5,204,223,23.2,99,-6
814,2021,16.6,201,220,16.3,67,-9
814,2022,19.4,200,226,16.8,79,-3
814,2023,40.5,208,237,38.3,164,8
814,2024,27.9,194,233,27.2,113,4
814,2025,20.8,189,221,19.8,84,-8
814,2026,14.3,168,216,9.6,58,-13
815,1981,6.6,199,206,6.2,35,-12
815,1982,37.7,214,233,29.3,202,14
815,1983,27.3,200,236,25.5,146,18
815,1984,28.1,198,232,25.1,150,14
815,1985,25.1,179,198,24.3,134,-20
815,1986,24.8,146,232,19.8,133,14
815,1987,18.1,189,212,18,97,-6
815,1988,14.8,189,212,14.5,79,-6
815,1989,19.6,189,221,18.5,105,2
815,1990,10.1,168,206,9.3,54,-12
815,1991,9.1,203,231,8.4,49,12
815,1992,7.2,173,196,5.3,39,-22
815,1993,26.8,197,226,25.9,143,8
815,1994,11.7,194,206,10.9,63,-12
815,1995,20.3,195,231,19.4,109,12
815,1996,16.1,184,223,16.1,86,4
815,1997,33.9,168,221,28.3,181,2
815,1998,19.4,200,216,17.8,104,-2
815,1999,46.1,200,241,42.9,247,22
815,2000,19.4,171,218,18.8,104,-0
815,2001,9.8,179,219,9.5,52,0
815,2002,27.8,188,224,26.4,149,6
815,2003,7.9,182,226,7.8,42,8
815,2004,23,170,218,22.2,123,-0
815,2005,7.6,189,216,7.1,41,-2
815,2006,32.6,196,226,27.2,174,8
815,2007,19,164,214,17.1,102,-4
815,2008,26.7,209,236,25.7,143,18
815,2009,18,200,229,16.3,96,10
815,2010,21,197,228,18.1,112,10
815,2011,30.3,198,249,27.9,162,30
815,2012,19.3,198,223,18,103,4
815,2013,12.9,181,207,12.2,69,-12
815,2014,12,186,203,11.8,64,-16
815,2015,5.3,110,144,0,28,-74
815,2016,16.5,181,195,16.1,88,-24
815,2017,23.8,160,205,17.8,127,-14
815,2018,7.8,179,192,6.6,42,-26
815,2019,18.4,167,206,16.8,98,-12
815,2020,13.4,143,198,11.2,72,-20
815,2021,16.1,164,193,13.8,86,-26
815,2022,12,151,179,4.1,64,-40
815,2023,18.9,189,215,16.9,101,-4
815,2024,13.1,168,202,11.8,70,-16
815,2025,18.4,175,201,16.3,98,-18
815,2026,2.3,125,136,0,12,-82
816,1988,14,193,227,13.3,79,5
816,1989,20.3,188,222,19.6,115,0
816,1990,11.4,185,204,11.4,64,-18
816,1991,16.7,225,236,13.5,94,14
816,1992,10.8,195,212,9.8,61,-10
816,1993,18.3,209,229,14.5,103,7
816,1994,12.7,195,214,11.6,72,-8
816,1995,22,215,234,20.5,124,12
816,1996,26,189,243,25.7,147,21
816,1997,32.9,197,230,32.6,186,8
816,1998,18.1,203,221,16,102,-1
816,1999,24.4,194,237,23.6,138,15
816,2000,14.7,187,211,14.6,83,-11
816,2001,8.9,198,211,7.6,50,-11
816,2002,15.9,205,224,15.4,90,2
816,2003,16.5,191,228,15.7,93,6
816,2004,17.3,170,197,14.5,98,-25
816,2005,14.7,194,217,13.8,83,-5
816,2006,20,190,217,19.3,113,-5
816,2007,12.8,187,211,11.8,72,-11
816,2008,20.3,196,232,19.5,115,10
816,2009,22.5,199,232,19.3,127,10
816,2010,10.8,198,227,9.2,61,5
816,2011,29.5,211,245,22.6,167,23
816,2012,17.3,183,218,17,98,-4
816,2013,16.5,206,219,15.1,93,-3
816,2014,21.4,190,231,20.4,121,9
816,2015,9.5,168,200,6.4,54,-22
816,2016,14.3,184,205,14.3,81,-17
816,2017,22.9,182,223,22.7,129,1
816,2018,21.7,198,220,18.9,123,-2
816,2019,20.7,200,225,18.2,117,3
816,2020,18.5,201,221,16.7,105,-1
816,2021,13.3,183,211,13.3,75,-11
816,2022,15.8,204,231,12.6,89,9
816,2023,21.7,208,226,20.1,123,4
816,2024,17.4,194,226,17.3,98,4
816,2025,15.6,193,244,14.8,88,22
816,2026,16.4,169,195,11.1,93,-27
817,1989,46.3,188,224,42,153,-8
817,1990,47.1,175,225,45.5,155,-8
817,1991,45.8,198,235,37.2,151,2
817,1992,24.2,164,217,20.6,80,-16
817,1993,19.7,174,223,19.3,65,-10
817,1994,28.2,176,219,27,93,-14
817,1995,33.5,202,233,32.9,110,0
817,1996,30,185,239,29.5,99,6
817,1997,46.9,197,246,46.6,155,14
817,1998,26,188,223,25.6,86,-10
817,1999,48.4,193,253,47.9,159,20
817,2000,30.5,182,232,30,100,-0
817,2001,21.1,196,233,19.4,70,0
817,2002,38.1,185,243,38,126,10
817,2003,27.5,197,239,26.2,91,6
817,2004,25.2,173,215,24.6,83,-18
817,2005,17.6,199,217,13.9,58,-16
817,2006,33.7,185,235,33.2,111,2
817,2007,37.5,164,229,34.9,124,-4
817,2008,37.9,205,245,37.3,125,12
817,2009,21.9,197,236,20.6,72,4
817,2010,29.5,193,237,26.8,97,4
817,2011,36.3,205,250,32.8,120,18
817,2012,40.2,191,242,39.6,132,10
817,2013,30.2,177,230,28.9,100,-2
817,2014,31.3,188,232,31,103,-0
817,2015,16.1,177,213,14.5,53,-20
817,2016,35.6,181,221,35,117,-12
817,2017,31.3,198,236,30.5,103,4
817,2018,33.2,201,228,31.7,109,-4
817,2019,24.2,171,219,22.9,80,-14
817,2020,26.7,187,226,26.2,88,-6
817,2021,37,197,229,35,122,-4
817,2022,36.5,203,245,30.2,120,12
817,2023,29.7,205,226,27.6,98,-6
817,2024,23.2,180,223,22.7,76,-10
817,2025,28.4,175,214,27.6,94,-18
817,2026,25.3,167,209,24.7,83,-24
818,1994,0,365,365,,0,159
818,1995,4.9,162,190,4.2,78,-16
818,1996,7.5,190,202,7,119,-4
818,1997,8.3,188,223,7.4,132,17
818,1998,9.2,203,215,7,146,9
818,1999,5.8,208,220,2.2,92,14
818,2000,7,187,207,6.2,111,1
818,2001,6.1,206,212,4.7,97,6
818,2002,5.8,187,197,5.7,92,-9
818,2003,9.1,181,199,8.7,144,-7
818,2004,7.3,160,189,4.8,116,-17
818,2005,2.5,179,190,2.4,40,-16
818,2006,5.4,178,192,5,86,-14
818,2007,4.6,163,172,2.9,73,-34
818,2008,8.9,196,230,7.9,141,24
818,2009,8.3,189,206,5.9,132,0
818,2010,7.1,225,233,2,113,27
818,2011,9.2,214,229,6.9,146,23
818,2012,7.2,162,176,0,114,-30
818,2013,6,207,220,5,95,14
818,2014,9.9,190,218,9.5,157,12
818,2015,5.2,163,173,0,83,-33
818,2016,3.2,185,192,3.2,51,-14
818,2017,5.6,165,171,4.5,89,-35
818,2018,6.3,192,210,4.9,100,4
818,2019,4.5,186,205,4.4,71,-1
818,2020,8.5,188,213,7.9,135,7
818,2021,6.5,209,220,5.6,103,14
818,2022,5.2,214,219,2.6,83,13
818,2023,10.6,189,215,9.5,168,9
818,2024,2.5,185,189,2.4,40,-17
818,2025,8.5,175,210,7.3,135,4
818,2026,1.4,187,191,0.3,22,-15
819,1987,0,365,365,,0,147
819,1988,6,177,201,5.9,100,-17
819,1989,3.2,185,197,3.1,53,-21
819,1990,4.8,195,204,4.5,80,-14
819,1991,11,217,232,5.9,183,14
819,1992,8.9,184,211,8.9,148,-7
819,1993,6.2,203,223,5,103,5
819,1994,7.2,194,205,6.7,120,-13
819,1995,10,227,246,6.8,167,28
819,1996,7.2,189,222,6.9,120,4
819,1997,8.1,200,222,7.4,135,4
819,1998,10.7,203,219,8.6,178,1
819,1999,11.3,229,239,5,188,21
819,2000,3.7,191,209,2.8,62,-9
819,2001,4.3,199,210,3.1,72,-8
819,2002,3.7,187,197,3.4,62,-21
819,2003,6.6,189,210,6.5,110,-8
819,2004,4.3,162,217,3.1,72,-1
819,2005,3.6,226,232,2.7,60,14
819,2006,2.6,185,193,2.6,43,-25
819,2007,4,206,212,3.1,67,-6
819,2008,5.3,211,230,4.5,88,12
819,2009,5.8,200,224,4.8,97,6
819,2010,5.7,225,233,4.1,95,15
819,2011,6.6,208,220,4.3,110,2
819,2012,4.9,163,180,0,82,-38
819,2013,5.1,205,212,3.8,85,-6
819,2014,7.5,199,207,6.6,125,-11
819,2015,5.4,161,183,2.6,90,-35
819,2016,6.3,184,219,6.3,105,1
819,2017,8.4,212,220,7.2,140,2
819,2018,3.9,190,199,3.4,65,-19
819,2019,4.2,241,245,3.8,70,27
819,2020,6.8,200,210,5.4,113,-8
819,2021,5.4,209,220,3.5,90,2
819,2022,4.5,207,218,2.9,75,0
819,2023,7.4,189,214,6.3,123,-4
819,2024,8.3,192,225,8.1,138,7
819,2025,6.8,188,216,6.3,113,-2
819,2026,1.2,213,215,0,20,-3
820,1981,19,193,212,18.3,101,-2
820,1982,43,196,224,39.2,229,10
820,1983,31.7,217,252,26.6,169,38
820,1984,29.3,198,228,27,156,14
820,1985,25.3,185,201,25.1,135,-13
820,1986,41.3,181,232,39.6,220,18
820,1987,11.7,182,204,11.6,62,-10
820,1988,10.7,189,199,10.7,57,-15
820,1989,19.8,160,200,19.3,106,-14
820,1990,22.8,173,202,21.7,122,-12
820,1991,17.3,183,222,17.3,92,8
820,1992,10.7,181,193,10.1,57,-21
820,1993,39,171,229,37.1,208,15
820,1994,18.9,194,206,18.1,101,-8
820,1995,28.1,182,235,28,150,21
820,1996,22.4,189,220,22.1,119,6
820,1997,40,166,222,36.2,213,8
820,1998,27.5,201,221,23.2,147,7
820,1999,18.3,194,226,15.2,98,12
820,2000,18.6,177,209,18,99,-5
820,2001,12.6,197,212,8.2,67,-2
820,2002,15.2,179,194,13.9,81,-20
820,2003,12.2,192,204,10.7,65,-10
820,2004,21.7,161,196,16.7,116,-18
820,2005,41.3,195,234,40.6,220,20
820,2006,31.1,194,220,26.3,166,6
820,2007,13.9,162,189,10.3,74,-25
820,2008,27.8,175,220,26.7,148,6
820,2009,27.8,199,220,23.6,148,6
820,2010,22.9,197,218,17.8,122,4
820,2011,47.6,198,239,43.7,254,25
820,2012,14.6,181,206,12.9,78,-8
820,2013,13.9,164,206,9.7,74,-8
820,2014,13.3,189,205,12.7,71,-9
820,2015,11.8,163,181,4.8,63,-33
820,2016,16.5,184,201,16.5,88,-13
820,2017,33.3,163,216,29.2,178,2
820,2018,10,174,193,8.8,53,-21
820,2019,33.1,195,223,32.5,177,9
820,2020,18.5,190,212,17.9,99,-2
820,2021,12.8,180,214,12.7,68,0
820,2022,14,176,201,12.7,75,-13
820,2023,50.1,194,228,48.4,267,14
820,2024,22.4,186,206,22.4,119,-8
820,2025,19.5,175,205,17.4,104,-9
820,2026,14.4,148,174,0.2,77,-40
821,1981,9.9,184,210,9.7,81,6
821,1982,22.6,207,224,20.5,186,20
821,1983,20.8,181,217,20.6,171,12
821,1984,23.6,197,226,21.5,194,22
821,1985,20,182,199,19.6,165,-6
821,1986,15.3,172,202,13.4,126,-2
821,1987,11.8,184,197,11.8,97,-8
821,1988,12.6,191,199,11.7,104,-6
821,1989,21.6,187,202,21.3,178,-2
821,1990,9,168,194,8.4,74,-10
821,1991,7.6,179,205,7.2,63,0
821,1992,6.8,151,178,0.4,56,-26
821,1993,12.1,159,179,3.8,100,-26
821,1994,10.3,150,200,8.9,85,-4
821,1995,12.5,171,208,11.9,103,4
821,1996,8.8,156,194,6.3,72,-10
821,1997,16.8,160,198,11.2,138,-6
821,1998,12.4,167,207,11.6,102,2
821,1999,14.9,169,210,14.2,123,6
821,2000,15.8,175,204,15.4,130,-0
821,2001,9,198,208,7.8,74,4
821,2002,16.5,175,209,15.5,136,4
821,2003,11.9,191,204,10.8,98,-0
821,2004,16.7,172,202,14.4,137,-2
821,2005,8.1,188,203,7.8,67,-2
821,2006,17.3,178,210,16.4,142,6
821,2007,9.1,175,189,7.5,75,-16
821,2008,15.7,195,224,14.8,129,20
821,2009,11.9,186,215,11.3,98,10
821,2010,12.9,193,206,11.8,106,2
821,2011,16.3,198,224,16.1,134,20
821,2012,9.5,192,206,9,78,2
821,2013,9,163,194,7.3,74,-10
821,2014,10.6,188,203,9.8,87,-2
821,2015,7.1,128,179,2.3,58,-26
821,2016,16.6,171,201,15.7,137,-4
821,2017,17.2,159,212,15.1,142,8
821,2018,9.4,174,198,8.8,77,-6
821,2019,15.9,177,206,15.5,131,2
821,2020,12.2,192,209,11.5,100,4
821,2021,13.9,182,207,13.8,114,2
821,2022,9.8,161,185,5.5,81,-20
821,2023,15,191,217,13.6,123,12
821,2024,11.2,152,202,9.8,92,-2
821,2025,20.7,175,206,19.4,170,2
821,2026,4.7,150,171,0,39,-34
822,1981,22.3,236,253,18.5,84,2
822,1982,41.6,230,271,35.6,157,20
822,1983,31.6,234,261,24.6,119,10
822,1984,29,225,267,21.6,109,16
822,1985,21.8,209,249,21.1,82,-2
822,1986,37,231,255,30.3,139,4
822,1987,21.1,194,227,20.3,79,-24
822,1988,25.6,225,249,21,96,-2
822,1989,29.8,199,259,28.2,112,8
822,1990,25.5,234,264,21.6,96,13
822,1991,32.2,226,257,23.1,121,6
822,1992,18.9,203,233,14.7,71,-18
822,1993,28.4,222,261,20.6,107,10
822,1994,21.1,198,236,19.3,79,-15
822,1995,32.8,240,271,23.8,124,20
822,1996,35.6,221,262,33.4,134,11
822,1997,38.8,217,251,34.8,146,0
822,1998,25.6,210,272,23.3,96,21
822,1999,34.2,230,260,28.8,129,9
822,2000,23.5,212,244,21.4,89,-7
822,2001,19.2,206,232,16.7,72,-19
822,2002,24.7,225,250,20.9,93,-1
822,2003,26.7,225,247,24.4,101,-4
822,2004,20.2,206,253,18.1,76,2
822,2005,19.8,225,263,16.5,75,12
822,2006,27.8,203,247,24.7,105,-4
822,2007,19.8,209,232,16.7,75,-19
822,2008,31.1,228,272,28,117,21
822,2009,33.1,227,262,27.4,125,11
822,2010,23.8,226,266,16.8,90,15
822,2011,42.7,243,277,29.5,161,26
822,2012,22.8,204,250,21.9,86,-1
822,2013,23.5,207,238,19.5,89,-13
822,2014,35.3,226,251,31.8,133,0
822,2015,22.3,198,248,21.5,84,-3
822,2016,22.9,215,249,21.3,86,-2
822,2017,37,215,255,32.3,139,4
822,2018,36.1,201,249,30.8,136,-2
822,2019,26.4,216,258,22.7,99,7
822,2020,29.9,212,251,26.7,113,0
822,2021,23.4,210,248,21.7,88,-3
822,2022,23.8,227,254,17.7,90,3
822,2023,24.2,210,237,22.2,91,-14
822,2024,22.6,223,250,20,85,-1
822,2025,24.8,212,242,24.2,93,-9
822,2026,22.1,170,240,19.7,83,-11
823,1981,20.3,182,211,20.2,56,-22
823,1982,58.4,201,242,52.8,161,9
823,1983,48.5,234,253,36.7,134,20
823,1984,51,227,249,47.3,141,16
823,1985,38.7,184,222,38.7,107,-11
823,1986,53.3,182,242,53.2,147,9
823,1987,16.8,188,208,16.7,46,-25
823,1988,27,191,229,26.9,74,-4
823,1989,46.4,188,232,43.1,128,-1
823,1990,24.6,177,204,24.3,68,-29
823,1991,29.7,216,240,28.3,82,7
823,1992,16.9,185,212,16.9,47,-21
823,1993,41.2,223,241,35.7,114,8
823,1994,28.7,194,223,26.8,79,-10
823,1995,34.9,221,255,33.6,96,22
823,1996,42.7,227,254,42.2,118,21
823,1997,55.9,215,242,53.9,154,9
823,1998,45,203,242,41.6,124,9
823,1999,49.6,219,252,43.3,137,19
823,2000,34.7,178,221,34.5,96,-12
823,2001,25.4,197,221,22.2,70,-12
823,2002,29.8,181,227,29.3,82,-6
823,2003,34.5,190,234,33.1,95,1
823,2004,31.5,165,218,27.8,87,-15
823,2005,45.2,214,242,44,125,9
823,2006,58.2,192,236,56,161,3
823,2007,26.1,163,215,23.1,72,-18
823,2008,42,196,242,39.9,116,9
823,2009,42.1,201,232,39.2,116,-1
823,2010,28.9,197,246,23.9,80,13
823,2011,66.2,215,265,55.3,183,32
823,2012,29.7,175,216,27.3,82,-17
823,2013,24.2,206,224,21.1,67,-9
823,2014,48.5,190,235,46.9,134,2
823,2015,27.6,167,212,25.4,76,-21
823,2016,37.6,184,227,37.6,104,-6
823,2017,54.2,215,243,51.1,150,10
823,2018,32.3,198,222,28.9,89,-11
823,2019,41.5,201,229,36.3,114,-4
823,2020,41.7,205,228,39.7,115,-5
823,2021,26.4,183,218,26.4,73,-15
823,2022,27.6,201,230,25.2,76,-3
823,2023,57.8,189,242,54.6,159,9
823,2024,43.8,185,241,43.8,121,8
823,2025,38.5,188,223,37.4,106,-10
823,2026,27.8,160,203,17.4,77,-30
824,1981,18.8,196,211,14.8,61,-14
824,1982,58.6,198,235,53.5,191,10
824,1983,19.3,112,,,63,
824,1984,32.5,184,245,32.5,106,20
824,1985,47.8,183,228,47.8,156,2
824,1986,27.5,178,229,25.3,90,4
824,1987,28.6,185,209,28.6,93,-16
824,1988,32.5,190,223,32.1,106,-2
824,1989,46.3,188,219,44.3,151,-6
824,1990,31.3,181,204,30.9,102,-22
824,1991,25.7,194,227,23.5,84,2
824,1992,22.5,148,209,16.9,73,-16
824,1993,32.3,201,228,30.7,105,2
824,1994,28.3,197,219,25.9,92,-6
824,1995,33.2,203,231,32.3,108,6
824,1996,28,187,228,27.9,91,2
824,1997,63.2,197,230,61.3,206,4
824,1998,26.6,201,217,24.8,87,-8
824,1999,56.8,191,240,55.9,185,14
824,2000,36.1,186,222,36.1,118,-4
824,2001,24.6,199,224,21.4,80,-2
824,2002,42.8,186,232,42.8,139,6
824,2003,25.8,192,236,24.5,84,10
824,2004,29.8,164,217,27,97,-8
824,2005,10.6,199,211,9.7,35,-14
824,2006,34.8,188,227,33.4,113,2
824,2007,27.3,160,209,22.3,89,-16
824,2008,47.4,193,234,46.1,154,8
824,2009,40.7,199,236,36.6,133,10
824,2010,25.3,194,227,21.5,82,2
824,2011,34.9,214,249,30.4,114,24
824,2012,38.7,193,227,37.3,126,2
824,2013,27.1,178,217,25.4,88,-8
824,2014,29.7,189,223,28.5,97,-2
824,2015,11.2,157,200,6.2,36,-26
824,2016,36.5,181,208,36.4,119,-18
824,2017,38.4,165,234,36.1,125,8
824,2018,28.7,201,220,24.6,93,-6
824,2019,33.4,200,223,29.9,109,-2
824,2020,31.6,188,214,31.4,103,-12
824,2021,35.5,183,211,35.5,116,-14
824,2022,27.5,203,237,21.6,90,12
824,2023,34.6,192,226,32.6,113,0
824,2024,23.4,192,223,23,76,-2
824,2025,35.9,175,217,33.3,117,-8
824,2026,16.8,165,190,10.8,55,-36
825,1981,32.2,238,253,23.8,66,-1
825,1982,59.9,239,273,53.4,122,19
825,1983,63.9,235,275,44.5,130,21
825,1984,61.8,223,273,50.3,126,19
825,1985,54.8,235,256,45.8,112,2
825,1986,70.4,210,260,60.4,144,6
825,1987,38,208,249,34.8,77,-5
825,1988,55.6,226,255,47.7,113,1
825,1989,52.6,201,244,46.5,107,-10
825,1990,49.5,212,255,45.8,101,1
825,1991,52,222,257,41.6,106,3
825,1992,44.2,211,237,39.6,90,-17
825,1993,68,222,266,53.9,139,12
825,1994,47.9,217,245,37.8,98,-9
825,1995,69.7,243,274,45.6,142,20
825,1996,60.4,218,264,54.1,123,10
825,1997,62.4,244,270,53.6,127,16
825,1998,54,229,270,44,110,16
825,1999,58,219,263,42.5,118,9
825,2000,47,209,246,45.9,96,-8
825,2001,39.8,206,243,36,81,-11
825,2002,30.6,212,240,28.4,62,-14
825,2003,54.4,224,250,43,111,-4
825,2004,40.6,210,249,33.4,83,-5
825,2005,43.9,221,265,38,90,11
825,2006,56.5,205,249,51.3,115,-5
825,2007,32.9,208,234,30,67,-20
825,2008,51.5,230,263,43.3,105,9
825,2009,52.1,218,247,44.9,106,-7
825,2010,45.1,233,252,32.8,92,-2
825,2011,79.7,241,273,57.1,162,19
825,2012,27.7,175,232,26.7,56,-22
825,2013,39,216,251,31.6,80,-3
825,2014,56.1,229,257,52.2,114,3
825,2015,32.8,239,256,28.9,67,2
825,2016,48.9,231,256,38.5,100,2
825,2017,44.5,219,256,38.9,91,2
825,2018,45.4,217,240,34.5,93,-14
825,2019,58,242,272,50.1,118,18
825,2020,49.2,202,250,45.9,100,-4
825,2021,35.8,212,243,34.3,73,-11
825,2022,44.8,222,254,35.5,91,0
825,2023,56.2,227,248,51.9,115,-6
825,2024,47.8,224,255,40.3,97,1
825,2025,43.8,203,248,42.1,89,-6
825,2026,28.4,220,245,21.9,58,-9
826,1981,9.1,189,209,7.6,85,-14
826,1982,7.3,195,213,6.4,69,-10
826,1983,15,234,247,8.4,141,24
826,1984,13.9,213,232,10.4,131,8
826,1985,7.8,190,212,7.7,73,-12
826,1986,15.8,201,237,14.5,148,14
826,1987,12.3,182,213,12.2,115,-10
826,1988,10.8,194,214,10.6,101,-10
826,1989,6.6,185,200,6.4,62,-24
826,1990,8.5,193,218,7.9,80,-6
826,1991,12.6,217,233,8.2,118,10
826,1992,8.9,186,209,8.9,84,-14
826,1993,10.6,204,227,9,100,4
826,1994,10.9,197,217,9.8,102,-6
826,1995,15.8,226,258,10.1,148,34
826,1996,12.4,189,223,11.9,116,-0
826,1997,13.5,215,228,9.8,127,4
826,1998,13.7,201,230,11.9,129,6
826,1999,19.8,218,240,9.8,186,16
826,2000,7.5,203,214,7,70,-10
826,2001,5.9,205,212,5.1,55,-12
826,2002,5.9,182,198,5.8,55,-26
826,2003,10.7,192,212,10.6,100,-12
826,2004,10.7,208,220,8.7,100,-4
826,2005,10.5,194,231,10,99,8
826,2006,6.8,190,209,6.7,64,-14
826,2007,7.8,186,212,7.8,73,-12
826,2008,9.9,196,231,8.9,93,8
826,2009,11.9,210,228,8.4,112,4
826,2010,16.3,226,244,10.6,153,20
826,2011,10.1,198,226,8.8,95,2
826,2012,8.5,160,197,6.5,80,-26
826,2013,8.5,206,224,5.5,80,0
826,2014,8.6,186,215,8,81,-8
826,2015,7.2,202,215,5.3,68,-8
826,2016,13.6,222,237,11.2,128,14
826,2017,20,212,242,18.4,188,18
826,2018,7.4,194,210,7.1,69,-14
826,2019,11.5,196,230,9.6,108,6
826,2020,11.4,201,220,9.1,107,-4
826,2021,11.3,210,233,9.2,106,10
826,2022,11.2,217,230,8.3,105,6
826,2023,14.3,210,228,10.9,134,4
826,2024,11,224,233,10.5,103,10
826,2025,11.4,208,225,10.4,107,2
826,2026,6.2,168,180,1.3,58,-44
827,1986,26.8,201,239,24.8,147,12
827,1987,17.8,199,223,16.3,98,-4
827,1988,24.8,210,238,22.6,136,10
827,1989,20.1,199,223,17.3,110,-4
827,1990,12.7,192,221,12.6,70,-6
827,1991,23.8,213,233,20.5,131,6
827,1992,16.9,185,218,16.9,93,-10
827,1993,30.1,211,239,24.3,165,12
827,1994,19.5,200,228,16.9,107,0
827,1995,27.8,226,256,19.5,153,28
827,1996,35.6,211,233,31.9,196,6
827,1997,39.3,217,233,30.8,216,6
827,1998,25.2,205,232,20.9,138,4
827,1999,24,219,239,17.7,132,12
827,2000,19.5,188,230,18.9,107,2
827,2001,22.9,210,227,19.8,126,-0
827,2002,15.6,187,213,15.5,86,-14
827,2003,20.1,207,234,18.2,110,6
827,2004,16.1,170,218,14.5,88,-10
827,2005,14.5,195,230,14.4,80,2
827,2006,23,190,218,22,126,-10
827,2007,14.2,196,216,13.7,78,-12
827,2008,22,197,240,18.9,121,12
827,2009,24,202,221,21.4,132,-6
827,2010,16.6,191,234,13.2,91,6
827,2011,26.8,217,247,20,147,20
827,2012,9.3,158,187,5.6,51,-40
827,2013,15.5,205,226,10.9,85,-2
827,2014,16.9,191,220,15.6,93,-8
827,2015,10.4,178,216,9.6,57,-12
827,2016,13.4,189,233,13.2,74,6
827,2017,4.6,150,170,0,25,-58
827,2018,7.8,205,213,4.2,43,-14
827,2019,8.2,190,208,7.9,45,-20
827,2020,10.6,208,217,9.3,58,-10
827,2021,8.1,184,210,8,45,-18
827,2022,7.6,200,211,6.8,42,-16
827,2023,8.8,189,215,8.6,48,-12
827,2024,11.2,195,216,10.7,62,-12
827,2025,8.5,191,206,7.5,47,-22
827,2026,6.5,160,174,0.5,36,-54
828,1981,18.6,192,246,17.3,77,11
828,1982,39.8,194,254,36.8,164,19
828,1983,35,232,257,27.6,144,22
828,1984,38.4,223,237,32,158,2
828,1985,27.3,186,238,27.1,113,3
828,1986,56,224,254,46.5,231,19
828,1987,19.4,194,219,19,80,-16
828,1988,19.5,183,230,19.4,80,-5
828,1989,29.2,189,225,26.5,120,-10
828,1990,18.4,214,238,17.4,76,3
828,1991,22.5,225,242,18.8,93,7
828,1992,10.3,184,213,10.3,42,-22
828,1993,32.3,221,242,27.3,133,7
828,1994,16,198,227,14,66,-8
828,1995,34.5,237,264,24.7,142,29
828,1996,36.6,213,246,31.7,151,11
828,1997,38.4,215,242,34.2,158,7
828,1998,25.3,210,242,21,104,7
828,1999,28.8,229,251,21,119,16
828,2000,22,184,235,22,91,0
828,2001,18.4,206,223,14.3,76,-12
828,2002,17,183,225,17,70,-10
828,2003,15.3,190,235,14,63,0
828,2004,17.2,205,220,15.8,71,-15
828,2005,35.1,225,241,30,145,6
828,2006,34.2,203,231,30.6,141,-4
828,2007,15.5,206,222,15.1,64,-13
828,2008,25.1,211,245,22.4,104,10
828,2009,28.5,201,230,23.5,118,-5
828,2010,20.7,227,247,13.9,85,12
828,2011,51.6,244,266,36,213,31
828,2012,16.7,204,222,14.9,69,-13
828,2013,22.9,207,230,16.5,94,-5
828,2014,27.7,199,235,24.8,114,0
828,2015,15.4,200,216,14.3,64,-19
828,2016,23.4,216,245,22.8,96,10
828,2017,45.1,212,243,43,186,8
828,2018,20.8,204,221,16.9,86,-14
828,2019,36,209,253,30.9,148,18
828,2020,26.2,205,230,24.7,108,-5
828,2021,17.6,211,225,17.3,73,-10
828,2022,22.6,208,227,16.8,93,-8
828,2023,40.4,209,238,35.5,167,3
828,2024,29.3,196,246,28.7,121,11
828,2025,25.1,188,223,24.6,104,-12
828,2026,18.5,166,221,13.2,76,-14
829,1990,7.6,192,211,7,68,0
829,1991,14.3,186,208,13.7,128,-3
829,1992,13.1,191,211,12.7,117,0
829,1993,16.9,190,225,14.7,152,14
829,1994,10,196,206,8.8,90,-5
829,1995,12.5,207,228,11.2,112,17
829,1996,6.2,180,195,5.4,56,-16
829,1997,11.1,162,219,9.1,100,8
829,1998,13.3,191,218,12.8,119,7
829,1999,7.9,172,195,5.6,71,-16
829,2000,10.4,188,205,10.3,93,-6
829,2001,11.4,195,212,11,102,1
829,2002,6.7,178,187,5.3,60,-24
829,2003,11.2,182,211,11.1,100,0
829,2004,10.3,196,218,8.2,92,7
829,2005,16.2,194,229,15.1,145,18
829,2006,6.6,190,200,6.4,59,-11
829,2007,14.8,197,222,11.9,133,11
829,2008,13.8,174,207,12.4,124,-4
829,2009,11.5,201,212,8.8,103,1
829,2010,12.2,181,217,11.8,109,6
829,2011,7,167,200,6.3,63,-11
829,2012,9.7,175,204,7.3,87,-7
829,2013,8.1,176,210,7.4,73,-1
829,2014,10,191,207,9.3,90,-4
829,2015,9.2,177,196,7.9,83,-15
829,2016,10.2,185,221,10,91,10
829,2017,16.7,189,217,15.1,150,6
829,2018,4.9,181,191,4.5,44,-20
829,2019,14.6,188,228,14.4,131,17
829,2020,11.9,185,212,11.9,107,1
829,2021,14,180,209,13.7,126,-2
829,2022,8.4,190,202,7.8,75,-9
829,2023,10.3,189,214,10.2,92,3
829,2024,11.2,194,208,10.6,100,-3
829,2025,9.3,177,196,8.1,83,-15
829,2026,4.5,161,173,0,40,-38
830,1981,27.5,196,242,26.5,73,-6
830,1982,63,206,271,55.7,166,22
830,1983,61.1,220,271,54.7,161,22
830,1984,46.1,224,267,38.3,122,18
830,1985,35.8,182,239,35.4,95,-10
830,1986,54.3,216,255,50.8,143,6
830,1987,22.5,182,218,22.3,59,-30
830,1988,29.5,196,238,28.2,78,-10
830,1989,44.5,188,248,43,118,-0
830,1990,23.9,191,244,23.9,63,-4
830,1991,29.9,227,253,24.9,79,4
830,1992,20.7,207,222,19.2,55,-26
830,1993,52.8,221,249,43.2,139,0
830,1994,22,194,225,21.1,58,-24
830,1995,52.3,224,268,45.3,138,20
830,1996,48.1,221,259,44.9,127,10
830,1997,71.5,209,256,65.4,189,8
830,1998,36,202,262,34.2,95,14
830,1999,48.5,199,261,47.1,128,12
830,2000,33.7,184,243,33.7,89,-6
830,2001,21.9,197,228,19.6,58,-20
830,2002,39.1,202,244,38.2,103,-4
830,2003,40.8,226,250,34.9,108,2
830,2004,33.9,186,241,33.9,90,-8
830,2005,27.4,207,244,25.7,72,-4
830,2006,58.8,208,249,51.3,155,0
830,2007,28.4,207,231,26.9,75,-18
830,2008,38.7,216,259,38,102,10
830,2009,38.7,219,248,35.3,102,-0
830,2010,29.2,197,256,27.1,77,8
830,2011,50.1,218,267,40.6,132,18
830,2012,38.8,192,249,37.9,103,0
830,2013,29.7,204,229,25.9,78,-20
830,2014,37,189,243,36.2,98,-6
830,2015,27.9,196,219,26.1,74,-30
830,2016,39.2,181,241,38.4,104,-8
830,2017,59.9,213,252,54.9,158,4
830,2018,33.4,202,232,30.1,88,-16
830,2019,42.6,192,250,37.5,113,2
830,2020,27.6,201,241,26.8,73,-8
830,2021,26,184,228,26,69,-20
830,2022,30.6,227,249,23.4,81,0
830,2023,43.8,206,249,41.8,116,0
830,2024,30,193,240,28.8,79,-8
830,2025,40,192,238,39,106,-10
830,2026,23.6,201,225,21.2,62,-24
831,1986,39.3,185,244,39,161,15
831,1987,16.1,182,208,16,66,-21
831,1988,22.6,189,226,22.1,92,-3
831,1989,29.6,188,220,27,121,-9
831,1990,18.3,185,221,18.3,75,-8
831,1991,19.5,219,234,17.6,80,5
831,1992,11,185,213,11,45,-16
831,1993,28,220,236,22,115,7
831,1994,18,197,219,16.2,74,-10
831,1995,21.1,214,243,20.5,86,14
831,1996,34.6,209,246,34.1,142,17
831,1997,37.2,182,233,36.9,152,4
831,1998,22.2,198,231,21.8,91,2
831,1999,32,213,242,29.2,131,13
831,2000,22.7,187,215,22.7,93,-14
831,2001,17.7,206,220,15.4,72,-9
831,2002,20.4,183,229,20.4,83,0
831,2003,25.4,190,228,25,104,-1
831,2004,19.3,169,215,17.3,79,-14
831,2005,20,187,228,20,82,-1
831,2006,31.1,189,227,30.5,127,-2
831,2007,19.7,206,222,17.4,81,-7
831,2008,27.4,195,244,26.5,112,15
831,2009,26.8,199,233,24.5,110,4
831,2010,18.4,197,244,16.3,75,15
831,2011,42.3,215,257,34.2,173,28
831,2012,22.1,175,209,20.1,90,-20
831,2013,22.6,207,225,17.8,92,-4
831,2014,36.3,190,236,35.3,148,7
831,2015,23.5,177,216,22,96,-13
831,2016,26.5,186,226,26.3,108,-3
831,2017,36.9,213,239,35.4,151,10
831,2018,35.7,203,227,29.5,146,-2
831,2019,26.2,200,229,22.8,107,0
831,2020,29.8,204,229,26.6,122,0
831,2021,21.3,185,224,21.1,87,-5
831,2022,21.8,212,239,16.3,89,10
831,2023,27.3,209,231,24.1,112,2
831,2024,24.1,187,232,23.4,99,3
831,2025,29,193,225,28.9,119,-4
831,2026,21.8,171,217,16.7,89,-12
832,1981,6.5,191,203,5.8,56,-6
832,1982,22.1,193,218,20,191,8
832,1983,25.1,192,226,25.1,216,16
832,1984,7.8,94,97,2,67,-112
832,1985,10.1,180,192,9.1,87,-18
832,1986,12.6,140,157,1.7,109,-52
832,1987,9.2,173,187,6.9,79,-22
832,1988,8.5,125,196,7,73,-14
832,1989,8.5,187,194,8.3,73,-16
832,1990,4.5,165,184,2.6,39,-26
832,1991,5.4,180,203,4.9,47,-6
832,1992,7.8,161,186,4.3,67,-24
832,1993,9.8,201,215,8.7,84,6
832,1994,9.1,151,199,7.1,78,-10
832,1995,15.6,141,223,14.7,134,14
832,1996,13,187,213,13,112,4
832,1997,14.2,167,211,12,122,2
832,1998,15.5,194,214,13.8,134,4
832,1999,18,185,212,16.1,155,2
832,2000,11.7,166,201,10.7,101,-8
832,2001,9.2,199,214,6.5,79,4
832,2002,10.6,173,196,8.2,91,-14
832,2003,13.6,177,205,11.5,117,-4
832,2004,11.5,156,195,9.6,99,-14
832,2005,2.7,103,105,2.2,23,-104
832,2006,15.4,186,212,14.4,133,2
832,2007,10.3,162,190,6.4,89,-20
832,2008,8.4,130,132,6.4,72,-78
832,2009,8.3,184,205,8.1,72,-4
832,2010,16.9,193,215,15.7,146,6
832,2011,15.3,181,226,13.8,132,16
832,2012,17.2,192,214,16.6,148,4
832,2013,9.3,176,208,8.2,80,-2
832,2014,9.7,188,211,9.7,84,2
832,2015,5.5,113,171,0.4,47,-38
832,2016,19,176,196,16.8,164,-14
832,2017,15.8,202,220,15.4,136,10
832,2018,12.4,188,212,12.1,107,2
832,2019,15.4,191,213,14.5,133,4
832,2020,10.1,188,207,9.9,87,-2
832,2021,11.7,183,206,11.7,101,-4
832,2022,10.8,203,230,6.1,93,20
832,2023,17.4,204,215,16.1,150,6
832,2024,11.7,191,217,11.5,101,8
832,2025,15.3,164,203,12.7,132,-6
832,2026,8.6,168,173,3.3,74,-36
833,1981,9,190,206,8.8,80,-10
833,1982,15,199,216,13.7,133,0
833,1983,23.1,233,247,18.6,205,32
833,1984,13.1,197,229,11.3,116,14
833,1985,12.4,190,197,12,110,-18
833,1986,17.1,202,232,14.4,152,16
833,1987,10.6,182,210,10.4,94,-6
833,1988,7.4,184,200,7.4,66,-16
833,1989,10.8,182,197,10.3,96,-18
833,1990,13.1,182,200,13,116,-16
833,1991,11.9,217,229,10.1,106,14
833,1992,8.2,180,198,7.7,73,-18
833,1993,14.3,202,225,12.7,127,10
833,1994,10.4,194,204,9.4,92,-12
833,1995,14.5,185,234,14.4,129,18
833,1996,8.1,189,211,7.8,72,-4
833,1997,16.6,198,219,10.2,148,4
833,1998,14.9,203,222,12.2,132,6
833,1999,13,217,234,6.3,116,18
833,2000,12.2,187,212,12.1,108,-4
833,2001,13.2,197,214,8.4,117,-2
833,2002,7.2,181,196,6.9,64,-20
833,2003,9.6,190,208,8.7,85,-8
833,2004,10.5,161,197,7.4,93,-18
833,2005,21.1,185,229,20.7,188,14
833,2006,11.1,190,205,10.2,99,-10
833,2007,7.6,168,199,7.2,68,-16
833,2008,13.3,196,219,12.6,118,4
833,2009,10.9,201,218,7.9,97,2
833,2010,11.5,189,221,10.4,102,6
833,2011,13.3,210,226,12.6,118,10
833,2012,6.8,174,185,3.7,60,-30
833,2013,10.9,207,217,7.2,97,2
833,2014,7.6,189,204,6.4,68,-12
833,2015,4.6,161,180,1,41,-36
833,2016,10.5,185,228,10.4,93,12
833,2017,11.4,188,206,11.1,101,-10
833,2018,7.8,192,207,7.8,69,-8
833,2019,13.5,199,226,12.3,120,10
833,2020,12.2,189,218,12.1,108,2
833,2021,8.3,183,201,8.3,74,-14
833,2022,9.3,183,210,9.3,83,-6
833,2023,20.6,191,224,18.8,183,8
833,2024,10.5,185,206,10.5,93,-10
833,2025,8.4,175,198,7.4,75,-18
833,2026,6.3,169,177,0,56,-38
834,1981,8.3,185,196,7.7,46,-6
834,1982,23.6,193,219,19.3,132,17
834,1983,33.8,212,239,33.3,189,37
834,1984,15,171,206,12.6,84,4
834,1985,17.3,182,201,17.1,97,-1
834,1986,17.1,148,203,12.6,96,1
834,1987,9.4,154,190,7.4,53,-12
834,1988,7.6,168,175,0,43,-27
834,1989,13.8,145,190,11.8,77,-12
834,1990,11.4,171,192,9.6,64,-10
834,1991,9,179,204,8.6,50,2
834,1992,9.6,145,185,5.3,54,-17
834,1993,30.7,154,207,27,172,5
834,1994,10.2,164,188,6.3,57,-14
834,1995,27.5,183,221,27.5,154,19
834,1996,21.1,166,208,18.7,118,6
834,1997,20.6,162,199,14.2,115,-3
834,1998,27.9,163,213,24.8,156,11
834,1999,31.8,194,218,27.7,178,16
834,2000,21.6,164,190,15.5,121,-12
834,2001,12.9,163,182,6,72,-20
834,2002,18.1,179,193,16,101,-9
834,2003,12.5,170,219,8.4,70,17
834,2004,19.9,157,191,13.2,111,-11
834,2005,25.1,183,212,25.1,141,10
834,2006,17.6,201,214,17,99,12
834,2007,14.7,156,182,7.1,82,-20
834,2008,18.5,173,200,15,104,-2
834,2009,14.3,162,200,10.9,80,-2
834,2010,21.5,190,216,19.2,120,14
834,2011,38.7,183,218,38.7,217,16
834,2012,11.1,190,205,10.7,62,3
834,2013,11.4,160,184,5.9,64,-18
834,2014,3.4,152,166,1.7,19,-36
834,2015,3.4,158,163,0,19,-39
834,2016,15.5,168,194,13.7,87,-8
834,2017,37.2,163,215,32.2,208,13
834,2018,13.5,177,193,11.8,76,-9
834,2019,33.6,166,211,32.4,188,9
834,2020,14.6,190,207,13.6,82,5
834,2021,14.4,171,188,10.4,81,-14
834,2022,15.1,150,179,5.6,85,-23
834,2023,38,190,213,37.5,213,11
834,2024,20.7,184,204,20.7,116,2
834,2025,15.7,169,198,13.8,88,-4
834,2026,13.4,148,170,0,75,-32
835,1981,8.9,196,203,7.9,51,-4
835,1982,28.5,204,226,25.7,165,18
835,1983,14.9,195,209,14.2,86,2
835,1984,14.8,197,225,14.7,86,18
835,1985,17.8,188,212,17.8,103,4
835,1986,16,149,192,11.3,92,-16
835,1987,12.5,180,199,12.4,72,-8
835,1988,17.1,187,204,16,99,-4
835,1989,20.3,187,206,19.5,117,-2
835,1990,18,176,195,16.3,104,-12
835,1991,16.4,181,214,15.8,95,6
835,1992,11.3,149,175,2.1,65,-32
835,1993,15.7,172,206,12.7,91,-2
835,1994,13.3,152,202,13,77,-6
835,1995,11.7,178,207,11.2,68,-0
835,1996,14.6,182,204,14.3,84,-4
835,1997,32.8,196,226,31.9,190,18
835,1998,14.3,175,205,12.4,83,-2
835,1999,23,159,210,21.2,133,2
835,2000,19.3,172,201,18,112,-6
835,2001,10.1,170,209,9,58,2
835,2002,19.6,184,214,19.6,113,6
835,2003,17.5,179,208,17,101,0
835,2004,17.1,159,191,12,99,-16
835,2005,7.3,152,205,6.8,42,-2
835,2006,21.3,181,212,21.2,123,4
835,2007,14.4,164,190,9.5,83,-18
835,2008,26.5,195,229,25.8,153,22
835,2009,22.2,185,215,22.1,128,8
835,2010,10.7,192,203,10.3,62,-4
835,2011,18.8,197,228,17.7,109,20
835,2012,23,176,208,21.5,133,0
835,2013,10,174,210,9.2,58,2
835,2014,25.9,181,220,25.5,150,12
835,2015,11.6,113,206,10.5,67,-2
835,2016,13.1,180,200,12.2,76,-8
835,2017,22.7,168,202,15.8,131,-6
835,2018,24.1,194,215,18.5,139,8
835,2019,17.6,191,207,16.6,102,-0
835,2020,19.9,199,213,19,115,6
835,2021,18.9,182,207,18.7,109,-0
835,2022,15,160,213,8.5,87,6
835,2023,14.7,188,215,13.7,85,8
835,2024,15.4,179,199,13.7,89,-8
835,2025,21.2,176,207,20.7,123,-0
835,2026,14.3,167,179,5.6,83,-28
836,1981,27.9,199,239,24.6,67,0
836,1982,59.2,202,259,53.5,142,20
836,1983,36.4,199,245,35.2,87,6
836,1984,35.1,225,261,31.1,84,22
836,1985,35.8,188,238,34.6,86,-1
836,1986,32.2,228,246,31.4,77,7
836,1987,29.8,182,223,29.5,72,-16
836,1988,37.1,194,238,36,89,-1
836,1989,42.2,189,246,40.3,101,7
836,1990,38.8,169,253,38,93,14
836,1991,41.2,212,246,38.4,99,7
836,1992,31.3,206,232,29.4,75,-7
836,1993,34.5,212,237,31.5,83,-2
836,1994,30.7,196,223,29,74,-16
836,1995,34.7,192,241,32.1,83,2
836,1996,46,215,252,44,110,13
836,1997,60.4,209,248,55,145,9
836,1998,34,200,229,31.6,82,-10
836,1999,56.7,200,253,54.6,136,14
836,2000,42.1,192,235,41.3,101,-4
836,2001,26.4,206,234,23.6,63,-5
836,2002,46.4,186,249,46.2,111,10
836,2003,46.2,188,245,45,111,6
836,2004,38.3,185,224,38.3,92,-15
836,2005,26.7,201,232,23.4,64,-7
836,2006,49.2,195,237,48.5,118,-2
836,2007,34.9,205,230,33.5,84,-9
836,2008,53.3,205,262,51.8,128,23
836,2009,43.7,189,245,42.5,105,6
836,2010,26.1,196,244,23.2,63,5
836,2011,52.9,216,261,41.9,127,22
836,2012,44.1,190,248,43,106,9
836,2013,35.6,205,234,31.5,85,-5
836,2014,59.1,191,245,57.2,142,6
836,2015,34.5,163,225,30.1,83,-14
836,2016,37.6,190,227,37.2,90,-12
836,2017,38.7,212,242,37,93,3
836,2018,60.2,202,239,50.3,145,0
836,2019,43.7,202,235,37.6,105,-4
836,2020,44,190,239,42.6,106,0
836,2021,41.3,183,240,41.3,99,1
836,2022,37.9,207,250,31.6,91,11
836,2023,40.2,207,231,36.4,97,-8
836,2024,26.6,194,242,25,64,3
836,2025,39.2,196,237,37.9,94,-2
836,2026,37.7,186,235,36.6,91,-4
837,1981,23,230,263,18.6,66,9
837,1982,42.6,204,272,34.7,122,18
837,1983,40.9,229,267,32,117,13
837,1984,29,220,270,21.6,83,16
837,1985,26.5,207,256,24.1,76,2
837,1986,43.9,231,257,36.7,126,3
837,1987,20.1,196,227,19,58,-27
837,1988,27.4,223,251,21.6,79,-3
837,1989,34.9,216,260,32.4,100,6
837,1990,30.1,239,266,25,86,12
837,1991,34.7,226,257,25.9,99,3
837,1992,21.9,209,234,16.4,63,-20
837,1993,30.6,221,262,23.2,88,8
837,1994,21.9,201,237,19.9,63,-17
837,1995,42.9,230,271,34.2,123,17
837,1996,43.8,243,270,40.6,126,16
837,1997,51.2,217,256,45.2,147,2
837,1998,31.3,210,270,27.8,90,16
837,1999,42.6,230,268,36.4,122,14
837,2000,26.8,203,245,25.4,77,-9
837,2001,22.8,206,234,19.1,65,-20
837,2002,33.2,223,258,27.4,95,4
837,2003,36.9,225,250,31.6,106,-4
837,2004,24.9,208,253,24.6,71,-1
837,2005,26.8,226,248,22.9,77,-6
837,2006,41,213,249,35,117,-5
837,2007,28.5,206,231,23.4,82,-23
837,2008,44.2,231,270,37.8,127,16
837,2009,48.8,227,263,38.1,140,9
837,2010,26.7,225,263,19.2,77,9
837,2011,55.1,245,275,35.2,158,21
837,2012,37.1,203,253,33.3,106,-1
837,2013,32.1,215,240,26.5,92,-14
837,2014,41.4,201,253,39.8,119,-1
837,2015,26.2,199,239,23.9,75,-15
837,2016,27,203,246,26.3,77,-8
837,2017,55.1,216,264,47.7,158,10
837,2018,43.6,215,248,36,125,-6
837,2019,35.1,216,256,28.6,101,2
837,2020,35.4,211,255,30.4,101,1
837,2021,26,210,246,24.6,74,-8
837,2022,32.7,228,262,24,94,8
837,2023,35.4,211,245,30.5,101,-9
837,2024,32.1,222,255,27.3,92,1
837,2025,33.2,212,245,28.6,95,-9
837,2026,35.8,213,248,32.7,103,-6
838,1981,9.8,194,217,8.6,49,-28
838,1982,22.5,233,254,17.5,113,9
838,1983,22.1,236,261,15.7,111,16
838,1984,27.4,223,242,19,138,-3
838,1985,15.5,210,238,13.3,78,-7
838,1986,23.3,205,250,18.3,117,5
838,1987,16,204,241,14.2,80,-4
838,1988,20.1,212,242,17.3,101,-3
838,1989,17.7,199,237,14.6,89,-8
838,1990,24.1,217,249,19.4,121,4
838,1991,15.6,218,247,12.5,78,2
838,1992,14.2,208,228,13.6,71,-17
838,1993,23.3,216,244,18.2,117,-1
838,1994,20.7,217,240,17.8,104,-5
838,1995,24.9,243,264,12.7,125,19
838,1996,34.8,217,250,29.3,175,5
838,1997,30.5,215,248,20,153,3
838,1998,19.4,222,245,15.1,97,0
838,1999,22.2,219,251,12.5,112,6
838,2000,16.4,208,237,15.4,82,-8
838,2001,16.1,219,237,12.8,81,-8
838,2002,9.1,183,231,9.1,46,-14
838,2003,21.5,223,242,17.7,108,-3
838,2004,16.9,209,238,10.8,85,-7
838,2005,17.8,226,240,12.7,89,-5
838,2006,18.5,222,237,18.1,93,-8
838,2007,23.1,221,245,16.9,116,0
838,2008,18.2,229,247,15.4,91,2
838,2009,19.3,218,242,13.9,97,-3
838,2010,17.6,228,245,11.5,88,0
838,2011,29.4,237,258,19.6,148,13
838,2012,12.5,206,235,11.4,63,-10
838,2013,19.6,224,246,10.7,98,1
838,2014,28.4,229,251,23.8,143,6
838,2015,21.8,237,254,14.5,110,9
838,2016,21.6,217,248,17.3,109,3
838,2017,21.8,217,252,19.2,110,7
838,2018,18.5,216,239,14.2,93,-6
838,2019,20.2,224,254,16.9,102,9
838,2020,22.2,210,242,17.5,112,-3
838,2021,20,225,249,15,101,4
838,2022,18.4,217,250,14.5,92,5
838,2023,18.8,212,245,15.2,94,0
838,2024,21.4,226,247,16.3,108,2
838,2025,18.5,221,245,15.3,93,0
838,2026,10.9,220,241,8.6,55,-4
839,1987,13.5,188,213,12.8,205,22
839,1988,3.1,178,190,2.7,47,-1
839,1989,10.3,160,192,8.2,156,1
839,1990,3.9,172,191,3.3,59,0
839,1991,5.1,183,189,5.1,77,-2
839,1992,8.6,164,197,7.8,130,6
839,1993,8.3,171,209,7.6,126,18
839,1994,5.5,165,184,3.6,83,-7
839,1995,7.2,139,191,4.5,109,0
839,1996,3.2,160,172,0.6,48,-19
839,1997,10.1,158,204,6.9,153,13
839,1998,6.6,173,207,6.2,100,16
839,1999,5.7,165,171,0.8,86,-20
839,2000,5.3,185,196,5.2,80,5
839,2001,10.7,175,209,9,162,18
839,2002,3.1,163,173,0,47,-18
839,2003,2.6,161,167,0,39,-24
839,2004,6.2,157,174,0.2,94,-17
839,2005,10.4,186,204,8.8,158,13
839,2006,5.6,177,191,4.5,85,0
839,2007,6.6,165,179,3.8,100,-12
839,2008,11.4,176,204,10.3,173,13
839,2009,6.2,167,191,4.6,94,0
839,2010,9.8,184,197,9.7,148,6
839,2011,5.4,170,185,3.3,82,-6
839,2012,6,166,179,0.5,91,-12
839,2013,4.5,174,188,3.6,68,-3
839,2014,8.5,171,193,6.6,129,2
839,2015,6.6,158,181,2,100,-10
839,2016,7,143,192,6.7,106,1
839,2017,8.8,165,193,5.8,133,2
839,2018,3.1,174,182,0.6,47,-9
839,2019,13.3,187,206,13.1,202,15
839,2020,9.5,186,202,9.4,144,11
839,2021,7,181,192,6.8,106,1
839,2022,5.8,176,188,4.7,88,-3
839,2023,10,185,201,10,152,10
839,2024,9.1,186,202,9.1,138,11
839,2025,5.1,173,181,1.7,77,-10
839,2026,3.3,162,166,0,50,-25
840,1981,17.8,200,213,16.7,60,-18
840,1982,33.1,187,242,31.8,111,12
840,1983,45.2,205,250,42,152,20
840,1984,39.6,222,236,35,133,6
840,1985,50.6,212,244,48.2,170,14
840,1986,41.7,210,244,33.2,140,14
840,1987,39,198,231,35.9,131,0
840,1988,23.3,175,226,21.8,78,-4
840,1989,40.8,159,219,37.3,137,-12
840,1990,23.8,216,236,16.7,80,6
840,1991,32.6,186,230,32.6,110,-0
840,1992,33.8,195,222,33.3,114,-8
840,1993,47.7,200,239,46.2,161,8
840,1994,30,195,235,25.9,101,4
840,1995,46.9,221,256,44.2,158,26
840,1996,20.2,203,219,18.7,68,-12
840,1997,45.9,196,242,41.7,155,12
840,1998,32.9,202,236,27.5,111,6
840,1999,39.5,219,240,27.5,133,10
840,2000,18.1,187,216,17.8,61,-14
840,2001,38.4,206,232,32.6,129,2
840,2002,11.2,178,192,10,38,-38
840,2003,26.4,175,231,25.9,89,0
840,2004,36.5,162,229,30.7,123,-2
840,2005,53.3,189,245,53.2,179,14
840,2006,20.1,191,224,17.5,68,-6
840,2007,21.2,207,232,18.6,71,2
840,2008,47.8,197,235,46.2,161,4
840,2009,28.3,201,222,26.2,95,-8
840,2010,29.4,167,233,27.2,99,2
840,2011,32.2,216,247,31.4,108,16
840,2012,21.7,176,206,17.9,73,-24
840,2013,25.5,173,217,24,86,-14
840,2014,23.9,190,220,23.3,80,-10
840,2015,18.4,163,198,14.7,62,-32
840,2016,26.7,185,234,26.7,90,4
840,2017,39.8,191,227,38.1,134,-4
840,2018,15.6,181,202,15.3,53,-28
840,2019,41.7,197,251,40.5,140,20
840,2020,26.6,185,216,26.6,90,-14
840,2021,30,184,220,30,101,-10
840,2022,28.6,187,212,27.6,96,-18
840,2023,47.9,192,229,47.3,161,-2
840,2024,25.8,194,218,24.8,87,-12
840,2025,12.8,172,199,10.9,43,-32
840,2026,13.4,163,177,1.7,45,-54
841,1982,19.2,178,219,18.6,149,7
841,1983,18.9,195,219,18.6,147,7
841,1984,15.1,197,222,13.9,117,10
841,1985,11.3,181,210,11.2,88,-2
841,1986,17.3,178,213,16.1,134,1
841,1987,9.3,180,203,8.9,72,-9
841,1988,7.6,189,199,7.2,59,-13
841,1989,13.6,186,204,13.2,105,-8
841,1990,8.2,171,199,7.9,64,-13
841,1991,11.2,177,211,10.8,87,-1
841,1992,11.3,169,203,10.1,88,-9
841,1993,13,169,218,12.4,101,6
841,1994,10.1,154,204,9.9,78,-8
841,1995,17.4,183,222,17.4,135,10
841,1996,12.7,189,207,12.2,98,-5
841,1997,17.6,166,219,17.5,136,7
841,1998,15.5,186,213,15.3,120,1
841,1999,20.5,184,225,20.5,159,13
841,2000,10,173,199,9.3,78,-13
841,2001,13.3,194,217,9.9,103,5
841,2002,10.7,177,220,10.6,83,8
841,2003,13.5,165,207,12.7,105,-5
841,2004,15.7,186,211,15.7,122,-1
841,2005,7.5,178,206,7.3,58,-6
841,2006,19.1,186,216,18.3,148,4
841,2007,13.2,161,208,11.3,102,-4
841,2008,14,193,227,13.9,109,15
841,2009,11.6,198,227,11.3,90,15
841,2010,13.3,194,213,11.8,103,1
841,2011,14.2,181,224,13.2,110,12
841,2012,11.7,186,214,11.6,91,2
841,2013,8.2,173,208,7.9,64,-4
841,2014,10.6,182,213,10.3,82,1
841,2015,6.8,129,175,1.7,53,-37
841,2016,14.4,181,203,14.1,112,-9
841,2017,13.3,188,218,13.3,103,6
841,2018,9.9,176,210,9.7,77,-2
841,2019,12.8,168,211,12.1,99,-1
841,2020,9.8,186,210,9.7,76,-2
841,2021,10.5,174,206,10.4,81,-6
841,2022,10.8,201,228,6.1,84,16
841,2023,13.9,189,216,13.7,108,4
841,2024,10.6,167,209,10.2,82,-3
841,2025,10.9,176,202,9.8,84,-10
841,2026,6.6,169,190,4.7,51,-22
842,1981,15.7,195,242,13.6,75,9
842,1982,31.6,213,248,27.3,152,15
842,1983,37.3,234,259,24.6,179,26
842,1984,39.1,223,244,28.3,188,11
842,1985,27.8,210,242,22.8,134,9
842,1986,25.5,212,238,20.3,123,5
842,1987,17.8,204,228,15.9,86,-5
842,1988,22,210,240,20.5,106,7
842,1989,21.3,196,235,17.3,102,2
842,1990,19.9,229,241,16.7,96,8
842,1991,27.4,221,242,20.2,132,9
842,1992,23.1,209,231,20.9,111,-2
842,1993,34,215,246,29.8,163,13
842,1994,20,217,232,17.4,96,-1
842,1995,31.3,226,257,19.1,150,24
842,1996,35,215,235,29.5,168,2
842,1997,33.6,219,243,28.1,162,10
842,1998,20.7,209,234,16.2,100,1
842,1999,17.7,225,237,11.6,85,4
842,2000,22.7,209,237,18.8,109,4
842,2001,19.8,207,231,16.1,95,-2
842,2002,14.6,196,220,14.6,70,-13
842,2003,28,224,239,20.6,135,6
842,2004,16.8,210,231,14.3,81,-2
842,2005,20,221,237,17.7,96,4
842,2006,29.2,199,232,27.1,140,-1
842,2007,19.1,209,229,15.9,92,-4
842,2008,29.4,230,246,25.6,141,13
842,2009,28.1,204,230,23.3,135,-3
842,2010,20.8,232,243,14.6,100,10
842,2011,32.1,216,252,22.8,154,19
842,2012,12.4,160,184,5.5,60,-49
842,2013,17.8,207,228,11.7,86,-5
842,2014,23.1,191,232,22,111,-1
842,2015,14.6,165,213,12.3,70,-20
842,2016,21.3,214,235,19.4,102,2
842,2017,20.3,166,222,17.8,98,-11
842,2018,14.7,193,221,12.3,71,-12
842,2019,20.8,179,247,20.4,100,14
842,2020,19.7,209,221,18.8,95,-12
842,2021,14.6,184,214,14.6,70,-19
842,2022,17,201,224,15.3,82,-9
842,2023,21.7,193,222,21.5,104,-11
842,2024,20.4,200,234,19.8,98,1
842,2025,16.8,176,209,14.8,81,-24
842,2026,9.5,164,177,0,46,-56
843,1986,1.6,362,,,11,
843,1987,30.4,197,227,28.4,205,12
843,1988,10.3,173,214,9.1,70,-0
843,1989,23.8,162,203,22.3,161,-12
843,1990,13.9,216,228,8.8,94,14
843,1991,14,186,214,14,95,-0
843,1992,24.8,187,217,24.6,168,2
843,1993,34.4,202,230,32.3,232,16
843,1994,14.3,214,230,12.2,97,16
843,1995,26.4,220,251,24.2,178,36
843,1996,11.9,205,214,11.6,80,-0
843,1997,28.5,165,226,24.4,193,12
843,1998,20.2,201,222,16.5,136,8
843,1999,14.3,192,226,5.2,97,12
843,2000,13.1,186,210,12.8,89,-4
843,2001,24,197,223,21.2,162,8
843,2002,5.8,179,184,3.6,39,-30
843,2003,14.3,189,211,14,97,-4
843,2004,18.9,157,228,15.5,128,14
843,2005,30.6,192,237,30.1,207,22
843,2006,13.1,191,214,11.1,89,-0
843,2007,11.5,163,212,10.5,78,-2
843,2008,27.2,201,226,25.1,184,12
843,2009,15.3,188,211,14.9,103,-4
843,2010,17.8,187,218,17.5,120,4
843,2011,14.9,182,223,14.4,101,8
843,2012,13.1,175,192,9.1,89,-22
843,2013,13.7,179,212,12.7,93,-2
843,2014,14.7,189,204,13.8,99,-10
843,2015,11.6,161,192,8.1,78,-22
843,2016,11.9,134,208,8.7,80,-6
843,2017,19.6,158,205,16.4,132,-10
843,2018,6.8,172,192,6.3,46,-22
843,2019,25,187,250,24.8,169,36
843,2020,19.2,186,215,19.2,130,0
843,2021,14.4,183,213,14.4,97,-2
843,2022,12.7,188,201,12.5,86,-14
843,2023,26.5,189,223,26.3,179,8
843,2024,17.2,194,208,17,116,-6
843,2025,9.6,175,197,7.5,65,-18
843,2026,8,148,172,0.3,54,-42
844,1981,10.2,190,200,8.9,98,4
844,1982,14.2,187,206,13,137,10
844,1983,25.6,203,232,24,246,36
844,1984,22.8,196,221,20.6,219,24
844,1985,15.2,183,195,15.2,146,-2
844,1986,12.8,171,239,10.7,123,42
844,1987,8.3,182,197,8.2,80,0
844,1988,9.5,185,196,9.5,91,-0
844,1989,6.9,157,182,3.2,66,-14
844,1990,6.7,170,189,5.2,64,-8
844,1991,10,182,203,9.5,96,6
844,1992,8.6,163,190,7,83,-6
844,1993,17.3,166,208,14.5,166,12
844,1994,8.1,176,199,6.9,78,2
844,1995,14,146,209,12.5,135,12
844,1996,7.6,183,194,7.3,73,-2
844,1997,19.6,155,205,14.7,188,8
844,1998,21.3,201,216,19.3,205,20
844,1999,6.7,193,202,4.3,64,6
844,2000,12.2,175,197,11.6,117,0
844,2001,10.2,170,185,5.9,98,-12
844,2002,6.9,180,190,6.4,66,-6
844,2003,5.3,173,195,4.4,51,-2
844,2004,15.5,161,187,9.5,149,-10
844,2005,15.9,188,226,15.8,153,30
844,2006,11.9,190,206,11.9,114,10
844,2007,7.2,160,174,3.2,69,-22
844,2008,14.5,176,213,14.2,139,16
844,2009,12.4,188,206,11.9,119,10
844,2010,12,190,203,10.6,115,6
844,2011,19.5,181,216,18.9,188,20
844,2012,8.1,163,189,5,78,-8
844,2013,8.7,164,185,5.4,84,-12
844,2014,7.4,165,194,6.2,71,-2
844,2015,5.1,166,174,0,49,-22
844,2016,10.6,150,193,10.5,102,-4
844,2017,15.3,161,196,11.6,147,-0
844,2018,6.1,172,184,3.5,59,-12
844,2019,19.3,177,207,18.9,186,10
844,2020,7.2,180,194,6.7,69,-2
844,2021,9.5,183,191,9.5,91,-6
844,2022,8.1,174,185,4.7,78,-12
844,2023,33.4,189,217,32.5,321,20
844,2024,13.4,185,203,13.3,129,6
844,2025,9.8,172,192,7.2,94,-4
844,2026,1.5,148,150,0,14,-46
845,1981,26.3,211,247,,75,1
845,1982,61,203,267,53.3,175,21
845,1983,50.9,231,264,46.9,146,18
845,1984,38.9,222,267,33.5,112,21
845,1985,30,195,240,30,86,-6
845,1986,46.5,196,254,43.8,133,8
845,1987,19.1,186,221,19.1,55,-25
845,1988,27.5,194,239,25.8,79,-7
845,1989,36,188,246,34.3,103,0
845,1990,24,214,255,23.6,69,9
845,1991,28.3,233,255,21.6,81,9
845,1992,22.8,208,222,20.2,65,-24
845,1993,41.9,224,245,34.6,120,-1
845,1994,20.4,199,228,19,59,-18
845,1995,51.8,228,273,43.3,149,27
845,1996,47.8,239,265,43.1,137,19
845,1997,58,215,255,52.2,166,9
845,1998,32.8,203,266,30.3,94,20
845,1999,43.3,223,262,38.9,124,16
845,2000,31.8,203,246,30.5,91,0
845,2001,19.2,207,227,16.3,55,-19
845,2002,33,203,243,29.9,95,-3
845,2003,41.7,229,249,34.8,120,3
845,2004,28,182,235,27.8,80,-11
845,2005,23,206,244,21,66,-2
845,2006,48.9,211,249,41.7,140,3
845,2007,24.7,207,229,22.6,71,-17
845,2008,37.4,219,259,34.6,107,13
845,2009,34.7,221,246,30.4,100,0
845,2010,26.8,220,257,22.9,77,11
845,2011,40,222,270,32.4,115,24
845,2012,37.9,203,249,36.8,109,3
845,2013,28,206,237,25.9,80,-9
845,2014,35.5,213,245,33.8,102,-1
845,2015,27.6,201,235,25.7,79,-11
845,2016,36.4,190,246,36.4,104,0
845,2017,57.4,214,261,52.6,165,15
845,2018,35,203,241,29.9,100,-5
845,2019,37.4,192,250,34.3,107,4
845,2020,26.8,193,242,26.1,77,-4
845,2021,24.9,185,230,24.9,71,-16
845,2022,33.1,227,254,23,95,8
845,2023,37.5,213,245,35.2,108,-1
845,2024,29.7,195,242,27.5,85,-4
845,2025,32.7,191,238,32,94,-8
845,2026,32.8,210,231,29.3,94,-15
846,1981,13,188,222,13,80,-6
846,1982,34.1,213,237,27.7,211,10
846,1983,43.4,221,250,39.3,269,22
846,1984,24,195,232,23.6,149,4
846,1985,17.3,184,220,17.3,107,-8
846,1986,33.6,169,235,32.1,208,8
846,1987,8.1,194,204,8.1,50,-24
846,1988,7.8,168,220,6.8,48,-8
846,1989,17.4,185,215,17,108,-12
846,1990,8.3,168,211,8.2,51,-16
846,1991,13.4,183,235,13.4,83,8
846,1992,11,185,212,11,68,-16
846,1993,32,205,232,29.7,198,4
846,1994,8.6,193,218,8.4,53,-10
846,1995,32.3,216,255,31.8,200,28
846,1996,23.8,187,227,22.8,147,-0
846,1997,28.8,200,226,28.4,178,-2
846,1998,28.6,205,252,26.9,177,24
846,1999,17.9,207,234,16.4,111,6
846,2000,15.3,207,228,13.9,95,0
846,2001,12.9,204,222,9.9,80,-6
846,2002,14.1,183,225,14.1,87,-2
846,2003,19.2,213,235,15.3,119,8
846,2004,16.1,188,218,16.1,100,-10
846,2005,35.3,204,243,33.7,219,16
846,2006,34.8,211,236,31.1,215,8
846,2007,7.9,181,215,7.7,49,-12
846,2008,20,188,229,20,124,2
846,2009,14.7,202,224,14.3,91,-4
846,2010,17.6,214,244,15.3,109,16
846,2011,27.6,200,251,26.2,171,24
846,2012,8,202,212,7.9,50,-16
846,2013,11.9,176,215,11.3,74,-12
846,2014,8.4,188,216,8,52,-12
846,2015,4.4,167,183,2.1,27,-44
846,2016,16.2,185,232,16.2,100,4
846,2017,40.4,204,242,36.4,250,14
846,2018,13.6,181,218,13.5,84,-10
846,2019,27.6,199,243,26.9,171,16
846,2020,10.7,206,220,7.6,66,-8
846,2021,10.7,183,219,10.7,66,-8
846,2022,10.6,183,219,10.6,66,-8
846,2023,54.4,190,250,53.8,337,22
846,2024,16.9,195,230,16.1,105,2
846,2025,16.8,191,228,16.3,104,0
846,2026,13.9,147,186,7,86,-42
847,1981,7.4,182,205,7.2,67,-14
847,1982,14.2,196,220,13.2,128,2
847,1983,8.8,190,216,8.6,79,-2
847,1984,6.4,186,200,6,58,-18
847,1985,12,190,213,11.7,108,-6
847,1986,9.2,173,202,7.4,83,-16
847,1987,9.8,182,203,9.3,88,-16
847,1988,11.3,189,212,10.9,102,-6
847,1989,12.7,193,218,12.5,114,-0
847,1990,13.1,177,206,12.7,118,-12
847,1991,18.2,203,230,15.6,164,12
847,1992,10.2,175,207,9.7,92,-12
847,1993,9.5,174,216,9.1,86,-2
847,1994,11,190,213,10.7,99,-6
847,1995,7.5,164,219,6,68,0
847,1996,14.4,184,226,14.4,130,8
847,1997,18.8,193,224,17.4,169,6
847,1998,9.2,200,211,8.1,83,-8
847,1999,15.5,189,230,15.4,140,12
847,2000,11,186,207,11,99,-12
847,2001,10.8,206,220,8.1,97,2
847,2002,14.1,192,238,13.3,127,20
847,2003,11.2,190,208,10.7,101,-10
847,2004,9.9,174,207,8.8,89,-12
847,2005,6.6,188,216,6.5,59,-2
847,2006,12.2,189,210,11.2,110,-8
847,2007,9.7,168,211,8.6,87,-8
847,2008,12.4,195,228,11.9,112,10
847,2009,11.5,188,228,11.5,104,10
847,2010,7.8,197,209,6.5,70,-10
847,2011,17.5,214,234,14.1,158,16
847,2012,14.1,193,214,14.1,127,-4
847,2013,8.7,206,220,8.3,78,2
847,2014,16,190,230,15.8,144,12
847,2015,7.1,157,203,4.2,64,-16
847,2016,5.8,185,205,5.8,52,-14
847,2017,13.8,165,218,12.7,124,-0
847,2018,16.9,201,223,15.4,152,4
847,2019,10.9,198,225,9.1,98,6
847,2020,15.4,202,223,13.2,139,4
847,2021,10.7,208,218,9.3,96,-0
847,2022,12.9,207,220,10.4,116,2
847,2023,11.6,206,218,10.1,105,-0
847,2024,6.4,195,212,6,58,-6
847,2025,8.8,187,215,8.1,79,-4
847,2026,7.6,168,197,6.3,68,-22
848,1981,19.9,186,208,19.3,53,-8
848,1982,49.5,198,233,42.3,133,17
848,1983,72.9,219,248,68.1,195,32
848,1984,37.1,172,225,34.9,99,9
848,1985,31.2,183,210,31.2,84,-6
848,1986,47.6,174,213,42.9,128,-3
848,1987,19.4,181,200,19.2,52,-16
848,1988,17.3,169,186,9.2,46,-30
848,1989,36.7,179,215,35.7,98,-1
848,1990,23.1,171,196,18.8,62,-20
848,1991,21.8,181,219,21.5,58,3
848,1992,16.6,162,195,14.6,45,-21
848,1993,56.2,179,224,54.8,151,8
848,1994,21.2,168,201,17.9,57,-15
848,1995,55.7,214,249,53.5,149,33
848,1996,36.6,187,223,35.2,98,7
848,1997,37.6,169,206,31.6,101,-10
848,1998,45.4,198,248,44.9,122,32
848,1999,47.3,197,236,43.2,127,20
848,2000,37.1,164,210,33.9,99,-6
848,2001,27.9,163,213,18.9,75,-3
848,2002,40.1,177,219,38.4,108,3
848,2003,31.5,217,236,18.9,84,20
848,2004,39.8,158,212,33.7,107,-4
848,2005,52.7,193,235,51.1,141,19
848,2006,54.9,200,227,46,147,11
848,2007,22.2,164,211,19.6,60,-5
848,2008,37.5,177,216,35.7,101,0
848,2009,33.7,177,216,32,90,0
848,2010,39,196,245,34.4,105,29
848,2011,65.5,194,254,65.4,176,38
848,2012,23.5,197,215,22.9,63,-1
848,2013,21.5,163,195,16.3,58,-21
848,2014,9.7,187,196,9,26,-20
848,2015,5.9,153,165,0,16,-51
848,2016,38,175,204,37.3,102,-12
848,2017,67.9,199,232,64.5,182,16
848,2018,22.4,179,208,21.2,60,-8
848,2019,68.1,184,227,67.8,183,11
848,2020,31,191,212,27.9,83,-4
848,2021,32.1,176,203,30,86,-13
848,2022,25.3,165,191,18.3,68,-25
848,2023,70.3,190,235,69.6,188,19
848,2024,44.4,184,216,44.4,119,0
848,2025,37.4,186,212,35.8,100,-4
848,2026,18.1,148,173,1.5,49,-43
849,1981,14.7,191,206,13,119,-2
849,1982,21.5,194,217,19.1,174,9
849,1983,30.4,216,242,26.5,246,34
849,1984,16.1,194,222,15.5,130,14
849,1985,14.7,184,194,14.7,119,-14
849,1986,16.1,171,213,11.7,130,5
849,1987,8.9,182,199,8.7,72,-9
849,1988,8.8,173,192,7.3,71,-16
849,1989,9,157,190,8,73,-18
849,1990,8.9,170,186,6,72,-22
849,1991,10.3,181,218,9.7,83,10
849,1992,12.4,184,203,12.4,100,-5
849,1993,17.1,191,214,16.8,138,6
849,1994,12,194,203,10.8,97,-5
849,1995,21.2,204,245,21,172,37
849,1996,10.6,184,199,10.6,86,-9
849,1997,16.5,161,205,12.5,134,-3
849,1998,24.2,200,238,19.8,196,30
849,1999,11.9,168,224,9.3,96,16
849,2000,15.8,167,207,14.2,128,-1
849,2001,13.9,196,213,10.4,113,5
849,2002,9.3,178,192,8.4,75,-16
849,2003,10.7,190,231,9.4,87,23
849,2004,13,160,197,8.1,105,-11
849,2005,27.7,225,239,25.7,224,31
849,2006,17.6,189,214,15.4,143,6
849,2007,6.2,164,191,5.7,50,-17
849,2008,12.3,164,209,12.2,100,1
849,2009,16.5,200,216,14.9,134,8
849,2010,17.3,199,222,14.3,140,14
849,2011,22.1,198,239,19.8,179,31
849,2012,6.8,179,194,5.9,55,-14
849,2013,8.5,166,190,5,69,-18
849,2014,5.6,171,194,5.4,45,-14
849,2015,5.2,161,172,0,42,-36
849,2016,11.1,163,202,9.8,90,-6
849,2017,22.7,164,203,17.1,184,-5
849,2018,6.3,177,188,4.8,51,-20
849,2019,24.1,199,225,22.7,195,17
849,2020,11.9,195,209,10.2,96,1
849,2021,7.6,179,190,7.1,62,-18
849,2022,10.4,175,187,6.7,84,-21
849,2023,27.7,191,226,27.3,224,18
849,2024,13.8,193,206,13.7,112,-2
849,2025,11.6,175,195,11,94,-13
849,2026,7.3,160,172,0.5,59,-36
850,1981,21.8,235,265,17.6,89,12
850,1982,31.1,222,268,26.4,127,15
850,1983,26.6,232,252,19.5,109,-1
850,1984,25.9,225,270,20.2,106,17
850,1985,17.9,209,236,15.7,73,-17
850,1986,28.6,230,253,24.3,117,0
850,1987,16,203,223,15,66,-30
850,1988,21.6,223,250,16.6,89,-3
850,1989,20.6,189,254,19.1,84,1
850,1990,23.2,230,267,20.4,95,14
850,1991,23.8,224,254,18.3,98,1
850,1992,20.8,209,236,17.2,85,-17
850,1993,21.5,219,240,13.9,88,-13
850,1994,17,198,239,14.3,70,-14
850,1995,27.1,227,256,18.8,111,3
850,1996,35.1,220,259,29.9,144,6
850,1997,37.4,222,252,31.2,153,-1
850,1998,22.1,203,251,18.8,91,-2
850,1999,26.6,230,259,23.6,109,6
850,2000,19.3,190,247,18.9,79,-6
850,2001,18.6,205,239,15.2,76,-14
850,2002,22.6,223,261,18.5,93,8
850,2003,30.8,232,256,23.6,126,3
850,2004,20.9,213,257,19.3,86,4
850,2005,16.3,204,264,12.4,67,11
850,2006,24.9,204,238,21.6,102,-15
850,2007,24.6,210,248,21.3,101,-5
850,2008,24.9,257,272,20.5,102,19
850,2009,35.2,230,259,27.6,144,6
850,2010,24.2,226,270,17.4,99,17
850,2011,34.9,223,275,25.3,143,22
850,2012,26.8,204,261,23.6,110,8
850,2013,18.7,214,251,16,77,-2
850,2014,35.1,225,254,28.3,144,1
850,2015,23.5,210,245,21.6,96,-8
850,2016,23.3,214,250,20.7,95,-3
850,2017,25.8,219,249,19.7,106,-4
850,2018,40,216,250,33.8,164,-3
850,2019,25.5,217,251,20.5,105,-2
850,2020,23.3,209,258,20.2,95,5
850,2021,25.2,213,251,22.2,103,-2
850,2022,24.5,228,265,19.4,100,12
850,2023,25.1,223,247,20.5,103,-6
850,2024,20.4,224,254,15.6,84,1
850,2025,26.1,208,252,22.1,107,-1
850,2026,32.4,216,253,27.9,133,0
852,1981,16.2,192,210,14.4,68,-22
852,1982,44.3,198,245,41.5,185,14
852,1983,32.5,234,253,27.3,136,22
852,1984,29.8,222,244,24.9,125,12
852,1985,26,190,228,25.1,109,-4
852,1986,40.7,204,240,38.2,170,8
852,1987,20.6,197,220,20.1,86,-12
852,1988,31,190,241,29.9,130,10
852,1989,26.1,187,220,24.6,109,-12
852,1990,23.2,183,233,23.2,97,2
852,1991,25.1,218,233,22.8,105,2
852,1992,18.1,184,215,18.1,76,-16
852,1993,27.1,205,236,23.9,113,4
852,1994,23.6,199,227,21.2,99,-4
852,1995,29.1,222,256,20.3,122,24
852,1996,29.1,207,232,26.3,122,0
852,1997,35,215,237,31,146,6
852,1998,22,201,231,20,92,-0
852,1999,22.6,219,239,18.3,95,8
852,2000,20.1,177,220,19.7,84,-12
852,2001,20.4,197,225,16.1,85,-6
852,2002,16.1,181,217,15.8,67,-14
852,2003,22.9,191,231,22.1,96,-0
852,2004,20.2,171,221,18.7,85,-10
852,2005,24.2,194,234,23.6,101,2
852,2006,29.6,191,226,28.7,124,-6
852,2007,18.4,196,224,17.4,77,-8
852,2008,30.8,197,242,26.6,129,10
852,2009,29.3,202,230,25.2,123,-2
852,2010,26.3,191,245,21.6,110,14
852,2011,39.9,219,250,31.9,167,18
852,2012,16.9,175,208,14.2,71,-24
852,2013,22.5,208,229,18.1,94,-2
852,2014,27.9,190,239,26.9,117,8
852,2015,16.8,203,235,15.6,70,4
852,2016,24.4,215,246,22,102,14
852,2017,28.2,166,227,25.4,118,-4
852,2018,19.6,192,221,18.1,82,-10
852,2019,27.2,198,249,26.2,114,18
852,2020,23.3,205,232,23,97,0
852,2021,19.6,184,233,19.6,82,2
852,2022,20.8,201,231,19.5,87,-0
852,2023,31.6,190,235,30.3,132,4
852,2024,24.1,194,241,24,101,10
852,2025,19.3,188,224,18.7,81,-8
852,2026,14.6,167,203,9.6,61,-28
853,1981,14.3,188,200,13.2,100,3
853,1982,22.1,186,210,21.1,155,13
853,1983,32.8,207,239,32.4,230,42
853,1984,10.2,162,207,9.1,72,10
853,1985,19.6,183,193,19.6,138,-4
853,1986,17.6,172,203,11.2,124,6
853,1987,17.8,183,204,17.8,125,7
853,1988,15.8,173,191,10.4,111,-6
853,1989,14,157,168,3.9,98,-29
853,1990,12.6,171,194,10,88,-3
853,1991,18.1,181,203,17.4,127,6
853,1992,13.6,185,197,13.6,95,0
853,1993,29.9,180,211,29.6,210,14
853,1994,11.6,152,198,8.1,81,1
853,1995,25.9,206,225,24.7,182,28
853,1996,10.5,159,190,8.2,74,-7
853,1997,12.6,156,179,4.5,88,-18
853,1998,21.5,200,224,18,151,27
853,1999,6.5,137,175,0.3,46,-22
853,2000,14.9,176,192,12.4,105,-5
853,2001,13.6,169,186,8.5,95,-11
853,2002,6.5,171,180,0.4,46,-17
853,2003,9.7,173,196,7.9,68,-1
853,2004,16.5,160,178,5.6,116,-19
853,2005,33.4,183,228,33.4,234,31
853,2006,18.6,189,208,18.6,131,11
853,2007,8.5,156,168,0.8,60,-29
853,2008,21.6,172,198,16.2,152,1
853,2009,17.4,165,205,15.1,122,8
853,2010,27.1,192,218,25.8,190,21
853,2011,34.2,195,218,31.4,240,21
853,2012,9.6,175,190,6.5,67,-7
853,2013,12.5,164,182,5.3,88,-15
853,2014,7,163,177,2.9,49,-20
853,2015,10.5,158,178,0.5,74,-19
853,2016,13.4,148,198,12.8,94,1
853,2017,21.7,160,197,15,152,0
853,2018,10.2,180,190,8.8,72,-7
853,2019,26.7,176,210,26.2,187,13
853,2020,19.7,184,210,19.7,138,13
853,2021,10.3,180,190,9.9,72,-7
853,2022,11.6,173,188,8.4,81,-9
853,2023,35.5,190,213,34.9,249,16
853,2024,17.5,192,204,17.1,123,7
853,2025,9.1,172,191,6.6,64,-6
853,2026,7.9,147,168,0,55,-29
854,1990,14.1,194,228,12.3,95,12
854,1991,17.3,184,206,17.2,117,-10
854,1992,21.7,189,221,21.4,147,5
854,1993,24.7,192,233,24.4,167,17
854,1994,20.1,196,234,17.7,136,18
854,1995,22.7,206,236,18.9,153,20
854,1996,9.1,184,205,9.1,61,-11
854,1997,23.7,209,236,18.7,160,20
854,1998,19.8,212,230,17.5,134,14
854,1999,9.1,218,228,7.3,61,12
854,2000,9.8,188,208,9.6,66,-8
854,2001,19.1,169,214,17.9,129,-2
854,2002,9.6,157,185,6,65,-31
854,2003,15.3,185,215,15.3,103,-1
854,2004,17,201,228,10.1,115,12
854,2005,21.8,182,233,21.6,147,17
854,2006,1.8,184,187,1.7,12,-29
854,2007,13.5,158,224,11.6,91,8
854,2008,17.6,165,218,16,119,2
854,2009,11.1,178,217,10.2,75,1
854,2010,16.6,183,222,16.6,112,6
854,2011,7.1,166,184,4,48,-32
854,2012,13.8,165,204,9.6,93,-12
854,2013,7.5,173,190,5.9,51,-26
854,2014,8.1,173,191,7.4,55,-25
854,2015,12.7,173,206,11.4,86,-10
854,2016,14.8,152,226,10.9,100,10
854,2017,11,161,202,8.1,74,-14
854,2018,1.7,157,162,0,11,-54
854,2019,17.5,197,241,17.3,118,25
854,2020,14.8,175,213,14.7,100,-3
854,2021,9.4,178,203,8.8,64,-13
854,2022,9.7,187,202,9.5,66,-14
854,2023,17.6,183,221,17.6,119,5
854,2024,14.3,182,208,13.3,97,-8
854,2025,5.4,143,152,0,36,-64
854,2026,2.3,147,151,0,16,-65
855,1981,19.5,195,210,17.8,88,-1
855,1982,34.7,204,229,32.1,156,18
855,1983,33.3,198,229,32,150,18
855,1984,29.7,198,233,27.1,134,22
855,1985,23.1,183,200,23.1,104,-11
855,1986,23.8,170,204,21.1,107,-7
855,1987,14.6,181,197,14.4,66,-14
855,1988,16.3,186,200,16.3,73,-11
855,1989,24.8,189,210,24.6,112,-1
855,1990,20,169,193,16.2,90,-18
855,1991,16.9,182,213,16.7,76,2
855,1992,15.2,150,185,7.9,68,-26
855,1993,23.1,175,223,21.4,104,12
855,1994,16.4,156,200,13.3,74,-11
855,1995,26.3,175,222,25.7,118,11
855,1996,21.8,162,214,20.6,98,3
855,1997,31.4,172,219,29.8,141,8
855,1998,20,163,214,18.4,90,3
855,1999,36.4,193,231,36.3,164,20
855,2000,22.2,177,204,21.7,100,-7
855,2001,10.1,170,209,7.9,45,-2
855,2002,26.2,182,212,26,118,1
855,2003,22.5,191,227,21.3,101,16
855,2004,21.1,162,195,17.3,95,-16
855,2005,13.8,188,209,13.4,62,-2
855,2006,31,188,217,30,140,6
855,2007,18,158,198,13.7,81,-13
855,2008,31.5,195,229,31.1,142,18
855,2009,22.7,185,206,22.1,102,-5
855,2010,17.7,196,209,15.8,80,-2
855,2011,27.7,184,233,27.7,125,22
855,2012,25,182,209,23.8,113,-2
855,2013,13.1,179,203,11.3,59,-8
855,2014,20.1,185,215,20.1,91,4
855,2015,11.8,130,181,4.5,53,-30
855,2016,22.2,180,202,20.8,100,-9
855,2017,24.3,162,217,22.3,109,6
855,2018,16.9,179,206,15.5,76,-5
855,2019,30.2,170,215,28.8,136,4
855,2020,22.2,189,210,21.6,100,-1
855,2021,23.1,164,201,19.9,104,-10
855,2022,17.6,173,228,13.9,79,17
855,2023,22.6,192,219,21.1,102,8
855,2024,18.4,168,206,17.8,83,-5
855,2025,28.7,175,210,28,129,-1
855,2026,13.9,165,188,7.6,63,-23
857,1981,5,189,202,4.6,45,-9
857,1982,11.5,182,199,10.9,104,-12
857,1983,19.6,200,223,16,177,12
857,1984,14.5,189,223,14.1,131,12
857,1985,12.4,183,200,12.4,112,-11
857,1986,10.6,172,197,6.8,95,-14
857,1987,18.3,197,224,17.1,165,13
857,1988,6.9,188,197,6.8,62,-14
857,1989,12.2,157,198,9.6,110,-13
857,1990,9.6,192,224,8,86,13
857,1991,13.3,187,219,12.8,120,8
857,1992,11.6,190,208,11.6,105,-3
857,1993,20.8,202,227,18.9,187,16
857,1994,16.4,197,230,14.5,148,19
857,1995,16,207,232,12.9,144,21
857,1996,10.4,181,208,9.4,94,-3
857,1997,14.5,199,228,12,131,17
857,1998,11.2,211,222,9.7,101,11
857,1999,10.5,219,229,2.2,95,18
857,2000,10.3,187,210,9.2,93,-1
857,2001,11.2,182,213,11.1,101,2
857,2002,6.3,170,187,4.5,57,-24
857,2003,11.3,183,213,11.3,102,2
857,2004,11,196,222,4.7,99,11
857,2005,18.8,195,229,17.7,169,18
857,2006,5.1,184,197,5.1,46,-14
857,2007,10.1,160,213,8.5,91,2
857,2008,14.9,177,211,13.7,134,0
857,2009,11.6,197,211,10.3,105,0
857,2010,12.9,187,219,12.8,116,8
857,2011,9.2,162,200,8.2,83,-11
857,2012,10.1,165,186,5.8,91,-25
857,2013,7.8,177,199,6.6,70,-12
857,2014,9.7,180,208,9.4,87,-3
857,2015,10.7,173,193,8.6,96,-18
857,2016,6.5,153,175,4.8,59,-36
857,2017,14,161,201,11.6,126,-10
857,2018,3.6,181,186,3.1,32,-25
857,2019,17.2,176,218,16.6,155,7
857,2020,10.4,185,201,10.4,94,-10
857,2021,13.3,183,209,13.3,120,-2
857,2022,8.5,187,201,8.1,77,-10
857,2023,9.2,185,201,9.2,83,-10
857,2024,10.6,186,203,9.9,95,-8
857,2025,4.8,176,193,3.4,43,-18
857,2026,3.7,146,162,0,33,-49
858,1981,13.7,193,210,12.5,83,-20
858,1982,25.9,205,233,22,157,3
858,1983,19.2,202,235,18.5,116,5
858,1984,15,219,232,13.1,91,2
858,1985,20.1,187,220,20.1,122,-10
858,1986,20.3,164,239,19.1,123,9
858,1987,11.5,188,210,11.5,70,-20
858,1988,13.9,197,225,12.8,84,-5
858,1989,22.1,188,228,21.6,134,-2
858,1990,12.6,182,216,12.5,76,-14
858,1991,15.6,211,234,14.1,95,4
858,1992,12.9,187,212,12.8,78,-18
858,1993,20.5,206,230,16.9,124,0
858,1994,14,193,219,13,85,-11
858,1995,24.4,214,237,22,148,7
858,1996,20.7,207,236,19,125,6
858,1997,25.9,201,231,25.6,157,1
858,1998,16.5,202,230,14.4,100,0
858,1999,22.1,197,239,20.9,134,9
858,2000,15,186,218,15,91,-12
858,2001,11.7,204,220,8,71,-10
858,2002,15.5,207,231,15.1,94,1
858,2003,12.3,191,230,11.2,75,0
858,2004,17.3,169,220,16.3,105,-10
858,2005,13.7,183,228,13.7,83,-2
858,2006,16.7,200,226,16.1,101,-4
858,2007,11.8,163,215,10.4,72,-15
858,2008,20.7,216,244,19.3,125,14
858,2009,19,217,235,16.5,115,5
858,2010,10.4,198,232,9,63,2
858,2011,24.7,214,238,21.4,150,8
858,2012,17.2,193,226,16.2,104,-4
858,2013,11.3,200,223,10.3,68,-7
858,2014,17.9,201,234,17.6,108,4
858,2015,9.3,140,212,7.7,56,-18
858,2016,13.5,189,218,13.4,82,-12
858,2017,15.2,162,223,13.4,92,-7
858,2018,16.9,198,230,16.3,102,0
858,2019,19.8,200,230,18.9,120,0
858,2020,16.5,193,226,15.4,100,-4
858,2021,13.8,193,224,13.5,84,-6
858,2022,12.8,211,234,10.3,78,4
858,2023,22.7,208,234,21.2,138,4
858,2024,13.9,184,227,13.9,84,-3
858,2025,16.5,192,223,15.4,100,-7
858,2026,11.3,168,195,8.3,68,-35
859,1987,18.6,197,222,18.1,60,-18
859,1988,35.1,223,242,32.2,114,2
859,1989,31.4,189,231,28.9,102,-8
859,1990,24.5,196,239,23.6,80,-0
859,1991,27.7,220,240,24.1,90,0
859,1992,19.6,187,221,19.6,64,-18
859,1993,35,216,254,29,114,14
859,1994,25.2,193,232,23.1,82,-8
859,1995,34.7,225,260,24.8,113,20
859,1996,38.9,218,248,34.5,127,8
859,1997,46.5,217,248,37.2,151,8
859,1998,31.6,204,245,28.3,103,6
859,1999,32.9,219,252,25.4,107,12
859,2000,25.1,209,241,24.3,82,2
859,2001,26.8,198,228,21.5,87,-12
859,2002,20.2,187,228,20,66,-12
859,2003,31.9,225,242,27.3,104,2
859,2004,25.2,172,223,23.3,82,-16
859,2005,28.4,185,239,27.2,92,-0
859,2006,42.9,192,233,40.9,140,-6
859,2007,21.4,196,228,20.6,70,-12
859,2008,39.7,202,244,33.7,129,4
859,2009,35.6,199,231,33.4,116,-8
859,2010,29.9,191,246,25.5,97,6
859,2011,44.3,216,256,37.5,144,16
859,2012,20.7,167,210,16.8,67,-30
859,2013,27.8,207,229,21.5,90,-10
859,2014,43.4,192,240,42.4,141,0
859,2015,22.6,187,227,20.9,73,-12
859,2016,36.2,230,246,27.3,118,6
859,2017,27.1,167,237,25.3,88,-2
859,2018,26.6,193,223,23.9,87,-16
859,2019,32,198,248,30.8,104,8
859,2020,34.4,204,232,32.9,112,-8
859,2021,28.3,184,233,27.9,92,-6
859,2022,29.6,225,232,22.4,96,-8
859,2023,41.3,193,233,39.7,134,-6
859,2024,32.1,195,243,31.8,104,4
859,2025,27.5,190,230,27.3,89,-10
859,2026,20.3,168,222,14.3,66,-18
860,1982,41.1,201,248,36.5,144,15
860,1983,39.3,202,244,37.3,138,11
860,1984,29.1,221,243,24.6,102,10
860,1985,27.2,189,227,27.2,95,-6
860,1986,38,226,244,34,133,11
860,1987,16.8,175,208,16.5,59,-25
860,1988,24.5,194,230,22,86,-3
860,1989,39.4,199,234,38.4,138,1
860,1990,20.6,172,223,20.3,72,-10
860,1991,23.6,226,239,19.5,83,6
860,1992,23.9,181,217,23.5,84,-16
860,1993,37.5,220,238,30.8,131,5
860,1994,22.5,196,221,19.9,79,-12
860,1995,46.2,224,255,42.6,162,22
860,1996,35.2,220,247,32.3,123,14
860,1997,53.3,197,235,52.3,187,2
860,1998,28.5,201,244,25.4,100,11
860,1999,38.1,230,255,36.1,133,22
860,2000,23.9,183,233,23.8,84,0
860,2001,18.1,203,221,14.1,63,-12
860,2002,24.9,178,232,24.4,87,-1
860,2003,24.7,219,237,19.4,87,4
860,2004,28.7,167,218,27,101,-15
860,2005,29.2,205,233,26.5,102,0
860,2006,44,201,231,37.1,154,-2
860,2007,21.1,163,222,19.4,74,-11
860,2008,28.9,195,244,28.6,101,11
860,2009,28.6,198,236,26.7,100,3
860,2010,16.7,197,231,13.7,58,-2
860,2011,42.6,218,253,35.7,149,20
860,2012,30.9,202,229,28.1,108,-4
860,2013,28.5,204,224,26.8,100,-9
860,2014,28.5,210,235,27.3,100,2
860,2015,15.4,198,216,13.3,54,-17
860,2016,26,190,219,25.8,91,-14
860,2017,32.2,211,238,26.4,113,5
860,2018,33.4,199,229,28.9,117,-4
860,2019,40.5,204,234,34,142,1
860,2020,25,192,226,23.4,88,-7
860,2021,20,193,219,19.5,70,-14
860,2022,21.1,212,238,18,74,5
860,2023,39.6,209,236,35.9,139,3
860,2024,26.4,194,230,26.3,92,-3
860,2025,26.6,192,217,25.4,93,-16
860,2026,18.2,168,222,13.2,64,-11
861,1981,3.7,165,176,1,89,12
861,1982,10,143,161,3.1,241,-3
861,1983,9.1,137,191,7.1,219,27
861,1984,2.8,82,88,0,67,-76
861,1985,12.8,136,177,4,308,13
861,1986,3.4,112,123,0,82,-41
861,1987,9.5,181,185,7,229,21
861,1988,6.1,128,158,0,147,-6
861,1989,6.2,141,153,0,149,-11
861,1990,8.5,144,174,0.8,205,10
861,1991,9.4,180,188,8.2,227,24
861,1992,9.8,162,186,5.6,236,22
861,1993,13.5,154,172,2.7,325,8
861,1994,4.4,146,165,0,106,1
861,1995,6.8,139,156,0,164,-8
861,1996,1.9,154,159,0,46,-5
861,1997,6.4,154,165,0,154,1
861,1998,10,160,175,5.6,241,11
861,1999,1.3,187,189,0,31,25
861,2000,3.3,162,168,0,80,4
861,2001,4,163,171,0,96,7
861,2002,1.9,78,111,0,46,-53
861,2003,3,156,164,0,72,0
861,2004,3.8,157,164,0,92,0
861,2005,6,150,164,0,145,0
861,2006,2.8,173,177,0,67,13
861,2007,1.1,127,130,0,27,-34
861,2008,9.5,148,165,0,229,1
861,2009,6.9,89,130,0,166,-34
861,2010,14.5,163,182,6.5,349,18
861,2011,4.3,151,163,0,104,-1
861,2012,2.8,172,176,0,67,12
861,2013,3.5,99,129,0,84,-35
861,2014,1.9,93,111,0,46,-53
861,2015,2.7,155,161,0,65,-3
861,2016,5.3,125,140,0,128,-24
861,2017,6.2,117,137,0,149,-27
861,2018,0.8,139,140,0,19,-24
861,2019,6.4,146,162,0,154,-2
861,2020,3.8,109,135,0,92,-29
861,2021,4.5,125,147,0,108,-17
861,2022,3.8,94,135,0,92,-29
861,2023,13.9,154,191,11.7,335,27
861,2024,4.6,132,149,0.3,111,-15
861,2025,2.2,167,172,0,53,8
861,2026,1.8,145,148,0,43,-16
862,1981,19.6,207,250,16.5,72,-0
862,1982,34.7,203,269,29.7,127,18
862,1983,25.5,231,254,23.1,93,4
862,1984,25.5,224,262,19.1,93,12
862,1985,23.5,197,242,21.8,86,-8
862,1986,31.4,228,255,27.8,115,4
862,1987,16.8,199,223,16.1,61,-28
862,1988,23.3,223,248,16.8,85,-2
862,1989,29.2,192,250,27.4,107,-0
862,1990,26.5,230,265,21.5,97,14
862,1991,27.9,227,254,21.4,102,4
862,1992,24.4,209,236,19.5,89,-14
862,1993,24.1,217,242,17.8,88,-8
862,1994,21,200,236,19,77,-14
862,1995,30.1,219,258,24.9,110,8
862,1996,41,222,263,36.1,150,12
862,1997,43.1,221,253,38.2,158,2
862,1998,24.7,202,252,23.1,90,2
862,1999,31.4,230,262,27.8,115,12
862,2000,26.2,210,250,24.1,96,-0
862,2001,16.4,207,236,13.2,60,-14
862,2002,25.8,223,248,21,94,-2
862,2003,32.1,226,254,26.8,117,4
862,2004,19.6,205,254,17.8,72,4
862,2005,18.8,217,258,17,69,8
862,2006,28.3,208,248,25.5,103,-2
862,2007,21.7,206,241,18.2,79,-10
862,2008,32.2,226,268,28.8,118,18
862,2009,31.3,227,244,24.7,114,-6
862,2010,19.8,225,257,15.7,72,6
862,2011,37.9,224,270,29.5,139,20
862,2012,26.8,220,253,23.4,98,2
862,2013,25,208,237,20.3,91,-14
862,2014,36.9,225,251,33.2,135,0
862,2015,24.7,195,244,23,90,-6
862,2016,23.4,189,244,22.7,86,-6
862,2017,40.8,217,248,34.9,149,-2
862,2018,45.7,202,248,39.3,167,-2
862,2019,28.1,218,254,20.7,103,4
862,2020,30.8,214,247,25.8,113,-4
862,2021,26,210,245,24.8,95,-6
862,2022,24.6,227,261,17.3,90,10
862,2023,26.9,211,240,24.3,98,-10
862,2024,20.4,223,251,17,75,0
862,2025,27.7,214,243,22.6,101,-8
862,2026,28.5,216,241,25.6,104,-10
863,1982,32.3,204,242,28.8,143,12
863,1983,29.8,202,238,28.8,132,8
863,1984,26.6,198,249,23.3,117,20
863,1985,26,182,234,25.9,115,4
863,1986,21,147,239,18.8,93,10
863,1987,17.5,181,218,17.3,77,-12
863,1988,21.6,193,230,21.1,95,0
863,1989,22.6,187,218,21.1,100,-12
863,1990,26.6,176,230,26.2,117,0
863,1991,20.6,198,233,17.9,91,4
863,1992,15.1,147,210,11.7,67,-20
863,1993,19.2,169,223,17.9,85,-6
863,1994,21.3,179,221,20.7,94,-8
863,1995,25.4,142,233,24.5,112,4
863,1996,17.9,187,234,17.5,79,4
863,1997,48.6,168,230,40.3,215,0
863,1998,22.5,193,225,21.5,99,-4
863,1999,35.7,190,248,35.1,158,18
863,2000,25.3,185,231,25.1,112,2
863,2001,12.8,201,225,11.9,57,-4
863,2002,28,183,237,28,124,8
863,2003,17.8,192,234,17.6,79,4
863,2004,22,182,217,21.8,97,-12
863,2005,5.2,198,208,4.1,23,-22
863,2006,27.6,187,230,27.3,122,0
863,2007,23.4,162,223,20.9,103,-6
863,2008,30.5,211,243,29.5,135,14
863,2009,26.1,195,241,24.7,115,12
863,2010,19.7,198,240,16.5,87,10
863,2011,26.7,188,270,22.5,118,40
863,2012,34.9,187,237,34.4,154,8
863,2013,21.9,175,223,21.3,97,-6
863,2014,23.6,188,229,23.4,104,-0
863,2015,6.9,115,182,3.3,30,-48
863,2016,27.5,185,220,27.4,121,-10
863,2017,27.8,200,238,26.5,123,8
863,2018,21.1,202,224,20.1,93,-6
863,2019,17.1,170,220,16.7,75,-10
863,2020,22.8,193,224,22.6,101,-6
863,2021,33.2,197,228,32.5,147,-2
863,2022,24.7,208,247,18.5,109,18
863,2023,26.5,205,227,24.3,117,-2
863,2024,22.8,183,226,22.7,101,-4
863,2025,28.7,175,218,26.5,127,-12
863,2026,18.2,167,210,15.3,80,-20
864,1981,9,191,200,8.2,79,-7
864,1982,19.6,195,219,18.3,172,12
864,1983,19.5,238,251,,171,44
864,1984,20.8,198,228,19.6,182,21
864,1985,15.1,184,197,15.1,132,-10
864,1986,19.8,172,214,14.8,174,7
864,1987,10,184,201,10,88,-6
864,1988,13,192,201,12.9,114,-6
864,1989,11.2,187,197,10.6,98,-10
864,1990,12.9,173,198,11.1,113,-9
864,1991,10,199,226,10,88,19
864,1992,9.9,181,193,9.3,87,-14
864,1993,21.4,191,216,20.2,188,9
864,1994,9.8,179,201,8.5,86,-6
864,1995,13.4,215,229,13.2,118,22
864,1996,18.3,186,218,17.8,161,11
864,1997,23.9,196,218,20.3,210,11
864,1998,14.8,203,215,12.2,130,8
864,1999,8.3,165,201,6.4,73,-6
864,2000,11.4,175,201,11.3,100,-6
864,2001,11.4,170,209,9.1,100,2
864,2002,7.9,178,189,6.7,69,-18
864,2003,10.1,190,208,8.9,89,1
864,2004,11.4,164,183,4.9,100,-24
864,2005,17.7,185,214,17.7,155,7
864,2006,13.9,190,211,13,122,4
864,2007,8.5,164,178,4.7,75,-29
864,2008,17.9,196,217,15.6,157,10
864,2009,13.1,199,206,9.5,115,-1
864,2010,9.7,190,203,8.4,85,-4
864,2011,18.2,183,226,18.2,160,19
864,2012,7.2,163,184,3.1,63,-23
864,2013,8.6,179,211,7.7,75,4
864,2014,10.6,190,203,10,93,-4
864,2015,7.9,164,182,3.1,69,-25
864,2016,10.4,186,195,10.4,91,-12
864,2017,19.8,163,200,16.1,174,-7
864,2018,7.4,181,193,6.6,65,-14
864,2019,17.4,186,218,17.3,153,11
864,2020,13.3,183,210,13.1,117,3
864,2021,8.1,179,192,7.7,71,-15
864,2022,9.8,174,202,8.4,86,-5
864,2023,21.8,189,216,21.1,191,9
864,2024,16.4,185,206,16.2,144,-1
864,2025,12.1,190,204,11.6,106,-3
864,2026,5.9,159,169,0,52,-38
865,1981,10.6,192,212,10.3,98,0
865,1982,16.6,186,220,16.3,153,8
865,1983,21.3,206,242,19.1,196,30
865,1984,12.5,195,216,11.8,115,4
865,1985,16,184,220,16,147,8
865,1986,9.6,202,214,9.2,88,2
865,1987,15.3,191,217,14.7,141,6
865,1988,12.1,210,225,11.8,112,14
865,1989,7.9,157,195,7.4,73,-16
865,1990,7.5,175,211,6.8,69,-0
865,1991,9.3,185,226,9.2,86,14
865,1992,18.7,185,215,18.3,172,4
865,1993,26,193,233,25.6,240,22
865,1994,11.6,194,219,8.7,107,8
865,1995,20.3,185,243,20.1,187,32
865,1996,6.3,184,205,6.3,58,-6
865,1997,23,199,217,12.9,212,6
865,1998,17.4,199,230,14,160,18
865,1999,9.9,194,226,7.1,91,14
865,2000,10.9,185,209,10.9,100,-2
865,2001,21.3,196,224,19,196,12
865,2002,3.8,179,184,2.4,35,-28
865,2003,9.7,176,213,9,89,2
865,2004,13.9,208,218,10.9,128,6
865,2005,29.2,197,235,28.9,269,24
865,2006,10.8,192,210,10,100,-2
865,2007,7.3,182,189,7.2,67,-22
865,2008,9.5,176,206,8.8,88,-6
865,2009,8.7,200,207,8.6,80,-4
865,2010,16.8,190,221,16.4,155,10
865,2011,14.4,194,220,13.5,133,8
865,2012,9.1,174,193,7.2,84,-18
865,2013,10.1,166,207,9,93,-4
865,2014,10.5,186,205,10.2,97,-6
865,2015,10.4,160,197,7.9,96,-14
865,2016,9.3,186,204,9.3,86,-8
865,2017,13.1,161,201,11.6,121,-10
865,2018,5.1,180,189,4.7,47,-22
865,2019,16.5,191,211,16.2,152,-0
865,2020,13.8,184,212,13.8,127,0
865,2021,9.9,179,196,9.5,91,-16
865,2022,8.2,173,190,6.7,76,-22
865,2023,21.2,189,214,21,195,2
865,2024,17.2,189,208,17.2,159,-4
865,2025,4.1,174,182,1.6,38,-30
865,2026,7,159,171,0,65,-40
866,1984,0,366,366,,0,208
866,1985,9.5,138,176,2.1,271,18
866,1986,1.7,139,144,0,49,-14
866,1987,6.8,152,193,4.9,194,35
866,1988,6.3,145,162,0,180,4
866,1989,4.7,135,150,0,134,-8
866,1990,1.9,153,161,0,54,3
866,1991,6.9,154,189,5.1,197,31
866,1992,6.3,163,178,1.3,180,20
866,1993,11.8,155,177,6.7,337,19
866,1994,4.5,152,169,0,129,11
866,1995,5.4,141,157,0,154,-1
866,1996,2.5,126,136,0,71,-22
866,1997,7.2,155,168,0,206,10
866,1998,7.8,171,193,5.3,223,35
866,1999,2.6,187,195,0,74,37
866,2000,1,176,179,0,29,21
866,2001,1.6,123,124,0,46,-34
866,2002,2.3,136,146,0,66,-12
866,2003,3.1,159,167,0,89,9
866,2004,4.9,158,168,0,140,10
866,2005,3.4,151,161,0,97,3
866,2006,2.3,166,177,0,66,19
866,2007,3.7,145,159,0,106,1
866,2008,5.9,151,166,0,169,8
866,2009,4.8,100,151,0,137,-7
866,2010,11.2,163,188,7.5,320,30
866,2011,2.1,136,141,0,60,-17
866,2012,4.3,125,157,0,123,-1
866,2013,3.7,145,157,0,106,-1
866,2014,0.8,76,94,0,23,-64
866,2015,1.3,123,128,0,37,-30
866,2016,3.6,130,141,0,103,-17
866,2017,2.4,123,133,0,69,-25
866,2018,0.3,145,146,0,9,-12
866,2019,3,114,139,0,86,-19
866,2020,3.2,121,144,0,91,-14
866,2021,1.5,125,128,0,43,-30
866,2022,3.3,95,137,0,94,-21
866,2023,6,155,164,0,171,6
866,2024,4,140,149,0.6,114,-9
866,2025,0.7,167,169,0,20,11
866,2026,1.9,107,113,0,54,-45
867,1982,29.5,193,218,28.5,187,1
867,1983,21.1,183,236,21.1,134,19
867,1984,27.7,184,245,27.7,176,28
867,1985,16.4,183,244,16.4,104,27
867,1986,19.6,146,215,16.5,124,-2
867,1987,10,182,197,9.9,63,-20
867,1988,10.6,178,198,10.2,67,-19
867,1989,22.1,188,205,21.5,140,-12
867,1990,12.2,170,193,10.4,77,-24
867,1991,14.7,179,231,14.6,93,14
867,1992,7.3,148,187,5.1,46,-30
867,1993,20.6,169,226,17.1,131,9
867,1994,11.6,165,202,10,74,-15
867,1995,15.9,184,221,15.9,101,4
867,1996,22.8,189,222,22.1,145,5
867,1997,24.6,196,224,24.1,156,7
867,1998,22.4,192,225,21.4,142,8
867,1999,20.9,194,220,19.1,133,3
867,2000,18,185,208,18,114,-9
867,2001,12.3,170,211,10.6,78,-6
867,2002,18.4,181,216,18.2,117,-1
867,2003,11,179,208,10.3,70,-9
867,2004,21.1,170,211,18.9,134,-6
867,2005,13.3,193,218,13,84,1
867,2006,25.8,190,224,23,164,7
867,2007,12.4,163,200,10.2,79,-17
867,2008,17.9,196,228,17.3,114,11
867,2009,19.4,199,225,17.1,123,8
867,2010,13.3,192,226,11.6,84,9
867,2011,20.8,198,235,20.5,132,18
867,2012,10.6,173,195,7.7,67,-22
867,2013,11,178,212,9.8,70,-5
867,2014,12.5,189,215,11.6,79,-2
867,2015,10.1,140,182,4,64,-35
867,2016,15.6,186,206,15.6,99,-11
867,2017,19,162,218,15.7,121,1
867,2018,11.8,174,206,11,75,-11
867,2019,20.6,188,225,18.2,131,8
867,2020,14.9,191,214,14,95,-3
867,2021,13.1,178,216,11.4,83,-1
867,2022,11.1,174,219,9.1,70,2
867,2023,28.2,192,231,24.4,179,14
867,2024,22.8,185,228,22.8,145,11
867,2025,22.4,175,213,21.5,142,-4
867,2026,8.8,163,177,1.6,56,-40
868,1981,12.5,195,233,11.3,40,-1
868,1983,43.3,234,253,34.1,138,19
868,1984,43.5,224,246,40.4,139,12
868,1985,25.9,187,222,25.9,83,-12
868,1986,44.3,226,247,40.5,141,13
868,1987,18.3,189,208,18.3,58,-26
868,1988,23,190,230,22.5,73,-4
868,1989,38.2,196,230,35.6,122,-4
868,1990,22.4,178,220,22,71,-14
868,1991,32,219,245,26.4,102,11
868,1992,20.2,181,214,19.7,64,-20
868,1993,36.1,222,240,28.2,115,6
868,1994,26.2,191,222,23.5,84,-12
868,1995,34.4,217,248,31,110,14
868,1996,35.9,189,249,35.9,115,15
868,1997,45.5,215,242,40.8,145,8
868,1998,29.8,201,234,27.9,95,0
868,1999,36,195,243,34.1,115,9
868,2000,30.2,184,219,30.2,96,-15
868,2001,21.7,198,220,18.4,69,-14
868,2002,23.9,183,230,23.9,76,-4
868,2003,30.7,190,234,29.8,98,0
868,2004,26.2,169,217,23.3,84,-17
868,2005,27.4,189,235,26.9,87,1
868,2006,37.1,203,229,36.1,118,-5
868,2007,22.8,195,223,20.5,73,-11
868,2008,35.5,195,247,34.1,113,13
868,2009,38.3,200,237,34.3,122,3
868,2010,23.4,197,251,20.1,75,17
868,2011,48.8,217,263,37.4,156,29
868,2012,25.1,174,224,24.2,80,-10
868,2013,28.5,207,226,23.6,91,-8
868,2014,42,190,237,40.4,134,3
868,2015,22.1,165,214,19.4,70,-20
868,2016,28.5,186,226,28,91,-8
868,2017,46.5,211,240,36.5,148,6
868,2018,38.5,203,227,32.8,123,-7
868,2019,35.5,201,241,30.6,113,7
868,2020,40.6,201,232,36.8,130,-2
868,2021,25.7,184,220,25.5,82,-14
868,2022,27.2,214,239,19.6,87,5
868,2023,40.5,209,231,36.2,129,-3
868,2024,34.6,187,233,33.7,110,-1
868,2025,35.5,190,225,35.4,113,-9
868,2026,23.5,170,218,15.7,75,-16
869,1981,7.7,199,213,7.2,47,-24
869,1982,12.6,207,243,10.5,77,6
869,1983,16.8,231,251,11.3,103,14
869,1984,16.8,222,237,11.7,103,0
869,1985,13.4,212,234,10.4,82,-2
869,1986,23.4,212,240,19.1,143,4
869,1987,8.8,206,224,8.6,54,-12
869,1988,14.8,224,240,13.1,91,4
869,1989,15.1,196,231,13.1,92,-6
869,1990,12.7,217,235,11.3,78,-2
869,1991,16.4,219,238,12.9,100,2
869,1992,11.5,209,221,9.5,70,-16
869,1993,22.5,222,241,17.4,138,4
869,1994,13.2,218,229,10.3,81,-8
869,1995,20.5,226,255,11.4,125,18
869,1996,16.7,216,230,13.6,102,-6
869,1997,24.8,216,238,17.9,152,2
869,1998,9.5,212,232,7,58,-4
869,1999,16,219,240,11.4,98,4
869,2000,18.3,210,235,14.7,112,-2
869,2001,14.9,219,233,11.7,91,-4
869,2002,8.4,205,221,8.2,51,-16
869,2003,22.9,224,240,15.7,140,4
869,2004,13,209,224,10.1,80,-12
869,2005,15.4,222,237,11.9,94,0
869,2006,13.4,209,230,12.1,82,-6
869,2007,16.8,210,234,14.4,103,-2
869,2008,21.9,229,246,16,134,10
869,2009,14.7,202,230,12.4,90,-6
869,2010,14.4,228,241,6.8,88,4
869,2011,27.1,216,251,19.6,166,14
869,2012,8.7,160,215,8,53,-22
869,2013,19.3,216,236,11.8,118,-0
869,2014,17,214,239,14.7,104,2
869,2015,11.7,209,239,9.7,72,2
869,2016,18.4,215,240,16,113,4
869,2017,19.3,216,243,17,118,6
869,2018,15.1,205,230,13,92,-6
869,2019,18.1,215,247,16,111,10
869,2020,16.3,210,232,13.3,100,-4
869,2021,12.7,212,233,11.5,78,-4
869,2022,15.8,201,230,13.8,97,-6
869,2023,20.4,211,235,17.5,125,-2
869,2024,16.2,223,239,14,99,2
869,2025,14.2,203,233,12.8,87,-4
869,2026,8.1,219,226,6.2,50,-10
870,1981,10.7,192,211,9.6,51,-24
870,1982,22.3,231,249,17,106,14
870,1983,31.6,236,260,19,150,24
870,1984,30.2,223,237,22.1,144,2
870,1985,20.8,210,235,18.3,99,-0
870,1986,31.5,203,240,25.3,150,4
870,1987,14.2,197,214,13.3,68,-22
870,1988,25.7,215,240,22.6,122,4
870,1989,19.6,199,224,16.3,93,-12
870,1990,20,217,239,17.5,95,4
870,1991,15.6,220,235,13.1,74,-0
870,1992,16.3,186,219,16.1,78,-16
870,1993,26.7,210,236,20,127,0
870,1994,19,197,227,16.3,90,-8
870,1995,27.6,244,260,12.8,131,24
870,1996,27.9,216,230,23.2,133,-6
870,1997,32,223,243,23.3,152,8
870,1998,21.5,211,233,16,102,-2
870,1999,28.8,220,247,15.3,137,12
870,2000,21.6,187,221,21.2,103,-14
870,2001,19.4,207,228,14.8,92,-8
870,2002,11.6,180,215,10.5,55,-20
870,2003,21.4,224,238,19.2,102,2
870,2004,15.1,209,221,10.7,72,-14
870,2005,16,225,235,13.9,76,-0
870,2006,16.7,191,227,16.4,80,-8
870,2007,20.3,210,229,17,97,-6
870,2008,21.1,201,243,17.7,100,8
870,2009,23.8,203,231,19.4,113,-4
870,2010,20.4,228,243,14.5,97,8
870,2011,39.8,235,257,26.4,190,22
870,2012,11.9,156,195,8.3,57,-40
870,2013,24.5,223,240,16.5,117,4
870,2014,23.6,200,246,21.5,112,10
870,2015,18.5,238,248,13.2,88,12
870,2016,20.9,224,247,19.2,100,12
870,2017,18.4,218,248,16.4,88,12
870,2018,17.7,204,234,14.5,84,-2
870,2019,21.2,223,254,19.1,101,18
870,2020,25.2,211,237,21.2,120,2
870,2021,24.6,237,247,18.1,117,12
870,2022,22.6,217,248,17.3,108,12
870,2023,24.8,212,238,22,118,2
870,2024,22,226,247,17.8,105,12
870,2025,19,192,241,17.8,90,6
870,2026,11.7,169,194,6.7,56,-42
871,1990,0,365,365,,0,156
871,1991,10.5,179,220,9.8,76,11
871,1992,8.3,156,182,3,60,-27
871,1993,14.9,170,215,11.2,108,6
871,1994,9.6,165,202,7.2,69,-7
871,1995,10.8,182,223,10.6,78,14
871,1996,16.5,187,214,15.6,119,5
871,1997,17.6,167,218,15.7,127,9
871,1998,14,165,213,13.2,101,4
871,1999,16.1,194,224,13.8,116,15
871,2000,16.2,177,201,16,117,-8
871,2001,11.7,170,208,8.5,84,-1
871,2002,16,179,197,14.8,116,-12
871,2003,8.5,190,226,7.4,61,17
871,2004,17.8,162,190,11.3,129,-19
871,2005,8.7,157,216,7.7,63,7
871,2006,23.3,190,213,21.6,168,4
871,2007,10.5,157,190,7.4,76,-19
871,2008,18.4,195,220,16.9,133,11
871,2009,18.8,199,215,16.1,136,6
871,2010,16.7,192,221,14.7,121,12
871,2011,19.2,181,227,18.5,139,18
871,2012,8.2,173,187,4.4,59,-22
871,2013,13.5,162,207,11.1,97,-2
871,2014,11.3,189,198,10.2,82,-11
871,2015,9.9,129,181,3,71,-28
871,2016,15.9,146,197,14.7,115,-12
871,2017,13.7,159,205,10.4,99,-4
871,2018,7.7,177,194,7.1,56,-15
871,2019,16.2,186,210,15.8,117,1
871,2020,13.7,183,205,13.6,99,-4
871,2021,13.5,181,198,13.3,97,-11
871,2022,10.4,173,193,8,75,-16
871,2023,23.7,191,221,21.6,171,12
871,2024,16.6,185,205,16.6,120,-4
871,2025,14.1,172,196,11.4,102,-13
871,2026,3.8,148,160,0,27,-49
872,1983,16.6,198,228,13.1,196,14
872,1984,13.1,190,226,12.3,155,12
872,1985,5.8,189,199,5.6,69,-14
872,1986,11.3,187,213,9.8,134,-0
872,1987,6.1,188,205,6,72,-8
872,1988,11.6,184,204,11.6,137,-10
872,1989,4,156,199,3.7,47,-14
872,1990,8,184,204,8,95,-10
872,1991,7,182,215,6.9,83,2
872,1992,10.1,162,196,9.3,120,-18
872,1993,11.5,197,223,9.3,136,10
872,1994,8.3,197,204,6.5,98,-10
872,1995,8,222,232,4.8,95,18
872,1996,8.1,189,219,8,96,6
872,1997,11.3,188,218,10.6,134,4
872,1998,8.1,201,213,7.5,96,-0
872,1999,8.6,209,220,6.2,102,6
872,2000,8.6,203,212,7.8,102,-2
872,2001,8.3,205,213,7.5,98,-0
872,2002,5.8,181,197,5.7,69,-16
872,2003,10.3,182,225,10.1,122,12
872,2004,4.9,170,188,3.4,58,-26
872,2005,6.7,185,207,6.6,79,-6
872,2006,8.1,190,203,7.8,96,-10
872,2007,6.8,165,212,6.6,80,-2
872,2008,10.4,197,221,8.7,123,8
872,2009,10.1,201,224,8.4,120,10
872,2010,10.7,191,231,8.7,127,18
872,2011,11.6,205,223,10.6,137,10
872,2012,6.8,153,188,4.4,80,-26
872,2013,6.2,207,218,3.9,73,4
872,2014,9.7,190,217,9.2,115,4
872,2015,6.2,165,191,3.9,73,-22
872,2016,10.2,215,226,9.9,121,12
872,2017,9.7,167,200,8.3,115,-14
872,2018,7.1,193,210,6.4,84,-4
872,2019,11.2,186,209,11.1,133,-4
872,2020,10.1,190,214,9.9,120,0
872,2021,12.2,204,226,11.9,144,12
872,2022,8.2,201,216,7.4,97,2
872,2023,12.5,192,220,10.7,148,6
872,2024,8.8,195,214,8.4,104,0
872,2025,6.7,188,208,6.5,79,-6
872,2026,3,168,173,0,36,-40
873,1981,11.5,157,185,6,69,-28
873,1982,24.5,207,224,22.1,148,11
873,1983,27.2,199,224,24.8,164,11
873,1984,30.9,196,236,28.4,186,23
873,1985,18.1,189,218,18.1,109,5
873,1986,16.6,179,205,14.9,100,-8
873,1987,14.5,186,206,14.5,87,-7
873,1988,13.2,190,211,12.4,80,-2
873,1989,25.5,187,216,24.6,154,3
873,1990,11.2,171,195,10,67,-18
873,1991,10.9,186,214,10.8,66,1
873,1992,9.1,175,194,7.3,55,-19
873,1993,20.7,169,223,19.7,125,10
873,1994,13.2,192,204,12.5,80,-9
873,1995,21.3,188,222,21,128,9
873,1996,14.7,160,214,13.1,89,1
873,1997,23.4,198,219,21.7,141,6
873,1998,20.9,203,216,19.5,126,3
873,1999,21.7,200,224,20.3,131,11
873,2000,24.7,183,204,24.5,149,-9
873,2001,13,198,216,11,78,3
873,2002,18.8,181,210,18.3,113,-3
873,2003,12.6,162,205,11.4,76,-8
873,2004,19.1,164,210,16.7,115,-3
873,2005,9.6,197,209,7.3,58,-4
873,2006,21.6,187,213,20.9,130,0
873,2007,11.1,163,206,9.3,67,-7
873,2008,20.7,197,226,19.8,125,13
873,2009,18.7,187,221,17.4,113,8
873,2010,15.2,192,209,11.8,92,-4
873,2011,21,205,234,19.5,127,21
873,2012,13.6,182,207,12.7,82,-6
873,2013,12.9,175,209,12.1,78,-4
873,2014,15,185,213,14.6,90,0
873,2015,8.1,160,196,4.9,49,-17
873,2016,16.9,182,203,16.8,102,-10
873,2017,16.3,165,217,15.4,98,4
873,2018,11.3,177,210,10.9,68,-3
873,2019,20.2,198,217,20.1,122,4
873,2020,18.2,189,213,17.7,110,0
873,2021,17.2,182,207,17.1,104,-6
873,2022,8.7,178,224,7.9,52,11
873,2023,18.7,191,221,17.8,113,8
873,2024,11.8,165,203,9,71,-10
873,2025,14.4,143,204,10.9,87,-9
873,2026,5.2,162,172,0,31,-41
874,1986,5.1,365,,,14,
874,1987,41.3,211,259,37.9,116,10
874,1988,25.7,210,250,23.6,72,1
874,1989,38.7,191,243,37.9,109,-6
874,1990,30.6,219,249,19,86,0
874,1991,40.6,219,253,37.1,114,4
874,1992,29.1,206,251,27.8,82,2
874,1993,47.4,223,260,41.6,134,11
874,1994,35.1,216,251,26.9,99,2
874,1995,50.7,226,272,42.6,143,23
874,1996,23.9,207,231,20.2,67,-18
874,1997,43.8,217,258,36.1,123,9
874,1998,35.9,212,251,32.1,101,2
874,1999,39.6,220,257,26.2,112,8
874,2000,18.2,205,236,17.5,51,-13
874,2001,41.2,211,244,31.4,116,-5
874,2002,10.3,214,228,10,29,-21
874,2003,24.6,208,242,21.6,69,-7
874,2004,36.6,218,248,31.6,103,-1
874,2005,53.6,228,260,48.3,151,11
874,2006,25.7,213,238,20.8,72,-11
874,2007,32.3,208,253,28.7,91,4
874,2008,47.5,209,258,44.6,134,9
874,2009,35.9,218,243,31.6,101,-6
874,2010,37.1,217,246,34,105,-3
874,2011,38.9,217,251,31.7,110,2
874,2012,27.2,177,231,25.7,77,-18
874,2013,23.1,204,235,21.3,65,-14
874,2014,25.5,191,229,23.8,72,-20
874,2015,18.8,159,250,17.5,53,1
874,2016,30.1,216,250,26.5,85,1
874,2017,42,188,245,39.5,118,-4
874,2018,22.5,183,214,22.5,63,-35
874,2019,47.1,197,258,46.4,133,9
874,2020,28,185,223,28,79,-26
874,2021,31.8,182,229,31.7,90,-20
874,2022,35.2,188,219,34.2,99,-30
874,2023,49.4,191,238,48.4,139,-11
874,2024,28.3,186,230,28.3,80,-19
874,2025,19,189,216,16.3,54,-33
874,2026,15.2,165,226,8.2,43,-23
875,1981,9.9,196,207,8.6,84,-1
875,1982,16.9,202,228,14.9,143,20
875,1983,12.1,203,234,11,102,26
875,1984,7.7,194,228,7.5,65,20
875,1985,9.8,194,210,8.8,83,2
875,1986,14.6,180,216,14,123,8
875,1987,8.5,195,206,7.1,72,-2
875,1988,9.8,190,203,8.8,83,-5
875,1989,13,190,204,12.4,110,-4
875,1990,9.2,160,189,7.4,78,-19
875,1991,10.8,183,226,10.8,91,18
875,1992,9.3,162,199,8.4,78,-9
875,1993,8.6,176,216,7.9,73,8
875,1994,12.2,187,204,11.8,103,-4
875,1995,12.2,188,223,11.4,103,15
875,1996,18.3,190,228,18.2,154,20
875,1997,15.6,169,223,13.9,132,15
875,1998,9.3,185,211,9.3,78,3
875,1999,13.9,166,216,12.4,117,8
875,2000,11.9,176,204,11.1,100,-4
875,2001,8.4,199,209,6.7,71,1
875,2002,7.4,181,197,7.2,62,-11
875,2003,13.1,180,207,12.7,111,-1
875,2004,7.8,162,183,2.1,66,-25
875,2005,7.6,184,200,7.6,64,-8
875,2006,9,146,198,8.5,76,-10
875,2007,8.1,163,179,4.1,68,-29
875,2008,11.8,194,222,11.7,100,14
875,2009,12.7,192,223,11.9,107,15
875,2010,7.6,197,203,7,64,-5
875,2011,17.6,204,230,15.4,149,22
875,2012,12.7,160,195,9,107,-13
875,2013,8.8,175,216,8.3,74,8
875,2014,18.1,196,217,15.7,153,9
875,2015,11.6,166,190,6.1,98,-18
875,2016,11.9,183,197,11.7,100,-11
875,2017,14.6,164,200,10.3,123,-8
875,2018,24.2,198,220,20.4,204,12
875,2019,11.7,173,207,11.3,99,-1
875,2020,13.4,190,215,12.7,113,7
875,2021,10.1,180,211,9.8,85,3
875,2022,10.4,207,219,9.2,88,11
875,2023,13.8,190,216,13.4,116,8
875,2024,9.6,185,204,9.6,81,-4
875,2025,12.9,176,215,12,109,7
875,2026,8.4,170,177,0.5,71,-31
876,1981,9.3,196,211,8.4,98,-14
876,1982,16.5,203,233,13.7,174,8
876,1983,9,200,219,7.9,95,-6
876,1984,5,213,223,4.5,53,-2
876,1985,13.9,191,218,13.4,146,-8
876,1986,8.9,180,218,8.2,94,-8
876,1987,8.7,185,211,8.7,92,-14
876,1988,7.6,190,219,7.5,80,-6
876,1989,10.7,201,223,10.2,113,-2
876,1990,8.8,186,217,8.8,93,-8
876,1991,15.6,220,237,11.2,164,12
876,1992,9.3,181,213,8.9,98,-12
876,1993,9.3,218,226,8.5,98,0
876,1994,8.4,193,219,7.4,88,-6
876,1995,8.8,227,236,5.9,93,10
876,1996,11.7,192,234,10.6,123,8
876,1997,16.6,198,230,15.7,175,4
876,1998,7.6,201,217,6.5,80,-8
876,1999,11.4,198,237,11.2,120,12
876,2000,8.8,191,215,8.5,93,-10
876,2001,8.9,206,225,6.4,94,-0
876,2002,11.1,223,240,10.4,117,14
876,2003,8.2,187,214,8.1,86,-12
876,2004,8.3,167,211,7,87,-14
876,2005,8.7,209,227,6.9,92,2
876,2006,14.2,195,227,10.9,149,2
876,2007,7.8,164,212,6.6,82,-14
876,2008,10.7,210,230,9.9,113,4
876,2009,12.2,215,236,11.3,128,10
876,2010,6,198,209,5.1,63,-16
876,2011,16.2,216,240,12.6,171,14
876,2012,11,193,211,10.4,116,-14
876,2013,6.7,207,221,6.5,71,-4
876,2014,13.6,182,229,13.5,143,4
876,2015,6.5,117,180,2.2,68,-46
876,2016,6.5,185,195,6.5,68,-30
876,2017,9.7,166,218,9.1,102,-8
876,2018,16.9,201,227,15.3,178,2
876,2019,9.8,197,224,8.1,103,-2
876,2020,10.7,203,228,9.5,113,2
876,2021,8.6,203,219,7.6,91,-6
876,2022,10,207,218,8.5,105,-8
876,2023,9.8,189,215,9.5,103,-10
876,2024,6.2,195,209,6,65,-16
876,2025,6.2,175,209,5.5,65,-16
876,2026,7.2,170,193,4.9,76,-32
877,1981,3.6,159,168,0,52,10
877,1982,11.8,143,155,0,171,-4
877,1983,16.1,177,205,12.8,233,46
877,1984,2.2,65,72,0,32,-86
877,1985,15,138,168,0,217,10
877,1986,4.9,170,176,0,71,18
877,1987,5.6,153,170,0,81,12
877,1988,11.7,111,148,0,170,-10
877,1989,8.5,131,153,0,123,-6
877,1990,8.5,145,154,0,123,-4
877,1991,10.6,180,188,9.8,154,30
877,1992,7.8,141,159,0,113,0
877,1993,7,154,162,0,101,4
877,1994,9.4,145,161,0,136,2
877,1995,8,120,145,0,116,-14
877,1996,1.7,152,158,0,25,-0
877,1997,9.2,120,132,0,133,-26
877,1998,14.4,149,176,9,209,18
877,1999,4.2,187,192,0,61,34
877,2000,4.6,160,167,0,67,8
877,2001,6.8,163,170,0,99,12
877,2002,3.8,130,137,0,55,-22
877,2003,6.6,157,165,0,96,6
877,2004,6.5,135,164,0,94,6
877,2005,6.9,135,142,0,100,-16
877,2006,5.4,164,178,0.7,78,20
877,2007,7.8,125,159,0,113,0
877,2008,7.6,147,165,0,110,6
877,2009,13.6,145,154,0,197,-4
877,2010,19.4,163,179,5.4,281,20
877,2011,5.2,152,161,0,75,2
877,2012,6.9,88,136,0,100,-22
877,2013,7,113,156,0,101,-2
877,2014,3.5,97,125,0,51,-34
877,2015,2.5,114,122,0,36,-36
877,2016,9.6,132,144,0,139,-14
877,2017,7.4,120,136,0,107,-22
877,2018,1.1,143,146,0,16,-12
877,2019,5.3,148,157,0,77,-2
877,2020,4.1,91,116,0,59,-42
877,2021,5.1,124,133,0,74,-26
877,2022,2.8,95,106,0,41,-52
877,2023,9.3,154,166,0,135,8
877,2024,5.3,136,147,0.3,77,-12
877,2025,1.3,159,162,0,19,4
877,2026,1.5,145,147,0,22,-12
878,1981,11.8,197,232,10.5,77,-2
878,1982,28.8,207,253,25.8,188,19
878,1983,17.6,227,242,14.8,115,8
878,1984,17.1,225,244,13.9,112,10
878,1985,1,365,,,7,
878,1986,27.6,202,245,26.4,180,11
878,1987,13.2,205,220,12.7,86,-14
878,1988,14.3,221,231,12.6,93,-3
878,1989,21.6,200,250,20,141,16
878,1990,17.3,215,242,16,113,8
878,1991,19.5,225,241,15.5,127,7
878,1992,11.1,208,221,10,73,-13
878,1993,14.2,219,232,11.7,93,-2
878,1994,14.5,198,226,13.5,95,-8
878,1995,19.4,218,247,15.1,127,13
878,1996,26,219,248,23.6,170,14
878,1997,25.5,216,241,24.2,167,7
878,1998,15.3,205,239,13.9,100,5
878,1999,21.6,205,249,20.8,141,15
878,2000,15.1,204,237,14,99,3
878,2001,10.4,208,224,8.4,68,-10
878,2002,15.9,221,240,14.3,104,6
878,2003,17.3,183,239,17.3,113,5
878,2004,10.5,203,225,9.1,69,-9
878,2005,12.1,216,234,10.2,79,0
878,2006,14.5,202,230,14.1,95,-4
878,2007,11.6,206,224,10.2,76,-10
878,2008,18.8,211,247,17.7,123,13
878,2009,21.3,220,239,18.2,139,5
878,2010,13,226,243,9.9,85,9
878,2011,25,224,255,18.1,163,21
878,2012,16.2,192,228,16,106,-6
878,2013,14.4,217,228,11.9,94,-6
878,2015,0,365,365,,0,131
878,2016,14.1,186,207,14.1,92,-27
878,2017,27.1,169,223,25.3,177,-11
878,2018,27.9,198,223,23.8,182,-11
878,2019,15,198,224,13.4,98,-10
878,2020,18.8,201,219,17.6,123,-15
878,2021,14.4,184,218,14.1,94,-16
878,2022,15,212,229,11.6,98,-5
878,2023,17.2,190,221,16.1,112,-13
878,2024,14.5,196,226,14.5,95,-8
878,2025,15.4,190,216,15.3,101,-18
878,2026,16.4,168,188,9.4,107,-46
893,1989,10.4,194,219,10,100,0
893,1990,12.2,177,208,12,118,-11
893,1991,12.9,202,233,10.6,125,14
893,1992,10.1,183,212,9.9,98,-7
893,1993,11.6,210,225,6.8,112,6
893,1994,9.6,193,207,8.6,93,-12
893,1995,13.9,214,241,10.3,134,22
893,1996,10.7,190,228,10.7,103,9
893,1997,14.9,198,228,11.8,144,9
893,1998,10.9,200,215,9.3,105,-4
893,1999,9.9,197,232,9,96,13
893,2000,8.5,186,207,8,82,-12
893,2001,11.5,204,221,9.4,111,2
893,2002,9.7,191,230,9.2,94,11
893,2003,10.7,191,234,9.4,103,15
893,2004,8.4,170,211,7.9,81,-8
893,2005,9.3,204,221,9,90,2
893,2006,12.2,194,217,9.8,118,-2
893,2007,10.6,204,214,10.3,102,-5
893,2008,9.3,211,225,8.4,90,6
893,2009,12.1,199,234,11.3,117,15
893,2010,9.4,197,210,8.3,91,-9
893,2011,14.8,222,238,8.9,143,19
893,2012,10.1,190,206,9.5,98,-13
893,2013,8.1,180,219,7.8,78,0
893,2014,14.6,189,221,14.5,141,2
893,2015,7.3,157,206,5.2,71,-13
893,2016,8.4,184,195,8.4,81,-24
893,2017,7.8,162,189,5.2,75,-30
893,2018,13.3,201,216,11.6,129,-3
893,2019,10.7,200,219,10.1,103,0
893,2020,8.3,200,211,8.2,80,-8
893,2021,6.5,167,194,6.1,63,-25
893,2022,6.5,171,192,4.3,63,-27
893,2023,11.9,207,217,11.4,115,-2
893,2024,5.9,185,199,5.9,57,-20
893,2025,8.7,186,209,7.4,84,-10
893,2026,6.6,171,180,2.7,64,-39
895,1993,0,365,365,,0,156
895,1994,7.8,163,200,7.3,62,-9
895,1995,17.9,179,228,17.6,143,19
895,1996,13.9,183,223,13.8,111,14
895,1997,20.3,174,220,20.2,162,11
895,1998,12.7,199,213,11.5,102,4
895,1999,18,194,225,17.7,144,16
895,2000,12.5,179,208,12.2,100,-1
895,2001,6.7,198,209,5.4,54,0
895,2002,12.5,177,214,11.7,100,5
895,2003,12.1,190,214,11.7,97,5
895,2004,12.7,165,195,10.2,102,-14
895,2005,10.1,188,209,10,81,0
895,2006,20.9,188,220,20,167,11
895,2007,9,161,191,7,72,-18
895,2008,14,195,225,13.8,112,16
895,2009,10.4,193,206,10.2,83,-3
895,2010,9.7,192,210,9,78,1
895,2011,14.3,181,225,14,114,16
895,2012,11,183,204,10.8,88,-5
895,2013,9.7,180,204,9.3,78,-5
895,2014,9.3,189,204,8.8,74,-5
895,2015,8,161,181,3.1,64,-28
895,2016,12.7,175,202,12.5,102,-7
895,2017,20.9,160,217,19,167,8
895,2018,13.1,174,209,12.8,105,0
895,2019,15.7,185,209,15.2,126,0
895,2020,9.2,191,206,8.3,74,-3
895,2021,9.6,179,204,9.3,77,-5
895,2022,9.5,170,218,7.2,76,9
895,2023,18.8,192,224,18.2,150,15
895,2024,11,187,207,10.9,88,-2
895,2025,14.5,175,202,13.1,116,-7
895,2026,9.1,156,177,1.9,73,-32
896,1994,14.8,174,201,13.9,79,-2
896,1995,16.1,164,211,14,86,8
896,1996,22,184,215,22,118,12
896,1997,26.7,157,211,21.7,143,8
896,1998,21.3,162,214,19.6,114,11
896,1999,14.7,164,203,10.9,79,0
896,2000,18.6,177,195,17,99,-8
896,2001,14.6,197,210,10.8,78,7
896,2002,18.7,178,195,17.3,100,-8
896,2003,11.2,174,195,9.7,60,-8
896,2004,22,162,187,13.2,118,-16
896,2005,24,184,212,24,128,9
896,2006,32.2,190,212,30.9,172,9
896,2007,14.7,163,185,7.9,79,-18
896,2008,24.6,196,220,22.7,132,17
896,2009,20.2,193,212,17.7,108,9
896,2010,18.6,191,208,14.3,99,5
896,2011,31.4,197,234,27.9,168,31
896,2012,15.4,162,187,9.3,82,-16
896,2013,10.5,178,189,7.3,56,-14
896,2014,20.1,189,201,19.2,107,-2
896,2015,12,160,179,2.5,64,-24
896,2016,15.1,184,194,15.1,81,-9
896,2017,26.9,164,199,20.2,144,-4
896,2018,9.9,172,190,7.4,53,-13
896,2019,29.6,185,209,29.4,158,6
896,2020,18.8,183,209,18.6,101,6
896,2021,14.9,184,211,14.9,80,8
896,2022,13.9,174,193,9.9,74,-10
896,2023,41.8,189,221,38.6,224,18
896,2024,20.8,185,206,20.8,111,3
896,2025,19.2,175,199,16.8,103,-4
896,2026,5,158,170,0.1,27,-33
897,1994,12,180,207,11,40,-12
897,1995,20.2,122,170,6.7,67,-49
897,1996,13.9,129,172,8.9,46,-47
897,1997,50.7,170,224,45.8,167,5
897,1998,24.7,161,206,20.9,82,-13
897,1999,38.6,171,237,36.8,127,18
897,2000,33.2,185,211,32.1,110,-8
897,2001,19.7,170,220,17.5,65,1
897,2002,45.6,184,233,43.8,150,14
897,2003,19.1,179,211,17.1,63,-8
897,2004,27.6,160,195,20.8,91,-24
897,2005,5.3,187,201,4.4,17,-18
897,2006,41.4,180,219,39.9,137,0
897,2007,35.3,162,211,26.5,117,-8
897,2008,67,196,240,55.1,221,21
897,2009,42.6,190,231,37.1,141,12
897,2010,16,193,222,11.3,53,3
897,2011,36.8,199,240,29.6,121,21
897,2012,50.9,182,229,46.5,168,10
897,2013,34.5,164,224,33.1,114,5
897,2014,26.3,174,218,25.8,87,-1
897,2015,5.2,112,131,0.7,17,-88
897,2016,30.5,181,206,28.9,101,-13
897,2017,31.6,160,227,30.5,104,8
897,2018,30.3,201,224,27.1,100,5
897,2019,21,166,208,17.4,69,-11
897,2020,30.1,189,221,28.8,99,2
897,2021,42.2,194,228,40.9,139,9
897,2022,30.2,202,242,23.1,100,23
897,2023,30.6,187,226,28.5,101,7
897,2024,23.2,166,212,20.4,77,-7
897,2025,20.5,175,207,17.8,68,-12
897,2026,16.7,169,204,13,55,-15
898,1994,13.4,151,192,9.1,78,-9
898,1995,14.1,121,169,3.3,82,-32
898,1996,10.6,131,170,4.7,62,-31
898,1997,33.5,167,219,29.2,196,18
898,1998,17.1,161,201,13.3,100,0
898,1999,27.9,187,232,26.7,163,31
898,2000,17.4,182,204,17.1,102,3
898,2001,13.7,196,208,12,80,7
898,2002,29.4,181,229,28.9,172,28
898,2003,7.5,161,193,4.2,44,-8
898,2004,16.4,159,190,11.1,96,-11
898,2005,2.8,71,73,2,16,-128
898,2006,23.3,171,210,20.5,136,9
898,2007,20,156,196,14.2,117,-5
898,2008,42.4,206,239,39.5,248,38
898,2009,29.7,187,230,26.6,174,29
898,2010,4.4,97,140,0.8,26,-61
898,2011,20.2,212,234,15.6,118,33
898,2012,25.1,186,220,24.5,147,19
898,2013,19,176,218,16.6,111,17
898,2014,11,156,193,9.1,64,-8
898,2015,2.6,97,99,0.3,15,-102
898,2016,17.5,130,186,10.2,102,-15
898,2017,21.8,161,207,17.9,127,6
898,2018,13.2,179,208,12.4,77,7
898,2019,11.8,167,186,7.2,69,-15
898,2020,11.5,188,201,10.8,67,0
898,2021,14.5,177,204,13.7,85,3
898,2022,15.7,104,181,7.9,92,-20
898,2023,12.2,190,212,11.6,71,11
898,2024,6.1,115,125,0,36,-76
898,2025,4.9,145,154,0,29,-47
898,2026,5.8,167,172,1.2,34,-29
899,1994,24.5,151,207,22.6,86,-19
899,1995,26.1,161,211,22.6,92,-15
899,1996,19.3,160,207,19.1,68,-19
899,1997,55.3,190,231,54,195,5
899,1998,28.5,162,214,26.8,100,-12
899,1999,31.4,160,235,29.3,111,9
899,2000,31,191,229,30.1,109,3
899,2001,22.4,196,226,20.1,79,0
899,2002,41.2,181,242,40.9,145,16
899,2003,18.1,179,222,16.8,64,-4
899,2004,24.5,159,210,21.5,86,-16
899,2005,7.3,187,206,6.7,26,-20
899,2006,36.9,171,229,34.7,130,3
899,2007,32.5,161,228,29.5,114,2
899,2008,60,214,259,49.7,211,33
899,2009,32.4,187,239,29.3,114,13
899,2010,17.1,192,227,13,60,1
899,2011,34.5,212,252,27.7,121,26
899,2012,41.9,191,245,41,148,19
899,2013,31.5,201,240,28.8,111,14
899,2014,23.1,154,224,22.7,81,-2
899,2015,5,112,133,0.4,18,-93
899,2016,28.4,180,213,28.1,100,-13
899,2017,31.1,160,234,29.5,110,8
899,2018,24.9,186,224,24.1,88,-2
899,2019,20.3,165,208,17.3,71,-18
899,2020,26.7,189,224,26,94,-2
899,2021,37.3,197,239,36.1,131,13
899,2022,29.1,203,246,23.2,102,20
899,2023,30.2,204,229,28.7,106,3
899,2024,17.4,167,218,15.4,61,-8
899,2025,19.2,174,211,16.8,68,-15
899,2026,13.6,169,204,11.1,48,-22
901,1995,28.8,218,244,23.5,82,-4
901,1996,43.5,198,255,40.5,124,6
901,1997,54,220,252,47.8,154,4
901,1998,27.9,202,238,23.7,79,-10
901,1999,42.4,193,251,41.3,121,2
901,2000,31.1,192,239,30.2,88,-10
901,2001,27.3,206,238,22.6,78,-10
901,2002,37.4,204,260,35,106,12
901,2003,33,224,250,31.9,94,2
901,2004,26,162,250,24.5,74,2
901,2005,26.4,206,242,22,75,-6
901,2006,39.2,203,237,34.5,112,-12
901,2007,31.1,204,243,28.6,88,-6
901,2008,36.6,209,266,34,104,18
901,2009,40.3,230,248,34.2,115,-0
901,2010,30.4,223,252,23.2,86,4
901,2011,54.7,226,273,44.7,156,24
901,2012,36.5,204,263,34.1,104,14
901,2013,33.8,215,248,29.6,96,-0
901,2014,43.2,225,253,38.7,123,4
901,2015,33.6,199,240,32,96,-8
901,2016,30.9,192,248,30,88,-0
901,2017,41.2,215,249,34.9,117,0
901,2018,46.8,208,243,39.2,133,-6
901,2019,33.1,202,244,26.3,94,-4
901,2020,37.8,209,257,32.5,108,8
901,2021,31.5,209,249,28.6,90,0
901,2022,32.6,228,256,27.5,93,8
901,2023,34.6,210,239,29.9,98,-10
901,2024,24.7,222,252,19.8,70,4
901,2025,32.9,206,247,29.9,94,-2
901,2026,44.8,213,247,38.8,127,-2
902,1994,0,365,365,,0,211
902,1995,6,118,167,0.4,182,13
902,1996,1.9,129,133,0,58,-21
902,1997,5.4,160,172,0,164,18
902,1998,8.3,172,190,6.2,252,36
902,1999,2.3,96,104,0,70,-50
902,2000,1.2,176,179,0,36,25
902,2001,3.2,160,171,0,97,17
902,2002,1.6,125,131,0,48,-23
902,2003,4.7,158,178,0,142,24
902,2004,5.1,158,172,0,155,18
902,2005,7.5,159,182,3.4,227,28
902,2006,2.3,166,178,0,70,24
902,2007,6.4,151,168,1.7,194,14
902,2008,7.6,160,176,0,230,22
902,2009,4.5,142,154,0,136,0
902,2010,13.1,168,193,10.5,397,39
902,2011,1.8,139,154,0,55,0
902,2012,3.9,123,135,0,118,-19
902,2013,3,113,126,0,91,-28
902,2014,3.1,113,143,0,94,-11
902,2015,2.6,124,129,0,79,-25
902,2016,4.2,130,135,0,127,-19
902,2017,1.5,123,127,0,45,-27
902,2018,0.3,145,146,0,9,-8
902,2019,3.3,147,154,0,100,0
902,2020,3.3,110,123,0,100,-31
902,2021,1.8,124,127,0,55,-27
902,2022,1.7,127,155,0,52,1
902,2023,4.6,153,160,0,139,6
902,2024,5,142,150,0,152,-4
902,2025,0.9,159,162,0,27,8
902,2026,0.9,106,110,0,27,-44
903,1994,0,365,365,,0,132
903,1995,12.8,226,241,11.1,80,8
903,1996,20.8,225,248,19.7,129,15
903,1997,22.2,203,233,20.4,138,0
903,1998,11.5,202,216,9.8,71,-17
903,1999,20.7,197,237,20.1,129,4
903,2000,16.1,192,220,15.5,100,-13
903,2001,14.4,206,225,11.4,89,-8
903,2002,14.3,187,240,13.6,89,7
903,2003,19.6,191,238,18.3,122,5
903,2004,13.4,174,218,12,83,-15
903,2005,11.5,206,232,9.9,71,-1
903,2006,17.3,192,226,15.4,107,-7
903,2007,12.5,203,222,10.9,78,-11
903,2008,17.7,211,234,15.8,110,1
903,2009,17.2,189,239,16.9,107,6
903,2010,11.6,197,232,9.5,72,-1
903,2011,25.6,223,259,19.4,159,26
903,2012,20.9,193,228,20.3,130,-5
903,2013,14.6,206,225,12.3,91,-8
903,2014,23.7,213,237,22.1,147,4
903,2015,13,199,216,11.9,81,-17
903,2016,13,185,218,13,81,-15
903,2017,17,215,240,15.7,106,7
903,2018,28.7,202,234,24.7,178,1
903,2019,15.2,200,228,13,94,-5
903,2020,18,204,233,16.1,112,0
903,2021,16,210,230,14.6,99,-3
903,2022,13.1,203,240,11.1,81,7
903,2023,17.8,208,227,16.1,111,-6
903,2024,11.2,194,229,10.6,70,-4
903,2025,14.2,189,223,12.3,88,-10
903,2026,20,188,224,18.9,124,-9
904,1994,0,365,365,,0,132
904,1995,43.3,220,260,38.3,168,27
904,1996,26.1,205,220,24.1,102,-13
904,1997,35.3,199,245,33.4,137,12
904,1998,27.8,212,234,24.5,108,1
904,1999,26,217,243,16.8,101,10
904,2000,22.6,190,222,20.5,88,-11
904,2001,33.1,200,231,29.5,129,-2
904,2002,10.8,181,206,10.4,42,-27
904,2003,22.1,191,231,22.1,86,-2
904,2004,29.4,209,233,22.3,114,0
904,2005,44.2,195,240,42.3,172,7
904,2006,21.2,192,221,18.1,82,-12
904,2007,21.8,208,242,19.7,85,9
904,2008,35.3,199,235,33.1,137,2
904,2009,27.2,200,225,23.8,106,-8
904,2010,25.7,191,233,25.2,100,0
904,2011,26.6,216,246,24,104,13
904,2012,23.6,182,220,23.2,92,-13
904,2013,17.9,204,228,17.1,70,-5
904,2014,20.1,192,229,19.5,78,-4
904,2015,18.5,238,247,15.9,72,14
904,2016,23.6,216,245,20.7,92,12
904,2017,36.6,196,245,34.9,142,12
904,2018,11.2,191,212,10.7,44,-21
904,2019,43.7,206,263,41.6,170,30
904,2020,24.3,190,227,24.3,95,-6
904,2021,16.2,187,223,16.2,63,-10
904,2022,20.8,188,221,20.5,81,-12
904,2023,37.2,193,241,36.4,145,8
904,2024,23.8,196,235,23,93,2
904,2025,17.5,190,226,15.8,68,-7
904,2026,11.7,166,222,8.8,46,-11
905,1995,23.4,207,237,22.3,144,34
905,1996,13.6,182,200,13,83,-4
905,1997,22.6,157,218,18,139,14
905,1998,18.8,201,223,15.6,115,20
905,1999,11.2,148,176,1.9,69,-28
905,2000,17.7,185,207,17.5,109,4
905,2001,18.9,196,213,17,116,10
905,2002,7.9,164,183,3.4,48,-20
905,2003,16,191,204,15.1,98,0
905,2004,16.2,157,183,6.8,99,-20
905,2005,28.1,189,206,27.6,172,2
905,2006,12.5,190,203,10.5,77,-0
905,2007,10.7,162,179,5.1,66,-24
905,2008,24.9,174,209,22.3,153,6
905,2009,16.6,151,204,14.5,102,0
905,2010,22,190,210,21,135,6
905,2011,16.9,180,200,15.6,104,-4
905,2012,14.7,159,183,5.2,90,-20
905,2013,13.9,167,199,11.8,85,-4
905,2014,10.2,164,192,7.4,63,-12
905,2015,9,166,179,1.3,55,-24
905,2016,16.4,151,195,12.2,101,-8
905,2017,24.9,162,205,22.8,153,2
905,2018,7.3,181,190,5.9,45,-14
905,2019,25.8,175,224,25.1,158,20
905,2020,14.9,184,207,14.9,91,4
905,2021,11.1,184,195,11.1,68,-8
905,2022,13.5,168,200,12.6,83,-4
905,2023,24.9,190,217,24.2,153,14
905,2024,15.2,187,205,15.2,93,2
905,2025,9,173,194,5.4,55,-10
905,2026,8,148,169,0,49,-34
906,1995,17.2,206,223,15.2,110,14
906,1996,18.7,186,218,18.7,120,8
906,1997,17.7,157,212,15.7,113,2
906,1998,26,200,220,23.2,167,10
906,1999,13.9,194,213,11.2,89,4
906,2000,17.7,184,205,17.7,113,-4
906,2001,12.1,197,211,10.1,78,2
906,2002,14.9,178,196,14.1,96,-14
906,2003,10.9,190,204,9.5,70,-6
906,2004,18.7,161,193,14.4,120,-16
906,2005,13.8,183,213,13.8,88,4
906,2006,18.5,190,211,17.7,119,2
906,2007,12.2,163,190,9.6,78,-20
906,2008,16.5,196,217,15.3,106,8
906,2009,18,193,213,15.5,115,4
906,2010,13.7,196,208,10.8,88,-2
906,2011,21.2,193,226,19.3,136,16
906,2012,10.5,165,188,5.7,67,-22
906,2013,13.7,178,212,12.4,88,2
906,2014,13.7,183,202,13.7,88,-8
906,2015,8.6,162,183,4,55,-26
906,2016,15.1,185,202,15.1,97,-8
906,2017,16.1,162,202,14.7,103,-8
906,2018,9.2,172,194,8.5,59,-16
906,2019,20.5,196,212,19.2,131,2
906,2020,21.9,183,207,21.4,140,-2
906,2021,13.4,181,203,13.2,86,-6
906,2022,10.5,175,192,8.1,67,-18
906,2023,26.8,190,213,23.2,172,4
906,2024,19.9,184,204,19.9,128,-6
906,2025,17.1,174,198,15.3,110,-12
906,2026,6.3,161,176,0.1,40,-34
907,1995,15.6,184,212,15.5,172,32
907,1996,6.1,161,175,2.4,67,-4
907,1997,9,161,178,2,99,-2
907,1998,11.6,200,211,9.5,128,32
907,1999,5.2,154,170,0,57,-10
907,2000,7.6,175,190,6.2,84,10
907,2001,12.8,169,201,9,141,22
907,2002,3.2,162,175,0,35,-4
907,2003,5.2,159,183,2.5,57,4
907,2004,11.3,160,177,2.2,125,-2
907,2005,23.3,188,216,22.4,257,36
907,2006,8.9,185,198,8.8,98,18
907,2007,5.4,160,166,0,60,-14
907,2008,13.8,174,192,10.2,152,12
907,2009,9.8,147,171,0,108,-8
907,2010,15.1,168,200,13.8,167,20
907,2011,14.8,181,202,14.3,164,22
907,2012,6.4,157,168,0,71,-12
907,2013,7.7,164,179,1.5,85,-0
907,2014,5.2,138,173,0,57,-6
907,2015,9.1,158,178,1.8,101,-2
907,2016,7.3,138,163,0.9,81,-16
907,2017,11.7,160,171,2.2,129,-8
907,2018,2.4,172,180,0,27,0
907,2019,15.9,178,202,14.9,176,22
907,2020,9.1,182,195,8.5,101,16
907,2021,5.6,169,185,4.1,62,6
907,2022,7.2,169,183,3.6,80,4
907,2023,21.6,189,210,21.4,239,30
907,2024,11.9,185,199,11.9,131,20
907,2025,3,173,177,0,33,-2
907,2026,4,147,153,0,44,-26
908,1995,41.2,202,236,36.2,70,-12
908,1996,23.8,222,246,22.1,41,-2
908,1997,73.1,218,254,67.8,125,6
908,1998,52.5,195,247,50,89,-1
908,1999,91,231,264,79,155,16
908,2000,64.6,181,254,63.7,110,6
908,2001,43.7,218,249,34.6,74,1
908,2002,81,184,242,81,138,-6
908,2003,28.6,201,243,23,49,-5
908,2004,49.4,183,233,48.7,84,-15
908,2005,22.9,201,217,18.7,39,-31
908,2006,66.7,204,248,61.1,114,0
908,2007,59.4,175,244,56.8,101,-4
908,2008,97.5,228,285,84.9,166,37
908,2009,73.1,200,259,62.7,125,11
908,2010,38.9,216,256,31.6,66,8
908,2011,69.2,219,282,46.3,118,34
908,2012,72.1,203,266,67.4,123,18
908,2013,79.4,202,257,73.7,135,9
908,2014,50.7,188,242,47.9,86,-6
908,2015,7.1,97,116,0.8,12,-132
908,2016,37.3,188,222,36.8,64,-26
908,2017,65.9,201,253,62.2,112,5
908,2018,70.5,207,250,56.5,120,2
908,2019,32.6,178,225,30.8,56,-23
908,2020,58,195,248,55.3,99,0
908,2021,74.6,199,256,67.8,127,8
908,2022,54.3,208,262,44.2,93,14
908,2023,61.3,206,239,50.9,104,-9
908,2024,38,193,244,34.8,65,-4
908,2025,35.7,175,227,32.4,61,-21
908,2026,36.2,202,225,32.3,62,-23
909,1995,0,365,365,,0,130
909,1996,16.3,178,234,16,45,-1
909,1997,44.7,190,235,43.1,123,0
909,1998,29,196,219,27.6,80,-16
909,1999,58.5,192,259,56.2,161,24
909,2000,35.6,185,233,35.2,98,-2
909,2001,21,197,233,18.6,58,-2
909,2002,40.2,196,242,38.5,111,7
909,2003,26.2,190,237,24.3,72,2
909,2004,35.7,181,220,34.4,98,-15
909,2005,19.2,203,223,15.1,53,-12
909,2006,37.3,198,230,29.3,103,-5
909,2007,41,176,235,40.6,113,0
909,2008,48.1,210,245,44.4,133,10
909,2009,28.6,200,238,26.9,79,3
909,2010,32.9,194,241,27.4,91,6
909,2011,53.3,219,267,45.7,147,32
909,2012,52.2,195,260,50,144,25
909,2013,43.6,207,243,41.9,120,8
909,2014,37.1,191,239,36.6,102,4
909,2015,7.1,113,204,4.4,20,-31
909,2016,34.1,182,217,33.7,94,-18
909,2017,36.9,200,251,34.8,102,16
909,2018,48.6,203,229,45,134,-6
909,2019,22,197,223,21.1,61,-12
909,2020,37.2,188,235,36.2,102,0
909,2021,43,196,239,41.3,118,4
909,2022,38.8,210,254,29.1,107,19
909,2023,37.5,205,231,32.7,103,-4
909,2024,24,206,238,22.6,66,3
909,2025,34,175,236,31.4,94,1
909,2026,17.5,187,216,16.5,48,-19
910,1995,0,365,365,,0,140
910,1996,10.3,162,191,7.8,25,-34
910,1997,61.1,170,229,59.4,151,4
910,1998,31.6,161,213,28.4,78,-12
910,1999,75.4,194,252,73.1,187,27
910,2000,51.2,175,233,50.6,127,8
910,2001,23.8,197,225,21.3,59,0
910,2002,54.9,183,242,54.9,136,17
910,2003,24.9,190,220,21.6,62,-5
910,2004,38.4,160,210,36.8,95,-15
910,2005,10.4,198,206,7.1,26,-19
910,2006,47.5,174,229,45.6,118,4
910,2007,48.2,162,225,44.5,119,0
910,2008,66.1,196,242,62.3,164,17
910,2009,40.3,189,232,37.3,100,7
910,2010,23.9,193,225,17.8,59,0
910,2011,51.8,205,251,43.2,128,26
910,2012,59.1,191,237,57.7,146,12
910,2013,48.4,175,224,44.9,120,-1
910,2014,33.8,182,225,33.7,84,0
910,2015,4.7,97,117,0,12,-108
910,2016,25.1,182,203,24.7,62,-22
910,2017,40.5,198,234,40.2,100,9
910,2018,47,196,226,44.5,116,1
910,2019,22.7,169,208,19.2,56,-17
910,2020,43.7,190,224,42.6,108,-1
910,2021,52.3,195,228,52.1,129,3
910,2022,35.1,203,240,26.8,87,15
910,2023,39,205,226,36,97,1
910,2024,15.8,165,207,14,39,-18
910,2025,27.9,175,208,23.5,69,-17
910,2026,10,104,129,7.4,25,-96
911,1996,12.8,121,135,1.3,32,-92
911,1997,50.3,197,230,46.7,127,3
911,1998,30.5,162,213,26.9,77,-14
911,1999,46.5,192,243,44.7,117,16
911,2000,39.6,183,229,39.3,100,2
911,2001,21.6,197,225,19.1,55,-2
911,2002,55.9,184,241,55.6,141,14
911,2003,18.2,190,222,15.9,46,-5
911,2004,36.7,159,196,31.4,93,-31
911,2005,9.1,200,206,7.2,23,-21
911,2006,47,179,227,45.3,119,0
911,2007,44.5,157,221,36.5,112,-6
911,2008,91.1,212,253,80.1,230,26
911,2009,52.2,197,241,46.6,132,14
911,2010,24.4,193,230,19.1,62,3
911,2011,52.1,217,250,35.4,132,23
911,2012,59.5,192,240,58,150,13
911,2013,47.8,201,230,43.6,121,3
911,2014,33.5,187,226,33.5,85,-1
911,2015,5.7,112,129,0.6,14,-98
911,2016,37.8,182,210,37.2,95,-17
911,2017,41.2,189,237,40,104,10
911,2018,41.1,201,225,37.3,104,-2
911,2019,24.6,167,218,21.4,62,-9
911,2020,32.4,155,245,32,82,18
911,2021,54.5,196,230,53,138,3
911,2022,38.4,203,248,29.6,97,21
911,2023,42,205,228,37.8,106,1
911,2024,23,192,225,21.7,58,-2
911,2025,27.4,175,215,23.3,69,-12
911,2026,17.3,167,211,14.7,44,-16
912,1995,0,365,365,,0,142
912,1996,9.1,128,132,1.7,24,-91
912,1997,46.8,196,227,44.3,122,4
912,1998,27.4,162,211,23.2,72,-12
912,1999,53.2,192,242,50.2,139,19
912,2000,42,183,221,41.7,110,-2
912,2001,21.3,197,221,14.7,56,-2
912,2002,59.4,181,244,59,155,21
912,2003,11,190,212,8.4,29,-11
912,2004,36,159,200,30.2,94,-23
912,2005,5.6,200,205,4.4,15,-18
912,2006,40.5,200,223,39,106,0
912,2007,32.7,152,210,24.2,85,-13
912,2008,85.7,212,246,75,224,23
912,2009,64.3,200,239,58.5,168,16
912,2010,11.7,192,208,5.2,31,-15
912,2011,45.8,216,249,28.2,120,26
912,2012,60.5,192,231,57.2,158,8
912,2013,55.4,180,223,54,145,0
912,2014,35.9,188,225,35.3,94,2
912,2015,5.4,97,117,0,14,-106
912,2016,23.1,182,201,21.7,60,-22
912,2017,43,161,234,40,112,11
912,2018,50.5,205,226,41.8,132,3
912,2019,25.8,166,209,20.4,67,-14
912,2020,51.3,191,224,49.6,134,1
912,2021,71.2,194,238,67.7,186,15
912,2022,43.8,204,245,35.2,115,22
912,2023,53.3,207,228,45.7,139,5
912,2024,22.9,192,219,21.2,60,-4
912,2025,28.6,175,212,25,75,-11
912,2026,24.8,167,212,21.6,65,-11
913,1995,0,365,365,,0,136
913,1996,17.6,184,225,17.6,119,-4
913,1997,18,215,228,15.6,121,-0
913,1998,14.1,204,225,12.8,95,-4
913,1999,12.8,206,233,10.9,86,4
913,2000,14.8,188,218,14.1,100,-10
913,2001,11.1,199,223,10.5,75,-6
913,2002,8.1,182,198,8,55,-30
913,2003,12.5,207,233,11.5,84,4
913,2004,9.4,171,211,8.3,63,-18
913,2005,11.5,184,223,11.1,77,-6
913,2006,18,185,216,17.7,121,-12
913,2007,11.1,164,212,10.1,75,-16
913,2008,16.6,201,234,14.5,112,6
913,2009,14.9,196,220,14.3,100,-8
913,2010,11.3,194,235,9.1,76,6
913,2011,22.3,218,244,19.4,150,16
913,2012,12.6,167,214,12.3,85,-14
913,2013,17.5,207,231,12.4,118,2
913,2014,24.2,200,241,21.4,163,12
913,2015,13.5,183,236,13.5,91,8
913,2016,16.6,215,242,16.2,112,14
913,2017,15.2,189,229,15,102,0
913,2018,18.5,204,227,15.4,125,-2
913,2019,16.8,196,240,16.2,113,12
913,2020,20.4,210,232,18.6,137,4
913,2021,12.9,206,231,11.9,87,2
913,2022,14,208,226,11.7,94,-2
913,2023,15.9,191,228,15.5,107,-0
913,2024,15.1,202,233,14.6,102,4
913,2025,13.7,190,221,12.8,92,-8
913,2026,7.6,170,182,3,51,-46
914,1996,4.9,163,181,0,66,4
914,1997,10.1,153,172,1.1,136,-5
914,1998,8.7,171,207,6.9,118,30
914,1999,3.5,140,148,0.2,47,-29
914,2000,5.6,176,191,4.2,76,14
914,2001,8.5,182,188,7.9,115,11
914,2002,5,160,173,0,68,-4
914,2003,7.5,171,193,6,101,16
914,2004,7.7,159,175,0,104,-2
914,2005,10.3,184,198,10.3,139,21
914,2006,2.1,138,153,0,28,-24
914,2007,7.4,157,170,0,100,-7
914,2008,11.3,160,189,7.7,153,12
914,2009,6.5,144,167,1.3,88,-10
914,2010,9.3,180,191,9.1,126,14
914,2011,5.4,161,169,0,73,-8
914,2012,7.8,166,174,0,105,-3
914,2013,6.1,178,184,3.5,82,7
914,2014,4.8,165,177,0.3,65,0
914,2015,7.9,160,179,0.4,107,2
914,2016,5.8,139,163,0.6,78,-14
914,2017,7.6,152,167,0.7,103,-10
914,2018,1.4,153,155,0.3,19,-22
914,2019,10.9,176,191,8.6,147,14
914,2020,7.1,159,186,4.6,96,9
914,2021,8.2,182,189,7.7,111,12
914,2022,8,187,198,7.2,108,21
914,2023,6.7,181,194,5.7,91,17
914,2024,5.8,186,195,5.3,78,18
914,2025,3.5,124,152,0.1,47,-25
914,2026,3.3,147,150,0,45,-27
915,1995,0,365,365,,0,142
915,1996,15.3,219,245,13,125,22
915,1997,18,197,227,16.6,147,4
915,1998,12.9,202,220,9.4,105,-2
915,1999,13.2,195,236,12.8,108,14
915,2000,8.8,187,214,8.8,72,-8
915,2001,10.9,205,222,7.5,89,-0
915,2002,6.9,202,219,6.6,56,-4
915,2003,12.1,225,235,10.9,99,12
915,2004,8.1,162,197,6.2,66,-26
915,2005,8.5,206,232,6.6,69,10
915,2006,15.4,202,221,12.5,126,-2
915,2007,8.8,187,214,8.5,72,-8
915,2008,12.4,211,229,10.7,101,6
915,2009,15.1,222,234,12.5,123,12
915,2010,8.4,194,248,7.4,69,26
915,2011,14.7,216,250,10.7,120,28
915,2012,12.1,192,208,11.9,99,-14
915,2013,10.2,207,221,9.3,83,-2
915,2014,13.9,191,229,13.2,113,6
915,2015,8.2,172,214,7.2,67,-8
915,2016,12.9,182,218,12.8,105,-4
915,2017,16.9,213,225,14.3,138,2
915,2018,15.9,204,222,12.7,130,-0
915,2019,12.5,200,223,10.5,102,0
915,2020,12.1,202,219,11.8,99,-4
915,2021,9.3,185,213,9.3,76,-10
915,2022,12.3,227,241,9.7,100,18
915,2023,1.3,36,258,,11,36
915,2024,10.9,193,227,10.2,89,4
915,2025,11.7,190,215,11.2,96,-8
915,2026,8.3,169,215,6.7,68,-8
916,1997,32.8,215,245,27.4,152,0
916,1998,21.6,203,238,15.8,100,-6
916,1999,25.7,230,257,21.1,119,12
916,2000,15.3,188,240,14.5,71,-4
916,2001,16,207,230,11,74,-14
916,2002,17.9,223,243,14.2,83,-2
916,2003,25.1,226,243,17.1,116,-2
916,2004,19.6,207,250,17.5,91,6
916,2005,21.3,227,258,12.3,99,14
916,2006,22.8,202,231,18.8,106,-14
916,2007,19,208,226,15.9,88,-18
916,2008,21.6,209,265,18.8,100,20
916,2009,28.6,222,248,20.9,132,4
916,2010,22.1,244,265,17.1,102,20
916,2011,28.5,247,269,16.7,132,24
916,2012,20,205,228,16.6,93,-16
916,2013,18.2,218,239,14.5,84,-6
916,2014,30.3,227,246,29.2,140,2
916,2015,16.4,199,245,14.2,76,0
916,2016,18.2,190,246,17.9,84,2
916,2017,26,214,244,20.3,120,-0
916,2018,27,199,242,22.8,125,-2
916,2019,24,216,250,18.9,111,6
916,2020,19.5,209,240,18.1,90,-4
916,2021,16.4,210,231,14.4,76,-14
916,2022,24.1,246,261,15.2,112,16
916,2023,23.6,214,235,20.5,109,-10
916,2024,14.8,223,242,13.2,69,-2
916,2025,23.8,219,242,17.5,110,-2
916,2026,15.7,186,225,14,73,-20
917,1981,2.8,22,36,1.9,52,-152
917,1982,7.9,192,213,6.7,148,24
917,1983,3.9,143,193,3.2,73,4
917,1984,6.4,183,204,5.9,120,16
917,1985,6.7,188,198,6.4,125,10
917,1986,4.8,134,169,0,90,-20
917,1987,4.3,182,194,4.2,80,6
917,1988,5.4,170,194,4.8,101,6
917,1989,6.3,193,202,5.4,118,14
917,1990,5.2,142,197,4.4,97,8
917,1991,5.6,182,191,5.4,105,2
917,1992,3.6,119,159,0,67,-30
917,1993,5.7,172,186,4,107,-2
917,1994,7.1,151,194,5.4,133,6
917,1995,2.7,181,195,2.4,50,6
917,1996,5.4,183,192,5,101,4
917,1997,5.8,170,183,2.7,108,-6
917,1998,4,174,186,2.9,75,-2
917,1999,6.2,170,182,3,116,-6
917,2000,4.3,186,196,4,80,8
917,2001,5,198,206,3.9,93,18
917,2002,5.3,188,197,5.1,99,8
917,2003,4.4,164,178,0.6,82,-10
917,2004,5.8,160,182,0.9,108,-6
917,2005,2.5,179,188,2.4,47,-0
917,2006,4.6,176,186,3.2,86,-2
917,2007,5,154,169,0.8,93,-20
917,2008,4.9,193,214,4.8,92,26
917,2009,5.8,162,196,5.2,108,8
917,2010,7.3,221,229,0.9,136,40
917,2011,8.4,191,217,7.7,157,28
917,2012,3.4,161,169,0.8,64,-20
917,2013,6.2,178,189,5.5,116,0
917,2014,7.3,180,200,7.2,136,12
917,2015,5,162,167,0,93,-22
917,2016,3.6,157,164,0,67,-24
917,2017,4.1,163,170,0,77,-18
917,2018,6.9,193,204,6.5,129,16
917,2019,7,163,188,5,131,-0
917,2020,8.4,200,208,7.8,157,20
917,2021,5.4,164,187,4.8,101,-2
917,2022,4.3,172,179,0.9,80,-10
917,2023,10.7,188,211,9.2,200,22
917,2024,3.8,221,223,2.4,71,34
917,2025,8.2,176,194,6.6,153,6
917,2026,2.4,128,159,0,45,-30
918,1981,8.9,164,206,6.4,87,-4
918,1982,12.9,202,219,11.6,126,8
918,1983,11.4,187,213,11.3,111,2
918,1984,4.8,169,201,4.5,47,-10
918,1985,10.2,187,211,10,100,0
918,1986,8.2,148,194,7,80,-16
918,1987,8.1,180,199,7.6,79,-12
918,1988,8.3,184,200,8.3,81,-10
918,1989,10.5,187,203,10.1,102,-8
918,1990,10.8,172,200,10.4,105,-10
918,1991,9.7,194,212,8.9,95,2
918,1992,7.7,157,196,5.9,75,-14
918,1993,8.9,172,200,7.9,87,-10
918,1994,10.7,179,205,10.2,104,-6
918,1995,7.9,186,211,7.7,77,0
918,1996,11.4,184,207,11.4,111,-4
918,1997,18.6,188,223,18.3,181,12
918,1998,9.4,175,207,8.8,92,-4
918,1999,13.3,184,219,13.3,130,8
918,2000,9.3,173,208,9.1,91,-2
918,2001,7.2,198,214,5.6,70,4
918,2002,11,174,204,10.6,107,-6
918,2003,9.6,192,211,9,94,0
918,2004,9,173,194,7.4,88,-16
918,2005,6.8,198,207,6.6,66,-4
918,2006,10.1,177,207,9.9,99,-4
918,2007,10.4,162,204,9,101,-6
918,2008,13.4,194,228,13.3,131,18
918,2009,11,187,221,10.7,107,10
918,2010,8.7,192,205,8,85,-6
918,2011,15.9,205,227,13.3,155,16
918,2012,16.8,191,220,16.4,164,10
918,2013,9,174,210,8.9,88,-0
918,2014,10.4,185,215,10.2,101,4
918,2015,6.9,176,204,5.9,67,-6
918,2016,10.7,182,204,10.2,104,-6
918,2017,11.3,186,217,11.2,110,6
918,2018,16.1,201,223,13.8,157,12
918,2019,9.9,198,218,9.6,97,8
918,2020,11.7,190,219,11.2,114,8
918,2021,9.2,182,215,9,90,4
918,2022,12.3,204,225,11.8,120,14
918,2023,9.4,184,218,8.9,92,8
918,2024,9.7,183,223,9.6,95,12
918,2025,8.9,187,217,8.7,87,6
918,2026,6.8,178,219,6.6,66,8
919,1996,13.2,189,244,12.7,110,11
919,1997,16.6,215,232,14,138,-1
919,1998,11.4,202,218,8.6,95,-15
919,1999,12,199,237,11.5,100,4
919,2000,9.5,199,218,8.8,79,-15
919,2001,9.6,206,222,6.9,80,-11
919,2002,12.6,223,239,9.9,105,6
919,2003,12.7,223,239,10.7,106,6
919,2004,10.6,182,219,10.2,88,-14
919,2005,10.6,206,234,8.5,88,1
919,2006,11.1,202,226,10,92,-7
919,2007,9.9,206,219,7.9,82,-14
919,2008,9.5,210,233,8,79,0
919,2009,13.5,214,239,11.1,112,6
919,2010,12,198,243,9.9,100,10
919,2011,18.9,223,259,10.8,157,26
919,2012,12.4,203,227,10.3,103,-6
919,2013,9.7,207,226,7.8,81,-7
919,2014,16.1,212,238,14.5,134,5
919,2015,11,210,239,8.6,92,6
919,2016,9.6,200,221,9.4,80,-12
919,2017,10.2,216,225,7,85,-8
919,2018,16.5,208,231,13.8,138,-2
919,2019,12.4,219,244,9.4,103,11
919,2020,13.4,209,241,11.1,112,8
919,2021,10.6,209,232,8.9,88,-1
919,2022,11.1,216,245,7.7,92,12
919,2023,13.1,210,229,11.4,109,-4
919,2024,9,223,232,7.3,75,-1
919,2025,12.2,214,237,9.8,102,4
919,2026,10,202,225,8.7,83,-8
920,1996,0.2,362,363,,3,159
920,1997,12.6,199,223,9.4,175,19
920,1998,9.2,187,211,9,128,7
920,1999,6.6,199,210,5.4,92,6
920,2000,7.5,192,212,6.4,104,8
920,2001,7.2,185,208,6.9,100,4
920,2002,5,187,197,4.8,69,-7
920,2003,6.9,173,196,5.6,96,-8
920,2004,6,171,185,3.1,83,-19
920,2005,4.2,178,189,3.9,58,-15
920,2006,7.1,180,197,6.7,99,-7
920,2007,6.2,169,201,4.3,86,-3
920,2008,10.9,197,228,8.6,151,24
920,2009,11.1,189,205,10.1,154,1
920,2010,8.5,190,199,6.9,118,-5
920,2011,8.9,183,219,8.9,124,15
920,2012,7.9,159,178,0,110,-26
920,2013,6.8,179,216,6.7,94,12
920,2014,9.7,185,204,9.3,135,0
920,2015,6,157,179,0.7,83,-25
920,2016,5.3,158,192,4.8,74,-12
920,2017,5.2,165,175,0.5,72,-29
920,2018,8.3,190,208,7.2,115,4
920,2019,7.6,169,199,6.4,106,-5
920,2020,7.8,188,209,7.2,108,5
920,2021,6,179,213,5.7,83,9
920,2022,5.1,198,205,4.2,71,1
920,2023,8.4,190,208,7.9,117,4
920,2024,5.2,185,199,4.9,72,-5
920,2025,4.5,176,191,2.7,62,-13
920,2026,4.5,167,173,0,62,-31
921,1997,4.4,156,172,0,119,1
921,1998,7.1,170,204,5.6,192,33
921,1999,0.8,189,192,0,22,21
921,2000,1.2,165,177,0.3,32,6
921,2001,5.9,162,188,5,159,17
921,2002,2.1,151,165,0,57,-6
921,2003,2.1,174,185,1.4,57,14
921,2004,4.4,162,172,0.2,119,1
921,2005,6.4,180,199,6,173,28
921,2006,0,365,365,0,0,194
921,2007,5.2,158,170,0,141,-1
921,2008,4.6,150,182,1.6,124,11
921,2009,3.8,140,159,0.6,103,-12
921,2010,8.4,183,198,8.4,227,27
921,2011,2.9,142,168,0,78,-3
921,2012,4.9,166,178,0.5,132,7
921,2013,3.1,165,170,0,84,-1
921,2014,1.2,70,99,0,32,-72
921,2015,1.5,127,131,0,41,-40
921,2016,3.9,132,142,0,105,-29
921,2017,2.6,116,132,0,70,-39
921,2018,1,142,148,0,27,-23
921,2019,3.6,150,159,0.3,97,-12
921,2020,4.8,138,160,0,130,-11
921,2021,1.7,125,128,0.3,46,-43
921,2022,3.2,138,144,0.4,86,-27
921,2023,5.9,152,165,2.3,159,-6
921,2024,5.4,136,149,0,146,-22
921,2025,1.3,40,44,0,35,-127
921,2026,1.1,107,111,0,30,-60
922,1997,24.2,209,246,18.5,151,16
922,1998,20.6,202,236,19.4,128,6
922,1999,11.8,217,234,8.4,74,4
922,2000,10.8,188,217,10.1,67,-12
922,2001,16.5,194,229,15.9,103,-0
922,2002,5.8,190,203,5.5,36,-26
922,2003,18.4,207,233,18.1,115,4
922,2004,17.1,196,230,11.6,107,0
922,2005,26.7,216,242,25.7,166,12
922,2006,2.8,190,196,2.4,17,-34
922,2007,15.9,222,242,12.2,99,12
922,2008,21.7,201,243,19.2,135,14
922,2009,18.1,202,227,13.5,113,-2
922,2010,20.7,215,239,20.7,129,10
922,2011,8.6,192,223,8.3,54,-6
922,2012,12.7,176,194,8.8,79,-36
922,2013,10.2,167,217,9.3,64,-12
922,2014,7.4,197,219,6.3,46,-10
922,2015,13.4,180,246,13.2,83,16
922,2016,19.2,203,236,16.7,120,6
922,2017,15.9,188,228,14.7,99,-2
922,2018,4.2,183,195,4.2,26,-34
922,2019,20.4,197,241,19.2,127,12
922,2020,16.2,185,217,16.2,101,-12
922,2021,9.6,180,204,9.3,60,-26
922,2022,12.4,190,208,12,77,-22
922,2023,20.2,181,225,20,126,-4
922,2024,20.6,186,217,20.2,128,-12
922,2025,6.3,171,191,3.3,39,-38
922,2026,6.9,148,172,0,43,-58
923,1998,0.6,16,18,,4,-220
923,1999,26.9,230,257,16.3,167,19
923,2000,15.7,203,237,13.7,98,-1
923,2001,13.3,197,227,9.9,83,-11
923,2002,14.3,214,240,11.8,89,2
923,2003,15.8,192,238,15.1,98,0
923,2004,18,208,233,14.1,112,-5
923,2005,27.3,224,255,21.8,170,17
923,2006,17.8,202,230,17.2,111,-8
923,2007,13.1,207,228,12,81,-10
923,2008,17.1,196,261,15.7,106,23
923,2009,15.6,216,235,10.9,97,-3
923,2010,22.5,227,250,13.8,140,12
923,2011,25.5,243,265,19.1,158,27
923,2012,11.1,174,220,10.7,69,-18
923,2013,14.1,208,228,11.3,88,-10
923,2014,18.2,213,239,17,113,1
923,2015,11.2,203,246,8.8,70,8
923,2016,21,222,247,16.6,130,9
923,2017,37.2,213,255,32.4,231,17
923,2018,13.2,193,234,12.3,82,-4
923,2019,18.4,200,250,15.5,114,12
923,2020,16.1,200,224,13.1,100,-14
923,2021,14.3,210,238,12.4,89,0
923,2022,15.6,217,240,10.6,97,2
923,2023,26.5,208,238,22.8,165,0
923,2024,20.6,224,245,18.9,128,7
923,2025,17.7,189,234,17.2,110,-4
923,2026,14.1,168,216,9.9,88,-22
924,1981,8,193,201,7.1,69,-5
924,1982,18.7,205,224,16.2,161,18
924,1983,16.1,179,214,15.8,139,8
924,1984,12.3,198,225,11.7,106,19
924,1985,15.4,189,211,15.1,133,5
924,1986,16.4,159,192,11,141,-14
924,1987,8.3,185,197,8.3,72,-9
924,1988,8.8,189,199,8.7,76,-7
924,1989,17.8,187,213,17.5,153,7
924,1990,8.6,177,194,7.3,74,-12
924,1991,8.7,178,211,8.3,75,5
924,1992,9.7,155,196,7.7,84,-10
924,1993,15.7,174,213,14.4,135,7
924,1994,9.1,193,205,8.4,78,-1
924,1995,16.5,185,219,16.2,142,13
924,1996,11.6,188,214,11.3,100,8
924,1997,19.1,171,209,18,165,3
924,1998,9.7,184,209,9.7,84,3
924,1999,16.1,194,213,14.7,139,7
924,2000,10.2,185,199,10.2,88,-7
924,2001,5.9,197,207,5.3,51,1
924,2002,10.5,186,206,10.3,91,0
924,2003,8.3,161,195,6.5,72,-11
924,2004,12.1,164,189,8.2,104,-17
924,2005,10.1,189,205,10.1,87,-1
924,2006,14.2,187,209,13.4,122,3
924,2007,8.6,163,191,5.5,74,-15
924,2008,15.4,195,219,15.1,133,13
924,2009,12.3,189,208,11.8,106,2
924,2010,7.5,190,202,6.5,65,-4
924,2011,16,192,220,15.1,138,14
924,2012,11.6,174,201,9.7,100,-5
924,2013,8.6,177,206,8.5,74,0
924,2014,14.6,189,205,14.4,126,-1
924,2015,7.4,161,183,3.4,64,-23
924,2016,10.6,182,197,10.5,91,-9
924,2017,12.4,163,190,8,107,-16
924,2018,13.7,186,210,13.6,118,4
924,2019,14,172,205,13.4,121,-1
924,2020,12,191,207,11.5,103,1
924,2021,10.5,184,205,10.5,91,-1
924,2022,8,175,210,7,69,4
924,2023,17.5,189,215,16.6,151,9
924,2024,9.2,185,205,9.1,79,-1
924,2025,11.1,176,203,10.4,96,-3
924,2026,8.1,167,180,2.4,70,-26
925,1997,0,365,365,,0,184
925,1998,5.1,106,112,0,65,-69
925,1999,9.1,193,200,7,115,19
925,2000,8.8,122,152,0,111,-29
925,2001,1.4,125,128,0,18,-53
925,2002,12.5,173,190,9.3,158,9
925,2003,2.8,189,192,0,35,11
925,2004,5.2,101,111,0,66,-70
925,2005,1.7,108,110,0,22,-71
925,2006,7.6,173,187,4.9,96,6
925,2007,5.3,154,162,0,67,-19
925,2008,37.2,205,231,33.8,471,50
925,2009,13.7,98,148,12.2,173,-33
925,2010,4,191,197,1.3,51,16
925,2011,12.2,180,216,9.4,154,35
925,2012,12.5,176,204,10.9,158,23
925,2013,13.7,122,188,9.2,173,7
925,2014,4,132,137,0,51,-44
925,2015,2.2,95,98,0.2,28,-83
925,2016,6.2,107,117,0,78,-64
925,2017,15.1,160,176,4.5,191,-5
925,2018,8.4,158,191,6.3,106,10
925,2019,15.7,167,186,9.1,199,5
925,2020,8.2,111,123,5,104,-58
925,2021,11.9,181,199,11.4,151,18
925,2022,13.6,98,167,0,172,-14
925,2023,15.7,203,214,11.5,199,33
925,2024,9.9,111,123,0,125,-58
925,2025,4.7,139,145,0,59,-36
925,2026,2.1,101,108,0,27,-73
926,2001,0,365,365,,0,123
926,2002,18.4,207,241,16,92,-1
926,2003,22.2,226,242,15.8,111,0
926,2004,15.2,164,221,15.1,76,-21
926,2005,20.9,231,250,14.3,104,8
926,2006,31.1,208,234,23.8,155,-8
926,2007,15.6,206,226,12.9,78,-16
926,2008,19.9,216,253,18.7,99,11
926,2009,23.6,221,242,19.8,118,0
926,2010,20.2,242,258,17,101,16
926,2011,25.9,224,266,21.7,129,24
926,2012,21.3,203,230,20.8,106,-12
926,2013,19,207,228,17.8,95,-14
926,2014,16.9,192,236,16.2,84,-6
926,2015,12.8,202,226,11.2,64,-16
926,2016,18.5,190,244,17.9,92,2
926,2017,35.9,211,249,31.4,179,7
926,2018,23,203,243,20.9,115,1
926,2019,23.5,204,255,20.1,117,13
926,2020,15.1,202,224,14.2,75,-18
926,2021,11.6,210,230,11,58,-12
926,2022,20.2,227,254,15.3,101,12
926,2023,27.6,208,242,24.4,138,0
926,2024,18,194,240,17,90,-2
926,2025,17.4,192,223,17,87,-19
926,2026,21.1,213,227,18.9,105,-15
927,1998,27,200,232,24.7,161,26
927,1999,12.6,196,221,8.3,75,15
927,2000,15.9,187,204,15.2,95,-2
927,2001,19.1,164,214,16.7,114,8
927,2002,8.5,177,186,6.3,51,-20
927,2003,18.8,173,217,17.7,112,11
927,2004,16.3,158,206,9.3,97,0
927,2005,41,185,234,39,244,28
927,2006,11.1,189,200,10.6,66,-6
927,2007,11.9,158,187,9.3,71,-19
927,2008,30.1,159,210,27.4,179,4
927,2009,21.5,148,207,18.6,128,1
927,2010,27.7,165,222,25.4,165,16
927,2011,18.5,164,204,16.6,110,-2
927,2012,13.5,173,193,11.4,80,-13
927,2013,16.5,163,199,13.5,98,-7
927,2014,13.1,166,196,10.6,78,-10
927,2015,16.8,154,186,10,100,-20
927,2016,9.3,109,205,8.6,55,-1
927,2017,31.9,170,207,31.5,190,1
927,2018,8.4,172,189,6.6,50,-17
927,2019,29.2,177,214,27.8,174,8
927,2020,21.1,202,216,20.9,126,10
927,2021,16.4,180,196,15.5,98,-10
927,2022,18.4,171,200,18.2,110,-6
927,2023,36.2,175,219,34.6,215,13
927,2024,22.8,194,221,22.4,136,15
927,2025,14.9,175,196,12.6,89,-10
927,2026,14,148,178,2.8,83,-28
928,1998,3.9,109,127,0.1,100,-26
928,1999,5.7,159,172,0.3,146,19
928,2000,5,124,153,0,128,0
928,2001,1.1,85,92,0,28,-61
928,2002,7.8,171,183,3.8,200,30
928,2003,2.3,161,164,0,59,11
928,2004,3,137,144,0,77,-9
928,2005,1.4,109,111,0,36,-42
928,2006,2.7,82,86,0,69,-67
928,2007,3,127,135,0,77,-18
928,2008,10.5,132,153,4,269,0
928,2009,13.6,184,200,12.7,349,47
928,2010,1.3,94,97,0,33,-56
928,2011,4,161,176,0.2,103,23
928,2012,5.4,175,186,3.4,138,33
928,2013,5.6,122,164,0,144,11
928,2014,3.4,148,159,0,87,6
928,2015,1.6,97,103,0,41,-50
928,2016,4.9,113,138,0,126,-15
928,2017,8,161,172,0,205,19
928,2018,3.5,158,166,0,90,13
928,2019,6.3,166,175,0.3,162,22
928,2020,3.3,115,125,0,85,-28
928,2021,4.5,152,171,0,115,18
928,2022,6.3,99,155,0,162,2
928,2023,4.5,168,177,0.7,115,24
928,2024,3.7,114,124,0,95,-29
928,2025,3,141,147,0,77,-6
928,2026,5.2,167,172,0,133,19
929,2000,13.9,186,205,13.9,99,-15
929,2001,13.8,205,218,10.4,98,-2
929,2002,12.7,186,229,12.5,90,9
929,2003,17.6,186,228,15.2,125,8
929,2004,13.3,161,198,9.7,94,-22
929,2005,13.7,188,221,13.3,97,1
929,2006,16.2,189,214,15.5,115,-6
929,2007,9.5,162,210,6.5,67,-10
929,2008,17.4,195,230,15.6,123,10
929,2009,14.8,200,232,13.8,105,12
929,2010,16.5,197,232,15.2,117,12
929,2011,24.4,214,236,18.3,173,16
929,2012,12.7,202,210,11.5,90,-10
929,2013,13.4,207,220,11.9,95,0
929,2014,22.9,190,232,22.7,162,12
929,2015,13.4,150,206,10.6,95,-14
929,2016,14.1,184,208,14.1,100,-12
929,2017,11.5,165,217,9.8,82,-3
929,2018,24.3,199,223,19.4,172,3
929,2019,18.1,201,226,16,128,6
929,2020,16.9,188,216,16.8,120,-4
929,2021,13.4,179,214,13.3,95,-6
929,2022,7.7,174,218,6.1,55,-2
929,2023,15.5,189,217,15.3,110,-3
929,2024,9.8,193,207,9.6,70,-13
929,2025,14,187,214,12.7,99,-6
929,2026,6.5,167,173,0.6,46,-47
930,1981,11,196,240,10.1,89,8
930,1982,16,202,236,12.8,130,4
930,1983,12.7,230,240,10,103,8
930,1984,15.4,220,243,11.1,125,12
930,1985,10.9,190,219,10.6,89,-12
930,1986,13.8,226,239,10.8,112,8
930,1987,8.6,202,211,8.1,70,-20
930,1988,11.1,220,233,8.8,90,2
930,1989,11.2,187,222,10.9,91,-10
930,1990,9.4,196,235,9.3,76,4
930,1991,10.6,223,235,8,86,4
930,1992,8.9,195,217,8.1,72,-14
930,1993,12.3,221,232,8.2,100,0
930,1994,8.9,200,220,7.3,72,-12
930,1995,14.9,220,241,9.9,121,10
930,1996,12.3,219,247,9.9,100,16
930,1997,17.9,216,235,15.2,146,4
930,1998,12.4,209,222,9.9,101,-10
930,1999,13.6,229,240,11.4,111,8
930,2000,8.2,192,221,7.9,67,-10
930,2001,11.6,207,231,8.7,94,-0
930,2002,9.4,224,241,6.4,76,10
930,2003,16.6,225,243,11.8,135,12
930,2004,9.4,186,220,8.8,76,-12
930,2005,9.4,204,236,5.9,76,4
930,2006,12.5,202,229,9.3,102,-2
930,2007,13.2,209,230,10.3,107,-2
930,2008,11.7,210,243,9.1,95,12
930,2009,17.2,226,243,14.2,140,12
930,2010,11.6,226,252,9.3,94,20
930,2011,16.4,222,256,10.5,133,24
930,2012,11.3,192,223,10.2,92,-8
930,2013,8.7,197,223,8.5,71,-8
930,2014,16.9,212,239,14.9,137,8
930,2015,9,162,217,7.6,73,-14
930,2016,11.8,201,231,11.5,96,-0
930,2017,13.5,215,240,10.5,110,8
930,2018,18.2,202,231,14.9,148,-0
930,2019,12.3,204,227,10.5,100,-4
930,2020,12.4,203,227,11.2,101,-4
930,2021,9.6,208,226,9.2,78,-6
930,2022,10.5,213,239,8.4,85,8
930,2023,15.4,208,228,12.3,125,-4
930,2024,10.2,194,230,9.2,83,-2
930,2025,11.2,206,223,10.2,91,-8
930,2026,9.5,187,219,8.6,77,-12
931,1998,0,365,365,,0,134
931,1999,12.1,209,239,7.3,121,8
931,2000,9.1,192,218,8.4,91,-13
931,2001,7.8,200,220,5.8,78,-11
931,2002,8.8,194,231,8.3,88,0
931,2003,12.6,191,236,12.5,126,5
931,2004,7.6,171,217,7,76,-14
931,2005,11,225,233,7.9,110,2
931,2006,6.9,190,214,6.7,69,-17
931,2007,10.7,219,229,9.4,107,-2
931,2008,11.7,228,244,9.3,117,13
931,2009,12.4,189,232,10.1,124,1
931,2010,13.5,226,243,7.5,135,12
931,2011,15,234,250,8.6,150,19
931,2012,9.7,167,209,7.8,97,-22
931,2013,9.2,217,226,6.7,92,-5
931,2014,14.1,200,238,12.7,141,7
931,2015,8,209,228,6.8,80,-3
931,2016,10.2,214,234,7.6,102,3
931,2017,15.4,215,229,11.4,154,-2
931,2018,9.7,201,222,8.2,97,-9
931,2019,9.7,224,248,7.6,97,17
931,2020,10,205,230,8.6,100,-1
931,2021,12,210,235,9.4,120,4
931,2022,10.3,216,230,6.2,103,-1
931,2023,11,192,223,10.3,110,-8
931,2024,8.7,223,233,5.9,87,2
931,2025,9.7,214,225,7.2,97,-6
931,2026,5,168,172,0,50,-59
932,1981,21.8,197,221,16.8,58,-13
932,1982,45.5,204,248,41.2,122,14
932,1983,30.7,197,231,29.5,82,-3
932,1984,23.6,198,241,21.3,63,7
932,1985,38.7,188,232,38,104,-2
932,1986,23.3,178,222,21.6,62,-12
932,1987,26.5,185,213,26.5,71,-21
932,1998,0,365,365,,0,131
932,1999,58.2,193,245,58.2,156,11
932,2000,41.1,183,234,40.9,110,0
932,2001,24.4,197,231,19.8,65,-3
932,2002,52.9,192,247,50.6,142,13
932,2003,37.5,188,234,35.4,101,0
932,2004,36.7,160,216,34.8,98,-18
932,2005,20.6,190,220,19.3,55,-14
932,2006,42.7,187,229,42.3,114,-5
932,2007,32.7,162,220,31.3,88,-14
932,2008,49.3,209,244,45.6,132,10
932,2009,37.3,188,239,36.2,100,5
932,2010,26.2,196,231,22.8,70,-3
932,2011,60.1,217,254,50.1,161,20
932,2012,49.7,193,236,49.1,133,2
932,2013,34.5,206,231,32.7,92,-3
932,2014,45.4,212,240,43.4,122,6
932,2015,16.3,131,211,13.7,44,-23
932,2016,34.1,183,217,33.8,91,-17
932,2017,36.1,167,236,35,97,2
932,2018,50.9,201,235,45.7,136,1
932,2019,31.4,200,226,28.3,84,-8
932,2020,40,198,237,36.9,107,3
932,2021,30.8,193,230,29.8,83,-4
932,2022,38.3,204,251,35,103,17
932,2023,30.5,206,226,28.6,82,-8
932,2024,26.1,194,228,25.2,70,-6
932,2025,33.4,175,227,31.2,90,-7
932,2026,22.9,169,220,21.4,61,-14
933,1999,1.3,43,55,0,22,-114
933,2000,1.7,137,142,0.3,29,-26
933,2001,7.8,164,177,0.8,131,8
933,2002,4.8,146,166,0,81,-2
933,2003,6.3,158,182,2.2,106,14
933,2004,6.1,158,170,0,103,2
933,2005,7.2,160,187,6.1,121,18
933,2006,1.8,166,175,0,30,6
933,2007,5.8,152,166,0,97,-2
933,2008,9.1,149,177,0,153,8
933,2009,8.3,146,170,0,139,2
933,2010,12.5,168,189,8.6,210,20
933,2011,5.6,154,166,0,94,-2
933,2012,6.3,159,176,0,106,8
933,2013,5.2,155,169,0,87,0
933,2014,1.5,136,140,0,25,-28
933,2015,5.5,156,167,0,92,-2
933,2016,5.5,134,154,0,92,-14
933,2017,8.6,156,168,0,145,-0
933,2018,1.7,155,161,0,29,-8
933,2019,8.1,150,178,0.9,136,10
933,2020,6.4,153,165,0,108,-4
933,2021,3.7,157,172,0,62,4
933,2022,5.9,165,176,0,99,8
933,2023,10.7,178,194,10.1,180,26
933,2024,7.3,180,194,6.6,123,26
933,2025,1.4,20,22,0,24,-146
933,2026,1.9,146,149,0,32,-20
934,1999,4.7,146,177,0,57,-6
934,2000,8.2,189,198,8.1,99,15
934,2001,8.8,172,193,7.8,106,10
934,2002,5.3,164,175,0,64,-8
934,2003,10.8,182,200,10.7,130,17
934,2004,5.6,160,174,0,67,-9
934,2005,11.4,189,202,11,137,19
934,2006,2.2,148,155,1.1,27,-28
934,2007,11.5,157,194,9,139,11
934,2008,11,176,189,8.3,133,6
934,2009,7.6,150,173,3.1,92,-10
934,2010,13.5,180,200,12.8,163,17
934,2011,7.1,166,183,2.9,86,0
934,2012,8.4,174,182,1.9,101,-1
934,2013,6,165,183,2.4,72,0
934,2014,3.3,169,177,0.6,40,-6
934,2015,9.8,159,185,6.1,118,2
934,2016,7.1,147,169,0,86,-14
934,2017,8.6,160,173,3.9,104,-10
934,2018,1.6,155,162,0,19,-21
934,2019,11.1,176,204,10.1,134,21
934,2020,10,175,193,9,120,10
934,2021,8.6,185,192,8.1,104,9
934,2022,7.4,184,193,7.2,89,10
934,2023,11,184,200,10.9,133,17
934,2024,9.7,191,200,8.8,117,17
934,2025,4.1,151,170,0,49,-13
934,2026,2.7,147,153,0,33,-30
935,1999,18.1,219,245,9.8,125,10
935,2000,13.4,208,224,12.6,93,-10
935,2001,14.4,206,231,11.9,100,-4
935,2002,6.5,182,211,6.4,45,-24
935,2003,16,207,235,13.2,111,0
935,2004,9.6,197,222,7.9,66,-12
935,2005,10,217,233,8.6,69,-2
935,2006,15,191,229,14.7,104,-6
935,2007,16,209,234,13.2,111,-0
935,2008,14.7,202,243,13.1,102,8
935,2009,14.1,202,226,11.1,98,-8
935,2010,8.7,217,236,7.2,60,2
935,2011,20.6,234,251,15.7,143,16
935,2012,6.1,159,208,5.6,42,-26
935,2013,12.4,224,237,7.4,86,2
935,2014,17.3,200,246,15.7,120,12
935,2015,14.2,237,250,10.4,98,16
935,2016,14.5,215,242,12.5,100,8
935,2017,14.8,194,244,14.3,102,10
935,2018,11.4,204,227,9,79,-8
935,2019,18.6,236,254,16.7,129,20
935,2020,14.9,210,231,13.6,103,-4
935,2021,12.4,211,238,10.4,86,4
935,2022,11,201,224,10.1,76,-10
935,2023,12,191,229,11.9,83,-6
935,2024,11.9,193,236,11.4,82,2
935,2025,12,190,224,11.5,83,-10
935,2026,7,170,189,4,48,-46
936,1999,13.3,219,245,3.2,148,10
936,2000,8.9,187,220,8.3,99,-16
936,2001,8.5,218,228,5.8,94,-8
936,2002,3.4,183,200,3.4,38,-36
936,2003,13.4,207,235,12.5,149,-0
936,2004,10,215,230,4.7,111,-6
936,2005,11,217,235,7.8,122,-0
936,2006,6.9,202,226,6.9,77,-10
936,2007,16.1,220,246,11.5,179,10
936,2008,8.8,205,239,7.3,98,4
936,2009,8.4,202,226,3.4,93,-10
936,2010,8.7,228,238,7.2,97,2
936,2011,8.6,233,245,5.2,96,10
936,2012,5.7,201,211,4.9,63,-24
936,2013,9.8,224,236,4.4,109,0
936,2014,9.7,203,242,7.7,108,6
936,2015,13.2,237,249,6.5,147,14
936,2016,11.9,216,246,7.6,132,10
936,2017,9,216,245,7.4,100,10
936,2018,5.3,209,222,4.3,59,-14
936,2019,9,197,250,8,100,14
936,2020,9.1,210,224,7.5,101,-12
936,2021,10.2,211,240,8.5,113,4
936,2022,7,218,225,6.1,78,-10
936,2023,8.3,211,239,6.1,92,4
936,2024,11.2,226,245,9.6,124,10
936,2025,7.7,220,235,7,86,-0
936,2026,2.9,170,177,0,32,-58
937,1999,19.4,218,246,8.7,148,13
937,2000,12.4,209,228,10.8,94,-5
937,2001,13.6,206,232,11.7,103,-1
937,2002,6.8,180,211,6.7,52,-22
937,2003,13.6,207,234,11.8,103,1
937,2004,9.2,215,224,6.6,70,-9
937,2005,12.3,215,234,10.2,94,1
937,2006,15.6,192,230,15.3,119,-3
937,2007,15.1,209,231,11.9,115,-2
937,2008,14.8,204,242,13.1,113,9
937,2009,12.6,201,225,9.8,96,-8
937,2010,10.4,216,236,8.4,79,3
937,2011,16.1,215,248,14.3,122,15
937,2012,7.1,155,207,6.1,54,-26
937,2013,13.3,223,237,7.4,101,4
937,2014,14.8,199,240,13.7,113,7
937,2015,11.9,236,246,9.1,90,13
937,2016,13,215,239,10.8,99,6
937,2017,9.8,187,222,8.8,75,-11
937,2018,9.1,208,223,6.3,69,-10
937,2019,14.6,198,251,14.3,111,18
937,2020,13.3,210,227,11.7,101,-6
937,2021,11.4,206,233,10,87,0
937,2022,8.4,208,222,7.6,64,-11
937,2023,9.6,208,229,9.1,73,-4
937,2024,13.1,226,241,12,100,8
937,2025,10,190,225,9.1,76,-8
937,2026,9,228,229,0.7,68,-4
938,1999,0,365,365,,0,128
938,2000,11.8,209,229,9.9,94,-8
938,2001,14.9,219,237,10.5,118,-0
938,2002,5.5,183,213,5.5,44,-24
938,2003,11.6,207,237,8.4,92,-0
938,2004,11.4,215,233,6.5,90,-4
938,2005,10.4,221,234,8.4,83,-4
938,2006,12.5,202,231,11.5,99,-6
938,2007,12.6,208,238,9.6,100,0
938,2008,14.1,211,245,12.3,112,8
938,2009,12.6,202,228,10.3,100,-10
938,2010,10.2,228,240,8.5,81,2
938,2011,15.9,238,249,11.9,126,12
938,2012,6.6,204,217,6.3,52,-20
938,2013,13.1,223,240,6.9,104,2
938,2014,15,229,245,12,119,8
938,2015,16.3,237,251,9.4,129,14
938,2016,14.4,225,248,10.3,114,10
938,2017,12.9,223,247,10.7,102,10
938,2018,11.1,207,229,7.7,88,-8
938,2019,19,243,257,14.7,151,20
938,2020,14.8,209,233,12.4,117,-4
938,2021,10.4,225,242,7.9,83,4
938,2022,8.8,218,228,6.7,70,-10
938,2023,8.4,211,238,7.1,67,0
938,2024,16.1,226,249,10.6,128,12
938,2025,9.2,205,236,8,73,-2
938,2026,4.1,172,191,2.1,33,-46
939,1999,12.1,216,234,4.3,146,9
939,2000,8.7,203,219,7.4,105,-6
939,2001,8.7,218,228,7.3,105,3
939,2002,3.3,187,206,3.3,40,-19
939,2003,7.8,209,225,7.2,94,0
939,2004,7.7,215,224,3.8,93,-1
939,2005,6.1,216,227,5.6,73,2
939,2006,6.3,203,216,5.9,76,-9
939,2007,9.6,208,228,8,116,3
939,2008,11.4,205,236,10.4,137,11
939,2009,6.3,202,216,5.2,76,-9
939,2010,9.9,192,225,9.7,119,0
939,2011,4.8,217,222,4.1,58,-3
939,2012,7.4,176,207,6.5,89,-18
939,2013,8.5,222,233,4.2,102,8
939,2014,8.8,200,233,7.1,106,8
939,2015,9.7,234,244,5.5,117,19
939,2016,9.5,216,235,5.9,114,10
939,2017,6.1,189,225,4.9,73,0
939,2018,3,193,210,2.7,36,-15
939,2019,8.8,190,246,8.7,106,21
939,2020,8.1,209,221,7.7,98,-4
939,2021,8.5,216,233,7.6,102,8
939,2022,4.5,209,220,3.9,54,-5
939,2023,4.6,212,220,4.4,55,-5
939,2024,7.3,195,233,7.3,88,8
939,2025,5.6,191,213,4.9,67,-12
939,2026,2.6,162,176,0,31,-49
940,1999,24,194,242,21.7,98,14
940,2000,24.3,187,230,24,99,2
940,2001,22.1,197,226,19.9,90,-2
940,2002,18.4,183,220,18.4,75,-8
940,2003,24.9,223,238,22.8,102,10
940,2004,20.6,162,219,18.7,84,-8
940,2005,25.3,189,238,24.8,103,10
940,2006,29.3,190,227,28,120,-0
940,2007,21.2,166,223,20.6,87,-4
940,2008,31.3,198,244,28.4,128,16
940,2009,31.8,202,228,29.8,130,0
940,2010,25,191,242,20.4,102,14
940,2011,45.5,219,254,35.8,186,26
940,2012,16.6,160,195,13.7,68,-32
940,2013,23.9,209,227,17.8,98,-0
940,2014,31.8,189,236,30.8,130,8
940,2015,18,164,217,16.6,73,-10
940,2016,22.1,215,239,22.1,90,12
940,2017,29.2,167,226,26.2,119,-2
940,2018,20.8,193,221,18.7,85,-6
940,2019,24.9,197,239,23.7,102,12
940,2020,24.7,204,227,23.9,101,-0
940,2021,19.9,181,227,19.7,81,-0
940,2022,21.8,200,227,19.5,89,-0
940,2023,35,193,226,33.5,143,-2
940,2024,25.2,195,234,24.5,103,6
940,2025,20.7,190,220,20.1,84,-8
940,2026,14.3,162,181,6.1,58,-46
941,1998,0,365,365,,0,207
941,1999,6.7,162,172,2.4,186,14
941,2000,3.9,121,130,0,108,-28
941,2001,1.3,82,84,0,36,-74
941,2002,7,138,146,4,194,-12
941,2003,4.3,160,164,0,119,6
941,2004,2.5,59,61,0,69,-97
941,2005,1.4,108,110,0,39,-48
941,2006,2.8,170,175,0,78,17
941,2007,1.8,154,156,0,50,-2
941,2008,9.4,132,163,7.1,261,5
941,2009,8.9,186,201,7.6,247,43
941,2010,1.6,76,79,0.5,44,-79
941,2011,2.8,153,165,0,78,7
941,2012,4.1,175,182,1.3,114,24
941,2013,7.8,150,166,0,217,8
941,2014,3.3,147,152,0,92,-6
941,2015,1.2,95,98,0.4,33,-60
941,2016,4,96,105,0,111,-53
941,2017,3.5,104,110,0,97,-48
941,2018,4.4,158,165,0,122,7
941,2019,7.8,165,174,0,217,16
941,2020,3.6,148,158,1.3,100,0
941,2021,5.1,152,165,0,142,7
941,2022,4.4,98,104,0,122,-54
941,2023,3.6,167,172,0.2,100,14
941,2024,3.2,104,113,0,89,-45
941,2025,2.2,139,143,0,61,-15
941,2026,5.7,165,167,,158,9
942,1999,0,365,365,,0,143
942,2000,20,183,206,19.6,103,-16
942,2001,16.2,197,221,10.8,83,-1
942,2002,28.2,183,233,28.2,145,11
942,2003,12.5,189,224,10.8,64,2
942,2004,18.6,159,198,16.7,96,-24
942,2005,5.5,201,205,2.1,28,-17
942,2006,20.6,185,220,19.9,106,-2
942,2007,18.9,162,215,15.7,97,-7
942,2008,54.4,195,242,45.1,280,20
942,2009,41.6,195,241,33.4,214,19
942,2010,10.3,196,227,7.6,53,5
942,2011,27.8,221,251,15.4,143,29
942,2012,30.3,189,232,28.9,156,10
942,2013,24.7,199,223,21.7,127,1
942,2014,18,188,219,17.2,93,-3
942,2015,3.9,97,117,0,20,-105
942,2016,15.7,182,203,15.1,81,-19
942,2017,23,181,234,22.6,118,12
942,2018,22.2,201,221,19.2,114,-1
942,2019,17.7,198,219,16.9,91,-3
942,2020,25.3,188,223,24.3,130,1
942,2021,24.3,194,224,23.9,125,2
942,2022,21.7,212,242,16.4,112,20
942,2023,28.8,205,226,22.9,148,4
942,2024,8.1,193,211,6.5,42,-11
942,2025,13.5,174,210,11.6,69,-12
942,2026,9.1,167,194,6.7,47,-28
943,1999,31.7,194,237,31.5,317,40
943,2000,11.7,182,194,10.3,117,-3
943,2001,6,155,177,2.3,60,-20
943,2002,10.6,173,205,10,106,8
943,2003,7.3,111,142,0.4,73,-55
943,2004,5,156,173,2.7,50,-24
943,2005,3.8,109,115,0,38,-82
943,2006,12.7,174,215,11.4,127,18
943,2007,12.1,134,178,5.2,121,-19
943,2008,16,207,233,15.4,160,36
943,2009,6.5,188,201,6.1,65,4
943,2010,8.1,193,210,4.8,81,13
943,2011,23,211,236,21.9,230,39
943,2012,17.2,191,213,15.6,172,16
943,2013,14.3,160,203,11.8,143,6
943,2014,8.7,156,187,5.7,87,-10
943,2015,1.9,94,99,0,19,-98
943,2016,8.8,167,187,6.8,88,-10
943,2017,9.9,162,189,6.9,99,-8
943,2018,10.1,178,313,9.7,101,116
943,2019,7.5,165,187,5.4,75,-10
943,2020,11.2,185,200,11.2,112,3
943,2021,14,182,201,13.6,140,4
943,2022,8.2,99,177,2.4,82,-20
943,2023,16.3,187,214,15.4,163,17
943,2024,4.3,166,185,2.3,43,-12
943,2025,12.4,174,197,9.8,124,0
943,2026,4.6,167,171,0.4,46,-26
944,1999,19.3,229,254,15.8,140,14
944,2000,13.4,203,237,13.4,97,-4
944,2001,12.1,207,224,10.1,88,-16
944,2002,15.8,225,241,12.6,115,0
944,2003,13.3,225,237,13,97,-4
944,2004,10.5,183,218,10.3,76,-22
944,2005,11.5,226,240,10,84,-0
944,2006,13.8,202,230,12,100,-10
944,2007,11.9,206,224,10.3,87,-16
944,2008,13.7,216,245,12.6,100,4
944,2009,18.4,222,241,15.1,134,0
944,2010,11.8,227,252,7.3,86,12
944,2011,27.3,225,269,18.4,199,28
944,2012,12.7,191,229,12.5,92,-12
944,2013,12.4,210,228,10.7,90,-12
944,2014,21.3,203,242,20.2,155,2
944,2015,12.5,199,225,11.4,91,-16
944,2016,14,216,246,13.7,102,6
944,2017,26.3,212,247,21.5,191,6
944,2018,19.3,201,239,16.3,140,-2
944,2019,15.7,216,254,12.3,114,14
944,2020,15.5,211,242,13,113,2
944,2021,11.5,210,233,11.4,84,-8
944,2022,14.7,216,252,11.6,107,12
944,2023,15,211,232,13.7,109,-8
944,2024,13.7,194,240,13.2,100,-0
944,2025,14,214,236,13.7,102,-4
944,2026,13.2,169,204,9.3,96,-36
945,1999,4.8,165,175,0,204,42
945,2000,2.7,127,141,0,115,8
945,2001,0.8,86,93,0,34,-40
945,2002,3.7,91,105,0,157,-28
945,2003,0.3,92,93,0,13,-40
945,2004,4.8,140,162,0,204,28
945,2005,2.5,101,131,0,106,-2
945,2006,3.1,127,154,0,132,20
945,2007,2.1,156,162,0.8,89,28
945,2008,5.5,147,171,0.7,234,38
945,2009,2.8,140,150,0,119,16
945,2010,1.8,98,102,0,77,-32
945,2011,2.2,64,72,0,94,-62
945,2012,1.2,117,120,0,51,-14
945,2013,2.2,123,153,0,94,20
945,2014,0.4,91,101,0,17,-32
945,2015,0.3,79,80,0,13,-54
945,2016,3.5,110,134,0,149,0
945,2017,3.1,131,133,0,132,-0
945,2018,0.9,161,163,0,38,30
945,2019,2.7,164,170,0,115,36
945,2020,1.7,116,120,0,72,-14
945,2021,1.4,146,155,0,60,22
945,2022,2.5,97,134,0,106,0
945,2023,2.8,166,185,1.6,119,52
945,2024,2.4,110,115,0,102,-18
945,2025,5.1,143,155,0.6,217,22
945,2026,0.8,146,147,0,34,14
946,1981,24.3,210,235,22.9,98,-3
946,1982,18.9,226,245,15.8,76,7
946,1983,26.2,207,243,20.8,106,5
946,1984,26.4,222,249,20.9,106,11
946,1985,26.2,233,258,21.5,106,20
946,1986,19.4,217,241,17.5,78,3
946,1987,23.9,213,248,22.5,96,10
946,1988,36.5,223,249,29.5,147,11
946,1989,20.9,208,241,20.1,84,3
946,1990,33.6,202,229,28.1,135,-9
946,1991,23.8,219,248,18.9,96,10
946,1992,31,231,247,26.5,125,9
946,1993,26.8,200,236,25.8,108,-2
946,1994,24.9,218,245,23.1,100,7
946,1995,31.3,210,240,26.1,126,2
946,1996,10.1,211,225,7.8,41,-13
946,1997,25.8,208,236,24.6,104,-2
946,1998,32.3,227,252,22.3,130,14
946,1999,21.2,219,238,16.9,85,0
946,2000,32.6,217,249,28.2,131,11
946,2001,40.1,226,251,33,162,13
946,2002,21.7,224,237,18,88,-1
946,2003,15.7,205,236,15,63,-2
946,2004,25.1,214,231,20.5,101,-7
946,2005,30.6,208,232,28.8,123,-6
946,2006,22.2,224,242,16,90,4
946,2007,14.2,216,234,12.3,57,-4
946,2008,28.8,215,251,25,116,13
946,2009,24.9,209,223,22.7,100,-15
946,2010,26.2,209,240,19.6,106,2
946,2011,18.8,219,241,16.5,76,3
946,2012,34.1,210,251,31.8,138,13
946,2013,30.1,233,253,24.7,121,15
946,2014,13.7,211,221,13.3,55,-17
946,2015,16.5,212,230,12.6,67,-8
946,2016,22.2,183,230,22.1,90,-8
946,2017,12.7,200,228,12.1,51,-10
946,2018,20.1,218,243,16,81,5
946,2019,24.6,212,238,19.2,99,0
946,2020,24.7,199,233,22.4,100,-5
946,2021,27.9,200,237,25.6,113,-1
946,2022,35.2,208,244,34.3,142,6
946,2023,27,222,247,23.6,109,9
946,2024,28.5,210,249,24.3,115,11
946,2025,27.9,215,246,24.3,113,8
946,2026,20.4,226,251,14,82,13
947,1982,4.6,211,221,3.4,77,12
947,1983,6,195,206,5.7,100,-4
947,1984,5.3,208,220,4.8,88,10
947,1985,8.9,222,231,8.2,148,22
947,1986,4,209,216,3.7,67,6
947,1987,4.2,200,211,4,70,2
947,1988,2.8,199,206,2.7,47,-4
947,1989,8,198,212,7.3,133,2
947,1990,6.7,196,221,6.7,112,12
947,1991,9.1,205,219,8.6,152,10
947,1992,7.6,233,240,3,127,30
947,1993,11.1,195,219,11.1,185,10
947,1994,6.4,186,206,5.8,107,-4
947,1995,7.8,189,207,7.6,130,-2
947,1996,6,194,221,5.9,100,12
947,1997,5.1,187,199,4.9,85,-10
947,1998,4,187,201,3.9,67,-8
947,1999,4.6,196,204,4.2,77,-6
947,2000,8.3,185,220,8.2,138,10
947,2001,5.6,190,227,4.9,93,18
947,2002,6.8,210,227,3.2,113,18
947,2003,6.5,200,208,5.9,108,-2
947,2004,6.2,192,212,6.1,103,2
947,2005,6.4,201,207,6.4,107,-2
947,2006,5.4,210,219,4.5,90,10
947,2007,1.9,128,197,1.8,32,-12
947,2008,3.1,203,208,2.3,52,-2
947,2009,3.9,208,212,3.6,65,2
947,2010,2.9,173,186,2.1,48,-24
947,2011,6.1,203,213,,102,4
947,2012,6,193,203,6,100,-6
947,2013,5.8,218,226,4.9,97,16
947,2014,4.6,197,205,4.6,77,-4
947,2015,5.9,198,210,5.6,98,0
947,2016,4.4,173,200,3.8,73,-10
947,2017,6.1,185,212,6,102,2
947,2018,9.2,217,224,7.9,153,14
947,2019,5,191,197,5,83,-12
947,2020,7.6,198,209,6.7,127,-0
947,2021,6.6,191,206,5.5,110,-4
947,2022,9.1,148,215,8.9,152,6
947,2023,6.7,205,223,5.8,112,14
947,2024,2.7,195,205,2.1,45,-4
947,2025,8.3,206,223,6.2,138,14
947,2026,2.8,129,330,,47,120
948,1982,4.7,215,224,3,71,6
948,1983,6.4,206,223,5.8,96,4
948,1984,6.3,210,225,5.3,95,6
948,1985,8.9,216,237,8.2,134,18
948,1986,5.3,214,224,4.8,80,6
948,1987,4.6,203,217,4.3,69,-2
948,1988,3,206,211,2.8,45,-8
948,1989,9.9,208,220,8.4,149,2
948,1990,7.1,197,224,7.1,107,6
948,1991,8.7,210,221,8.4,131,2
948,1992,8.4,233,242,4.4,126,24
948,1993,10.5,197,222,10.5,158,4
948,1994,6.7,204,211,6.7,101,-8
948,1995,7.5,198,215,7,113,-4
948,1996,5.4,203,227,5.1,81,8
948,1997,4.5,192,211,3.8,68,-8
948,1998,3.5,198,207,3.3,53,-12
948,1999,4.2,200,212,3.7,63,-6
948,2000,9.4,211,233,9.4,141,14
948,2001,5.1,224,232,4.3,77,14
948,2002,6.8,212,229,3.2,102,10
948,2003,4.8,204,212,4.3,72,-6
948,2004,6.6,199,218,6,99,-0
948,2005,8.6,203,212,7.9,129,-6
948,2006,7.4,214,228,6.4,111,10
948,2007,3.3,200,209,3.2,50,-10
948,2008,4.3,203,218,3.5,65,-0
948,2009,7.4,208,215,6.2,111,-4
948,2010,3.5,200,210,3.2,53,-8
948,2011,5.7,205,223,,86,4
948,2012,6,196,215,6,90,-4
948,2013,7.1,221,237,6.1,107,18
948,2014,6.3,197,215,5.7,95,-4
948,2015,6.5,207,223,6,98,4
948,2016,7.2,199,210,6.2,108,-8
948,2017,5.3,209,219,5.3,80,0
948,2018,11,220,231,10.3,165,12
948,2019,7.8,208,225,7,117,6
948,2020,11.8,199,225,10.7,177,6
948,2021,8.5,198,222,6.6,128,4
948,2022,9.8,205,234,9.8,147,16
948,2023,9,210,227,7.5,135,8
948,2024,6.3,202,221,5.7,95,2
948,2025,11.2,199,232,9.4,168,14
948,2026,8.9,207,227,7.4,134,8
949,1981,2.5,194,210,2.3,41,-0
949,1982,4.7,216,222,3.7,76,12
949,1983,5.3,197,212,4.6,86,2
949,1984,4.2,205,218,3.9,68,8
949,1985,8,206,229,7.3,130,18
949,1986,3.1,210,217,2.6,50,6
949,1987,3.2,206,212,2.9,52,2
949,1988,3,197,208,2.6,49,-2
949,1989,3.8,201,212,3.6,62,2
949,1990,6.6,191,214,6.6,107,4
949,1991,8,206,218,7.2,130,8
949,1992,9.2,234,240,5.2,150,30
949,1993,9.8,193,216,9.8,159,6
949,1994,5.3,181,206,5.1,86,-4
949,1995,7.6,190,209,7.2,124,-2
949,1996,6,198,213,5,98,2
949,1997,4.7,190,201,4.6,76,-10
949,1998,4.4,188,200,4.1,72,-10
949,1999,4.1,198,205,3.3,67,-6
949,2000,9.2,207,221,8.9,150,10
949,2001,5.3,202,218,4.6,86,8
949,2002,6.5,211,225,2.6,106,14
949,2003,6.3,199,210,5.9,102,-0
949,2004,5.9,189,209,5.7,96,-2
949,2005,6.7,171,208,6.2,109,-2
949,2006,6.1,210,221,5.4,99,10
949,2007,3.3,175,196,3.1,54,-14
949,2008,3.2,204,208,2.7,52,-2
949,2009,7.1,208,214,6.5,115,4
949,2010,2.5,198,203,2.2,41,-8
949,2011,6.2,204,213,5.7,101,2
949,2012,5.2,197,205,5.2,85,-6
949,2013,6.3,221,229,5.3,102,18
949,2014,5.9,190,206,5.9,96,-4
949,2015,6.7,198,213,6.2,109,2
949,2016,5,187,198,4.9,81,-12
949,2017,7.7,185,211,7.4,125,0
949,2018,9.2,201,223,9.1,150,12
949,2019,4.1,167,198,3.7,67,-12
949,2020,9.4,197,221,8.5,153,10
949,2021,6.8,196,216,5.4,111,6
949,2022,12.4,205,217,12.2,202,6
949,2023,8.1,207,223,7.1,132,12
949,2024,5.9,200,209,,96,-2
949,2025,7.6,198,214,6.4,124,4
949,2026,6.5,205,217,5.7,106,6
950,1981,5.4,234,241,3.8,59,11
950,1982,10.2,238,251,7.7,112,21
950,1983,8.2,216,237,6.9,90,7
950,1984,9.1,229,243,6.8,100,13
950,1985,10.8,236,245,9.1,119,15
950,1986,7,213,240,6.2,77,10
950,1987,5.9,215,226,5.5,65,-4
950,1988,4,202,222,3.9,44,-8
950,1989,9.5,199,234,9.3,104,4
950,1990,9,217,228,8.4,99,-2
950,1991,18.4,198,225,18.4,202,-5
950,1992,12.9,236,247,5.5,142,17
950,1993,15.1,211,232,15,166,2
950,1994,10.2,209,228,9.5,112,-2
950,1995,9.4,211,223,9.1,103,-7
950,1996,6.1,219,233,5.9,67,3
950,1997,6.7,205,225,6.3,74,-5
950,1998,5.5,197,229,5.2,60,-1
950,1999,5.2,200,213,4.4,57,-17
950,2000,13.9,238,250,11.1,153,20
950,2001,7.2,228,239,5,79,9
950,2002,8.3,212,235,3.6,91,5
950,2003,7.5,206,230,7,82,0
950,2004,7.2,215,227,6.9,79,-3
950,2005,10.6,211,222,10.3,116,-8
950,2006,9,222,233,8,99,3
950,2007,4.2,201,232,3.9,46,2
950,2008,7.6,217,227,5.1,84,-3
950,2009,9.8,209,233,9,108,3
950,2010,6.1,201,225,5.2,67,-5
950,2011,9.5,226,234,8.3,104,4
950,2012,8.7,198,236,8.6,96,6
950,2013,9.9,221,241,7.9,109,11
950,2014,10.2,212,221,9.9,112,-9
950,2015,9.2,205,225,8.9,101,-5
950,2016,8.2,204,222,7.5,90,-8
950,2017,10.5,206,228,10,115,-2
950,2018,17.2,213,238,16.5,189,8
950,2019,7.7,212,230,6,85,0
950,2020,15,209,235,12.5,165,5
950,2021,12.2,200,230,9.2,134,0
950,2022,19.6,231,245,17.6,215,15
950,2023,11,213,234,9.4,121,4
950,2024,8.1,201,229,7.1,89,-1
950,2025,14.2,221,241,10.5,156,11
950,2026,12.8,223,240,9.9,141,10
951,1982,4.8,209,224,3.8,101,14
951,1983,4.6,206,211,3.9,97,0
951,1984,3.8,205,216,3.5,80,6
951,1985,7.3,213,228,6.3,154,18
951,1986,2.7,210,219,2.5,57,8
951,1987,3.1,201,213,2.5,65,2
951,1988,2.8,202,208,2.5,59,-2
951,1989,5,200,210,4.8,105,-0
951,1990,6,189,207,5.9,126,-4
951,1991,6,203,216,5.8,126,6
951,1992,5.3,218,237,3.9,112,26
951,1993,7.7,192,213,7.7,162,2
951,1994,3.5,192,208,3.3,74,-2
951,1995,5.8,187,208,5.4,122,-2
951,1996,3.2,201,216,3.1,67,6
951,1997,4.3,192,210,3.8,91,-0
951,1998,3.6,192,205,3.5,76,-6
951,1999,2.7,199,205,2.4,57,-6
951,2000,6.4,204,215,6.3,135,4
951,2001,4.4,201,220,3.8,93,10
951,2002,4.8,210,221,3.1,101,10
951,2003,4.4,202,209,4,93,-2
951,2004,4.7,199,209,4.1,99,-2
951,2005,5.5,195,209,5.5,116,-2
951,2006,5.4,206,218,4.8,114,8
951,2007,2.6,190,198,2.5,55,-12
951,2008,3.6,204,212,2.7,76,2
951,2009,6.3,207,213,3.9,133,2
951,2010,2.1,198,203,2.1,44,-8
951,2011,5.1,193,211,5,107,0
951,2012,4.2,192,204,4.1,88,-6
951,2013,5.3,217,226,4.1,112,16
951,2014,4.7,195,206,4.4,99,-4
951,2015,5.3,189,206,4.9,112,-4
951,2016,3.8,183,201,3.7,80,-10
951,2017,5.8,193,212,5.5,122,2
951,2018,7.2,192,219,6.9,152,8
951,2019,3.4,180,194,3.1,72,-16
951,2020,7.4,197,215,7.2,156,4
951,2021,5.6,195,207,4.8,118,-4
951,2022,9.2,198,217,8.9,194,6
951,2023,6.5,210,219,5.8,137,8
951,2024,5.9,194,205,5.4,124,-6
951,2025,5.1,186,211,4.9,107,0
951,2026,6.3,206,214,6,133,4
952,1988,3.5,202,211,3.4,49,-10
952,1989,8.4,209,216,7.7,118,-4
952,1990,8.6,201,218,8.5,121,-2
952,1991,10.3,214,230,8.5,145,10
952,1992,9,234,244,3.9,127,24
952,1993,13.3,197,226,13.1,187,6
952,1994,7.4,197,215,7.2,104,-6
952,1995,7.4,194,215,6.9,104,-6
952,1996,6.5,192,218,6.4,92,-2
952,1997,7,193,216,6.2,99,-4
952,1998,4.7,196,222,4.3,66,2
952,1999,5.6,202,229,4.7,79,8
952,2000,0.2,366,,,3,
952,2001,6.4,225,229,5.2,90,8
952,2002,8.1,212,236,3.9,114,16
952,2003,7.1,199,218,7,100,-2
952,2004,6.8,207,219,6.7,96,-2
952,2005,10.5,204,214,10.4,148,-6
952,2006,7.8,208,227,7,110,6
952,2007,2.1,86,,,30,
952,2008,4.5,184,,4.5,63,
952,2009,8.6,208,218,7.8,121,-2
952,2010,3.4,202,210,3,48,-10
952,2011,7.6,203,213,7.1,107,-8
952,2012,7.7,189,204,7.7,108,-16
952,2013,6.9,222,238,6,97,18
952,2019,0,365,365,,0,144
952,2020,11.5,191,228,10.9,162,8
952,2021,8.6,213,,,121,
952,2022,11.2,213,,,158,
952,2023,10.7,211,228,9,151,8
952,2024,0,365,365,,0,144
952,2025,12.6,218,233,8.6,177,12
952,2026,10.4,206,231,8.9,146,10
954,1983,51.6,213,250,43.2,132,3
954,1984,37.6,218,248,31.3,96,1
954,1985,43.1,228,267,29.9,110,20
954,1986,37.7,214,252,34,97,5
954,1987,50.6,218,259,42.9,130,12
954,1988,71.1,227,259,50.8,182,12
954,1989,30.9,209,238,28.4,79,-9
954,1990,35.4,198,234,32.7,91,-13
954,1991,43,223,259,27.7,110,12
954,1992,43.1,205,252,37.8,110,5
954,1993,40.2,219,244,29.9,103,-3
954,1994,28.3,207,244,25.4,72,-3
954,1995,47.2,208,245,39.2,121,-2
954,1996,22.9,213,236,16.9,59,-11
954,1997,39,209,240,30.7,100,-7
954,1998,68.7,235,270,46.3,176,23
954,1999,43.6,223,257,36,112,10
954,2000,55.6,221,259,43.2,142,12
954,2001,83.5,228,267,69.5,214,20
954,2002,54.2,216,251,43.5,139,4
954,2003,31.4,209,236,25.2,80,-11
954,2004,38.4,216,248,28.6,98,1
954,2005,36.1,205,234,27.8,92,-13
954,2006,48.8,225,259,36.4,125,12
954,2007,39.1,209,253,31.5,100,6
954,2008,64.3,232,271,53.7,165,24
954,2009,35.5,208,239,30.9,91,-8
954,2010,66,212,261,48.9,169,14
954,2011,27.2,206,242,23.6,70,-5
954,2012,46.2,228,261,43.1,118,14
954,2013,38.4,213,253,36.9,98,6
954,2014,21.4,212,229,19.9,55,-18
954,2015,20.2,214,230,15.7,52,-17
954,2016,58.3,185,246,57.5,149,-1
954,2017,23.2,189,246,20.7,59,-1
954,2018,22.2,183,254,22.2,57,7
954,2019,28.3,208,241,24.5,72,-6
954,2020,19.7,196,229,18.9,50,-18
954,2021,41.2,209,248,38.3,106,1
954,2022,41.7,216,245,34.9,107,-2
954,2023,30.9,210,248,27.5,79,1
954,2024,33.6,208,251,31.6,86,4
954,2025,37,218,247,28.9,95,0
954,2026,22.1,207,247,20.6,57,0
955,1990,14.2,189,209,13.9,126,-6
955,1991,10.6,201,217,10.4,94,2
955,1992,14.8,196,225,14.8,131,10
955,1993,14.8,190,210,14.8,131,-5
955,1994,10.6,181,208,10.4,94,-7
955,1995,13.3,177,210,12.6,118,-5
955,1996,6.3,195,208,5.4,56,-7
955,1997,9.4,192,211,8.7,83,-4
955,1998,11.5,198,219,9.9,102,4
955,1999,11.1,197,222,10.1,98,7
955,2000,14.9,198,222,14.7,132,7
955,2001,16.4,193,228,15.5,145,13
955,2002,12.4,207,226,11.2,110,11
955,2003,7.8,189,209,7,69,-6
955,2004,12.3,201,215,11.1,109,0
955,2005,11.8,190,215,11.4,104,0
955,2006,11.6,211,227,9.8,103,12
955,2007,11.8,191,212,11.1,104,-3
955,2008,13.4,210,226,12.7,119,11
955,2009,9.5,198,215,9.1,84,0
955,2010,15.3,203,225,13.8,135,10
955,2011,10,195,219,9.2,88,4
955,2012,19.5,200,232,19.4,173,17
955,2013,10.9,207,233,10.7,96,18
955,2014,5.9,201,213,5.8,52,-2
955,2015,6,204,214,4.9,53,-1
955,2016,13.1,181,207,11.1,116,-8
955,2017,7.8,188,213,7.4,69,-2
955,2018,8.4,192,215,7.8,74,0
955,2019,9.1,174,216,7.4,81,1
955,2020,7.8,199,208,7.3,69,-7
955,2021,13.3,202,223,12.2,118,8
955,2022,11.7,207,227,11.4,104,12
955,2023,12.1,210,229,11.1,107,14
955,2024,13.5,209,228,13.2,119,13
955,2025,13.4,200,215,11.9,119,0
955,2026,8.9,205,223,7.8,79,8
956,1992,33.7,199,249,32.2,97,9
956,1993,30.4,209,237,22.4,87,-3
956,1994,18.7,178,232,16.6,54,-8
956,1995,37.6,205,246,34.8,108,6
956,1996,17.3,200,233,12.5,50,-7
956,1997,33.2,192,239,28.5,95,-1
956,1998,52.9,235,261,32.4,152,21
956,1999,44.7,217,259,39.6,128,19
956,2000,52,215,262,46.7,149,22
956,2001,60.5,235,268,49.7,174,28
956,2002,38.8,214,248,36.7,111,8
956,2003,21.2,206,233,15.4,61,-7
956,2004,36.8,209,239,30,106,-1
956,2005,22.4,198,230,18.9,64,-10
956,2006,40.4,224,254,30.1,116,14
956,2007,35.1,207,244,32,101,4
956,2008,47.1,229,262,40.2,135,22
956,2009,34.9,208,248,28.9,100,8
956,2010,56.2,210,257,43,161,17
956,2011,24.8,206,240,21,71,0
956,2012,41.6,230,260,37.3,120,20
956,2013,39.4,221,255,34.8,113,15
956,2014,11.7,196,222,11.7,34,-18
956,2015,9.7,210,224,3.7,28,-16
956,2016,34.8,174,230,33,100,-10
956,2017,23.3,204,236,19,67,-4
956,2018,17.2,205,232,14.3,49,-8
956,2019,17.9,212,229,15.8,51,-11
956,2020,14.3,197,222,13,41,-18
956,2021,39.4,200,244,35.9,113,4
956,2022,30.7,216,247,27.4,88,7
956,2023,33.2,218,248,27.8,95,8
956,2024,32.8,197,245,31.9,94,5
956,2025,20.9,200,232,15.6,60,-8
956,2026,13.8,183,225,13.8,40,-15
958,1995,0,219,219,0,0,-5
958,1996,6.6,209,224,6.2,95,0
958,1997,6.8,204,215,6.6,98,-9
958,1998,3.9,195,204,3.5,56,-20
958,1999,5.8,212,222,5.4,83,-2
958,2000,8.9,204,232,8.6,128,8
958,2001,5.9,203,229,5.2,85,5
958,2002,7.3,212,230,4.9,105,6
958,2003,9.7,208,228,8.8,140,4
958,2004,6.2,197,217,6.2,89,-7
958,2005,10.7,207,221,10.1,154,-3
958,2006,8.1,212,224,6.6,117,0
958,2007,2.5,197,204,2.3,36,-20
958,2008,7.6,200,224,5.9,109,0
958,2009,10.3,209,224,9,148,0
958,2010,3.9,203,211,3.2,56,-13
958,2011,6.3,207,224,5.9,91,0
958,2012,7.1,202,225,7,102,1
958,2013,4,221,233,3.3,58,9
958,2014,7.7,199,217,7.5,111,-7
958,2015,5.7,201,220,5.5,82,-4
958,2016,7.3,198,215,6.9,105,-9
958,2017,6,206,220,5.8,86,-4
958,2018,8.4,191,225,8.3,121,1
958,2019,10.9,208,230,10.6,157,6
958,2020,9.3,199,224,8,134,0
958,2021,4.6,199,222,3.8,66,-2
958,2022,7.1,197,217,7.1,102,-7
958,2023,6.5,213,225,6.2,94,1
958,2024,6.1,201,226,5.1,88,2
958,2025,9.3,199,231,8.4,134,7
958,2026,3.5,208,214,2.7,50,-10
959,1982,14.2,206,229,14,99,12
959,1983,16,204,222,13.1,111,6
959,1984,14.6,159,227,12.1,102,10
959,1985,15.3,214,238,13.4,107,22
959,1986,11.6,200,219,11.2,81,2
959,1987,21.4,174,229,19.2,149,12
959,1988,32.5,209,238,24.3,226,22
959,1989,13.3,193,211,13.3,93,-6
959,1990,19.2,178,216,19,134,-0
959,1991,12.8,184,216,12.8,89,-0
959,1992,29.2,202,239,28.5,203,22
959,1993,14.6,136,209,13.9,102,-8
959,1994,11.8,184,213,11.8,82,-4
959,1995,15.7,194,213,15.3,109,-4
959,1996,9.5,198,217,7.9,66,0
959,1997,13.1,186,212,13,91,-4
959,1998,20.4,198,231,15.4,142,14
959,1999,20,199,230,17.8,139,14
959,2000,18.3,196,232,17,128,16
959,2001,26.9,201,236,24.5,187,20
959,2002,21.3,209,232,20.3,148,16
959,2003,5.8,127,208,4.6,40,-8
959,2004,20.8,191,218,17.4,145,2
959,2005,14.1,198,215,13.7,98,-2
959,2006,13.7,173,230,12.5,95,14
959,2007,15.6,187,213,15.6,109,-4
959,2008,16.8,210,231,14,117,14
959,2009,10.8,199,213,9.8,75,-4
959,2010,21,201,224,18.7,146,8
959,2011,12.4,200,225,11.1,86,8
959,2012,23.9,191,233,21.9,167,16
959,2013,18.9,205,238,17.6,132,22
959,2014,9.6,186,212,9.4,67,-4
959,2015,3.1,203,210,2.5,22,-6
959,2016,20.1,175,203,16.4,140,-14
959,2017,13.2,182,211,12.4,92,-6
959,2018,11.3,190,216,9.8,79,-0
959,2019,12.2,188,221,12.1,85,4
959,2020,9.7,196,207,9.2,68,-10
959,2021,19.4,199,228,17.6,135,12
959,2022,14.9,200,224,13.6,104,8
959,2023,16.5,209,229,15.5,115,12
959,2024,21.6,201,220,19.4,151,4
959,2025,8.3,185,210,8.3,58,-6
959,2026,7.5,199,218,7.5,52,2
963,1989,3.7,199,207,3.7,97,1
963,1990,6.3,192,208,6.3,166,2
963,1991,7.7,199,211,7.6,203,5
963,1992,5,203,211,4.4,132,5
963,1993,4.3,196,204,4.3,113,-2
963,1994,3.7,192,205,3.6,97,-1
963,1995,6,190,206,6,158,0
963,1996,2.9,194,206,2.9,76,0
963,1997,2.4,189,205,2.2,63,-1
963,1998,4,187,200,4,105,-6
963,1999,2.8,198,204,2.8,74,-2
963,2000,3.7,194,210,3.6,97,4
963,2001,4.7,193,204,4.5,124,-2
963,2002,4.8,207,213,3.8,126,7
963,2003,2.7,193,201,2.6,71,-5
963,2004,5.6,189,206,5.6,147,0
963,2005,5,189,207,5,132,1
963,2006,3.6,203,209,3.2,95,3
963,2007,3.7,176,201,3.6,97,-5
963,2008,3.3,197,206,3.2,87,0
963,2009,4.4,196,209,4.3,116,3
963,2010,2.8,200,203,2.5,74,-3
963,2011,2.6,191,206,2.6,68,0
963,2012,5.1,192,206,4.8,134,0
963,2013,3.9,219,224,3.4,103,18
963,2014,3.5,196,203,3.3,92,-3
963,2015,4.9,197,210,4.4,129,4
963,2016,3.1,184,189,3.1,82,-17
963,2017,3.4,200,208,3.2,89,2
963,2018,4.8,198,212,4.6,126,6
963,2019,1.4,171,176,0,37,-30
963,2020,7.8,199,212,7.3,205,6
963,2021,4.7,197,208,4.2,124,2
963,2022,10.4,207,223,10.1,274,17
963,2023,6.6,209,222,5.9,174,16
963,2024,4.7,199,209,4.5,124,3
963,2025,4.1,199,206,3.5,108,0
963,2026,5.9,204,215,4.7,155,9
964,1997,0,365,365,,0,142
964,1998,20.6,201,232,15.4,129,9
964,1999,0,365,365,,0,142
964,2000,31,192,226,29.9,194,3
964,2001,23.6,198,227,22.6,148,4
964,2002,21.2,210,229,20.8,133,6
964,2003,7.1,189,201,5.8,45,-22
964,2004,21.2,191,220,17.5,133,-3
964,2005,13.4,192,210,12.6,84,-13
964,2006,10.8,214,225,10,68,2
964,2007,18.2,190,215,17.6,114,-8
964,2008,22.5,210,234,19.8,141,11
964,2009,11.9,201,215,10.8,75,-8
964,2010,24.6,206,229,18.6,154,6
964,2011,13.7,199,216,12.3,86,-7
964,2012,27.1,200,235,24.7,170,12
964,2013,23.4,201,234,22.1,147,11
964,2014,11.2,194,211,10.8,70,-12
964,2015,3.5,206,213,1.2,22,-10
964,2016,19.7,175,205,17.6,124,-18
964,2017,20,187,217,18.8,125,-6
964,2018,12.9,190,226,11.5,81,3
964,2019,11.8,173,221,10.9,74,-2
964,2020,9.3,197,209,8.8,58,-14
964,2021,26.4,202,230,25.7,166,7
964,2022,19.4,190,229,19,122,6
964,2023,20.4,209,237,18.5,128,14
964,2024,28.9,200,238,25.4,181,15
964,2025,6.6,177,222,4.5,41,-1
964,2026,8.7,191,218,8.6,55,-5
966,1989,3.7,194,203,3.6,74,-2
966,1990,7,194,202,7,140,-2
966,1991,5,197,204,4.9,100,-0
966,1992,8.8,193,222,8.1,176,18
966,1993,5.4,193,201,5.2,108,-4
966,1994,4.9,180,193,4.3,98,-12
966,1995,7.2,192,206,7.1,144,2
966,1996,2.5,196,202,2.3,50,-2
966,1997,5,192,207,5,100,2
966,1998,5.9,187,199,5.9,118,-6
966,1999,5.8,199,207,5.4,116,2
966,2000,6.6,193,207,6.3,132,2
966,2001,5,192,205,4.6,100,0
966,2002,6.9,196,214,6.7,138,10
966,2003,1.2,115,132,0.4,24,-72
966,2004,7.7,190,210,7.5,154,6
966,2005,4.5,192,202,4.1,90,-2
966,2006,5,183,208,5,100,4
966,2007,4.1,176,204,4,82,-0
966,2008,4.5,205,215,3.9,90,10
966,2009,5.2,189,207,5,104,2
966,2010,4.6,199,209,3.8,92,4
966,2011,5.2,175,204,5,104,-0
966,2012,7.8,200,215,7.4,156,10
966,2013,6,206,224,5.3,120,20
966,2014,3.4,189,199,3.4,68,-6
966,2015,1.5,145,172,0,30,-32
966,2016,3.5,174,184,1,70,-20
966,2017,4.6,189,201,4.6,92,-4
966,2018,4.1,193,203,4,82,-2
966,2019,4.1,176,188,2.8,82,-16
966,2020,6.8,198,205,6.1,136,0
966,2021,5.7,197,207,5.5,114,2
966,2022,6.5,175,210,6.3,130,6
966,2023,7.7,198,220,6.8,154,16
966,2024,6.2,176,205,5.6,124,0
966,2025,3.8,104,177,0.7,76,-28
966,2026,5.3,190,206,5.3,106,2
967,1988,9.4,196,217,9.2,113,4
967,1989,9.6,188,210,9.3,115,-3
967,1990,18.7,184,219,18.7,224,6
967,1991,14.7,197,220,14.6,176,7
967,1992,12.5,201,216,12.4,150,3
967,1993,12,192,212,12,144,-1
967,1994,10.2,195,217,9.9,122,4
967,1995,11,186,212,11,132,-1
967,1996,7.9,199,213,7.7,95,0
967,1997,8,186,210,7.9,96,-3
967,1998,7.1,187,207,7.1,85,-6
967,1999,9.3,193,221,7.9,111,8
967,2000,16.4,194,223,15.7,196,10
967,2001,10.1,191,225,8.2,121,12
967,2002,7.1,205,218,6.1,85,5
967,2003,4.9,184,202,4.7,59,-11
967,2004,7.8,190,211,7.4,93,-2
967,2005,13.1,205,216,12.7,157,3
967,2006,6.7,194,216,5.7,80,3
967,2007,6.8,190,207,6.8,81,-6
967,2008,8.9,210,222,8.7,107,9
967,2009,9.5,197,213,9.4,114,0
967,2010,7,199,209,6.1,84,-4
967,2011,8.4,191,213,6.9,101,0
967,2012,12.4,194,213,12.1,149,0
967,2013,9.3,202,223,9.1,111,10
967,2014,8.3,193,208,8.3,99,-5
967,2015,5.5,180,194,4.6,66,-19
967,2016,7.1,181,195,6.7,85,-18
967,2017,6.1,187,206,6.1,73,-7
967,2018,7.5,193,213,7.4,90,0
967,2019,7.2,177,211,6.6,86,-2
967,2020,14.8,199,213,12.3,177,0
967,2021,9.3,200,213,9,111,0
967,2022,12.4,183,220,12.4,149,7
967,2023,13.3,206,224,10.8,159,11
967,2024,10.4,199,213,9.6,125,0
967,2025,6.4,177,205,6,77,-8
967,2026,6.1,188,208,6.1,73,-5
969,2000,2.8,165,171,0,42,-1
969,2001,7,163,177,0.3,104,5
969,2002,3.1,132,151,0,46,-21
969,2003,5.3,172,179,0.6,79,7
969,2004,6.6,160,169,0,99,-3
969,2005,11.6,158,188,9.1,173,16
969,2006,3,175,183,1.2,45,11
969,2007,7.9,152,167,0,118,-5
969,2008,12.4,147,181,3.9,185,9
969,2009,8.8,147,172,0,131,0
969,2010,18.5,164,192,13.7,276,20
969,2011,10.1,154,182,3.4,151,10
969,2012,5.4,154,169,0,81,-3
969,2013,9.1,162,178,1.1,136,6
969,2014,3.6,132,149,0,54,-23
969,2015,3.1,155,165,0,46,-7
969,2016,6.7,125,156,0,100,-16
969,2017,8.5,161,172,0,127,0
969,2018,3,155,165,0,45,-7
969,2019,9.6,167,184,5,143,12
969,2020,5.1,156,164,0,76,-8
969,2021,6.6,169,184,3.8,99,12
969,2022,9.2,166,179,3.6,137,7
969,2023,18.6,180,197,18.5,278,25
969,2024,8.6,180,195,8.2,128,23
969,2025,3.8,168,176,0,57,4
969,2026,2.6,147,152,0,39,-20
970,2000,14.9,209,230,12.9,89,-7
970,2001,15.9,207,233,13.6,95,-4
970,2002,10,181,216,9.7,60,-21
970,2003,21.6,224,240,17.2,129,3
970,2004,11.9,197,222,11.2,71,-15
970,2005,14.8,214,237,12.8,88,0
970,2006,20,203,235,19.2,119,-2
970,2007,19.7,209,234,15.4,117,-3
970,2008,22.4,229,248,18.4,133,11
970,2009,20.5,201,234,16.4,122,-3
970,2010,14.4,229,241,10.7,86,4
970,2011,25.8,216,256,20.5,154,19
970,2012,9.1,176,210,7.9,54,-27
970,2013,16.8,223,241,11.7,100,4
970,2014,22,214,242,18.8,131,5
970,2015,15.1,232,250,13.2,90,13
970,2016,18.8,215,248,17.1,112,11
970,2017,15,187,246,13.9,89,9
970,2018,15.4,200,230,11.5,92,-7
970,2019,19.4,215,252,17.9,115,15
970,2020,19.8,210,236,16.4,118,-1
970,2021,14.2,184,227,14,85,-10
970,2022,14.2,200,222,12.9,85,-15
970,2023,15.5,190,221,15,92,-16
970,2024,16.5,204,232,15.8,98,-5
970,2025,17.8,190,216,16.3,106,-21
970,2026,9.7,169,179,1.6,58,-58
971,1999,0.1,357,358,,0,136
971,2000,26.8,187,215,26.8,103,-8
971,2001,25.5,198,222,19.8,98,-0
971,2002,26.6,183,225,26.6,103,2
971,2003,18,191,228,16.5,69,6
971,2004,29.7,172,217,27.7,114,-6
971,2005,30.7,191,236,28.9,118,14
971,2006,39.9,203,226,34.2,154,4
971,2007,19.3,163,200,16.8,74,-22
971,2008,30.7,202,231,28.4,118,8
971,2009,36.3,199,227,29.8,140,4
971,2010,21.7,197,241,17.2,84,18
971,2011,44.2,213,254,34,170,32
971,2012,15.3,164,207,11.1,59,-16
971,2013,20.8,178,219,18.7,80,-4
971,2014,24,190,219,22.4,92,-4
971,2015,14.1,164,189,8.4,54,-34
971,2016,20.3,186,219,20.2,78,-4
971,2017,28.1,166,223,26,108,0
971,2018,15.7,181,208,15.2,61,-14
971,2019,37.3,199,224,34.7,144,2
971,2020,26.4,184,214,26.4,102,-8
971,2021,18.5,184,214,18.5,71,-8
971,2022,15,175,212,13.2,58,-10
971,2023,59.2,208,230,52.8,228,8
971,2024,31.6,195,215,31.4,122,-8
971,2025,27.1,190,208,26,104,-14
971,2026,11.8,160,175,0.1,45,-48
972,1999,0,365,365,,0,170
972,2000,21.6,172,193,18.4,119,-2
972,2001,14.7,169,209,10.8,81,14
972,2002,20.6,177,194,18.4,113,-2
972,2003,10.4,161,194,8.1,57,-2
972,2004,23.5,160,186,12.5,129,-10
972,2005,20.5,183,211,20.5,113,16
972,2006,30.2,190,212,28.1,166,16
972,2007,15.6,156,175,5.1,86,-20
972,2008,24.2,195,219,23,133,24
972,2009,23.9,199,213,21.3,131,18
972,2010,17.4,190,208,14,96,12
972,2011,31.4,197,228,28.2,173,32
972,2012,16.4,162,187,8.3,90,-8
972,2013,15.8,161,187,9.4,87,-8
972,2014,15.8,165,197,14.1,87,2
972,2015,14.2,159,173,0.3,78,-22
972,2016,15.7,153,193,15.2,86,-2
972,2017,19.8,159,174,10.1,109,-22
972,2018,12.2,178,194,10.5,67,-2
972,2019,28.3,182,210,28.1,155,14
972,2020,19,156,206,18,104,10
972,2021,16.2,157,195,15.2,89,-0
972,2022,14.1,168,190,9.8,77,-6
972,2023,43.3,189,221,39.5,238,26
972,2024,23.3,168,204,22.7,128,8
972,2025,20.8,174,197,17.8,114,2
972,2026,6.1,159,169,0.1,34,-26
974,2000,41.3,192,252,41.3,94,8
974,2001,23.8,219,237,20,54,-7
974,2002,53.1,197,249,46.6,121,5
974,2003,37.1,210,248,34.9,85,4
974,2004,31.4,141,233,23.9,72,-11
974,2005,12.7,202,217,7.9,29,-27
974,2006,42.6,205,236,39.6,97,-8
974,2007,48.5,174,237,45.1,111,-7
974,2008,54.9,216,261,51.2,125,17
974,2009,30.4,220,244,27.3,69,0
974,2010,54,223,266,42,123,22
974,2011,65.9,216,274,56.6,150,30
974,2012,57.6,203,260,55.3,132,16
974,2013,52.1,201,250,49,119,6
974,2014,38.5,211,244,36.4,88,0
974,2015,7.4,115,129,0.8,17,-115
974,2016,44.1,182,228,43.8,101,-16
974,2017,48,207,246,44.7,110,2
974,2018,53.1,205,238,46,121,-6
974,2019,33.9,203,228,29.3,77,-16
974,2020,43.8,191,242,43.3,100,-2
974,2021,56.9,197,243,55.5,130,-1
974,2022,42.7,226,257,30.8,97,13
974,2023,33.8,204,229,28,77,-15
974,2024,24.6,194,228,23.4,56,-16
974,2025,35.2,195,231,33.5,80,-13
974,2026,18.8,187,213,17.6,43,-31
975,2000,24,128,203,19.3,126,-4
975,2001,8.6,171,202,6.7,45,-5
975,2002,20.9,173,211,19.6,110,4
975,2003,16.1,164,205,14,85,-2
975,2004,17.2,160,190,12.2,91,-17
975,2005,4.7,110,157,1.6,25,-50
975,2006,19,170,207,17.3,100,0
975,2007,21.5,155,203,17.7,113,-4
975,2008,24.2,186,221,23.8,127,14
975,2009,19.9,187,214,19.4,105,7
975,2010,11.3,170,201,8.6,59,-6
975,2011,27.8,202,230,25.2,146,23
975,2012,31,191,220,30.7,163,13
975,2013,17.3,177,208,15.4,91,1
975,2014,26.7,184,215,26.6,141,8
975,2015,14.7,128,182,6.7,77,-25
975,2016,17.9,182,196,16.8,94,-11
975,2017,18,180,208,17.2,95,1
975,2018,23,187,216,22.4,121,9
975,2019,14.9,164,201,12.1,78,-6
975,2020,22.8,170,212,22,120,5
975,2021,22.1,183,210,22.1,116,3
975,2022,18.6,170,216,14.7,98,9
975,2023,19,169,212,17.7,100,5
975,2024,10.5,168,184,5.2,55,-23
975,2025,9.7,175,189,6.5,51,-18
975,2026,13,168,190,10.9,68,-17
977,2000,7.7,165,174,0,167,9
977,2001,4.3,154,165,0,93,0
977,2002,6.8,166,179,0.3,148,14
977,2003,1.3,94,107,0,28,-58
977,2004,7.9,155,168,0,172,3
977,2005,2.5,141,148,0,54,-17
977,2006,5.8,178,194,5.1,126,29
977,2007,1.9,156,161,0,41,-4
977,2008,8,151,176,3.9,174,11
977,2009,4,142,168,0,87,3
977,2010,5.8,136,169,0.3,126,4
977,2011,6.3,181,187,4.9,137,22
977,2012,2,155,162,0.3,43,-3
977,2013,4.6,147,164,0,100,-1
977,2014,0.5,89,103,0,11,-62
977,2015,0.8,82,83,0,17,-82
977,2016,5.3,131,148,0,115,-17
977,2017,4.7,159,165,0,102,0
977,2018,1.4,158,162,0,30,-3
977,2019,6.5,165,174,0.2,141,9
977,2020,2.9,116,125,0,63,-40
977,2021,2.2,147,155,0,48,-10
977,2022,3.6,125,136,0,78,-29
977,2023,8.4,181,191,7.8,183,26
977,2024,2.7,109,121,0,59,-44
977,2025,6,144,157,0.4,130,-8
977,2026,0.8,146,148,0,17,-17
978,1999,0,365,365,,0,144
978,2000,28.8,177,210,28.1,112,-10
978,2001,20.6,197,219,17.3,80,-2
978,2002,27.8,185,224,27.8,108,4
978,2003,22.9,191,233,21.8,89,12
978,2004,28.7,164,211,26.5,111,-10
978,2005,20.2,188,219,19.5,78,-2
978,2006,33.9,195,225,30.7,132,4
978,2007,21.7,163,211,19.6,84,-10
978,2008,30,196,230,28.8,117,10
978,2009,26.1,193,227,24.2,101,6
978,2010,25.9,197,230,23.2,101,10
978,2011,31.7,215,249,29.2,123,28
978,2012,22.1,190,210,21.9,86,-10
978,2013,14.4,178,209,13.1,56,-12
978,2014,25.4,189,226,24.3,99,6
978,2015,13.2,140,200,8.2,51,-20
978,2016,26.4,181,210,26.1,103,-10
978,2017,27.5,167,224,25.3,107,4
978,2018,16.7,201,213,16,65,-8
978,2019,33.1,199,222,32,129,2
978,2020,25.6,192,214,24.6,99,-6
978,2021,25.7,179,206,25.3,100,-14
978,2022,16.9,175,232,14.5,66,12
978,2023,39.3,206,231,35.5,153,10
978,2024,31.2,193,227,27.9,121,6
978,2025,33.8,189,215,33.1,131,-6
978,2026,11.2,168,194,7.2,43,-26
979,2001,0.1,344,364,,1,184
979,2002,14.2,176,193,12.6,187,13
979,2003,5.2,106,131,0,68,-49
979,2004,11.5,158,175,0,151,-5
979,2005,5.9,152,164,0,78,-16
979,2006,13.7,185,196,12.8,180,16
979,2007,7.4,156,168,0,97,-12
979,2008,15.8,187,211,15.7,208,31
979,2009,7,146,190,5.2,92,10
979,2010,10.1,160,200,6.6,133,20
979,2011,9.6,107,196,8.4,126,16
979,2012,6.7,136,181,0.8,88,1
979,2013,6.1,152,172,0,80,-8
979,2014,4.5,136,158,0,59,-22
979,2015,4.7,110,131,0,62,-49
979,2016,8.1,138,159,0,107,-21
979,2017,10,128,166,0,132,-14
979,2018,4.7,160,179,0.2,62,-1
979,2019,14.5,167,188,9.4,191,8
979,2020,7.8,157,181,4.4,103,1
979,2021,8.3,157,182,3.5,109,2
979,2022,6.2,151,169,0,82,-11
979,2023,12.4,186,206,11.6,163,26
979,2024,5.6,163,173,0.4,74,-7
979,2025,9.6,146,176,0,126,-4
979,2026,1.8,148,152,0,24,-28
981,2001,0.5,48,51,,9,-140
981,2002,5.2,186,195,4.7,90,4
981,2003,6.9,181,193,6.1,119,2
981,2004,6,160,173,0,103,-18
981,2005,3.5,177,186,2.7,60,-6
981,2006,4.5,177,187,3.4,78,-4
981,2007,2.9,160,165,0.5,50,-26
981,2008,5.7,187,203,5.6,98,12
981,2009,8.8,192,218,6.9,152,26
981,2010,4.5,175,200,3.8,78,8
981,2011,6.9,174,215,5.9,119,24
981,2012,5.9,163,178,0,102,-14
981,2013,3.9,178,185,2.2,67,-6
981,2014,11.9,186,208,11.5,205,16
981,2015,4.5,109,131,0,78,-60
981,2016,3,184,190,3,52,-2
981,2017,6,164,171,0.8,103,-20
981,2018,8.2,192,211,6.8,141,20
981,2019,8.2,185,203,8.1,141,12
981,2020,9.7,200,212,8.4,167,20
981,2021,6.2,207,213,5.3,107,22
981,2022,5.9,199,216,4.3,102,24
981,2023,11,189,214,10.2,190,22
981,2024,5.5,185,197,5.5,95,6
981,2025,7.1,175,195,5.4,122,4
981,2026,1.4,168,169,0.6,24,-22
982,2000,0.5,362,364,,8,162
982,2001,6.1,185,202,6,100,0
982,2002,6.5,188,197,6.2,107,-5
982,2003,5.3,166,194,4.5,87,-8
982,2004,5.1,171,181,1.9,84,-21
982,2005,3.4,184,189,3.4,56,-13
982,2006,5.6,180,194,5.1,92,-8
982,2007,5.5,163,179,2.7,90,-23
982,2008,7.7,197,227,6.3,126,25
982,2009,8,193,217,7.1,131,15
982,2010,6.7,191,202,5.2,110,0
982,2011,9.3,215,223,8.5,152,21
982,2012,6.7,163,178,0,110,-24
982,2013,5.4,207,218,4.4,89,16
982,2014,8.1,185,209,7.9,133,7
982,2015,3.9,163,168,0,64,-34
982,2016,4.4,141,169,4.1,72,-33
982,2017,3.7,132,171,0,61,-31
982,2018,8.6,190,210,7.7,141,8
982,2019,7.1,172,203,6.6,116,1
982,2020,9.3,188,212,8.7,152,10
982,2021,4.9,183,188,4.9,80,-14
982,2022,4.4,208,216,2.6,72,14
982,2023,9.9,189,210,8.7,162,8
982,2024,2.7,170,188,2.3,44,-14
982,2025,6.6,172,195,4.6,108,-7
982,2026,3.7,168,172,0,61,-30
983,2000,0,366,366,,0,157
983,2001,19.6,197,221,18.8,170,12
983,2002,5.7,179,185,3.8,50,-24
983,2003,9.9,174,210,9.8,86,1
983,2004,12.8,160,211,9.2,111,2
983,2005,25.1,185,235,24.3,218,26
983,2006,13.2,190,209,12.8,115,0
983,2007,8,163,188,6.8,70,-21
983,2008,11.5,176,206,10.1,100,-3
983,2009,11.8,189,212,10.6,103,3
983,2010,16.7,191,221,16,145,12
983,2011,17.3,194,220,15.6,150,11
983,2012,9.9,174,192,7.5,86,-17
983,2013,10.7,164,209,9.2,93,0
983,2014,9.4,187,204,9,82,-5
983,2015,10.5,160,192,6.8,91,-17
983,2016,11.5,186,204,11.5,100,-5
983,2017,13.8,161,199,12,120,-10
983,2018,7.9,180,192,7.2,69,-17
983,2019,17.6,190,219,17.4,153,10
983,2020,15.3,184,213,15.3,133,4
983,2021,8.7,180,191,8,76,-18
983,2022,9,174,194,8.6,78,-15
983,2023,21.9,192,221,21.8,190,12
983,2024,15.6,187,209,15.5,136,0
983,2025,7.2,174,195,6,63,-14
983,2026,7.2,146,171,0,63,-38
984,2000,0,366,366,,0,157
984,2001,10.3,197,210,7.9,70,1
984,2002,23.7,180,215,23,161,6
984,2003,17,163,204,15.2,116,-5
984,2004,14.7,160,187,8,100,-22
984,2005,4.5,110,149,2.4,31,-60
984,2006,22.2,185,213,21.9,151,4
984,2007,13.4,161,190,8.8,91,-19
984,2008,29.1,194,228,27.7,198,19
984,2009,28.1,187,224,26.2,191,15
984,2010,8.5,196,202,7.8,58,-7
984,2011,19.7,214,233,15.8,134,24
984,2012,20.9,192,208,20.3,142,-1
984,2013,10,177,209,9,68,0
984,2014,17.1,188,204,16.8,116,-5
984,2015,5.6,112,132,0,38,-77
984,2016,12.5,182,193,12,85,-16
984,2017,17.4,161,202,13.1,118,-7
984,2018,13.3,191,209,11.5,90,0
984,2019,14.3,166,210,13.1,97,1
984,2020,16.6,184,214,16.6,113,5
984,2021,19.3,182,203,19.2,131,-6
984,2022,13,174,217,9,88,8
984,2023,14,189,213,13,95,4
984,2024,10.6,168,199,9.9,72,-10
984,2025,16.3,175,198,13.2,111,-11
984,2026,8.9,167,202,4.8,61,-7
985,2001,0.9,121,144,0,46,6
985,2002,1.9,93,99,0,97,-38
985,2003,2.9,161,164,0,149,26
985,2004,1.6,121,141,0,82,4
985,2005,0.8,71,72,0,41,-66
985,2006,1.2,81,83,0,62,-54
985,2007,2.1,71,77,0,108,-60
985,2008,13.4,144,196,9.2,687,58
985,2009,6.5,98,154,5,333,16
985,2010,0.9,57,61,0,46,-76
985,2011,5.6,155,170,0,287,32
985,2012,2.1,111,135,0,108,-2
985,2013,2.5,152,154,0,128,16
985,2014,1.5,154,156,0,77,18
985,2015,1,97,98,0,51,-40
985,2016,2,112,121,0,103,-16
985,2017,5.8,132,140,0,297,2
985,2018,1.3,90,92,0,67,-46
985,2019,5.9,166,180,1.6,303,42
985,2020,1.6,116,124,0,82,-14
985,2021,3.7,164,173,0,190,36
985,2022,5.6,147,154,0,287,16
985,2023,2.6,86,89,0.1,133,-48
985,2024,1.8,113,120,0,92,-18
985,2025,2.2,143,148,0,113,10
985,2026,1,150,154,0,51,16
987,2001,8.5,178,205,6.5,99,4
987,2002,15.3,177,219,14.4,179,18
987,2003,4.2,101,110,1.9,49,-92
987,2004,8.3,190,201,5.4,97,-0
987,2005,3.8,190,199,2.8,44,-2
987,2006,14.3,209,225,10.8,167,24
987,2007,14.4,120,215,12.7,168,14
987,2008,13.8,193,222,12.9,161,20
987,2009,9.6,188,204,9.4,112,2
987,2010,17.2,200,224,7.6,201,22
987,2011,4.6,181,201,4.3,54,-0
987,2012,21.5,194,225,19.9,251,24
987,2013,12.1,207,224,10.9,142,22
987,2014,6.6,186,201,6.5,77,-0
987,2015,1.7,167,171,0,20,-30
987,2016,3.6,89,95,0,42,-106
987,2017,8.6,186,201,8.5,101,-0
987,2018,3.3,176,192,3,39,-10
987,2019,5.9,106,133,0,69,-68
987,2020,11.4,187,202,11.2,133,0
987,2021,12.6,191,208,12.3,147,6
987,2022,16.8,183,226,16.8,196,24
987,2023,14.8,198,226,14.6,173,24
987,2024,9.3,201,208,7.7,109,6
987,2025,1.6,195,198,0,19,-4
987,2026,4.6,191,200,3.9,54,-2
988,2001,21.1,198,225,16.4,58,-8
988,2002,42,186,234,41.5,116,1
988,2003,34.8,190,235,33,96,2
988,2004,34.8,183,215,33.7,96,-18
988,2005,22.2,199,214,19.1,61,-19
988,2006,44.6,186,231,44.5,124,-2
988,2007,36,176,221,34.3,100,-12
988,2008,39,212,236,35.6,108,3
988,2009,30.7,200,238,29.2,85,5
988,2010,36.5,195,232,33.3,101,-1
988,2011,49.5,214,250,39.4,137,17
988,2012,49.8,192,241,47.4,138,8
988,2013,34.5,202,225,32.8,96,-8
988,2014,41.9,210,237,38,116,4
988,2015,20.1,177,214,18,56,-19
988,2016,36.2,181,217,35.7,100,-16
988,2017,35.4,187,240,35.1,98,7
988,2018,48.9,201,234,41.5,135,1
988,2019,28.8,199,226,26.9,80,-7
988,2020,41.6,199,238,39.7,115,5
988,2021,32.7,198,225,31.8,91,-8
988,2022,34,211,249,31,94,16
988,2023,29.9,206,225,27.5,83,-8
988,2024,31.5,193,230,31.1,87,-3
988,2025,34.1,192,229,32.8,94,-4
988,2026,26.6,168,222,25.4,74,-11
989,2001,15.1,158,209,12.9,75,3
989,2002,35.5,186,217,35.4,176,11
989,2003,15.4,163,203,14.2,76,-3
989,2004,24.3,165,192,18.6,120,-14
989,2005,5.9,143,161,2.2,29,-45
989,2006,21.9,179,209,20.8,108,3
989,2007,20,159,191,14.4,99,-15
989,2008,32.7,195,225,31.6,162,19
989,2009,28.1,188,219,26,139,13
989,2010,12.7,166,200,11.3,63,-6
989,2011,26.1,199,232,23.1,129,26
989,2012,27.1,190,208,26.5,134,2
989,2013,18.7,164,206,15.2,93,0
989,2014,17,157,195,14.9,84,-11
989,2015,7.3,129,164,0,36,-42
989,2016,17.9,138,194,16.5,89,-12
989,2017,24.7,161,206,20.2,122,0
989,2018,17.6,188,208,16.7,87,2
989,2019,21.4,170,204,18.2,106,-2
989,2020,20.4,189,206,19.9,101,0
989,2021,23.4,180,202,23.1,116,-4
989,2022,14.4,166,214,9.9,71,8
989,2023,20.3,186,213,19.2,100,7
989,2024,15.2,163,198,13.1,75,-8
989,2025,19.2,175,199,16.1,95,-7
989,2026,10.1,166,181,4.8,50,-25
990,2002,49.4,196,248,48.6,,
990,2003,28.1,191,240,27.1,,
990,2004,32.6,183,231,32.2,,
990,2005,19.9,199,221,16.6,,
990,2006,44.9,180,247,44.8,,
990,2007,48.9,176,243,47.1,,
990,2008,45.9,195,251,45.3,,
990,2009,33,200,241,30.5,,
990,2010,37.2,196,249,33,,
990,2011,55.8,206,258,50.3,,
990,2012,61.5,204,263,60.4,,
990,2013,44.8,187,247,44.6,,
990,2014,39.9,188,242,39.5,,
990,2015,14.7,196,216,13.8,,
990,2016,45.9,182,231,45.6,,
990,2017,45.7,200,242,44.8,,
990,2018,44.3,190,236,42.8,,
990,2019,27.6,171,228,25.2,,
990,2020,39.9,191,238,39.4,,
990,2021,45.7,198,245,44.6,,
990,2022,44.3,204,254,37,,
990,2023,34.1,192,233,32,,
990,2024,27,192,234,27,,
990,2025,32.6,175,230,30.4,,
990,2026,15,185,215,14.8,,
992,2011,17.3,212,225,16.5,,
992,2012,6.5,164,181,1,,
992,2013,8.2,203,211,6.8,,
992,2014,10.6,189,201,10.3,,
992,2015,5.9,160,173,0,,
992,2016,9.3,185,193,9.3,,
992,2017,13.2,160,197,9.8,,
992,2018,8.4,180,193,7,,
992,2019,12,183,209,12,,
992,2020,10.7,188,209,10.5,,
992,2021,9,182,195,8.9,,
992,2022,8.5,170,202,7.3,,
992,2023,15.8,190,214,14.3,,
992,2024,13.1,187,203,13.1,,
992,2025,9.3,173,193,6.8,,
992,2026,6.4,163,173,0,,
998,2008,0,366,366,,,
998,2009,67.5,197,357,,,
998,2010,99.9,218,280,85.8,,
998,2011,114.3,221,294,98.3,,
998,2012,129.7,247,286,118.6,,
998,2013,114.4,213,270,99.6,,
998,2014,0,365,365,,,
998,2015,51.9,198,239,46.4,,
998,2016,93.5,181,250,91.9,,
998,2017,112.2,218,271,97.5,,
998,2018,106.6,204,264,94.8,,
998,2019,84.5,202,245,67.3,,
998,2020,97,191,269,95.1,,
998,2021,102.1,194,269,98.3,,
998,2022,109.8,231,280,91.4,,
998,2023,89.3,207,249,74,,
998,2024,71,214,271,64.3,,
998,2025,87.4,195,257,82.6,,
998,2026,96,170,257,93.8,,
999,2006,0,365,365,,,
999,2007,82.4,175,224,55,,
999,2008,88.2,211,263,81,,
999,2009,67.5,200,244,61.4,,
999,2010,50.8,196,252,43.6,,
999,2011,88.4,224,273,74.6,,
999,2012,90.2,192,266,88.2,,
999,2013,73.4,178,248,71.5,,
999,2014,59.6,212,245,56.9,,
999,2015,9.2,115,131,0,,
999,2016,48.5,180,219,47.9,,
999,2017,66.5,200,246,63,,
999,2018,77.1,206,236,73.9,,
999,2019,35.8,201,226,34.7,,
999,2020,66.8,193,243,65.5,,
999,2021,74.6,196,248,72.5,,
999,2022,62.4,202,258,49.9,,
999,2023,59.8,205,233,53.1,,
999,2024,32,193,235,30.4,,
999,2025,48.9,176,238,43.2,,
999,2026,23.2,185,215,22.2,,
1000,2000,0,366,366,,0,127
1000,2001,19.1,204,223,16,47,-16
1000,2002,49,184,240,48.8,121,1
1000,2003,46.2,224,248,39.7,114,9
1000,2004,52.3,183,247,52.1,129,8
1000,2005,30.9,202,241,26.9,76,2
1000,2006,69.7,204,251,63.1,172,12
1000,2007,38.7,206,237,36.6,96,-2
1000,2008,45.9,210,251,43.2,113,12
1000,2009,37.4,196,239,34.5,92,0
1000,2010,40.5,213,258,35.3,100,19
1000,2011,57,213,268,50.1,141,29
1000,2012,40.5,202,236,36.9,100,-3
1000,2013,31,191,224,29.6,77,-15
1000,2014,21.1,188,231,20,52,-8
1000,2015,14.1,198,213,11.5,35,-26
1000,2016,47.8,182,230,47.5,118,-9
1000,2017,61.8,210,246,57,153,7
1000,2018,27.5,201,225,25.7,68,-14
1000,2019,43.4,198,226,41.3,107,-13
1000,2020,32.1,192,222,30,79,-17
1000,2021,34.8,184,219,34.8,86,-20
1000,2022,27.2,225,247,19,67,8
1000,2023,58.7,204,237,47.8,145,-2
1000,2024,44.8,183,233,44.6,111,-6
1000,2025,61.7,190,237,59.4,152,-2
1000,2026,15.5,158,182,7.3,38,-57
1001,2000,52.7,204,249,49.4,135,14
1001,2001,26.3,198,234,22.9,68,-1
1001,2002,45.3,204,244,43.4,116,9
1001,2003,27.8,193,230,26.5,71,-5
1001,2004,38.6,186,232,37,99,-3
1001,2005,38.9,193,226,37,100,-9
1001,2006,29.3,213,239,27.1,75,4
1001,2007,67.3,201,260,64.5,173,25
1001,2008,60.5,202,254,52.8,156,19
1001,2009,54.7,201,249,49.8,141,14
1001,2010,41.5,194,235,39.4,107,0
1001,2011,28.7,206,237,26.5,74,2
1001,2012,54.9,193,252,54.3,141,17
1001,2013,53,214,251,48.3,136,16
1001,2014,40.6,193,234,35,104,-1
1001,2015,17.7,198,221,15.6,46,-14
1001,2016,27,173,209,23.5,69,-26
1001,2017,32.2,189,226,29.4,83,-9
1001,2018,24.7,192,223,24.7,63,-12
1001,2019,23.9,168,222,20.8,61,-13
1001,2020,48.2,197,239,45.3,124,4
1001,2021,53.2,195,250,45.3,137,15
1001,2022,46.4,190,240,44.2,119,5
1001,2023,44.4,198,241,42.4,114,6
1001,2024,39.8,200,235,36,102,0
1001,2025,22.5,178,229,22.2,58,-6
1001,2026,42,201,241,38.2,108,6
1003,1987,15.7,208,227,14.2,151,14
1003,1988,0,1,1,,0,-212
1003,1990,9.5,189,202,9,91,-10
1003,1991,9.7,203,222,8.2,93,10
1003,1992,18.6,204,232,17.1,179,20
1003,1993,10.3,199,212,8.9,99,-0
1003,1994,9,181,209,8.7,87,-4
1003,1995,12.1,188,215,12,116,2
1003,1996,4.9,197,207,4.5,47,-6
1003,1997,6.4,188,207,6,62,-6
1003,1998,9.5,201,228,7.1,91,16
1003,1999,14.2,202,229,12.1,137,16
1003,2000,13.6,187,224,13.6,131,12
1003,2001,17.6,197,227,16.7,169,14
1003,2002,17.6,210,226,17.2,169,14
1003,2003,8.6,167,192,5.5,83,-20
1003,2004,13.9,189,217,12.1,134,4
1003,2005,11.6,195,208,11,112,-4
1003,2006,10.5,208,226,9.5,101,14
1003,2007,10.5,192,211,10.3,101,-2
1003,2008,13.4,205,226,12.7,129,14
1003,2009,8.7,200,209,7.5,84,-4
1003,2010,19.1,209,223,15.4,184,10
1003,2011,9.8,200,213,8,94,0
1003,2012,19.4,200,219,17.6,187,6
1003,2013,14,207,227,11.3,135,14
1003,2014,6,194,201,6,58,-12
1003,2015,2.7,201,208,0.1,26,-4
1003,2016,12.4,173,191,8.4,119,-22
1003,2017,9.8,186,207,9.7,94,-6
1003,2018,7,193,206,6.8,67,-6
1003,2019,7.8,152,193,6,75,-20
1003,2020,9.6,199,206,8.4,92,-6
1003,2021,15.8,202,218,14.8,152,6
1003,2022,13,207,220,11.8,125,8
1003,2023,12.2,214,226,10.3,117,14
1003,2024,11.8,204,214,10.1,113,2
1003,2025,4.2,84,185,2.7,40,-28
1003,2026,2.6,183,208,2.6,25,-4
1005,2001,16.7,197,221,14.1,134,1
1005,2002,5.4,175,186,3.9,43,-34
1005,2003,16.7,191,224,16.4,134,4
1005,2004,14.4,214,225,12.1,116,5
1005,2005,20.9,197,231,19.7,168,11
1005,2006,7.9,184,199,7.8,63,-21
1005,2007,10.9,208,225,9,88,5
1005,2008,21.4,176,223,20.3,172,3
1005,2009,18.3,204,219,14.8,147,-1
1005,2010,19.4,181,222,19,156,2
1005,2011,10.3,182,223,9.9,83,3
1005,2012,9.9,173,201,6.8,80,-19
1005,2013,12.7,207,224,12,102,4
1005,2014,12.2,192,216,11.2,98,-4
1005,2015,10.5,178,208,9.7,84,-12
1005,2016,11.5,186,228,11.4,92,8
1005,2017,16.1,188,219,14.5,129,-1
1005,2018,4,182,191,3.8,32,-29
1005,2019,14.5,184,219,14.5,116,-1
1005,2020,11.5,188,209,11.5,92,-11
1005,2021,14,184,212,14,112,-8
1005,2022,11.3,189,203,10,91,-17
1005,2023,9.3,177,207,8.8,75,-13
1005,2024,10.4,192,205,10,84,-15
1005,2025,4.9,162,177,0.1,39,-43
1005,2026,4.3,161,169,0,35,-51
1006,2001,9.1,168,208,5.6,81,9
1006,2002,13,177,196,12.9,116,-3
1006,2003,4.1,180,194,3,36,-5
1006,2004,13.6,161,187,8.1,121,-12
1006,2005,13.2,183,217,13.2,117,18
1006,2006,17.8,193,212,15.3,158,13
1006,2007,7.9,156,186,4.8,70,-13
1006,2008,12.8,174,211,12.1,114,12
1006,2009,14.3,200,214,9,127,15
1006,2010,8.3,196,203,7.1,74,4
1006,2011,14.4,181,217,14,128,18
1006,2012,4.7,173,184,1.7,42,-15
1006,2013,9.8,163,187,5.9,87,-12
1006,2014,4.4,170,193,3.7,39,-6
1006,2015,3.5,129,138,0,31,-61
1006,2016,11.8,148,192,10.3,105,-7
1006,2017,15,161,205,12.8,133,6
1006,2018,7.2,178,190,6.3,64,-9
1006,2019,18.6,185,207,18.3,165,8
1006,2020,10.7,190,202,10.2,95,3
1006,2021,13.7,179,202,13.5,122,3
1006,2022,8.4,174,185,5,75,-14
1006,2023,25.4,190,213,24.4,226,14
1006,2024,18.5,193,206,18.2,164,7
1006,2025,17.7,174,198,15.5,157,-1
1006,2026,5.6,148,164,0,50,-35
1008,2001,0,365,365,,0,130
1008,2002,13.8,223,241,11.7,90,6
1008,2003,14.5,225,240,12.9,94,4
1008,2004,14.2,170,217,12.8,92,-18
1008,2005,15.2,203,234,13.2,99,-2
1008,2006,18,208,230,16.1,117,-6
1008,2007,14.1,208,222,11.7,92,-14
1008,2008,15.7,210,249,13.9,102,14
1008,2009,16.4,227,240,14.1,106,4
1008,2010,19.6,225,253,13.6,127,18
1008,2011,22.2,223,260,15.2,144,24
1008,2012,15.6,204,230,14,101,-6
1008,2013,13.8,217,227,12,90,-8
1008,2014,18.6,201,237,17.2,121,2
1008,2015,14.2,198,226,13.2,92,-10
1008,2016,14,190,221,13.7,91,-14
1008,2017,11.5,216,226,8.2,75,-10
1008,2018,16,196,228,13.1,104,-8
1008,2019,16,215,242,12.8,104,6
1008,2020,17.4,209,243,15.6,113,8
1008,2021,12.1,211,243,11.6,79,8
1008,2022,14.6,215,249,11,95,14
1008,2023,19.9,210,231,16.9,129,-4
1008,2024,11.7,223,245,8.2,76,10
1008,2025,17,186,238,16,110,2
1008,2026,11.9,186,224,10.8,77,-12
1009,2001,0,365,365,,0,142
1009,2002,9.2,186,230,9.2,78,8
1009,2003,11.1,189,227,10.1,94,4
1009,2004,11.2,170,197,9,95,-26
1009,2005,10.9,204,223,10.2,92,0
1009,2006,13.8,188,218,13,116,-4
1009,2007,11.4,203,214,9.7,96,-8
1009,2008,12.9,210,232,11.6,109,10
1009,2009,12.2,189,232,11.8,103,10
1009,2010,15,225,239,11,127,16
1009,2011,18.5,214,235,13.3,156,12
1009,2012,12.9,177,209,12.3,109,-14
1009,2013,11.6,207,222,11,98,-0
1009,2014,16,201,229,15.6,135,6
1009,2015,10.5,161,212,8.7,89,-10
1009,2016,11.4,184,216,11.4,96,-6
1009,2017,6.7,166,218,6,57,-4
1009,2018,13.5,201,219,11.3,114,-4
1009,2019,12.1,200,227,11.1,102,4
1009,2020,14,199,219,13.2,118,-4
1009,2021,10.7,183,219,10.7,90,-4
1009,2022,7.7,175,223,6.5,65,0
1009,2023,16.5,205,228,14.4,139,6
1009,2024,7.9,194,211,7.4,67,-12
1009,2025,14.6,187,221,13.6,123,-2
1009,2026,9.8,169,215,8.3,83,-8
1010,2001,0,365,365,,0,158
1010,2002,16.7,171,194,15.4,117,-12
1010,2003,13.5,179,227,11.7,95,20
1010,2004,18,157,193,12.9,126,-14
1010,2005,12.4,154,211,11.5,87,4
1010,2006,29.5,187,216,28.4,207,10
1010,2007,15,161,193,12.5,105,-14
1010,2008,16,186,217,16,112,10
1010,2009,10.6,173,205,9.1,74,-2
1010,2010,13.3,189,217,12.3,93,10
1010,2011,22.9,180,226,21.9,161,20
1010,2012,17.3,190,213,16.8,121,6
1010,2013,12,155,187,7.4,84,-20
1010,2014,5.4,155,168,2,38,-38
1010,2015,4.5,110,125,0,32,-82
1010,2016,18.5,168,193,16.6,130,-14
1010,2017,20.8,160,215,17.7,146,8
1010,2018,9.2,176,191,7.7,65,-16
1010,2019,26.1,182,208,25.8,183,2
1010,2020,9.5,151,198,9.1,67,-8
1010,2021,10.7,175,187,8,75,-20
1010,2022,10,118,164,0,70,-42
1010,2023,25.3,190,211,23.6,178,4
1010,2024,12.4,167,199,10.9,87,-8
1010,2025,24.5,174,199,22.7,172,-8
1010,2026,2,111,126,0,14,-80
1011,2003,61.7,215,251,55.8,,
1011,2004,67.5,215,257,66,,
1011,2005,32.1,199,227,21.8,,
1011,2006,68.7,228,254,55.8,,
1011,2007,72.4,210,257,62.6,,
1011,2008,73.3,214,267,63,,
1011,2009,72.3,230,259,54.8,,
1011,2010,57.7,222,265,46.3,,
1011,2011,89.1,229,287,68.9,,
1011,2012,97.4,209,277,84.8,,
1011,2013,81.4,215,268,70.3,,
1011,2014,85,224,271,75.7,,
1011,2015,16.2,198,232,12.2,,
1011,2016,56.7,188,236,55,,
1011,2017,79.6,216,260,64.8,,
1011,2018,86.2,207,252,73.1,,
1011,2019,45.9,201,235,38.4,,
1011,2020,72.4,219,260,68.6,,
1011,2021,75.4,204,258,69.3,,
1011,2022,66.1,228,263,46.1,,
1011,2023,65,205,234,54.4,,
1011,2024,46,223,257,37,,
1011,2025,51.5,175,247,44.8,,
1011,2026,34,168,223,31.1,,
1012,2002,0,365,365,,,
1012,2003,56.4,218,250,48.5,,
1012,2004,68.5,205,253,65.6,,
1012,2005,30.9,198,225,23.7,,
1012,2006,93.4,200,255,83.9,,
1012,2007,73.4,204,248,69.7,,
1012,2008,107,214,276,97.2,,
1012,2009,59.4,226,248,51.6,,
1012,2010,81.1,223,272,67.3,,
1012,2011,103.5,228,287,80.1,,
1012,2012,86.2,203,275,81.5,,
1012,2013,71.6,174,253,70,,
1012,2014,49.9,210,245,46.2,,
1012,2015,8.9,115,132,2.2,,
1012,2016,78.2,188,234,77.8,,
1012,2017,111.2,217,270,94.9,,
1012,2018,85,205,248,70.2,,
1012,2019,58.9,200,240,53.5,,
1012,2020,64.8,192,245,63.7,,
1012,2021,83.6,194,259,81.8,,
1012,2022,83.4,226,274,61.7,,
1012,2023,101.8,207,256,88,,
1012,2024,75.1,223,264,69.4,,
1012,2025,93.2,191,253,89.1,,
1012,2026,33,164,221,27.2,,
1013,2002,13.8,173,208,13.3,,
1013,2003,14.4,190,204,14,,
1013,2004,14.5,161,191,10.7,,
1013,2005,19,183,219,19,,
1013,2006,23.7,190,213,23.4,,
1013,2007,11.6,163,197,10.2,,
1013,2008,19.4,195,220,19.2,,
1013,2009,20.3,199,217,19.5,,
1013,2010,14.4,189,208,11.8,,
1013,2011,29,204,233,25.2,,
1013,2012,14.3,174,200,12.7,,
1013,2013,12.9,178,211,11.1,,
1013,2014,21.6,189,205,20.9,,
1013,2015,11.8,163,194,8.5,,
1013,2016,18.8,185,206,18.8,,
1013,2017,22.6,160,217,21.5,,
1013,2018,12.4,180,206,11.8,,
1013,2019,18,186,210,17.8,,
1013,2020,18.7,187,211,18.4,,
1013,2021,11.7,183,207,11.7,,
1013,2022,11.9,174,210,10.4,,
1013,2023,29.5,190,224,27.2,,
1013,2024,20.6,186,207,20.6,,
1013,2025,16,175,204,15.4,,
1013,2026,10.6,164,176,0,,
1014,2002,8.3,180,201,8.1,,
1014,2003,14.2,207,233,13.3,,
1014,2004,8.9,171,200,7.1,,
1014,2005,9.4,186,206,9.3,,
1014,2006,14.1,186,215,13.8,,
1014,2007,11.3,196,217,10.8,,
1014,2008,17.1,197,233,14.5,,
1014,2009,14,202,219,11.8,,
1014,2010,8.3,193,203,7,,
1014,2011,15.4,217,229,14.4,,
1014,2012,8.1,167,182,1.8,,
1014,2013,11.5,207,223,9,,
1014,2014,14.7,190,209,14,,
1014,2015,10.2,165,196,8.3,,
1014,2016,14.6,187,219,14.6,,
1014,2017,11.6,165,198,9.3,,
1014,2018,9.1,192,208,8.5,,
1014,2019,12.8,177,207,11.9,,
1014,2020,11.4,183,213,11.2,,
1014,2021,10.2,184,197,10.2,,
1014,2022,9.4,198,210,8.8,,
1014,2023,13.3,190,209,13,,
1014,2024,12.6,186,215,12.5,,
1014,2025,11.8,174,197,9.9,,
1014,2026,6.2,169,174,0,,
1015,2002,10.4,175,196,9.8,,
1015,2003,11.6,191,199,11.3,,
1015,2004,12.8,165,185,6.9,,
1015,2005,15.5,184,202,15.3,,
1015,2006,13.8,179,199,13.2,,
1015,2007,11.5,167,190,7.5,,
1015,2008,19.7,199,222,18,,
1015,2009,15.8,202,219,13.4,,
1015,2010,18.5,191,218,15.3,,
1015,2011,22.2,194,223,21.6,,
1015,2012,14.7,162,182,4.7,,
1015,2013,14.8,204,217,12.5,,
1015,2014,14.1,187,205,13.2,,
1015,2015,7.9,165,180,0.9,,
1015,2016,16.1,186,220,16.1,,
1015,2017,15.4,162,177,7.1,,
1015,2018,8.9,175,199,8.4,,
1015,2019,19.6,187,209,18.7,,
1015,2020,15.8,188,211,15.8,,
1015,2021,17.4,184,211,17.3,,
1015,2022,11.5,177,205,11.2,,
1015,2023,26.6,192,219,25.8,,
1015,2024,16,186,203,16,,
1015,2025,11.4,174,195,9.4,,
1015,2026,5.7,160,171,0,,
1016,2002,11.2,176,193,9.5,,
1016,2003,4.4,163,166,0,,
1016,2004,9.2,161,177,1,,
1016,2005,3.9,158,171,1.7,,
1016,2006,10.4,175,196,9.4,,
1016,2007,7.5,157,173,0,,
1016,2008,13.7,194,216,13.5,,
1016,2009,4.8,167,190,3.5,,
1016,2010,7.3,167,200,6.8,,
1016,2011,7.5,164,193,6.5,,
1016,2012,6.4,167,176,0,,
1016,2013,4.1,164,180,0.8,,
1016,2014,4.4,146,158,0,,
1016,2015,3.4,129,131,0,,
1016,2016,8.6,137,164,0,,
1016,2017,10.4,159,167,0,,
1016,2018,4.6,160,182,1.8,,
1016,2019,16.8,169,191,13.4,,
1016,2020,10.4,141,193,8.1,,
1016,2021,9.9,166,189,8,,
1016,2022,7.1,151,176,0,,
1016,2023,11.5,189,206,11.1,,
1016,2024,6.5,167,187,4.6,,
1016,2025,10.1,175,191,7.6,,
1016,2026,2.3,149,155,0,,
1017,2002,5.2,153,173,0,,
1017,2003,12.2,182,196,11.6,,
1017,2004,10.4,159,178,3.1,,
1017,2005,17.2,183,204,17.2,,
1017,2006,2.1,175,187,1.4,,
1017,2007,11.2,157,184,5.7,,
1017,2008,14.6,160,189,9.6,,
1017,2009,8.9,151,177,4.4,,
1017,2010,13.4,180,197,12.3,,
1017,2011,7.4,163,176,0,,
1017,2012,9.6,144,180,1.5,,
1017,2013,8.6,155,182,3.5,,
1017,2014,5,159,175,0,,
1017,2015,10.6,156,179,2.4,,
1017,2016,11.6,150,177,4,,
1017,2017,13.6,157,174,7.9,,
1017,2018,4.8,155,178,1.1,,
1017,2019,15.8,167,199,13.5,,
1017,2020,9.8,148,192,8.9,,
1017,2021,10,178,190,9.2,,
1017,2022,9.3,175,190,7.4,,
1017,2023,17.9,174,203,16.5,,
1017,2024,14,181,202,13.2,,
1017,2025,4.1,162,177,0,,
1017,2026,5.3,148,164,0,,
1030,2002,0,365,365,,,
1030,2003,24.3,224,240,18.7,,
1030,2004,20.9,211,234,18.8,,
1030,2005,25.5,226,242,21.4,,
1030,2006,27,203,235,25.3,,
1030,2007,20.9,208,238,18.6,,
1030,2008,27.4,196,248,23.5,,
1030,2009,25,202,237,20.7,,
1030,2010,25,228,247,15.8,,
1030,2011,36.6,217,258,29.4,,
1030,2012,16.1,165,219,14.9,,
1030,2013,23.1,210,240,17.6,,
1030,2014,31.1,229,249,27.5,,
1030,2015,19.6,238,252,17.1,,
1030,2016,28.8,225,254,24.4,,
1030,2017,26.9,216,250,24.3,,
1030,2018,24,208,235,19.5,,
1030,2019,26.9,242,261,25.5,,
1030,2020,25.4,210,242,22.8,,
1030,2021,21.8,211,240,20.4,,
1030,2022,21.4,218,239,19.1,,
1030,2023,28.8,212,241,25.4,,
1030,2024,23.9,226,250,21.1,,
1030,2025,21,187,241,20.1,,
1030,2026,13.8,166,225,9.3,,
1031,2003,28.3,226,252,21.4,,
1031,2004,18.7,212,237,15.6,,
1031,2005,24.6,227,259,19.4,,
1031,2006,20.6,223,240,19.6,,
1031,2007,21.9,211,249,18.5,,
1031,2008,27.8,228,261,21,,
1031,2009,23.5,219,248,20.1,,
1031,2010,24.2,233,253,13.9,,
1031,2011,46.4,238,269,33.3,,
1031,2012,12.8,204,228,12.5,,
1031,2013,20.9,222,249,13,,
1031,2014,29.6,229,254,24.6,,
1031,2015,19.2,237,253,15.5,,
1031,2016,24.1,225,253,20.4,,
1031,2017,25.2,216,253,21.2,,
1031,2018,22.7,217,243,18.5,,
1031,2019,25.3,216,261,22.3,,
1031,2020,23.3,214,243,19.8,,
1031,2021,19.4,218,242,17.5,,
1031,2022,25.3,218,252,20.3,,
1031,2023,27.9,211,250,25.2,,
1031,2024,25.2,224,254,18.7,,
1031,2025,22,215,248,19.7,,
1031,2026,14.4,219,241,11.6,,
1032,2003,14.1,207,232,12.5,,
1032,2004,8.3,160,185,4.2,,
1032,2005,8.2,186,202,8.1,,
1032,2006,10.8,191,205,10.5,,
1032,2007,11.4,196,213,10.7,,
1032,2008,14.1,196,232,12,,
1032,2009,10.7,201,218,9.4,,
1032,2010,10.8,191,235,9.4,,
1032,2011,21.9,218,248,16.7,,
1032,2012,8.1,162,183,3.1,,
1032,2013,14.1,207,225,9.7,,
1032,2014,15,187,218,14.4,,
1032,2015,10.1,160,191,6.8,,
1032,2016,14.5,184,231,14.5,,
1032,2017,12.1,161,198,9.4,,
1032,2018,12.3,192,212,11.2,,
1032,2019,15.1,177,208,14.6,,
1032,2020,12.4,184,217,12.4,,
1032,2021,11.6,180,213,11.5,,
1032,2022,11.9,200,224,9.8,,
1032,2023,15.5,190,221,15.4,,
1032,2024,12.7,183,230,12.5,,
1032,2025,11.3,189,209,10.3,,
1032,2026,6.9,168,176,0,,
1033,2003,27.9,191,232,27.2,,
1033,2004,26.1,171,219,22.8,,
1033,2005,25.3,185,232,25,,
1033,2006,39.8,188,225,37.8,,
1033,2007,22.1,166,215,20.7,,
1033,2008,35.5,202,240,34.1,,
1033,2009,33.5,190,224,31.3,,
1033,2010,24.4,191,236,20.5,,
1033,2011,47.9,216,251,41,,
1033,2012,23.9,166,194,17.3,,
1033,2013,26.8,206,228,21.7,,
1033,2014,43,191,239,42.2,,
1033,2015,24.9,160,212,20.4,,
1033,2016,28.5,190,235,28.1,,
1033,2017,39.8,167,221,32.5,,
1033,2018,28.5,193,218,26.8,,
1033,2019,34.3,189,239,33.1,,
1033,2020,29.1,189,224,29.1,,
1033,2021,22.3,184,215,22.3,,
1033,2022,23.5,201,225,20.9,,
1033,2023,34.8,193,224,34.2,,
1033,2024,26.4,194,229,26.1,,
1033,2025,25.2,188,211,24.6,,
1033,2026,17.2,160,178,4.3,,
1034,2003,10.9,181,196,10.8,,
1034,2004,11,167,184,5.5,,
1034,2005,20.2,185,205,19.9,,
1034,2006,1,176,178,0,,
1034,2007,14.2,142,187,8.9,,
1034,2008,5.5,151,171,0,,
1034,2009,9.9,140,176,2.9,,
1034,2010,29.4,183,221,29.4,,
1034,2011,6.7,152,165,0,,
1034,2012,12.9,165,181,3.4,,
1034,2013,9.2,163,172,0,,
1034,2014,4.3,93,140,0,,
1034,2015,8.2,164,178,0.5,,
1034,2016,15.6,139,165,0,,
1034,2017,6.4,145,157,0,,
1034,2018,5.5,149,162,0,,
1034,2019,5,133,157,0.3,,
1034,2020,5.4,129,157,0.4,,
1034,2021,1.5,212,214,0,,
1034,2022,2,96,98,0,,
1034,2023,5.2,145,166,2.9,,
1034,2024,6.6,136,192,4.8,,
1034,2025,1.9,49,50,0,,
1034,2026,4.3,118,124,0,,
1035,2002,0,212,212,0,,
1035,2003,3,191,201,3,,
1035,2004,9.2,201,218,8.9,,
1035,2005,9.7,193,212,9.2,,
1035,2006,8.2,209,228,7.3,,
1035,2007,9.8,189,217,9.6,,
1035,2008,10.3,213,226,9.3,,
1035,2009,8.1,194,213,8,,
1035,2010,12.4,208,225,11,,
1035,2011,6.1,196,213,5.4,,
1035,2012,13.4,195,232,13.2,,
1035,2013,7.3,218,237,5.9,,
1035,2014,3.5,199,208,3,,
1035,2015,0.9,178,182,0,,
1035,2016,6.5,180,199,5.9,,
1035,2017,6.7,191,214,6.4,,
1035,2018,4.9,188,210,4.8,,
1035,2019,4.6,172,183,2.3,,
1035,2020,7.8,194,208,7.1,,
1035,2021,9,199,212,8.3,,
1035,2022,11.3,197,221,10.8,,
1035,2023,8.6,200,225,8.1,,
1035,2024,9.4,206,220,8.7,,
1035,2025,4.8,193,207,4.7,,
1035,2026,7.2,197,216,6.6,,
1039,2003,12.1,191,208,10.7,,
1039,2004,19.9,160,189,13.7,,
1039,2005,27,183,232,27,,
1039,2006,25.2,189,216,23,,
1039,2007,12.7,163,190,10.2,,
1039,2008,21.4,197,217,20.6,,
1039,2009,26.3,199,219,21,,
1039,2010,18.1,196,219,15.4,,
1039,2011,23.9,193,226,21.1,,
1039,2012,12.2,173,204,9.6,,
1039,2013,14.7,178,211,11.4,,
1039,2014,15.9,189,203,14.7,,
1039,2015,12,163,187,6.3,,
1039,2016,15.6,185,197,15.5,,
1039,2017,22.4,163,200,18.1,,
1039,2018,8.4,182,194,7.8,,
1039,2019,23.5,186,211,23.3,,
1039,2020,17.6,186,210,17.5,,
1039,2021,14.2,184,208,14.2,,
1039,2022,11.8,174,191,9.3,,
1039,2023,42.7,190,224,39.8,,
1039,2024,24,193,207,23.8,,
1039,2025,19.4,175,204,17.3,,
1039,2026,5.5,163,172,0,,
1040,2003,14.7,192,226,14.2,,
1040,2004,12,164,201,8.5,,
1040,2005,15.9,189,227,15.2,,
1040,2006,15.3,185,206,14.9,,
1040,2007,13.2,163,211,11.1,,
1040,2008,21.1,196,232,17.4,,
1040,2009,19.1,189,219,16.4,,
1040,2010,13,190,203,10.7,,
1040,2011,20.4,215,241,16.4,,
1040,2012,8.8,162,184,3.9,,
1040,2013,13.9,208,224,10.2,,
1040,2014,17.8,190,209,16.9,,
1040,2015,12.9,161,196,9.1,,
1040,2016,15.6,190,226,15.5,,
1040,2017,13.6,165,199,9.5,,
1040,2018,10,192,211,8.8,,
1040,2019,17.7,178,226,17.3,,
1040,2020,14.6,189,216,14,,
1040,2021,10.9,184,207,10.9,,
1040,2022,16.3,197,220,14.5,,
1040,2023,19.3,191,222,18.9,,
1040,2024,17,186,218,17,,
1040,2025,13.9,174,209,11.9,,
1040,2026,6.8,161,176,0.2,,
1041,2003,0,365,365,,,
1041,2004,9,160,187,5.5,,
1041,2005,11.7,183,206,11.7,,
1041,2006,12.2,185,203,11.8,,
1041,2007,10.3,163,199,7.8,,
1041,2008,17.1,196,226,14.9,,
1041,2009,16.6,189,214,14.6,,
1041,2010,10.4,190,203,8.5,,
1041,2011,14.9,215,229,14.2,,
1041,2012,7.7,163,184,3.3,,
1041,2013,11.2,207,219,8.6,,
1041,2014,15.4,190,207,14.6,,
1041,2015,11.1,160,192,7.7,,
1041,2016,11.7,185,217,11.7,,
1041,2017,12.2,161,196,8.4,,
1041,2018,8.4,181,208,8.3,,
1041,2019,15.4,183,210,15.4,,
1041,2020,13.3,189,215,13.2,,
1041,2021,9,184,208,9,,
1041,2022,10.8,186,213,10.5,,
1041,2023,14.8,189,217,14.6,,
1041,2024,12.9,183,209,12.7,,
1041,2025,11.6,174,208,10.1,,
1041,2026,6.1,160,176,0,,
1042,2006,15.7,191,226,15.5,,
1042,2007,18.6,203,225,16.2,,
1042,2008,16.3,202,233,14.3,,
1042,2009,17.6,201,227,14.4,,
1042,2010,15.1,228,237,12.1,,
1042,2011,26,217,248,20.4,,
1042,2012,14.2,192,214,12.9,,
1042,2013,16.8,215,234,10.8,,
1042,2014,23.4,201,236,21.3,,
1042,2015,19.7,211,241,13.4,,
1042,2016,19.4,215,235,16.4,,
1042,2017,25.1,213,243,22.2,,
1042,2018,15.8,207,225,13,,
1042,2019,21.4,198,244,18.3,,
1042,2020,22.6,210,230,17,,
1042,2021,18.5,224,239,14.1,,
1042,2022,18.5,218,229,15.2,,
1042,2023,20.5,213,230,17.5,,
1042,2024,21.8,224,240,16.6,,
1042,2025,15.6,191,233,14.1,,
1042,2026,10.3,169,204,7,,
1043,2003,0,365,365,,,
1043,2004,8.7,160,195,7.7,,
1043,2005,6.3,201,207,5.1,,
1043,2006,11.3,186,212,11.3,,
1043,2007,10.5,160,192,7.5,,
1043,2008,9.9,208,228,8.5,,
1043,2009,9.4,198,222,7.8,,
1043,2010,11,196,213,10,,
1043,2011,14.8,212,232,11.9,,
1043,2012,10.7,192,210,9.8,,
1043,2013,9.3,173,217,8.8,,
1043,2014,8.8,190,219,8.7,,
1043,2015,5.3,177,200,3.4,,
1043,2016,16.9,171,191,13.3,,
1043,2017,13.9,184,212,13.9,,
1043,2018,17.4,196,210,16.2,,
1043,2019,11.8,168,200,8.8,,
1043,2020,11.4,173,204,10.7,,
1043,2021,10,162,198,8.6,,
1043,2022,8.9,174,210,7.4,,
1043,2023,15.4,188,213,14.6,,
1043,2024,8.6,167,198,8.1,,
1043,2025,13.5,172,199,11.7,,
1043,2026,5,158,172,0,,
1044,2004,4.7,99,143,0,,
1044,2005,2.8,108,124,0,,
1044,2006,4,124,150,0.4,,
1044,2007,3.7,154,162,0,,
1044,2008,14.1,133,195,10,,
1044,2009,6.4,89,154,0,,
1044,2010,1.8,93,97,0.5,,
1044,2011,4,157,182,0.7,,
1044,2012,2.8,167,178,0,,
1044,2013,7.2,150,167,0,,
1044,2014,1.4,97,102,0,,
1044,2015,0.5,97,99,0,,
1044,2016,5.6,108,137,0,,
1044,2017,7.3,159,169,0,,
1044,2018,3.5,159,173,0,,
1044,2019,9,165,183,3.9,,
1044,2020,4.9,116,165,0,,
1044,2021,1.4,163,166,0,,
1044,2022,7,143,167,0,,
1044,2023,8.7,188,205,7.1,,
1044,2024,5,164,178,0.4,,
1044,2025,3.8,171,178,0.2,,
1044,2026,2.2,115,121,0,,
1045,2004,5.6,162,176,0.1,,
1045,2005,8,184,197,8,,
1045,2006,6.6,179,193,6.3,,
1045,2007,7.4,163,192,5.5,,
1045,2008,9,196,205,7.7,,
1045,2009,8.1,201,212,6,,
1045,2010,11.5,190,204,10.5,,
1045,2011,9.8,165,220,9.6,,
1045,2012,7.8,158,183,2.7,,
1045,2013,6,207,211,4.9,,
1045,2014,7.2,177,204,7,,
1045,2015,4.6,167,182,1.6,,
1045,2016,10,184,218,10,,
1045,2017,5.3,165,173,0,,
1045,2018,4.8,192,202,4.2,,
1045,2019,6.3,185,202,5.8,,
1045,2020,8.4,201,211,7.8,,
1045,2021,5.6,180,212,5.4,,
1045,2022,5.4,174,202,4.5,,
1045,2023,6,191,201,5.4,,
1045,2024,5.5,187,201,5.5,,
1045,2025,3.3,171,193,2.2,,
1045,2026,1.6,219,221,0,,
1046,1999,10.3,256,,,,
1046,2004,14.8,209,222,13.4,,
1046,2005,16.7,194,236,16.4,,
1046,2006,24.2,185,229,24,,
1046,2007,20.2,207,230,19,,
1046,2008,22.7,196,243,21.4,,
1046,2009,23.5,200,236,22.3,,
1046,2010,22.4,225,247,19.4,,
1046,2011,33.6,220,260,24.9,,
1046,2012,15.7,161,208,12.7,,
1046,2013,15.2,219,236,13.6,,
1046,2014,26.6,202,246,24.7,,
1046,2015,15.2,201,238,14.4,,
1046,2016,23.5,223,248,20,,
1046,2017,18.4,167,225,17,,
1046,2018,22.7,201,225,20.7,,
1046,2019,21.1,197,249,20.1,,
1046,2020,25.1,201,234,23,,
1046,2021,18.9,206,237,18.7,,
1046,2022,18.3,200,228,16.9,,
1046,2023,21.9,189,222,21.2,,
1046,2024,20.5,195,238,20.1,,
1046,2025,18.1,189,224,17.6,,
1046,2026,13.1,167,192,7.5,,
1047,2005,24.5,184,236,24.4,,
1047,2006,36.2,190,226,35,,
1047,2007,19.1,164,213,16.9,,
1047,2008,31.9,196,242,28.9,,
1047,2009,34.8,199,230,31.1,,
1047,2010,29.1,191,245,23.5,,
1047,2011,41.3,204,252,34.8,,
1047,2012,19.8,160,194,13.8,,
1047,2013,23.8,207,227,18.9,,
1047,2014,33.7,190,228,32.4,,
1047,2015,19.5,163,216,17,,
1047,2016,26.4,223,244,23.8,,
1047,2017,31.4,163,226,26.6,,
1047,2018,23.3,192,220,21,,
1047,2019,29.8,186,246,29.3,,
1047,2020,28.9,204,228,28,,
1047,2021,22.9,184,226,22.9,,
1047,2022,22.2,200,229,19.7,,
1047,2023,40.8,190,233,39.6,,
1047,2024,30,194,237,29.6,,
1047,2025,24.9,189,221,24.3,,
1047,2026,18.3,164,183,8.9,,
1048,2003,0.5,361,362,,,
1048,2004,5.6,159,172,0,,
1048,2005,7.6,160,175,0,,
1048,2006,0.7,123,128,0,,
1048,2007,6.5,152,166,0,,
1048,2008,3.4,147,153,0,,
1048,2009,2,116,147,0,,
1048,2010,14.3,168,189,10.5,,
1048,2011,2.3,137,143,0,,
1048,2012,7.7,143,176,0.1,,
1048,2013,2.5,154,159,0,,
1048,2014,2.8,104,140,0,,
1048,2015,3.8,136,154,0,,
1048,2016,5.9,130,141,0,,
1048,2017,5.1,117,135,0,,
1048,2018,0.9,146,150,0,,
1048,2019,2.2,112,123,0,,
1048,2020,3.2,110,119,0,,
1048,2021,2.7,144,156,0,,
1048,2022,2.7,98,133,0,,
1048,2023,4.8,155,160,0.1,,
1048,2024,4,138,146,0.5,,
1048,2025,1.2,51,54,0,,
1048,2026,1.3,104,114,0,,
1049,2004,37.9,165,218,34.5,,
1049,2005,43,194,245,42,,
1049,2006,51.3,201,242,43.7,,
1049,2007,22.6,156,222,20.5,,
1049,2008,30.3,169,224,28.3,,
1049,2009,33.8,176,226,33.1,,
1049,2010,37.5,196,249,32.6,,
1049,2011,63.4,210,261,61.3,,
1049,2012,21.7,198,222,19.9,,
1049,2013,24.6,168,212,23.4,,
1049,2014,21,187,216,20.8,,
1049,2015,11.9,160,174,2.2,,
1049,2016,35.4,183,229,35.3,,
1049,2017,72.1,202,246,64.4,,
1049,2018,27.7,178,219,25.5,,
1049,2019,59.6,191,249,57.4,,
1049,2020,28.9,194,224,25.3,,
1049,2021,23.9,178,215,22.9,,
1049,2022,22.3,162,228,18.5,,
1049,2023,78.6,192,249,77.5,,
1049,2024,38.9,193,231,37.9,,
1049,2025,29.9,188,222,29.2,,
1049,2026,22.7,148,179,10.6,,
1050,2004,22.7,159,196,16.3,,
1050,2005,27.7,193,237,27.2,,
1050,2006,39.6,208,233,36,,
1050,2007,13.1,157,189,9.2,,
1050,2008,20.5,151,209,17.8,,
1050,2009,17.9,177,219,16.9,,
1050,2010,21.4,214,246,19,,
1050,2011,37.7,184,259,37.7,,
1050,2012,10.3,188,207,10.2,,
1050,2013,13.2,163,194,9,,
1050,2014,13.9,163,199,13.1,,
1050,2015,6.7,134,166,0,,
1050,2016,21.7,168,225,20.7,,
1050,2017,47.2,207,245,43,,
1050,2018,16.4,176,210,14.9,,
1050,2019,37.1,189,226,36,,
1050,2020,16.1,194,217,13.8,,
1050,2021,15.3,178,201,14.3,,
1050,2022,14.4,107,184,7.8,,
1050,2023,54,193,247,52.9,,
1050,2024,22,193,225,21.8,,
1050,2025,19.2,188,213,18.6,,
1050,2026,14,148,172,1.8,,
1051,2004,27.8,165,208,22.1,,
1051,2005,32.8,197,233,31.4,,
1051,2006,41.6,201,231,36.8,,
1051,2007,15.8,156,191,11.8,,
1051,2008,24.9,169,207,22.5,,
1051,2009,22.7,167,220,21,,
1051,2010,28.9,197,233,25.8,,
1051,2011,46.3,179,244,45.3,,
1051,2012,14.9,199,211,14.1,,
1051,2013,20.2,161,197,14.9,,
1051,2014,15.1,165,201,14.7,,
1051,2015,9.2,163,169,0,,
1051,2016,24.7,175,205,23.8,,
1051,2017,50.1,201,238,45.2,,
1051,2018,20.6,178,211,19.2,,
1051,2019,44.6,185,225,43.8,,
1051,2020,20.3,194,213,17.8,,
1051,2021,17.2,176,201,16.1,,
1051,2022,17,92,187,11.4,,
1051,2023,61.4,190,240,60.7,,
1051,2024,24.1,184,215,24.1,,
1051,2025,19.7,169,206,19.1,,
1051,2026,19.8,147,175,6.2,,
1052,2004,23.5,188,218,23.5,,
1052,2005,39.4,209,238,36.6,,
1052,2006,51.5,206,244,42.6,,
1052,2007,11.9,180,212,11.4,,
1052,2008,25.7,174,224,25.1,,
1052,2009,19.1,186,220,18.7,,
1052,2010,24.7,212,247,22.3,,
1052,2011,40.7,183,255,40.7,,
1052,2012,9.7,198,207,9.2,,
1052,2013,14.3,165,197,11.6,,
1052,2014,10.6,187,199,10.5,,
1052,2015,8.5,160,174,0,,
1052,2016,20.7,182,227,20.4,,
1052,2017,58,204,243,48.6,,
1052,2018,16.9,179,212,16.6,,
1052,2019,42.6,188,245,41.3,,
1052,2020,16.7,195,214,12.2,,
1052,2021,14.6,183,206,14.6,,
1052,2022,13.2,173,192,10.9,,
1052,2023,62,189,249,61.3,,
1052,2024,20.3,193,216,19.6,,
1052,2025,15.6,189,214,15.1,,
1052,2026,14.9,147,175,3.2,,
1053,2004,5.6,150,166,0,,
1053,2005,4.2,110,113,0,,
1053,2006,5.2,151,182,1.5,,
1053,2007,5.7,156,163,0,,
1053,2008,7.9,135,197,7.7,,
1053,2009,6.1,99,190,5,,
1053,2010,3.1,145,152,0,,
1053,2011,6.7,162,186,3.7,,
1053,2012,7.7,178,194,7.1,,
1053,2013,4.2,150,167,0,,
1053,2014,7.7,156,184,4.2,,
1053,2015,3.7,111,132,0,,
1053,2016,3.9,130,144,0,,
1053,2017,9.7,161,182,4,,
1053,2018,7.3,161,194,4.5,,
1053,2019,8.5,168,180,2.4,,
1053,2020,5.3,124,180,1.7,,
1053,2021,5.3,152,169,0,,
1053,2022,9.2,152,178,0.3,,
1053,2023,6.1,168,189,3.1,,
1053,2024,4.5,164,171,0,,
1053,2025,5.4,146,161,0,,
1053,2026,2.3,148,156,0,,
1054,2004,32.2,161,191,22.2,,
1054,2005,26.4,187,216,26.3,,
1054,2006,30.9,190,213,28.7,,
1054,2007,15.1,162,177,6.6,,
1054,2008,27.5,194,219,25.9,,
1054,2009,28.2,198,214,24.2,,
1054,2010,18.7,196,209,14.6,,
1054,2011,31.8,198,228,28.5,,
1054,2012,15.1,161,184,7,,
1054,2013,14.8,162,187,9.5,,
1054,2014,15.7,165,200,13.8,,
1054,2015,13.4,160,173,0.6,,
1054,2016,14.9,148,194,14.5,,
1054,2017,24.6,159,190,14.5,,
1054,2018,9.9,180,193,8.6,,
1054,2019,33.4,186,216,32.7,,
1054,2020,18.3,156,208,17.7,,
1054,2021,15,184,207,15,,
1054,2022,12.8,169,189,8.6,,
1054,2023,56.2,194,229,52.1,,
1054,2024,29.4,185,207,29.3,,
1054,2025,21.2,174,203,19.4,,
1054,2026,6,159,171,0,,
1055,2004,23.5,212,227,22.1,,
1055,2005,25.3,203,220,24.6,,
1055,2006,20.3,215,237,19.6,,
1055,2007,19.3,207,229,18.4,,
1055,2008,20.7,209,233,19.3,,
1055,2009,16,181,216,15.6,,
1055,2010,23.9,203,236,22.2,,
1055,2011,16.6,206,224,15.8,,
1055,2012,27.3,209,241,26.2,,
1055,2013,18.6,235,244,14.4,,
1055,2014,19.9,198,224,18.5,,
1055,2015,16.7,201,226,15.5,,
1055,2016,21.5,195,226,20.5,,
1055,2017,18.4,205,221,17.9,,
1055,2018,22.7,211,237,21.4,,
1055,2019,22.3,195,229,21.3,,
1055,2020,24.9,212,229,23.4,,
1055,2021,22.8,211,228,21.4,,
1055,2022,17.6,206,233,16,,
1055,2023,22.9,210,238,21.2,,
1055,2024,34.9,213,241,32.6,,
1055,2025,21.8,205,231,19.5,,
1055,2026,20,209,230,17.2,,
1056,2004,0,366,366,,,
1056,2005,20.2,184,231,20.1,,
1056,2006,25.8,190,220,24.7,,
1056,2007,13.2,164,199,10.3,,
1056,2008,24.2,196,228,23.3,,
1056,2009,21.5,199,219,19.1,,
1056,2010,13.9,197,210,10.8,,
1056,2011,36.2,215,249,30.3,,
1056,2012,15.3,167,206,11.7,,
1056,2013,12.4,203,216,9.8,,
1056,2014,25.9,190,217,24.8,,
1056,2015,12.2,164,191,8.7,,
1056,2016,20,186,218,20,,
1056,2017,31.8,194,225,30.6,,
1056,2018,14,180,209,13.4,,
1056,2019,26,199,224,24.4,,
1056,2020,21,187,213,20.5,,
1056,2021,13.2,184,213,13.2,,
1056,2022,14.6,174,219,11.9,,
1056,2023,34.6,192,228,31.4,,
1056,2024,25.1,194,227,24.5,,
1056,2025,18.2,175,208,17.4,,
1056,2026,10.9,163,177,0.8,,
1057,2005,12.4,218,233,8.5,,
1057,2006,3.3,359,360,1.2,,
1057,2007,15,221,238,7.7,,
1057,2008,7.5,203,226,6.1,,
1057,2009,9.1,210,223,1.1,,
1057,2010,11.1,217,233,9.5,,
1057,2011,1.7,137,142,0,,
1057,2012,3.6,148,179,0,,
1057,2013,5,225,230,3.4,,
1057,2014,5.3,202,216,3.4,,
1057,2015,9.3,239,247,5.5,,
1057,2016,12,203,247,7.4,,
1057,2017,5.8,190,202,3.9,,
1057,2018,1.2,216,219,0,,
1057,2019,5.6,200,212,5.2,,
1057,2020,5.5,208,215,4.5,,
1057,2021,4.8,206,227,4.7,,
1057,2022,4.1,188,203,3.9,,
1057,2023,3.7,233,238,0.7,,
1057,2024,10.4,187,234,10.2,,
1057,2025,7.3,190,208,5.8,,
1057,2026,2.6,162,173,0,,
1058,2005,19.8,184,230,19.4,,
1058,2006,11.1,189,204,10.9,,
1058,2007,16.4,164,213,14.5,,
1058,2008,25.6,185,221,25.6,,
1058,2009,18.8,202,213,17.5,,
1058,2010,19.2,190,221,18,,
1058,2011,13.7,183,223,13.7,,
1058,2012,12.2,163,183,4.7,,
1058,2013,11.3,165,212,10,,
1058,2014,11.4,188,203,10.2,,
1058,2015,10.2,172,193,8.1,,
1058,2016,14.2,189,228,14.1,,
1058,2017,6.2,162,174,3.7,,
1058,2018,4,147,170,1.6,,
1058,2019,10,188,220,9.5,,
1058,2020,4.7,188,195,4.6,,
1058,2021,8.3,184,197,8.3,,
1058,2022,4.3,178,189,3.4,,
1058,2023,5.1,173,197,4.4,,
1058,2024,6.4,187,204,6.4,,
1058,2025,5,176,181,0.9,,
1058,2026,4,146,155,0,,
1059,2004,0,366,366,,,
1059,2005,5.2,184,199,4.9,,
1059,2006,4.2,186,193,4.1,,
1059,2007,3.9,164,180,2.1,,
1059,2008,6.2,177,202,5.8,,
1059,2009,3,186,191,2.7,,
1059,2010,4.7,181,196,4.4,,
1059,2011,4.2,179,192,4.1,,
1059,2012,3.4,174,180,0.1,,
1059,2013,3.1,178,189,2.6,,
1059,2014,5.2,191,198,5,,
1059,2015,5,171,183,2.2,,
1059,2016,5.2,185,193,5.2,,
1059,2017,5,161,193,3,,
1059,2018,2.6,161,183,1.2,,
1059,2019,8.7,184,202,8.7,,
1059,2020,6.3,184,201,6.3,,
1059,2021,6.5,184,194,6.4,,
1059,2022,3.9,178,193,3.8,,
1059,2023,5.7,184,200,5.7,,
1059,2024,6.2,186,200,6.2,,
1059,2025,5.2,189,194,4.5,,
1059,2026,3.9,161,173,0,,
1060,2005,31.3,195,236,29.5,,
1060,2006,16.4,195,217,13.6,,
1060,2007,13.9,207,228,13.1,,
1060,2008,29.5,199,232,28,,
1060,2009,25.2,202,220,22.2,,
1060,2010,22.6,189,230,21.8,,
1060,2011,22.4,217,244,21,,
1060,2012,16.3,176,214,13.9,,
1060,2013,17.5,204,216,15.6,,
1060,2014,15.9,192,218,15.2,,
1060,2015,13.6,178,244,12.7,,
1060,2016,19.1,217,239,19.1,,
1060,2017,30.9,188,237,30,,
1060,2018,9.4,182,208,9.3,,
1060,2019,28.8,193,249,27.7,,
1060,2020,18.6,184,214,18.6,,
1060,2021,13.3,179,209,12.9,,
1060,2022,18.8,187,215,18.7,,
1060,2023,37.1,192,234,36,,
1060,2024,19.4,194,215,18.9,,
1060,2025,11.9,174,198,9,,
1060,2026,9.6,148,173,0.4,,
1061,2005,10,216,232,9,,
1061,2006,12.6,186,224,12.5,,
1061,2007,11.5,210,226,10.2,,
1061,2008,13.4,197,239,11.4,,
1061,2009,12.1,195,222,10.5,,
1061,2010,11,191,235,9.1,,
1061,2011,16.8,225,245,14.2,,
1061,2012,7.7,203,214,7.4,,
1061,2013,12.5,209,229,8.2,,
1061,2014,13.9,201,237,12.6,,
1061,2015,10.8,211,233,10,,
1061,2016,12,213,237,10.9,,
1061,2017,9.8,193,226,9.6,,
1061,2018,11.9,205,224,9.9,,
1061,2019,12.6,202,246,12,,
1061,2020,13.5,208,224,12.1,,
1061,2021,10.1,200,227,9.9,,
1061,2022,9.6,200,219,8.5,,
1061,2023,12.6,191,226,12.4,,
1061,2024,12.2,202,229,11.6,,
1061,2025,9.4,192,215,8.8,,
1061,2026,5.7,170,184,3,,
1062,1981,14.9,211,233,14.4,122,12
1062,1982,9.7,220,233,8.2,80,12
1062,1983,8.5,209,227,7.1,70,6
1062,1984,13.6,218,234,10.2,111,12
1062,1985,14.3,215,235,13.6,117,14
1062,1986,9.6,164,221,8.5,79,-0
1062,1987,17,214,233,15.8,139,12
1062,1988,23.2,218,240,19.1,190,18
1062,1989,12.1,178,221,12,99,-0
1062,1990,15.6,194,210,15,128,-12
1062,1991,11.7,207,228,11.6,96,6
1062,1992,14.5,204,238,14,119,16
1062,1993,13,202,223,12,107,2
1062,2004,0,366,366,,0,144
1062,2005,12.4,164,211,11.7,102,-10
1062,2006,12,214,231,10.4,98,10
1062,2007,11.6,205,221,9.5,95,-0
1062,2008,16.5,192,234,15.6,135,12
1062,2009,9.8,202,211,8.6,80,-10
1062,2010,16.8,208,233,14.4,138,12
1062,2011,11,202,222,9,90,0
1062,2012,16.8,194,229,16.3,138,8
1062,2013,16.5,213,237,15.2,135,16
1062,2014,9.4,200,213,8.6,77,-8
1062,2015,7.7,207,215,5.3,63,-6
1062,2016,16.7,181,211,15.8,137,-10
1062,2017,9.2,187,212,9.1,75,-10
1062,2018,12.8,188,220,12.6,105,-2
1062,2019,15,174,221,14.1,123,-0
1062,2020,10.7,199,209,9.6,88,-12
1062,2021,19,201,225,17.7,156,4
1062,2022,12.6,190,223,12.1,103,2
1062,2023,12.6,201,229,11.9,103,8
1062,2024,15.2,202,222,13.3,125,0
1062,2025,11.1,203,224,10.4,91,2
1062,2026,7.8,200,218,7.6,64,-4
1065,2004,0,366,366,,,
1065,2005,21.8,156,199,20.4,,
1065,2006,5.1,175,186,3.6,,
1065,2007,4,159,164,0,,
1065,2008,15.7,163,190,10.8,,
1065,2009,14.7,147,190,9.5,,
1065,2010,21,167,201,18,,
1065,2011,11.5,161,188,9.3,,
1065,2012,5.4,160,181,0.1,,
1065,2013,5.6,155,170,0,,
1065,2014,2.4,137,143,0,,
1065,2015,3.8,158,166,0,,
1065,2016,8.8,136,158,1.6,,
1065,2017,13.5,130,167,1.4,,
1065,2018,2.9,160,166,0,,
1065,2019,14.9,156,186,9.7,,
1065,2020,8.8,180,189,7.6,,
1065,2021,5.3,169,180,0.4,,
1065,2022,12.2,163,178,2.7,,
1065,2023,25.8,188,201,24.8,,
1065,2024,10.3,152,181,5.4,,
1065,2025,3.5,169,176,0,,
1065,2026,2.5,146,152,0,,
1066,2004,0,366,366,,,
1066,2005,26.3,193,227,25.7,,
1066,2006,12.9,189,209,12.3,,
1066,2007,6.8,164,189,6,,
1066,2008,14.1,178,206,13.8,,
1066,2009,16.1,188,207,15.3,,
1066,2010,20.6,192,218,19.8,,
1066,2011,18.6,194,214,17.3,,
1066,2012,10.2,175,205,9.1,,
1066,2013,8.9,166,204,7.8,,
1066,2014,7.5,161,196,6.9,,
1066,2015,10,163,201,8.1,,
1066,2016,12.2,185,203,12.2,,
1066,2017,14.8,164,201,13.4,,
1066,2018,6.6,179,190,6,,
1066,2019,20.1,189,211,20,,
1066,2020,15.8,194,212,15.7,,
1066,2021,8.2,169,187,7,,
1066,2022,9.7,165,179,4.2,,
1066,2023,23.6,189,204,22.8,,
1066,2024,12.3,185,196,12.2,,
1066,2025,5.1,173,178,0,,
1066,2026,4.4,147,154,0,,
1067,2005,51.5,199,246,48.2,,
1067,2006,60.4,209,239,49.6,,
1067,2007,21.1,156,221,18.6,,
1067,2008,27.5,171,220,26,,
1067,2009,32.9,175,224,31.9,,
1067,2010,35.9,214,250,31.8,,
1067,2011,54,208,261,53.8,,
1067,2012,20.4,198,218,18.7,,
1067,2013,26.7,162,210,23.8,,
1067,2014,19.9,188,216,19.5,,
1067,2015,13.1,157,181,5.1,,
1067,2016,32.6,176,226,32.4,,
1067,2017,63.6,202,238,56.6,,
1067,2018,27.6,180,212,27.2,,
1067,2019,51.5,191,227,49.4,,
1067,2020,26,193,220,22.1,,
1067,2021,20.3,175,203,18.8,,
1067,2022,17.9,93,190,13.2,,
1067,2023,68.3,190,238,68.1,,
1067,2024,32.3,189,225,31.7,,
1067,2025,28.1,188,215,27.6,,
1067,2026,20.8,148,174,5.8,,
1068,2006,0,365,365,,,
1068,2007,52.4,162,231,51.1,,
1068,2008,66.8,216,249,61.6,,
1068,2009,58.8,202,244,52.7,,
1068,2010,45.3,193,246,36.9,,
1068,2011,57.1,222,257,48.5,,
1068,2012,58.7,192,241,57.6,,
1068,2013,40.1,204,223,37.6,,
1068,2014,37.8,211,229,36.1,,
1068,2015,8,114,133,0.2,,
1068,2016,38.2,182,205,37.9,,
1068,2017,40.5,189,235,39.5,,
1068,2018,38.1,201,221,34.9,,
1068,2019,26.5,182,218,26.4,,
1068,2020,36.9,193,222,36.2,,
1068,2021,44.7,182,229,44.4,,
1068,2022,34.2,207,247,27.5,,
1068,2023,39.3,204,225,36.2,,
1068,2024,21.6,192,222,21,,
1068,2025,22.1,175,207,17.2,,
1068,2026,12.7,168,193,9.9,,
1069,2007,0,365,365,,,
1069,2008,66.7,209,266,59.8,,
1069,2009,41.1,198,246,35.1,,
1069,2010,13.4,218,231,8.2,,
1069,2011,35.3,221,255,18.3,,
1069,2012,39.7,191,243,37.6,,
1069,2013,37.7,201,230,33.5,,
1069,2014,20.6,188,225,19.8,,
1069,2015,4.8,97,116,0,,
1069,2016,23.2,181,204,22.4,,
1069,2017,30.5,186,238,30.4,,
1069,2018,24.9,201,221,21.9,,
1069,2019,19,198,219,16.4,,
1069,2020,29.3,188,222,28.5,,
1069,2021,38.1,194,236,36.8,,
1069,2022,21.4,211,244,16.7,,
1069,2023,35.2,207,228,30.4,,
1069,2024,11.8,192,219,10.2,,
1069,2025,16.1,174,209,13.2,,
1069,2026,9.2,167,194,6,,
1070,2005,0,365,365,,,
1070,2006,11.1,217,233,9.2,,
1070,2007,10.6,198,217,10.2,,
1070,2008,13.4,212,231,10.4,,
1070,2009,10.7,200,215,10.2,,
1070,2010,12.8,209,225,11,,
1070,2011,8.2,200,220,7.2,,
1070,2012,20.3,195,233,20,,
1070,2013,11.5,209,239,9.8,,
1070,2014,6.3,200,212,5.8,,
1070,2015,3.9,172,200,2,,
1070,2016,7.3,181,194,6.2,,
1070,2017,8.9,187,213,8.8,,
1070,2018,6.9,190,217,6.7,,
1070,2019,6.3,208,219,5.8,,
1070,2020,11.3,196,211,10.7,,
1070,2021,13.4,194,219,12.9,,
1070,2022,14.2,195,229,13.8,,
1070,2023,12.6,198,227,11.7,,
1070,2024,14.5,204,230,13.5,,
1070,2025,8.4,196,216,7.5,,
1070,2026,9.4,206,226,8.3,,
1073,2005,0,365,365,,,
1073,2006,19,206,263,15.5,,
1073,2007,27.4,177,228,26,,
1073,2008,43.2,202,246,35,,
1073,2009,29.1,199,225,23.3,,
1073,2010,42.2,201,235,34.4,,
1073,2011,27.5,205,230,24,,
1073,2012,54.3,194,246,52,,
1073,2013,48.4,219,249,41.2,,
1073,2014,12.3,108,118,10.8,,
1073,2015,10.4,200,216,4.7,,
1073,2016,14.5,171,199,12.2,,
1073,2017,26.8,185,221,26.2,,
1073,2018,14.3,218,228,12,,
1073,2019,14.8,168,220,8.4,,
1073,2020,24.3,197,220,23.4,,
1073,2021,31.6,200,229,29.6,,
1073,2022,43,191,238,41.6,,
1073,2023,34.7,199,235,30.8,,
1073,2024,34.5,198,235,29,,
1073,2025,15,204,223,13.5,,
1073,2026,11.5,205,223,7.9,,
1077,2007,28.1,163,220,24.5,,
1077,2008,25.1,184,223,25.1,,
1077,2009,22.2,176,221,21.4,,
1077,2010,22.7,197,231,19.9,,
1077,2011,34.2,212,252,32.7,,
1077,2012,25.4,198,221,22.7,,
1077,2013,16.2,174,207,13.9,,
1077,2014,8.5,156,193,7,,
1077,2015,9.2,140,165,0,,
1077,2016,32.4,169,204,31.2,,
1077,2017,33.7,204,232,31.8,,
1077,2018,12.7,178,208,11.1,,
1077,2019,33.6,184,217,32.7,,
1077,2020,21.4,189,205,19.5,,
1077,2021,15.3,175,194,13.3,,
1077,2022,12.3,148,180,5.4,,
1077,2023,33.4,190,227,32.5,,
1077,2024,29.3,185,224,29.3,,
1077,2025,45.9,189,217,44.4,,
1077,2026,8.6,148,166,0,,
1078,2006,0,365,365,,,
1078,2007,16.9,154,187,10,,
1078,2008,26,185,222,25.9,,
1078,2009,21.5,169,205,19.9,,
1078,2010,19.4,189,216,17.5,,
1078,2011,25.5,181,221,24.2,,
1078,2012,20.1,189,209,19.6,,
1078,2013,10.8,159,182,5.2,,
1078,2014,6.1,146,160,1.7,,
1078,2015,3.5,82,85,0,,
1078,2016,24.9,168,194,20.9,,
1078,2017,28.6,160,212,23.9,,
1078,2018,6.1,178,186,4.1,,
1078,2019,24.8,181,207,23.9,,
1078,2020,14.5,189,202,13.9,,
1078,2021,15.7,167,193,13,,
1078,2022,13.1,124,184,6.9,,
1078,2023,29.4,190,223,26.6,,
1078,2024,19.6,167,204,17,,
1078,2025,34.4,174,216,32,,
1078,2026,7.1,147,165,0,,
1079,2007,0.4,365,,,,
1079,2008,62.7,208,241,50.6,,
1079,2009,62.5,201,242,52.9,,
1079,2010,36.6,197,243,32.6,,
1079,2011,51.3,224,263,39.1,,
1079,2012,49.9,203,243,46.1,,
1079,2013,42.3,202,227,37.6,,
1079,2014,42.4,190,237,39.9,,
1079,2015,19.5,161,216,17.1,,
1079,2016,45.4,181,225,45.1,,
1079,2017,44.2,166,246,41.7,,
1079,2018,43.5,202,234,34.9,,
1079,2019,46.1,201,231,38.7,,
1079,2020,47.4,186,237,46.4,,
1079,2021,51.7,185,223,50.3,,
1079,2022,36.8,227,250,30.3,,
1079,2023,47.8,208,233,41.2,,
1079,2024,37.4,195,241,36,,
1079,2025,46.8,190,237,44.2,,
1079,2026,23.2,165,217,19.3,,
1080,2009,0,365,365,,,
1080,2010,74.5,224,271,62,,
1080,2011,91.7,233,291,79.6,,
1080,2012,83.4,208,284,77.1,,
1080,2013,74,216,260,62.1,,
1080,2014,72.4,211,269,66.1,,
1080,2015,48.1,200,241,45.5,,
1080,2016,72.2,185,228,72,,
1080,2017,76.2,217,262,69.1,,
1080,2018,72.6,205,248,65,,
1080,2019,52.5,201,239,46.5,,
1080,2020,60.1,191,262,59.4,,
1080,2021,65.7,196,258,63.5,,
1080,2022,61.3,214,272,49.8,,
1080,2023,56.5,206,236,49.4,,
1080,2024,36,196,251,34.7,,
1080,2025,50.4,197,244,47.9,,
1080,2026,63.9,172,236,62.4,,
1081,2006,0,365,365,,,
1081,2007,23.4,159,191,14.3,,
1081,2008,39.5,197,230,36.2,,
1081,2009,26.1,189,212,24.8,,
1081,2010,15.4,192,205,14.1,,
1081,2011,32.4,214,232,26.1,,
1081,2012,31.2,190,211,29.8,,
1081,2013,19.9,164,208,17.9,,
1081,2014,18.9,157,213,17.9,,
1081,2015,9.3,128,167,0.3,,
1081,2016,22.3,182,202,22.2,,
1081,2017,22.2,165,208,18,,
1081,2018,24.8,201,217,21.7,,
1081,2019,19.4,171,209,18.9,,
1081,2020,25.5,185,214,25.5,,
1081,2021,23.3,180,211,22.9,,
1081,2022,15.9,175,218,14.1,,
1081,2023,24.3,191,215,23.6,,
1081,2024,15.3,183,210,15.2,,
1081,2025,23.8,175,208,20.1,,
1081,2026,7.7,168,177,3.6,,
1082,2007,42.1,212,243,35.8,,
1082,2008,59,258,276,49.7,,
1082,2009,55.9,219,266,42.8,,
1082,2010,47,242,272,34.1,,
1082,2011,72.9,256,280,48.8,,
1082,2012,39.6,203,257,37.5,,
1082,2013,41.8,215,253,35,,
1082,2014,55.6,211,255,49.6,,
1082,2015,37.8,199,250,33,,
1082,2016,43,203,253,39.1,,
1082,2017,60.4,217,256,43.4,,
1082,2018,54.9,204,250,45.1,,
1082,2019,49.7,219,269,40.6,,
1082,2020,47.8,211,250,40.9,,
1082,2021,39.4,210,248,35.3,,
1082,2022,37.7,227,260,28.7,,
1082,2023,50.6,211,250,44.8,,
1082,2024,45.7,223,256,38.3,,
1082,2025,42.9,215,252,39.5,,
1082,2026,37.5,209,247,33.7,,
1083,2007,4.1,128,157,0,,
1083,2008,5.5,134,168,0,,
1083,2009,4.4,111,132,0,,
1083,2010,4,152,174,0,,
1083,2011,1.3,137,140,0,,
1083,2012,2.7,145,148,0,,
1083,2013,2.7,138,143,0,,
1083,2014,0.7,154,157,0,,
1083,2015,2.1,119,128,0,,
1083,2016,4.2,127,140,0,,
1083,2017,3.7,124,133,0.3,,
1083,2018,0.6,140,141,0,,
1083,2019,3.6,148,153,0,,
1083,2020,3.8,137,142,0,,
1083,2021,2.6,125,131,0,,
1083,2022,3,133,138,0,,
1083,2023,4,155,158,0.8,,
1083,2024,5.8,137,148,0,,
1083,2025,2,40,47,0,,
1083,2026,0.9,72,75,0,,
1084,2006,0,365,365,,,
1084,2007,2,114,115,0,,
1084,2008,0.3,122,124,0,,
1084,2009,3,86,92,0,,
1084,2010,0.4,91,92,0,,
1084,2011,0.6,149,151,0,,
1084,2012,1,110,111,0,,
1084,2013,0,365,365,0,,
1084,2014,1.6,132,135,0,,
1084,2015,0,365,365,0,,
1084,2016,0.2,89,90,0,,
1084,2017,0.7,107,110,0,,
1084,2018,0.1,147,148,0,,
1084,2019,0.9,134,135,0,,
1084,2020,0,366,366,0,,
1084,2021,1.1,137,139,0,,
1084,2022,1,88,95,0,,
1084,2023,1.8,150,154,0,,
1084,2024,1.8,108,111,0,,
1084,2025,0.4,137,138,0,,
1084,2026,0.2,79,80,0,,
1085,2007,59.2,163,246,57.8,,
1085,2008,78.3,209,272,72.3,,
1085,2009,47.9,226,254,43.3,,
1085,2010,56,198,268,47.9,,
1085,2011,86.9,221,284,72.4,,
1085,2012,77.5,203,270,75.7,,
1085,2013,64.8,206,249,59.1,,
1085,2014,55.6,210,247,50.3,,
1085,2015,13.6,115,163,2.8,,
1085,2016,70.4,181,223,69.2,,
1085,2017,79.7,214,255,69.6,,
1085,2018,78.1,201,238,66.8,,
1085,2019,43.3,200,225,39.1,,
1085,2020,65.8,189,242,65.3,,
1085,2021,67.7,194,244,67.1,,
1085,2022,60.6,226,264,46.5,,
1085,2023,62.5,204,232,53.9,,
1085,2024,40.1,193,241,37.6,,
1085,2025,65.4,191,240,64.2,,
1085,2026,33.3,169,215,28.1,,
1089,2006,0,365,365,,,
1089,2007,9.3,191,211,9.3,,
1089,2008,20.7,210,231,18.6,,
1089,2009,16,209,224,14.6,,
1089,2010,13.5,199,222,10.9,,
1089,2011,16.5,206,228,13,,
1089,2012,17.6,197,230,17.2,,
1089,2013,16.7,217,240,15.2,,
1089,2014,10.3,201,214,9.6,,
1089,2015,12.4,204,222,10.6,,
1089,2016,15.2,181,213,14.9,,
1089,2017,10,182,213,9.9,,
1089,2018,14.8,212,232,13.2,,
1089,2019,15.1,176,224,14.4,,
1089,2020,24.1,199,229,23.4,,
1089,2021,16.1,194,224,15.4,,
1089,2022,19.3,202,266,18.9,,
1089,2023,13.6,217,230,12.5,,
1089,2024,18.9,200,229,15.7,,
1089,2025,17.9,196,223,17.4,,
1089,2026,10.4,206,226,8.2,,
1092,2011,0,365,365,,,
1092,2012,28.7,191,230,27.9,,
1092,2013,21.4,207,235,18.2,,
1092,2014,9.8,197,206,9.7,,
1092,2015,3.4,168,180,1.6,,
1092,2016,13.3,173,200,10,,
1092,2017,17.3,183,217,17.3,,
1092,2018,10.4,190,204,8.8,,
1092,2019,12,168,197,9.8,,
1092,2020,9.5,196,206,9.2,,
1092,2021,23.2,197,223,21.6,,
1092,2022,18.8,190,221,17.7,,
1092,2023,21.8,198,230,21.2,,
1092,2024,22.3,201,226,19.6,,
1092,2025,7.3,176,208,6.2,,
1092,2026,8.3,191,210,8.3,,
1093,2008,0.6,366,,,,
1093,2009,5.8,202,217,5.6,,
1093,2010,3.6,200,212,3.4,,
1093,2011,4,207,222,3.9,,
1093,2012,3.8,198,212,3.6,,
1093,2013,3.8,220,225,3.1,,
1093,2014,4.4,203,216,4.1,,
1093,2015,2.8,206,215,2.7,,
1093,2016,3.2,182,201,3,,
1093,2017,2.9,204,212,2.9,,
1093,2018,5.1,204,224,4.8,,
1093,2019,3.3,209,218,2.9,,
1093,2020,4.4,196,205,4,,
1093,2021,4.2,197,215,3.9,,
1093,2022,4.9,207,232,4.8,,
1093,2023,7.1,215,230,6.6,,
1093,2024,4.2,199,212,4.1,,
1093,2025,3.1,173,208,3,,
1093,2026,6.3,204,220,6.1,,
1096,2007,0,365,365,,,
1096,2008,5.6,204,213,5.3,,
1096,2009,6.8,199,214,6.4,,
1096,2010,4.1,199,210,3.9,,
1096,2011,4.7,198,212,4.7,,
1096,2012,5.3,195,205,5.1,,
1096,2013,5.8,216,222,4.5,,
1096,2014,5.5,199,210,5.5,,
1096,2015,4.6,185,199,4.6,,
1096,2016,3.7,180,196,2.9,,
1096,2017,4.6,191,203,4.5,,
1096,2018,5.8,185,205,5.8,,
1096,2019,3.5,152,200,2.7,,
1096,2020,5.7,198,206,5.5,,
1096,2021,8.8,195,215,8.6,,
1096,2022,9.3,197,224,9.3,,
1096,2023,8.9,212,226,8.1,,
1096,2024,8.5,196,217,8.2,,
1096,2025,3.7,175,200,3.6,,
1096,2026,8.7,207,220,8.4,,
1097,2007,0,365,365,,,
1097,2008,17,195,213,15.8,,
1097,2009,8.5,153,204,6.4,,
1097,2010,11.1,169,203,10.8,,
1097,2011,18,183,217,18,,
1097,2012,7.4,161,181,0.5,,
1097,2013,8.1,165,190,5.3,,
1097,2014,6,165,192,5.1,,
1097,2015,6.1,165,176,0,,
1097,2016,7.3,162,188,5.2,,
1097,2017,16.8,163,200,15,,
1097,2018,5.9,178,188,4.2,,
1097,2019,15.8,183,208,15.8,,
1097,2020,13.6,178,212,13.4,,
1097,2021,7.4,180,188,6.9,,
1097,2022,9.3,169,191,7.8,,
1097,2023,25.5,190,216,25.5,,
1097,2024,11.9,170,198,11.5,,
1097,2025,6.8,174,183,3.4,,
1097,2026,4.4,147,162,0,,
1098,2007,0,365,365,,,
1098,2008,31.9,216,254,29.6,,
1098,2009,35.3,202,241,31.3,,
1098,2010,26.8,226,254,20.7,,
1098,2011,53.8,223,269,42.2,,
1098,2012,24.6,203,231,23,,
1098,2013,27.7,207,236,21.4,,
1098,2014,37.8,213,243,33.2,,
1098,2015,19.9,201,245,18.8,,
1098,2016,30.1,200,247,29.2,,
1098,2017,52.8,216,248,47.9,,
1098,2018,25.9,201,238,23.3,,
1098,2019,35.9,203,256,30.8,,
1098,2020,29.3,208,242,27.4,,
1098,2021,20.4,210,235,19.6,,
1098,2022,26.2,209,246,20.5,,
1098,2023,45.1,210,249,41.1,,
1098,2024,33.5,223,249,32.4,,
1098,2025,29,193,240,26.6,,
1098,2026,21.1,218,236,18,,
1099,2007,0,365,365,,,
1099,2008,11.8,201,221,11,,
1099,2009,14.1,204,219,10.9,,
1099,2010,14.3,196,233,13.2,,
1099,2011,18.1,211,241,15.4,,
1099,2012,11.3,190,215,10.3,,
1099,2013,12.3,206,218,11.3,,
1099,2014,10.6,190,218,10.3,,
1099,2015,9,173,218,8.6,,
1099,2016,13.7,216,228,13.4,,
1099,2017,14.7,188,219,14.4,,
1099,2018,7.4,187,209,7.4,,
1099,2019,19,201,248,17.5,,
1099,2020,16.3,205,220,14.7,,
1099,2021,7.8,184,216,7.8,,
1099,2022,8.9,199,213,8.7,,
1099,2023,21.5,199,231,21,,
1099,2024,12.5,197,226,12.4,,
1099,2025,6.4,191,208,5.6,,
1099,2026,3.8,169,175,0,,
1100,2008,15.3,196,219,14.3,,
1100,2009,11.5,188,211,10.3,,
1100,2010,12.5,191,217,11.8,,
1100,2011,12.8,181,222,12.7,,
1100,2012,8,177,196,6.3,,
1100,2013,9.1,207,215,7.4,,
1100,2014,14,190,216,13.3,,
1100,2015,8.4,177,228,7.4,,
1100,2016,10.6,204,227,9.9,,
1100,2017,15.1,192,219,14.1,,
1100,2018,7.9,192,208,7.2,,
1100,2019,15.1,198,239,15,,
1100,2020,10.9,188,213,10.9,,
1100,2021,10.6,180,213,10.4,,
1100,2022,11.5,189,213,11.1,,
1100,2023,13.1,189,217,12.8,,
1100,2024,12.6,186,208,12.5,,
1100,2025,9.4,189,199,8.6,,
1100,2026,4.4,165,175,0,,
1101,2007,0,365,365,,,
1101,2008,23.3,202,242,21.4,,
1101,2009,15.4,201,221,14.2,,
1101,2010,11.5,190,221,9.8,,
1101,2011,22.1,215,247,17.4,,
1101,2012,8.9,174,189,6.5,,
1101,2013,12.5,207,236,9.1,,
1101,2014,16.4,201,233,15.2,,
1101,2015,11.6,177,221,10.8,,
1101,2016,15.2,203,236,14.2,,
1101,2017,16.4,161,225,15.3,,
1101,2018,12.7,204,221,10.5,,
1101,2019,19.5,194,251,19.3,,
1101,2020,16.9,208,221,15.6,,
1101,2021,13.2,184,219,13.2,,
1101,2022,15.5,198,214,14.3,,
1101,2023,15.8,189,222,15.8,,
1101,2024,17.2,185,234,17.1,,
1101,2025,13.5,189,216,12.3,,
1101,2026,7.8,168,188,4,,
1102,2008,21.4,201,240,21,,
1102,2009,20.5,203,229,15.8,,
1102,2010,21.1,177,235,21,,
1102,2011,11.1,216,239,9.4,,
1102,2012,13.3,163,214,11.2,,
1102,2013,11.4,222,235,9.8,,
1102,2014,14.3,200,234,12.9,,
1102,2015,16.3,235,247,13,,
1102,2016,17.1,216,239,12.8,,
1102,2017,19.8,188,228,16.5,,
1102,2018,3.5,153,185,2.2,,
1102,2019,20,178,246,18.6,,
1102,2020,14.1,176,212,13.7,,
1102,2021,14.7,182,227,14.5,,
1102,2022,9.9,190,205,9.2,,
1102,2023,8.2,181,198,8,,
1102,2024,15.8,186,218,15.7,,
1102,2025,8.8,170,195,6.2,,
1102,2026,6.3,167,174,0,,
1103,1981,50.8,204,245,48.9,148,10
1103,1982,32.5,217,247,24.4,95,12
1103,1983,57.3,205,244,51.3,167,10
1103,1984,0,1,1,,0,-234
1103,1985,34.3,228,251,27.8,100,16
1103,1986,36,212,243,33.1,105,8
1103,1987,51.7,218,259,44.3,151,24
1103,1988,69.1,227,255,51.9,201,20
1103,1989,28.4,208,235,27.4,83,0
1103,1990,40.6,197,235,36.6,118,0
1103,1991,35.1,217,249,27.1,102,14
1103,1992,44.8,210,260,40.9,131,26
1103,1993,34.7,203,232,29.4,101,-2
1103,1994,29.8,207,243,27,87,8
1103,1995,53.4,207,249,44.3,156,14
1103,1996,20,200,226,15,58,-8
1103,1997,34.3,200,234,31.5,100,-0
1103,1998,44.6,225,253,31.6,130,18
1103,1999,42.3,208,249,38.1,123,14
1103,2000,44.4,208,248,41.7,129,14
1103,2001,57.5,221,254,50,168,20
1103,2002,32.2,211,235,31.1,94,0
1103,2003,20.6,205,221,17.8,60,-14
1103,2004,39.1,209,231,32,114,-4
1103,2005,31.7,202,223,28.1,92,-12
1103,2006,34.3,219,241,26.1,100,6
1103,2007,29.6,206,234,25.9,86,-0
1103,2008,42.9,211,249,39.1,125,14
1103,2009,37.9,209,227,34.7,110,-8
1103,2010,43.9,209,241,37,128,6
1103,2011,24.4,206,236,21.6,71,2
1103,2012,38.7,199,249,37.6,113,14
1103,2013,36.3,232,249,34.4,106,14
1103,2014,13.9,195,217,13.2,41,-18
1103,2015,6.1,213,224,4.4,18,-10
1103,2016,26.5,173,213,21.7,77,-22
1103,2017,20.3,201,225,18.8,59,-10
1103,2018,15.6,217,234,14.7,45,-0
1103,2019,18,169,223,14.7,52,-12
1103,2020,18.3,196,221,17.4,53,-14
1103,2021,35.9,197,234,33.1,105,-0
1103,2022,33,206,236,32.1,96,2
1103,2023,23.6,210,238,20.8,69,4
1103,2024,35.5,198,235,33.1,103,0
1103,2025,20.5,201,227,15.8,60,-8
1103,2026,14.4,205,248,12.7,42,14
1104,2007,0,365,365,,,
1104,2008,26.8,132,218,24.8,,
1104,2009,23.2,184,205,22.1,,
1104,2010,2.5,93,99,0.3,,
1104,2011,11.7,161,205,9.2,,
1104,2012,11.8,175,200,9.9,,
1104,2013,11.8,150,183,5.5,,
1104,2014,5.5,154,161,0,,
1104,2015,1,97,98,0,,
1104,2016,7,113,140,0,,
1104,2017,17.7,161,188,10.6,,
1104,2018,5.3,160,172,1.7,,
1104,2019,9.7,165,182,3.9,,
1104,2020,6.3,155,173,1.5,,
1104,2021,7.6,161,186,5.1,,
1104,2022,11.3,99,175,1,,
1104,2023,10.9,168,208,9,,
1104,2024,8.5,115,177,1.4,,
1104,2025,3,140,147,0,,
1104,2026,3,102,131,0,,
1105,2008,0,366,366,,,
1105,2009,8.3,189,205,6.9,,
1105,2010,5.1,190,202,4.4,,
1105,2011,7.6,178,217,6.8,,
1105,2012,5.1,165,183,1.3,,
1105,2013,3.3,174,187,2.9,,
1105,2014,10.5,189,207,10.3,,
1105,2015,3.2,98,124,0,,
1105,2016,3.6,184,192,3.6,,
1105,2017,5.5,155,174,2.5,,
1105,2018,9.3,192,209,7.9,,
1105,2019,7.4,185,203,7.4,,
1105,2020,9.8,188,211,9.5,,
1105,2021,5.8,199,211,5.8,,
1105,2022,7.3,206,218,4.5,,
1105,2023,10.4,189,213,9.8,,
1105,2024,5.7,186,199,5.7,,
1105,2025,8.3,175,215,7.7,,
1105,2026,4.7,168,175,1.1,,
1107,2008,0,366,366,,,
1107,2009,43.5,221,247,39.2,,
1107,2010,75.7,191,272,66.6,,
1107,2011,95.5,209,282,83.3,,
1107,2012,85.7,189,268,84.3,,
1107,2013,69.4,198,250,64.5,,
1107,2014,49.1,210,250,44.9,,
1107,2015,8.9,112,162,4.2,,
1107,2016,61.9,181,234,60.3,,
1107,2017,72.4,210,259,61.3,,
1107,2018,63.5,204,238,54,,
1107,2019,44.4,199,232,38.4,,
1107,2020,48.9,189,242,48.6,,
1107,2021,67.4,181,247,67,,
1107,2022,55,204,262,43.4,,
1107,2023,54.9,204,234,43,,
1107,2024,36.2,192,241,35.4,,
1107,2025,54.4,193,240,52.5,,
1107,2026,28.4,186,218,27.4,,
1109,2008,0,366,366,,,
1109,2009,20.9,184,204,19.9,,
1109,2010,3.4,192,196,0.4,,
1109,2011,9.2,160,184,5.1,,
1109,2012,6,174,194,3.9,,
1109,2013,6.6,122,140,0,,
1109,2014,1.4,146,149,0,,
1109,2015,0.5,96,97,0,,
1109,2016,5.1,98,109,0,,
1109,2017,10.8,160,167,0,,
1109,2018,5.8,158,173,3.8,,
1109,2019,10.8,167,179,3.7,,
1109,2020,4.7,111,117,0.6,,
1109,2021,5.1,176,190,4.3,,
1109,2022,9.6,98,113,0,,
1109,2023,9,188,209,6.9,,
1109,2024,7.5,113,121,0,,
1109,2025,3.2,140,145,0,,
1109,2026,1.5,146,149,0,,
1110,2009,16.3,147,196,12.4,,
1110,2010,22.2,169,206,19.1,,
1110,2011,33.4,159,197,23.8,,
1110,2012,6.2,156,168,0,,
1110,2013,3,152,166,0,,
1110,2014,2.9,85,104,0,,
1110,2015,2.5,157,162,0,,
1110,2016,6.5,134,153,0,,
1110,2017,21.2,161,173,3.9,,
1110,2018,1.1,102,107,0,,
1110,2019,26.1,174,196,22.1,,
1110,2020,5.1,116,142,0,,
1110,2021,3.1,126,148,0,,
1110,2022,11.2,99,139,0,,
1110,2023,26.9,186,204,26.4,,
1110,2024,11,155,195,8.7,,
1110,2025,5.9,170,177,0,,
1110,2026,5,147,153,0,,
1111,2009,11.5,162,181,4.9,,
1111,2010,16.8,166,202,13,,
1111,2011,24.1,154,199,19.7,,
1111,2012,7,162,169,0,,
1111,2013,3.8,162,167,0,,
1111,2014,2.9,137,148,0,,
1111,2015,3.8,160,166,0,,
1111,2016,8,147,171,0,,
1111,2017,17.7,156,188,10.3,,
1111,2018,2.3,139,160,0,,
1111,2019,24.1,169,198,20.8,,
1111,2020,7.8,182,189,7,,
1111,2021,3.7,169,182,1.2,,
1111,2022,11.2,163,176,2.7,,
1111,2023,27.6,188,206,27.3,,
1111,2024,12.2,170,200,11.6,,
1111,2025,5.7,171,178,0,,
1111,2026,7.3,150,162,0.4,,
1112,2009,9.9,160,203,8.5,,
1112,2010,16.8,190,213,15.7,,
1112,2011,21.6,180,204,20.2,,
1112,2012,7.2,172,188,5.7,,
1112,2013,3.2,165,171,0,,
1112,2014,5.2,157,180,1.7,,
1112,2015,5.1,163,173,0,,
1112,2016,6.4,145,174,1,,
1112,2017,14.4,161,189,9.2,,
1112,2018,1.6,123,165,0,,
1112,2019,23.1,176,203,22.3,,
1112,2020,11.2,194,209,10.2,,
1112,2021,5.4,181,188,5.2,,
1112,2022,7.2,166,179,3.6,,
1112,2023,22.5,191,210,21.6,,
1112,2024,11.4,194,205,11.1,,
1112,2025,3.7,171,178,0,,
1112,2026,2.9,147,151,0.5,,
1113,2009,0,365,365,,,
1113,2010,10.1,189,199,8.8,,
1113,2011,15,181,215,14.4,,
1113,2012,11.7,161,175,0,,
1113,2013,6.3,155,168,0.2,,
1113,2014,13.5,156,192,9.8,,
1113,2015,7,118,140,0,,
1113,2016,9.2,183,191,9,,
1113,2017,16.8,159,176,6.4,,
1113,2018,6.3,160,183,2.4,,
1113,2019,12.8,166,189,8.7,,
1113,2020,11.9,156,190,7.5,,
1113,2021,8.4,157,184,4.7,,
1113,2022,10.7,173,181,4.6,,
1113,2023,22.7,190,214,21.5,,
1113,2024,15.5,166,195,11.6,,
1113,2025,11.1,175,192,7.8,,
1113,2026,3.7,150,161,0,,
1114,2009,0,365,365,,,
1114,2010,14.9,196,209,11.7,,
1114,2011,31.1,211,238,28.7,,
1114,2012,13.7,166,204,12,,
1114,2013,16,203,217,13.6,,
1114,2014,24.2,192,216,23.3,,
1114,2015,12.5,165,201,10.5,,
1114,2016,19.3,184,207,19.3,,
1114,2017,30,191,223,29.5,,
1114,2018,14.6,181,208,13.6,,
1114,2019,20.2,186,218,19.6,,
1114,2020,21.1,191,216,20.6,,
1114,2021,13,183,214,13,,
1114,2022,16,200,219,14.2,,
1114,2023,34.3,210,229,31.4,,
1114,2024,23.5,192,218,23.4,,
1114,2025,20.5,189,214,20.1,,
1114,2026,13.2,169,190,7.4,,
1115,2009,0,365,365,,,
1115,2010,16.3,192,206,13.6,,
1115,2011,33.8,211,235,29.9,,
1115,2012,15.5,164,195,12.1,,
1115,2013,14.3,178,212,11.4,,
1115,2014,23.2,189,203,22.9,,
1115,2015,16.8,162,192,11,,
1115,2016,20.7,184,203,20.7,,
1115,2017,27.8,162,217,23.8,,
1115,2018,15.7,180,208,14.6,,
1115,2019,20.3,182,211,20.1,,
1115,2020,24.5,189,211,24.5,,
1115,2021,15.2,182,207,15.1,,
1115,2022,14.9,175,214,12.5,,
1115,2023,38.7,192,227,36.2,,
1115,2024,24.2,185,208,24.2,,
1115,2025,23,175,209,22.2,,
1115,2026,16.6,160,179,5.1,,
1116,2009,0,365,365,,,
1116,2010,7,191,199,6,,
1116,2011,11.8,181,200,11,,
1116,2012,5,162,181,0.5,,
1116,2013,5.6,164,181,1.4,,
1116,2014,4.7,166,192,3.8,,
1116,2015,3.8,163,169,0,,
1116,2016,5.7,164,191,5.6,,
1116,2017,14.1,161,196,10,,
1116,2018,2.2,174,182,0.8,,
1116,2019,12.1,183,206,12.1,,
1116,2020,9.3,189,204,9.2,,
1116,2021,5.8,183,190,5.8,,
1116,2022,7,176,194,6.3,,
1116,2023,17.1,189,213,16.4,,
1116,2024,8.9,185,200,8.9,,
1116,2025,5.2,175,192,4,,
1116,2026,3,148,164,0,,
1117,2009,0,365,365,,,
1117,2010,14.1,192,240,12.7,,
1117,2011,20.9,213,250,15,,
1117,2012,11.6,174,208,10.1,,
1117,2013,13.2,208,228,9,,
1117,2014,11,190,218,9.8,,
1117,2015,6.7,165,195,4.3,,
1117,2016,21.1,223,246,14.9,,
1117,2017,17.1,193,224,16.5,,
1117,2018,11.4,204,220,10.5,,
1117,2019,18,200,250,15.6,,
1117,2020,18.3,192,226,17.9,,
1117,2021,12.7,184,221,12.7,,
1117,2022,12.9,190,213,12.8,,
1117,2023,23.3,210,233,20.2,,
1117,2024,15.8,186,232,15.8,,
1117,2025,13.2,189,217,13,,
1117,2026,10.4,168,179,2.3,,
1118,2010,0,365,365,,,
1118,2011,9.6,161,185,6,,
1118,2012,3.8,161,165,0,,
1118,2013,2.3,153,161,0,,
1118,2014,6.5,153,165,0,,
1118,2015,2.2,113,124,0,,
1118,2016,7.6,148,164,0,,
1118,2017,11.7,159,170,0,,
1118,2018,3.3,123,138,0,,
1118,2019,11.2,170,188,8.4,,
1118,2020,7.4,156,168,0.3,,
1118,2021,4.9,154,167,0,,
1118,2022,6.2,166,176,0,,
1118,2023,14.2,190,207,13.3,,
1118,2024,10.3,167,177,3.7,,
1118,2025,6.9,161,175,0,,
1118,2026,0.6,146,147,0,,
1119,2010,35.9,233,253,24.7,,
1119,2011,51.1,235,261,39,,
1119,2012,21.4,163,223,21,,
1119,2013,29.8,209,239,22.9,,
1119,2014,39.6,229,248,37.9,,
1119,2015,24.5,209,247,21.8,,
1119,2016,37.2,224,251,30.2,,
1119,2017,37.1,216,250,35.2,,
1119,2018,30.3,198,229,27.4,,
1119,2019,34.6,202,255,32,,
1119,2020,33.5,209,240,30.3,,
1119,2021,28.5,210,238,27.4,,
1119,2022,29.6,208,241,26.8,,
1119,2023,39.9,193,238,38.3,,
1119,2024,38.2,223,249,32.5,,
1119,2025,30.7,205,236,28.9,,
1119,2026,17.3,168,224,12.7,,
1120,2009,0,365,365,,,
1120,2010,18.9,228,240,14,,
1120,2011,32.9,218,253,23.1,,
1120,2012,13,176,208,11.1,,
1120,2013,23.2,207,235,15.4,,
1120,2014,26.1,201,242,23.1,,
1120,2015,14.6,178,244,13,,
1120,2016,24.3,224,247,19.4,,
1120,2017,21.4,216,243,18.6,,
1120,2018,20.5,205,228,16.9,,
1120,2019,23.5,197,255,22.2,,
1120,2020,24.6,210,233,21.6,,
1120,2021,19.9,211,235,18.8,,
1120,2022,23.9,201,231,22,,
1120,2023,28.2,212,235,26.4,,
1120,2024,24.8,225,246,23.5,,
1120,2025,22.2,191,226,20.5,,
1120,2026,12.6,170,208,8.5,,
1121,2009,5,91,124,0,,
1121,2010,11,164,176,0.9,,
1121,2011,2.2,154,162,0,,
1121,2012,1.6,90,94,0,,
1121,2013,2.6,116,127,0,,
1121,2014,1.4,90,94,0,,
1121,2015,2.7,154,163,0,,
1121,2016,2.4,128,134,0,,
1121,2017,3.2,117,133,0,,
1121,2018,0.4,103,104,0,,
1121,2019,2.2,150,155,0,,
1121,2020,2.4,61,74,0,,
1121,2021,2.6,125,135,0,,
1121,2022,2.7,95,109,0.1,,
1121,2023,10.2,155,190,8.5,,
1121,2024,3.4,133,149,0.3,,
1121,2025,1.9,167,172,0,,
1121,2026,1.1,52,55,0,,
1122,2009,12.1,201,221,7.5,,
1122,2010,10.1,227,235,8.6,,
1122,2011,15.4,216,244,11.9,,
1122,2012,10.6,159,207,9.3,,
1122,2013,11.3,215,230,6.3,,
1122,2014,16,201,233,14.6,,
1122,2015,13.4,209,237,10.2,,
1122,2016,16.1,216,234,14.3,,
1122,2017,13.8,193,225,12.8,,
1122,2018,12.3,192,222,11.1,,
1122,2019,12.6,198,227,11.9,,
1122,2020,16.6,202,222,14,,
1122,2021,14.6,211,233,13.1,,
1122,2022,11.4,200,214,10.3,,
1122,2023,12,193,218,10.9,,
1122,2024,12.6,187,208,12.6,,
1122,2025,12.6,189,198,11.1,,
1122,2026,8.3,164,174,0,,
1123,2010,18.3,228,243,11.7,,
1123,2011,30.2,218,258,23,,
1123,2012,10.9,180,210,10,,
1123,2013,17.6,222,237,12.4,,
1123,2014,23.6,214,246,21.8,,
1123,2015,14.5,179,240,13.2,,
1123,2016,17.7,216,246,16.4,,
1123,2017,19.1,171,228,18.1,,
1123,2018,19.7,205,234,17.2,,
1123,2019,18.2,199,248,18,,
1123,2020,21.1,210,235,19,,
1123,2021,18.2,211,238,16.8,,
1123,2022,18.3,207,240,14.6,,
1123,2023,19,193,230,18.2,,
1123,2024,17.9,194,238,17.4,,
1123,2025,17.4,189,224,16.5,,
1123,2026,13.2,169,191,7.6,,
1124,2009,8,202,213,6,,
1124,2010,8.1,191,210,7.9,,
1124,2011,5.8,196,217,5.3,,
1124,2012,5.1,177,192,4.2,,
1124,2013,5.9,205,211,4.9,,
1124,2014,6.9,192,205,6.3,,
1124,2015,6.8,178,186,4.5,,
1124,2016,8,188,198,7.8,,
1124,2017,9.2,189,202,7.5,,
1124,2018,3.5,181,186,3,,
1124,2019,11.7,196,211,11.6,,
1124,2020,5.6,185,201,5.6,,
1124,2021,8.9,184,213,8.9,,
1124,2022,6.3,187,203,5.3,,
1124,2023,5.8,190,196,5.3,,
1124,2024,7.7,191,205,7.7,,
1124,2025,6.3,190,195,4.6,,
1124,2026,3.1,161,170,0,,
1125,2009,15,152,193,11.8,,
1125,2010,25.4,170,211,24.3,,
1125,2011,10.4,176,191,9,,
1125,2012,8,174,187,4.9,,
1125,2013,8.6,162,181,2.7,,
1125,2014,4.4,153,176,0,,
1125,2015,7.8,159,177,0,,
1125,2016,8.4,125,172,1.6,,
1125,2017,14.6,156,189,9.1,,
1125,2018,3.7,162,179,0.3,,
1125,2019,15,169,196,12.6,,
1125,2020,8.1,181,195,7.4,,
1125,2021,7.6,178,190,7,,
1125,2022,10.5,173,192,9.4,,
1125,2023,26.3,185,212,26.3,,
1125,2024,11.3,191,205,11.3,,
1125,2025,5.5,172,184,2.8,,
1125,2026,4.3,148,160,0,,
1127,2009,1.7,91,102,0,,
1127,2010,5.1,137,166,0,,
1127,2011,1.3,107,110,0,,
1127,2012,2,89,94,0.2,,
1127,2013,1.6,110,113,0,,
1127,2014,0.4,74,76,0,,
1127,2015,1,107,111,0,,
1127,2016,1.2,101,113,0,,
1127,2017,1.3,122,125,0,,
1127,2018,0.3,145,147,0,,
1127,2019,1.2,149,152,0,,
1127,2020,2,61,67,0,,
1127,2021,0.9,143,145,0,,
1127,2022,1.6,95,100,0,,
1127,2023,1.4,124,129,0,,
1127,2024,1.9,106,111,0.2,,
1127,2025,0.4,160,161,0,,
1127,2026,1,105,107,0,,
1128,2009,9.5,201,222,7.1,,
1128,2010,11.3,208,233,10.3,,
1128,2011,13.1,215,241,11.1,,
1128,2012,6.3,176,207,5.7,,
1128,2013,10.2,207,231,7.6,,
1128,2014,11.5,192,233,10.7,,
1128,2015,10.7,167,247,10.5,,
1128,2016,15.1,216,236,12.9,,
1128,2017,11.4,188,206,10.5,,
1128,2018,8.1,197,209,6.8,,
1128,2019,14.8,178,248,14.6,,
1128,2020,12.4,189,221,12.1,,
1128,2021,12.6,185,227,12.6,,
1128,2022,8,190,205,7.5,,
1128,2023,12.6,214,230,12,,
1128,2024,11.4,191,232,11.3,,
1128,2025,8,193,211,7.2,,
1128,2026,6.3,165,177,0,,
1129,2009,33.4,187,231,31.9,,
1129,2010,37.5,193,229,32.7,,
1129,2011,45.2,213,248,40.6,,
1129,2012,43.8,190,227,42.6,,
1129,2013,26.1,152,210,23.7,,
1129,2014,19.7,188,218,19.5,,
1129,2015,5.1,115,120,0,,
1129,2016,30.7,179,201,28.5,,
1129,2017,33.5,181,224,33,,
1129,2018,22,179,215,20.8,,
1129,2019,18.5,177,203,18.3,,
1129,2020,12,123,158,5.6,,
1129,2021,13.8,163,198,10.4,,
1129,2022,15.6,101,174,1.2,,
1129,2023,19.7,190,213,18.3,,
1129,2024,11.9,166,186,8.4,,
1129,2025,13.6,98,186,7.6,,
1129,2026,6.5,164,169,0.1,,
1130,2010,0,365,365,,,
1130,2011,8.4,206,219,6.8,,
1130,2012,7.7,174,193,5.6,,
1130,2013,5.5,183,195,5.5,,
1130,2014,10.7,188,214,10.4,,
1130,2015,8.1,178,201,6.6,,
1130,2016,4.6,185,192,4.6,,
1130,2017,12.2,166,216,10.7,,
1130,2018,8.9,197,208,8.2,,
1130,2019,4.3,186,202,4.2,,
1130,2020,6.2,188,210,5.3,,
1130,2021,5.6,183,213,5.6,,
1130,2022,5.2,173,213,4.2,,
1130,2023,7,190,210,6.6,,
1130,2024,7,186,201,7,,
1130,2025,6.8,175,198,6.2,,
1130,2026,5.6,168,176,0,,
1131,2010,0,365,365,,,
1131,2011,18.9,234,255,9.7,,
1131,2012,10.8,163,208,7.6,,
1131,2013,10.9,217,227,7.6,,
1131,2014,16.3,200,239,14.4,,
1131,2015,8.5,200,233,7,,
1131,2016,12,215,235,8.9,,
1131,2017,19.2,215,241,12.9,,
1131,2018,11.7,202,223,10,,
1131,2019,12.4,241,250,8.6,,
1131,2020,12.6,204,232,10.4,,
1131,2021,15.6,225,238,12.3,,
1131,2022,12,217,239,7.8,,
1131,2023,12.2,191,222,11.4,,
1131,2024,12.2,223,244,7.8,,
1131,2025,11.7,214,226,8.4,,
1131,2026,5.9,168,183,2.9,,
1132,2010,0,365,365,,,
1132,2011,12,217,248,8.2,,
1132,2012,13.1,168,194,8.9,,
1132,2013,6.2,217,224,4.5,,
1132,2014,14.7,200,234,13.1,,
1132,2015,5.6,163,180,0.9,,
1132,2016,5,186,196,5,,
1132,2017,18.3,211,227,14.6,,
1132,2018,8.9,198,212,7.5,,
1132,2019,4,187,205,4,,
1132,2020,7.9,203,214,6.9,,
1132,2021,9.4,210,231,7.6,,
1132,2022,5.7,216,220,3.2,,
1132,2023,10.1,190,217,8.9,,
1132,2024,4.8,194,198,4.3,,
1132,2025,3.9,189,196,3.3,,
1132,2026,2.5,168,171,0,,
1134,2010,0,365,365,,,
1134,2011,18.1,215,231,15.9,,
1134,2012,11.1,167,195,9.6,,
1134,2013,7,178,206,5.7,,
1134,2014,14.4,189,214,14,,
1134,2015,7,168,183,3.1,,
1134,2016,9.8,185,217,9.7,,
1134,2017,19.3,164,218,17.3,,
1134,2018,11.9,193,210,11.1,,
1134,2019,10.9,187,209,10.4,,
1134,2020,7.7,190,209,6.5,,
1134,2021,8,183,206,8,,
1134,2022,6.8,152,213,,,
1134,2023,12.8,192,221,11.8,,
1134,2024,9.8,184,205,9.8,,
1134,2025,8.7,177,197,7.8,,
1134,2026,6.1,164,174,0.1,,
1135,2009,0,365,365,,,
1135,2010,7.5,192,203,5.7,,
1135,2011,9.8,180,219,8.6,,
1135,2012,5.7,164,181,0.4,,
1135,2013,6.1,185,209,5.1,,
1135,2014,7.5,174,194,7,,
1135,2015,4.6,165,171,0,,
1135,2016,5.5,186,191,5.5,,
1135,2017,8,160,172,3.6,,
1135,2018,5.7,180,189,4.4,,
1135,2019,7.8,176,203,7.7,,
1135,2020,6.4,188,194,6.3,,
1135,2021,6.7,183,192,6.7,,
1135,2022,6.9,175,191,5.4,,
1135,2023,11.8,191,212,10.2,,
1135,2024,9.4,187,200,9.4,,
1135,2025,6.6,174,192,4.4,,
1135,2026,3.4,160,169,0,,
1136,2010,15.4,198,221,13.9,,
1136,2011,26.3,215,239,24.7,,
1136,2012,13.3,182,204,12.6,,
1136,2013,14.2,162,204,11.2,,
1136,2014,13.6,189,199,12.6,,
1136,2015,10,160,182,3.7,,
1136,2016,18.7,184,203,18.7,,
1136,2017,32.5,199,223,30.8,,
1136,2018,14.2,180,205,13.4,,
1136,2019,24.4,195,216,22.8,,
1136,2020,16.4,189,206,16.1,,
1136,2021,15.3,181,203,14.8,,
1136,2022,14,173,210,11.2,,
1136,2023,26,190,215,24.4,,
1136,2024,27,185,217,27,,
1136,2025,19.5,174,206,18.2,,
1136,2026,7.4,159,171,0.4,,
1137,2012,4.8,163,183,0.4,,
1137,2013,10.4,163,180,3.2,,
1137,2014,5,165,174,1.2,,
1137,2015,4.4,125,144,0,,
1137,2016,10.8,149,179,7.4,,
1137,2017,11,160,171,5.3,,
1137,2018,6.3,171,184,4,,
1137,2019,16.7,183,206,16.7,,
1137,2020,7.2,155,166,3.7,,
1137,2021,8.8,181,188,8.4,,
1137,2022,7,175,180,1,,
1137,2023,21.7,189,207,21.1,,
1137,2024,14.2,185,199,14.2,,
1137,2025,10.3,172,191,6.8,,
1137,2026,3.6,147,161,0,,
1138,2009,0,365,365,,,
1138,2010,20.3,173,194,16.6,,
1138,2011,7.6,161,167,0,,
1138,2012,7,164,170,0.1,,
1138,2013,8.7,162,171,0,,
1138,2014,2.7,133,139,0,,
1138,2015,5,155,167,0,,
1138,2016,9.7,128,152,0,,
1138,2017,13.2,155,169,0.3,,
1138,2018,0.6,173,175,0,,
1138,2019,16.7,176,196,15.1,,
1138,2020,9.8,154,169,0,,
1138,2021,0.4,26,190,,,
1138,2022,8,164,178,1.8,,
1138,2023,21.6,188,202,21.1,,
1138,2024,12,180,196,11.1,,
1138,2025,1.6,20,23,0,,
1138,2026,1.4,147,151,0,,
1139,2009,0,365,365,,,
1139,2010,11.3,164,182,4.7,,
1139,2011,4.9,152,167,0,,
1139,2012,1.7,173,176,0,,
1139,2013,3.1,154,165,0,,
1139,2014,1.6,93,137,0,,
1139,2015,1.6,154,162,0,,
1139,2016,4.2,132,146,0,,
1139,2017,3.3,124,136,0,,
1139,2018,0.7,155,160,0,,
1139,2019,6.1,148,171,0,,
1139,2020,4.2,122,160,0,,
1139,2021,3,125,160,0,,
1139,2022,3.1,164,169,0.3,,
1139,2023,11.1,157,190,8.8,,
1139,2024,4,135,156,0.5,,
1139,2025,2.2,167,173,0,,
1139,2026,1.1,146,149,0,,
1140,2009,0,365,365,,,
1140,2010,27.7,187,218,27.7,,
1140,2011,13.8,181,203,13.4,,
1140,2012,12,175,197,10.6,,
1140,2013,13.5,165,199,10.8,,
1140,2014,5.4,133,184,2.8,,
1140,2015,6.4,162,175,0,,
1140,2016,10.3,130,189,5.7,,
1140,2017,15.6,161,194,10.8,,
1140,2018,6,163,184,3.5,,
1140,2019,18,177,207,17.4,,
1140,2020,12.9,174,208,12.6,,
1140,2021,11.9,181,198,11.7,,
1140,2022,9.1,166,194,8.3,,
1140,2023,28.7,192,214,28.7,,
1140,2024,20.8,191,213,20.4,,
1140,2025,7,169,195,4.8,,
1140,2026,3.7,147,153,0,,
1141,2010,14.2,192,224,12.6,,
1141,2011,22.6,216,241,21.2,,
1141,2012,10.5,159,185,5.6,,
1141,2013,12.2,207,227,8.3,,
1141,2014,18.7,191,209,17.6,,
1141,2015,11.3,160,194,8.1,,
1141,2016,13.6,186,222,13.6,,
1141,2017,23.2,167,221,20.5,,
1141,2018,11.5,198,213,10.6,,
1141,2019,20.7,178,246,20.4,,
1141,2020,12.3,186,217,12.2,,
1141,2021,13.3,185,213,13.3,,
1141,2022,15.8,189,220,14.9,,
1141,2023,22,185,222,21.7,,
1141,2024,16.2,186,208,16,,
1141,2025,13.4,177,200,11.5,,
1141,2026,8.6,160,176,0,,
1142,2009,0,365,365,,,
1142,2010,6.1,145,174,0.2,,
1142,2011,14.7,163,203,12,,
1142,2012,13,176,198,11.2,,
1142,2013,6.3,161,184,3.5,,
1142,2014,11.2,155,191,8.8,,
1142,2015,4.3,127,164,0,,
1142,2016,7,129,186,4.7,,
1142,2017,12.1,161,185,6.4,,
1142,2018,10.2,176,199,9.1,,
1142,2019,11.6,166,196,9.1,,
1142,2020,11.2,158,200,9.6,,
1142,2021,11.2,177,200,11,,
1142,2022,10.1,162,191,6.2,,
1142,2023,13.2,188,211,12.7,,
1142,2024,7.5,167,193,5.2,,
1142,2025,7.5,175,191,5.3,,
1142,2026,4.6,165,176,0,,
1143,2010,17.5,172,200,14.9,,
1143,2011,6.6,164,183,2.7,,
1143,2012,7.5,156,177,0,,
1143,2013,10.5,164,177,2,,
1143,2014,4.8,136,168,0,,
1143,2015,5.6,156,170,0,,
1143,2016,10.5,130,157,0,,
1143,2017,13.1,161,171,3.1,,
1143,2018,1.5,153,159,0,,
1143,2019,16.8,173,202,15.1,,
1143,2020,8.6,157,186,5.5,,
1143,2021,6.7,146,188,4.9,,
1143,2022,8.9,166,187,6.2,,
1143,2023,19.1,183,211,19.1,,
1143,2024,12.3,180,201,12,,
1143,2025,2.2,172,175,0,,
1143,2026,1.4,147,149,0,,
1144,2011,25.1,215,235,21.5,,
1144,2012,16.4,191,210,16.1,,
1144,2013,9.9,177,217,9.5,,
1144,2014,16.6,189,218,16.5,,
1144,2015,8.2,159,180,2.8,,
1144,2016,11.4,182,194,10.3,,
1144,2017,13.6,165,218,12.1,,
1144,2018,16.8,196,217,14.4,,
1144,2019,13.3,199,216,11.6,,
1144,2020,10.4,189,211,9.2,,
1144,2021,10,183,212,10,,
1144,2022,10.1,201,218,8.2,,
1144,2023,11.9,189,213,11.4,,
1144,2024,7.2,183,199,7.1,,
1144,2025,11.1,175,209,9.3,,
1144,2026,7.4,169,190,4.7,,
1145,2010,0,365,365,,,
1145,2011,18,182,221,17.8,,
1145,2012,9.2,165,188,5.6,,
1145,2013,7.1,179,188,5.4,,
1145,2014,14.2,189,202,13.5,,
1145,2015,8.9,156,180,2.4,,
1145,2016,12.6,184,202,12.6,,
1145,2017,18.3,161,199,14.1,,
1145,2018,8,172,194,7.1,,
1145,2019,18,184,207,18,,
1145,2020,12.4,183,207,12.1,,
1145,2021,8.7,184,207,8.7,,
1145,2022,10.4,175,208,8.3,,
1145,2023,23.5,190,218,21.7,,
1145,2024,17.3,184,206,17.3,,
1145,2025,11.9,174,199,10.5,,
1145,2026,5.8,160,174,0,,
1146,2010,0,365,365,,,
1146,2011,14.9,182,211,14.4,,
1146,2012,9.1,164,189,5.6,,
1146,2013,7.9,164,175,0,,
1146,2014,6.3,160,176,2.7,,
1146,2015,7.6,159,171,0,,
1146,2016,7.2,143,171,3.6,,
1146,2017,7.6,160,170,2.2,,
1146,2018,5.1,173,183,2.5,,
1146,2019,15.8,177,204,15.3,,
1146,2020,5.2,133,188,3,,
1146,2021,9,179,188,8.2,,
1146,2022,7,169,185,4.2,,
1146,2023,24.9,190,213,22.8,,
1146,2024,15.2,194,205,14.6,,
1146,2025,7,174,193,5,,
1146,2026,3.4,147,154,0,,
1147,2011,28.1,235,259,23.5,,
1147,2012,9.4,202,215,8.6,,
1147,2013,11.6,200,224,8.1,,
1147,2014,11.4,190,218,11.2,,
1147,2015,6.6,167,213,5.7,,
1147,2016,13.6,216,237,12.2,,
1147,2017,21.9,193,225,20.8,,
1147,2018,9.7,189,211,9.5,,
1147,2019,26,205,260,21.6,,
1147,2020,11.6,207,219,9,,
1147,2021,12.4,184,220,12.3,,
1147,2022,13,184,218,12.8,,
1147,2023,35,193,237,33.6,,
1147,2024,20.6,193,224,20.5,,
1147,2025,9.2,189,201,8.7,,
1147,2026,9.6,164,177,2.5,,
1148,2015,5,159,172,0,,
1148,2016,6.9,139,164,0.7,,
1148,2017,6.8,159,166,0.2,,
1148,2018,2.5,160,165,0,,
1148,2019,11,173,191,9.1,,
1148,2020,8.3,157,188,5.6,,
1148,2021,4.1,169,182,1,,
1148,2022,4.6,165,174,0.1,,
1148,2023,14.7,189,202,14,,
1148,2024,6.9,183,195,6.8,,
1148,2025,2,173,175,0,,
1148,2026,2.8,146,152,0,,
1149,2010,0,365,365,,,
1149,2011,11.3,193,218,10.9,,
1149,2012,7.8,166,183,2.8,,
1149,2013,8.6,164,194,6.7,,
1149,2014,5.2,188,193,4.9,,
1149,2015,7.8,162,179,1,,
1149,2016,11,184,195,11,,
1149,2017,9.6,161,194,7.7,,
1149,2018,3.7,178,185,2.6,,
1149,2019,13.2,200,210,12.7,,
1149,2020,13.5,187,209,13.5,,
1149,2021,8.7,180,193,8.3,,
1149,2022,10.3,175,197,9.1,,
1149,2023,16.6,190,213,15.8,,
1149,2024,11.7,192,205,11.3,,
1149,2025,6.4,174,190,4,,
1149,2026,0.9,143,149,0,,
1150,2012,5.7,163,184,1.9,,
1150,2013,7,164,183,3.2,,
1150,2014,7.4,175,193,6.3,,
1150,2015,3.8,161,168,0,,
1150,2016,10.7,149,190,7.1,,
1150,2017,9.3,160,171,3.6,,
1150,2018,3.6,178,183,1.6,,
1150,2019,13,182,206,12.8,,
1150,2020,5.3,157,192,4.6,,
1150,2021,7.5,180,190,7.2,,
1150,2022,8,172,187,5.7,,
1150,2023,19.8,189,207,19.2,,
1150,2024,9.9,185,200,9.9,,
1150,2025,7.6,173,190,4.8,,
1150,2026,3,148,162,0,,
1151,2010,0,365,365,,,
1151,2011,31.2,236,258,25.3,,
1151,2012,17.2,191,216,16.7,,
1151,2013,23.9,206,224,20.1,,
1151,2014,19.3,213,235,16.5,,
1151,2015,15.7,200,214,13.5,,
1151,2016,22.5,214,243,21,,
1151,2017,33.6,216,239,29.9,,
1151,2018,19,203,219,16,,
1151,2019,31.6,200,251,27.6,,
1151,2020,24.4,203,223,22.9,,
1151,2021,15.2,184,221,15.2,,
1151,2022,18.3,216,231,15.8,,
1151,2023,32.8,208,233,30.1,,
1151,2024,24.8,194,233,24.3,,
1151,2025,20.7,190,223,20.3,,
1151,2026,15.2,161,216,13.7,,
1152,2012,7.6,192,208,7.2,,
1152,2013,9.7,206,217,8.2,,
1152,2014,10.4,189,223,10.1,,
1152,2015,8.6,170,214,7.3,,
1152,2016,15.2,216,242,12.9,,
1152,2017,17.4,195,223,16.7,,
1152,2018,7.6,196,209,7.1,,
1152,2019,22,206,258,17.7,,
1152,2020,12,205,218,10.1,,
1152,2021,9.5,183,218,9.5,,
1152,2022,8.6,177,203,8.4,,
1152,2023,26.6,191,239,25.8,,
1152,2024,15.5,194,230,14.7,,
1152,2025,8.5,189,207,8,,
1152,2026,9,164,177,2.1,,
1153,2013,9.2,176,204,8.4,,
1153,2014,10.8,171,200,10.6,,
1153,2015,11.8,167,197,9.3,,
1153,2016,11.7,186,219,11.7,,
1153,2017,12.9,162,196,10.3,,
1153,2018,7.5,179,189,5.8,,
1153,2019,21.4,187,210,21.4,,
1153,2020,18.4,186,209,18.2,,
1153,2021,13.5,179,197,13,,
1153,2022,10.8,182,199,10.7,,
1153,2023,28.1,190,212,27.5,,
1153,2024,15.7,186,205,15.6,,
1153,2025,7.8,172,183,3.7,,
1153,2026,5.6,164,171,0.1,,
1154,2012,17.5,202,216,13.8,,
1154,2013,21.7,202,218,17.7,,
1154,2014,10.8,196,205,10.3,,
1154,2015,13,164,197,9.6,,
1154,2016,22.7,216,236,18.6,,
1154,2017,16.5,189,217,15.1,,
1154,2018,10.2,179,210,9.7,,
1154,2019,30.1,201,250,26.5,,
1154,2020,20.4,206,220,20,,
1154,2021,14.3,183,207,14.3,,
1154,2022,15.5,183,215,15.5,,
1154,2023,34.1,190,229,33.1,,
1154,2024,19.2,194,227,18.7,,
1154,2025,13.2,191,208,12.3,,
1154,2026,11.6,164,179,4.2,,
1155,2012,3.2,157,165,0,,
1155,2013,4.9,156,167,0,,
1155,2014,2.8,135,147,0.5,,
1155,2015,0.7,157,159,0,,
1155,2016,5.4,147,155,0.9,,
1155,2017,3.5,159,164,0.8,,
1155,2018,1.3,122,129,0,,
1155,2019,6.9,175,189,6,,
1155,2020,4.1,144,153,0,,
1155,2021,2.9,153,159,0,,
1155,2022,4.5,152,174,0,,
1155,2023,12.4,183,195,12.4,,
1155,2024,3.9,163,171,2,,
1155,2025,2.7,122,128,0,,
1155,2026,0.9,147,148,0,,
1156,2010,0,365,365,,,
1156,2011,10.3,183,221,10.3,,
1156,2012,5,162,183,0.8,,
1156,2013,7.2,164,188,4.8,,
1156,2014,6.8,188,194,6.5,,
1156,2015,7.5,160,179,0.6,,
1156,2016,8.3,186,194,8.3,,
1156,2017,7.1,162,172,4.3,,
1156,2018,4.1,179,183,2,,
1156,2019,12.6,196,209,12.3,,
1156,2020,8.6,183,204,8.5,,
1156,2021,6.6,180,188,6,,
1156,2022,6.4,174,186,4.3,,
1156,2023,14.5,191,211,14,,
1156,2024,9.5,185,201,9.5,,
1156,2025,4.3,172,177,0,,
1156,2026,1.5,146,148,0,,
1158,2012,0,366,366,,,
1158,2013,8.9,159,185,5.4,,
1158,2014,1,82,87,0,,
1158,2015,0.7,98,105,0,,
1158,2016,8.6,128,157,0,,
1158,2017,9.1,159,171,2.6,,
1158,2018,3,178,186,2.1,,
1158,2019,9.3,170,191,8.8,,
1158,2020,6.3,181,195,5.2,,
1158,2021,8.7,178,201,8.6,,
1158,2022,5,152,175,0,,
1158,2023,13.1,189,212,11.5,,
1158,2024,3.6,109,120,0,,
1158,2025,8.7,173,193,6.3,,
1158,2026,0.9,146,148,0,,
1159,2011,12.9,204,226,12.4,,
1159,2012,12.7,192,208,12.5,,
1159,2013,11.9,164,207,10.8,,
1159,2014,7.3,186,201,7.2,,
1159,2015,5.3,129,163,0,,
1159,2016,16.2,182,196,15.2,,
1159,2017,11.7,199,217,10.1,,
1159,2018,16.6,201,216,15.1,,
1159,2019,8.9,169,202,7.3,,
1159,2020,8.3,189,205,7.8,,
1159,2021,13.2,175,204,12.8,,
1159,2022,6.4,173,214,4.8,,
1159,2023,13.8,203,214,13.2,,
1159,2024,6.2,184,202,6.2,,
1159,2025,12.2,175,202,10.7,,
1159,2026,3.5,161,171,0,,
1160,2011,14.7,179,203,13.1,,
1160,2012,15,159,189,9.3,,
1160,2013,16.7,178,212,14.9,,
1160,2014,16.2,190,204,15.2,,
1160,2015,14.8,164,191,10.3,,
1160,2016,16.7,186,227,16.7,,
1160,2017,22,160,205,18.9,,
1160,2018,8.9,179,190,7.8,,
1160,2019,30.6,180,248,30.2,,
1160,2020,19.2,184,211,19.2,,
1160,2021,18.1,181,207,17.8,,
1160,2022,13.1,168,200,12,,
1160,2023,32.3,189,219,32,,
1160,2024,19.3,185,206,19.3,,
1160,2025,11.8,174,195,8.9,,
1160,2026,8.8,147,171,0.2,,
1161,2011,13.4,217,242,10.3,,
1161,2012,10.1,158,205,8.9,,
1161,2013,12.2,207,226,8.4,,
1161,2014,13.2,198,219,12.6,,
1161,2015,12.2,204,218,8.3,,
1161,2016,15.2,215,228,13.9,,
1161,2017,11.4,189,219,10.6,,
1161,2018,11.1,192,214,10.6,,
1161,2019,12.8,197,219,11.7,,
1161,2020,13,202,217,10.8,,
1161,2021,13.5,204,230,12.4,,
1161,2022,11.8,200,220,10.8,,
1161,2023,12.4,193,221,11.1,,
1161,2024,11.6,195,228,11.6,,
1161,2025,10.2,192,210,9.7,,
1161,2026,6,169,182,2.5,,
1162,2011,14.9,218,239,12.2,,
1162,2012,5.1,166,184,2,,
1162,2013,8.9,207,220,6,,
1162,2014,10,189,204,9.6,,
1162,2015,6.1,166,189,3.6,,
1162,2016,12,184,219,12,,
1162,2017,10.7,164,201,9.3,,
1162,2018,7.5,187,207,7.5,,
1162,2019,10,196,211,9.2,,
1162,2020,8.7,188,212,8.6,,
1162,2021,7.9,184,211,7.9,,
1162,2022,8.3,175,211,7.6,,
1162,2023,15.2,208,219,13.4,,
1162,2024,12,192,207,11.6,,
1162,2025,10.9,190,207,10.5,,
1162,2026,6.9,163,173,0,,
1163,2011,28.6,216,245,23.3,,
1163,2012,9.4,163,192,5.4,,
1163,2013,16.6,205,223,11.8,,
1163,2014,11.3,190,208,10.7,,
1163,2015,6.7,166,194,4.1,,
1163,2016,10.6,184,219,10.6,,
1163,2017,15.6,185,220,15.5,,
1163,2018,10.8,186,210,10.8,,
1163,2019,13.5,199,218,11.9,,
1163,2020,14.8,190,218,14.7,,
1163,2021,12.6,184,217,12.6,,
1163,2022,7.8,200,211,7.6,,
1163,2023,15.6,191,218,13.9,,
1163,2024,11.8,186,208,11.8,,
1163,2025,10,187,208,9.6,,
1163,2026,4.6,170,176,0,,
1166,2011,0,365,365,,,
1166,2012,62.8,183,240,58.4,,
1166,2013,48,172,222,44.7,,
1166,2014,30.1,189,229,28.8,,
1166,2015,6.1,108,126,0.6,,
1166,2016,48.3,181,220,47.3,,
1166,2017,70.2,209,246,64.2,,
1166,2018,49.7,201,228,42.8,,
1166,2019,52,198,225,49.4,,
1166,2020,49.7,188,224,47,,
1166,2021,55.8,183,229,55.8,,
1166,2022,53.1,227,254,37.4,,
1166,2023,83,210,238,65.4,,
1166,2024,45.2,195,241,43.7,,
1166,2025,67.2,190,230,65.3,,
1166,2026,14.1,163,176,4.1,,
1167,2012,7.7,175,194,4.8,,
1167,2013,14.4,151,168,0.4,,
1167,2014,3.9,132,136,0,,
1167,2015,1.5,97,100,0,,
1167,2016,8.3,113,136,0,,
1167,2017,16.1,159,170,1.1,,
1167,2018,6.6,157,181,1.5,,
1167,2019,13.8,166,180,4.7,,
1167,2020,8,115,131,1.9,,
1167,2021,7.6,151,179,0.8,,
1167,2022,12.2,98,131,0,,
1167,2023,15,187,208,12.8,,
1167,2024,9.3,109,123,0,,
1167,2025,6.7,173,178,0,,
1167,2026,1.1,104,109,0,,
1168,2010,0,365,365,,,
1168,2011,19.8,211,245,14.5,,
1168,2012,25.2,205,234,21.8,,
1168,2013,17.3,212,237,15.7,,
1168,2014,18.7,216,243,15.7,,
1168,2015,20.2,238,251,16,,
1168,2016,19.9,216,249,15.5,,
1168,2017,36.9,217,252,33.7,,
1168,2018,7.1,205,221,7,,
1168,2019,27.9,208,255,24.5,,
1168,2020,22,205,236,21.7,,
1168,2021,19.3,217,243,19,,
1168,2022,17,187,229,16.5,,
1168,2023,23.7,213,240,22.2,,
1168,2024,20.9,197,243,18.8,,
1168,2025,8.9,194,233,8.5,,
1168,2026,9.3,220,226,5.8,,
1169,2010,0,365,365,,,
1169,2011,3.6,163,169,0,,
1169,2012,5.1,166,176,0,,
1169,2013,5.6,178,185,4.1,,
1169,2014,2.1,130,140,0,,
1169,2015,8,161,182,3.2,,
1169,2016,6.3,129,159,0.5,,
1169,2017,9.9,158,171,3.3,,
1169,2018,1.3,154,156,0,,
1169,2019,11.9,176,191,9.4,,
1169,2020,7.9,154,183,2.8,,
1169,2021,9.2,182,190,8.9,,
1169,2022,6.3,175,188,4.7,,
1169,2023,5.8,180,191,5.3,,
1169,2024,7.1,181,189,5,,
1169,2025,4,149,169,0,,
1169,2026,2.4,147,149,0,,
1170,2010,0,365,365,,,
1170,2011,4.7,154,168,0,,
1170,2012,5.8,164,170,0,,
1170,2013,4.8,157,172,0,,
1170,2014,1.9,137,142,0,,
1170,2015,7.3,158,174,0,,
1170,2016,5.5,136,157,0,,
1170,2017,6.5,127,165,0,,
1170,2018,1.6,153,157,0,,
1170,2019,10.2,167,189,7,,
1170,2020,6.9,155,170,0,,
1170,2021,6.1,168,187,4,,
1170,2022,5.3,163,179,2.3,,
1170,2023,8.4,183,194,8.4,,
1170,2024,7.1,180,195,5.7,,
1170,2025,3.4,220,223,0,,
1170,2026,1.1,144,148,0,,
1171,2010,0,365,365,,,
1171,2011,39.4,182,225,39.2,,
1171,2012,43.7,193,224,43.1,,
1171,2013,29.2,176,210,27.3,,
1171,2014,34.4,160,207,30.2,,
1171,2015,18.6,132,187,10.1,,
1171,2016,37.4,168,206,34,,
1171,2017,36.1,181,217,35.3,,
1171,2018,32.8,165,212,29,,
1171,2019,31.4,172,207,28.5,,
1171,2020,32.1,169,205,29.2,,
1171,2021,37.2,161,210,34.7,,
1171,2022,32,152,218,24.8,,
1171,2023,27.2,172,215,26.2,,
1171,2024,25.4,167,202,22,,
1171,2025,31,175,205,26.6,,
1171,2026,22,167,204,20,,
1172,2011,0,365,365,,,
1172,2012,9,164,180,0.5,,
1172,2013,6.5,164,182,2.5,,
1172,2014,8.2,165,185,5.1,,
1172,2015,9.9,161,180,3.1,,
1172,2016,9.2,154,187,5.5,,
1172,2017,16.2,163,198,12,,
1172,2018,4.5,173,185,2.9,,
1172,2019,12.3,169,198,10.7,,
1172,2020,6.7,162,188,4.9,,
1172,2021,8.4,182,190,8.2,,
1172,2022,11.1,176,192,9.9,,
1172,2023,12.3,184,201,12.3,,
1172,2024,10.6,181,199,10,,
1172,2025,6.6,173,181,2,,
1172,2026,5,148,170,0,,
1184,2012,11.3,163,183,4.6,,
1184,2013,10.8,164,189,7.3,,
1184,2014,8.1,190,195,7.6,,
1184,2015,8,129,173,0,,
1184,2016,11.9,148,192,10.8,,
1184,2017,8,153,171,5,,
1184,2018,8.2,172,190,6.7,,
1184,2019,13.2,173,204,12.6,,
1184,2020,8.9,182,199,8.4,,
1184,2021,8.8,179,188,8.1,,
1184,2022,11,174,191,9.2,,
1184,2023,16.9,189,212,15.7,,
1184,2024,14.3,192,203,13.9,,
1184,2025,9.9,172,193,5.3,,
1184,2026,4.4,147,164,0,,
1185,2012,0,366,366,,,
1185,2013,19.6,210,239,17.8,,
1185,2014,23.7,230,251,20.1,,
1185,2015,26.8,241,263,17.1,,
1185,2016,30.1,234,256,23,,
1185,2017,36,225,259,31.7,,
1185,2018,12.7,204,228,11.7,,
1185,2019,41.5,243,274,32.2,,
1185,2020,20.6,209,241,18.4,,
1185,2021,18.2,212,245,17.3,,
1185,2022,24.2,210,238,22.9,,
1185,2023,38,213,265,34.9,,
1185,2024,20.7,228,248,18.9,,
1185,2025,18.1,189,245,17,,
1185,2026,15,221,241,11.3,,
1186,2012,14.5,176,224,13.4,,
1186,2013,22.3,223,249,15,,
1186,2014,27.2,229,248,25,,
1186,2015,22.6,238,256,17.6,,
1186,2016,25.2,224,251,21,,
1186,2017,23.8,216,254,20,,
1186,2018,24.9,205,238,19.6,,
1186,2019,24.9,215,261,21.7,,
1186,2020,25.7,210,244,21.1,,
1186,2021,19.9,225,247,17.8,,
1186,2022,21,218,246,17,,
1186,2023,20.1,212,252,18.4,,
1186,2024,24.3,215,250,20.6,,
1186,2025,22.3,215,253,21.4,,
1186,2026,12.4,171,227,10.6,,
1187,2013,0.8,364,,,,
1187,2014,25.9,197,248,24.8,,
1187,2015,17.3,238,250,14.8,,
1187,2016,23.4,225,251,20.3,,
1187,2017,17.7,194,245,16.6,,
1187,2018,18.3,200,234,14.4,,
1187,2019,21.9,198,253,19.9,,
1187,2020,20.6,210,234,18.5,,
1187,2021,20,207,233,17.5,,
1187,2022,22.7,201,231,19.2,,
1187,2023,22.3,193,233,21.1,,
1187,2024,24.7,225,245,21.8,,
1187,2025,20.2,190,237,19.3,,
1187,2026,11.9,170,205,8.2,,
1188,2011,0,365,365,,,
1188,2012,7.1,165,189,4.2,,
1188,2013,6.2,201,211,4.6,,
1188,2014,10.5,191,220,9.9,,
1188,2015,10.4,159,216,8.9,,
1188,2016,9.5,189,227,9.4,,
1188,2017,11.5,189,207,10.5,,
1188,2018,5.8,183,199,5.8,,
1188,2019,18,197,228,17.8,,
1188,2020,10.7,188,216,10.6,,
1188,2021,9.6,184,214,9.6,,
1188,2022,7.5,187,204,7.2,,
1188,2023,11.7,186,216,11.6,,
1188,2024,10.8,193,208,10.2,,
1188,2025,10.5,175,209,9.2,,
1188,2026,4.3,149,173,0,,
1189,2011,0,365,365,,,
1189,2012,3.7,203,214,3.4,,
1189,2013,3.7,221,230,2.9,,
1189,2014,3.8,198,210,3.6,,
1189,2015,4.9,203,218,4.2,,
1189,2016,4.4,201,210,4,,
1189,2017,3.5,206,215,3.3,,
1189,2018,3,197,218,2.9,,
1189,2019,3.4,180,201,3.3,,
1189,2020,5.7,196,220,5.7,,
1189,2021,3.6,202,218,3.4,,
1189,2022,6.8,188,223,6.7,,
1189,2023,6.1,210,224,5.1,,
1189,2024,5.9,195,220,5.7,,
1189,2025,3.9,198,211,3.5,,
1189,2026,6.5,205,216,5.9,,
1192,2013,16.1,207,225,11.6,,
1192,2014,16.2,192,219,15.2,,
1192,2015,10.4,166,210,7.8,,
1192,2016,14.4,191,233,14.4,,
1192,2017,18.7,165,225,17.8,,
1192,2018,12.6,204,219,12,,
1192,2019,17.4,201,229,15,,
1192,2020,19.3,202,223,18,,
1192,2021,13.1,184,219,13.1,,
1192,2022,13.4,201,220,11.2,,
1192,2023,22,209,229,20.3,,
1192,2024,16.4,194,232,15.9,,
1192,2025,14.2,191,214,13.5,,
1192,2026,11.7,168,182,5.6,,
1194,2012,7.7,192,205,7.5,,
1194,2013,10.1,162,189,7,,
1194,2014,6.9,188,195,5.7,,
1194,2015,4.7,134,148,0,,
1194,2016,13.1,169,191,12.2,,
1194,2017,15.2,183,215,15.2,,
1194,2018,7.2,178,196,6.8,,
1194,2019,15,185,209,14.4,,
1194,2020,13.2,190,208,12.5,,
1194,2021,11.5,179,199,11.2,,
1194,2022,8.7,173,187,5.5,,
1194,2023,17.4,191,214,16.2,,
1194,2024,13.2,193,205,12.4,,
1194,2025,12.5,174,200,11.5,,
1194,2026,3.8,158,167,0,,
1195,2012,2,161,165,0,,
1195,2013,5.2,151,165,0,,
1195,2014,2.5,133,138,1.1,,
1195,2015,1.3,33,38,0,,
1195,2016,10.4,131,159,0.4,,
1195,2017,11,160,168,0.9,,
1195,2018,3.2,172,181,0.4,,
1195,2019,15.2,169,190,11.7,,
1195,2020,6.9,142,159,0,,
1195,2021,7.6,165,185,5.2,,
1195,2022,6.2,91,173,0,,
1195,2023,15.5,189,204,14,,
1195,2024,12.4,167,197,11,,
1195,2025,10.5,170,179,3.5,,
1195,2026,1.1,147,149,0,,
1196,2012,0,366,366,,,
1196,2013,32.4,209,249,26.1,,
1196,2014,33.1,213,259,30.8,,
1196,2015,33.3,236,256,27.9,,
1196,2016,42,226,260,34.2,,
1196,2017,40.8,216,256,36.9,,
1196,2018,45.2,206,241,39.4,,
1196,2019,42.6,215,272,36.8,,
1196,2020,47.1,212,250,43.4,,
1196,2021,39.3,211,247,38.5,,
1196,2022,37.1,223,254,27.8,,
1196,2023,42,211,249,39.6,,
1196,2024,45,223,314,37.5,,
1196,2025,41.1,187,252,40.8,,
1196,2026,26.9,221,241,23.2,,
1197,2013,11.1,201,212,9.5,,
1197,2014,7.6,189,199,7.2,,
1197,2015,10.3,160,196,7.9,,
1197,2016,13,186,205,13,,
1197,2017,9.9,188,200,9.5,,
1197,2018,5.7,160,183,1.9,,
1197,2019,12.5,174,204,12,,
1197,2020,9.8,183,194,9.5,,
1197,2021,7.9,180,187,7.3,,
1197,2022,7.2,173,187,5.6,,
1197,2023,17.7,189,207,16.8,,
1197,2024,12.8,186,202,12.5,,
1197,2025,3,124,128,0,,
1197,2026,2.2,147,149,0,,
1212,2012,0,366,366,,,
1212,2013,4,115,119,0,,
1212,2014,1.8,89,110,0,,
1212,2015,1.4,94,101,0,,
1212,2016,5.6,130,137,0,,
1212,2017,4.7,117,133,0,,
1212,2018,0.6,152,153,0,,
1212,2019,3.9,148,155,0,,
1212,2020,3.6,107,117,0,,
1212,2021,3.9,124,143,0,,
1212,2022,1.9,99,107,0,,
1212,2023,13.1,155,167,0.2,,
1212,2024,4.3,132,145,1.1,,
1212,2025,2.1,167,170,0,,
1212,2026,2.2,145,148,0,,
1214,2012,0,366,366,,,
1214,2013,7.8,156,180,1.3,,
1214,2014,6.1,136,161,0.8,,
1214,2015,4.1,126,134,0,,
1214,2016,9.5,136,164,2,,
1214,2017,7.3,130,164,1.8,,
1214,2018,4.6,158,174,0,,
1214,2019,15.2,168,204,13,,
1214,2020,9.7,156,170,3.7,,
1214,2021,6.8,155,171,3.2,,
1214,2022,5.4,163,176,0,,
1214,2023,15.8,188,204,13.8,,
1214,2024,10,167,188,6.8,,
1214,2025,7,172,179,3.4,,
1214,2026,1.2,148,150,0,,
1215,2013,9.1,164,183,4.4,,
1215,2014,6.1,161,181,2,,
1215,2015,6.4,160,173,0,,
1215,2016,10.4,135,189,8,,
1215,2017,9,161,170,1.4,,
1215,2018,5.4,179,185,3.8,,
1215,2019,17,176,207,16.3,,
1215,2020,8.2,183,193,7.8,,
1215,2021,8.9,179,188,7.9,,
1215,2022,10,174,188,7.9,,
1215,2023,19.7,190,209,19.2,,
1215,2024,11.3,185,197,11.3,,
1215,2025,5.5,173,178,0.4,,
1215,2026,3,147,154,0,,
1216,2013,15.3,210,226,11.9,,
1216,2014,19.8,190,230,18.9,,
1216,2015,13,165,205,10.5,,
1216,2016,19.6,185,229,19.6,,
1216,2017,24.6,195,226,23.9,,
1216,2018,12.4,191,214,12.2,,
1216,2019,29.3,201,251,27.5,,
1216,2020,25.6,204,224,24.1,,
1216,2021,18.3,182,218,18.2,,
1216,2022,20.6,200,224,19.7,,
1216,2023,42.5,212,235,39.2,,
1216,2024,25.5,193,233,25.2,,
1216,2025,22.6,191,220,21.2,,
1216,2026,12.3,168,178,3.2,,
1217,2013,10.7,176,205,8.8,,
1217,2014,10.4,188,198,10.2,,
1217,2015,6.9,166,180,1.3,,
1217,2016,10.7,184,194,10.7,,
1217,2017,12,163,186,6.9,,
1217,2018,6.1,181,189,5.3,,
1217,2019,16.6,196,209,16.1,,
1217,2020,11.7,177,206,11.6,,
1217,2021,9.1,183,194,9.1,,
1217,2022,8.7,175,192,7.4,,
1217,2023,23.4,190,212,22.5,,
1217,2024,13.9,185,205,13.9,,
1217,2025,10.5,174,197,8.9,,
1217,2026,2.1,161,168,0,,
1221,2013,12.9,164,211,9.6,,
1221,2014,15,189,204,13.5,,
1221,2015,10.5,164,180,2,,
1221,2016,11.9,150,196,11.8,,
1221,2017,17.4,160,200,13.7,,
1221,2018,10.6,180,206,10,,
1221,2019,22.3,196,225,21.9,,
1221,2020,13.1,187,212,12.7,,
1221,2021,12.3,182,192,11.8,,
1221,2022,11.9,175,203,11.4,,
1221,2023,26.2,190,217,24.5,,
1221,2024,19,194,208,18.6,,
1221,2025,13.3,175,198,11.5,,
1221,2026,5.5,148,169,0.1,,
1222,2013,21.1,205,227,16.7,,
1222,2014,23,198,235,21.2,,
1222,2015,15.9,178,225,13.1,,
1222,2016,20.3,187,237,20.3,,
1222,2017,32.4,215,238,29.9,,
1222,2018,16.8,203,222,15.6,,
1222,2019,34.1,199,257,29.6,,
1222,2020,24.2,205,224,21.2,,
1222,2021,17.7,183,219,17.7,,
1222,2022,25.1,197,230,22.6,,
1222,2023,37.8,194,237,35.6,,
1222,2024,28.4,195,232,27.1,,
1222,2025,21.2,190,221,19.7,,
1222,2026,10.1,164,177,1.2,,
1223,2012,0,366,366,,,
1223,2013,10.6,162,183,5.3,,
1223,2014,12.2,164,194,9.9,,
1223,2015,7.5,161,169,0,,
1223,2016,10.4,150,187,6.4,,
1223,2017,20,160,189,11.5,,
1223,2018,6.7,160,183,2.6,,
1223,2019,20.6,170,203,18.6,,
1223,2020,9.8,157,194,8.6,,
1223,2021,8.3,179,188,7.6,,
1223,2022,10.4,170,187,6.8,,
1223,2023,28.2,189,213,26.9,,
1223,2024,18,169,200,17.2,,
1223,2025,11.6,174,193,8.4,,
1223,2026,4.2,148,161,0,,
1224,2013,21.5,204,226,16.8,,
1224,2014,21.6,189,230,20.4,,
1224,2015,17.5,164,215,14.5,,
1224,2016,23.4,185,233,23.4,,
1224,2017,30.6,187,227,30.4,,
1224,2018,14.4,182,210,14.2,,
1224,2019,35.1,202,252,31.5,,
1224,2020,27.5,205,224,25.5,,
1224,2021,19.8,183,217,19.8,,
1224,2022,22.5,197,224,22.4,,
1224,2023,41.4,200,234,39.4,,
1224,2024,27,194,231,26.4,,
1224,2025,20.3,190,216,19.1,,
1224,2026,12.9,162,176,0.4,,
1225,2013,12.1,207,216,8.7,,
1225,2014,16,190,204,15.3,,
1225,2015,9.7,163,182,3.7,,
1225,2016,16.8,185,204,16.8,,
1225,2017,21.2,159,222,18.7,,
1225,2018,10.7,181,207,9.8,,
1225,2019,24.7,200,221,22.6,,
1225,2020,14.7,187,211,14.5,,
1225,2021,11.5,184,206,11.5,,
1225,2022,13,175,213,11.6,,
1225,2023,30.3,190,225,28,,
1225,2024,20.9,186,216,20.9,,
1225,2025,15.9,175,205,14.6,,
1225,2026,10.9,160,176,0,,
1226,2013,11.1,164,211,7.6,,
1226,2014,14.5,189,204,13.2,,
1226,2015,9.7,160,180,2.8,,
1226,2016,12.7,186,197,12.7,,
1226,2017,15.8,163,201,13.4,,
1226,2018,10.6,181,205,10.3,,
1226,2019,19.5,183,218,19.5,,
1226,2020,14.2,187,213,14.1,,
1226,2021,11.3,182,194,11.1,,
1226,2022,12.8,189,209,12.7,,
1226,2023,25.7,189,219,24.4,,
1226,2024,16.8,193,207,16.6,,
1226,2025,11.2,189,198,9.6,,
1226,2026,5.7,160,171,0,,
1227,2013,7.3,178,195,5.7,,
1227,2014,9.5,187,200,9.1,,
1227,2015,8.3,164,182,2.9,,
1227,2016,8.3,183,192,8.2,,
1227,2017,15.3,163,198,11.9,,
1227,2018,4.6,180,186,3.4,,
1227,2019,14.5,183,208,14.5,,
1227,2020,12.2,183,207,11.4,,
1227,2021,7.8,179,190,7.4,,
1227,2022,8.7,175,201,8.4,,
1227,2023,17.9,189,213,17.7,,
1227,2024,11.8,185,204,11.8,,
1227,2025,9.9,174,197,8.3,,
1227,2026,3.9,162,169,0,,
1228,2013,7.7,164,195,6.3,,
1228,2014,10.6,190,200,10.2,,
1228,2015,8.8,160,181,3.1,,
1228,2016,8.7,184,192,8.7,,
1228,2017,14.9,161,201,13.2,,
1228,2018,6.1,179,190,5.4,,
1228,2019,17.6,186,211,17.6,,
1228,2020,11.8,183,210,11.5,,
1228,2021,9.6,184,193,9.6,,
1228,2022,8.9,176,200,8.1,,
1228,2023,19.7,189,214,19.4,,
1228,2024,12.6,191,204,12.2,,
1228,2025,8.9,174,198,7.3,,
1228,2026,5.2,159,170,0,,
1231,2012,0,366,366,,,
1231,2013,9.2,158,183,4.6,,
1231,2014,9.7,155,186,5.1,,
1231,2015,2.2,110,117,0,,
1231,2016,11,128,188,8.1,,
1231,2017,15.4,159,200,13.2,,
1231,2018,7.4,176,192,6.5,,
1231,2019,12.4,168,201,11.2,,
1231,2020,8.4,123,199,8.1,,
1231,2021,8,171,192,6.7,,
1231,2022,10.3,100,180,4.6,,
1231,2023,16.3,186,214,15.4,,
1231,2024,10.2,166,198,9.2,,
1231,2025,12.8,174,198,10.8,,
1231,2026,4.4,149,168,0,,
1236,2014,6,167,191,3.8,,
1236,2015,5.4,160,172,0,,
1236,2016,5.7,142,176,2.1,,
1236,2017,14.6,154,194,10.6,,
1236,2018,4.2,172,182,0.9,,
1236,2019,12.9,177,202,12.1,,
1236,2020,11,183,199,10.9,,
1236,2021,5.9,179,186,4.8,,
1236,2022,8.7,174,190,6.7,,
1236,2023,20.9,187,210,20.8,,
1236,2024,10.3,170,196,10,,
1236,2025,4.6,174,178,0,,
1236,2026,1.6,148,151,0,,
1242,2014,3.1,136,138,0.3,,
1242,2015,1.5,161,163,0,,
1242,2016,8.9,145,159,0,,
1242,2017,28.2,161,187,16.9,,
1242,2018,8.2,178,186,6.1,,
1242,2019,25.7,176,198,24.7,,
1242,2020,4.7,134,152,3.1,,
1242,2021,6.4,171,182,2.1,,
1242,2022,14.5,163,177,1.9,,
1242,2023,33,181,207,32.8,,
1242,2024,16.2,160,200,14.6,,
1242,2025,4.7,172,178,1.4,,
1242,2026,8.2,147,152,0,,
1243,2014,2.8,135,139,0.9,,
1243,2015,2.1,82,83,0,,
1243,2016,5.5,133,150,2.2,,
1243,2017,8.9,119,165,0,,
1243,2018,4,160,174,0,,
1243,2019,9.8,168,189,7.9,,
1243,2020,5.7,142,159,0,,
1243,2021,5,153,169,2.1,,
1243,2022,3.4,96,135,0,,
1243,2023,14.5,182,202,14.3,,
1243,2024,12.2,167,188,8.4,,
1243,2025,5.6,171,177,0.2,,
1243,2026,2.4,125,132,0,,
1244,2014,10.1,158,197,9.3,,
1244,2015,7.1,105,171,0,,
1244,2016,11.1,145,190,9.3,,
1244,2017,18.8,161,196,12.7,,
1244,2018,7.1,178,190,5.7,,
1244,2019,24.4,197,211,22.5,,
1244,2020,15.7,158,202,13.9,,
1244,2021,13.2,178,195,12.6,,
1244,2022,8.1,169,181,3.2,,
1244,2023,31.5,193,216,29.8,,
1244,2024,23.6,184,206,23.6,,
1244,2025,15.7,174,197,13.2,,
1244,2026,6.4,147,165,0.3,,
1247,2014,12,189,202,11.1,,
1247,2015,7.6,166,181,2.5,,
1247,2016,12.3,185,203,12.3,,
1247,2017,14.4,187,217,14.2,,
1247,2018,7.1,178,193,6.3,,
1247,2019,20.1,205,225,17,,
1247,2020,12.8,204,213,12.3,,
1247,2021,12.8,181,196,12.4,,
1247,2022,12.4,174,203,11.5,,
1247,2023,23.4,190,214,22,,
1247,2024,18.2,192,208,18.2,,
1247,2025,13.8,189,199,12.5,,
1247,2026,4.8,167,172,0,,
1248,2014,5.7,154,176,0.8,,
1248,2015,8.6,159,179,1.3,,
1248,2016,9.8,149,190,8.1,,
1248,2017,13.5,161,185,7.3,,
1248,2018,6.3,172,184,3.3,,
1248,2019,18.2,174,205,16.5,,
1248,2020,16.1,181,203,15.8,,
1248,2021,8.2,180,188,7.1,,
1248,2022,9.2,169,187,6.9,,
1248,2023,26.8,189,206,26.4,,
1248,2024,13.3,185,202,13.2,,
1248,2025,7.3,172,189,3.8,,
1248,2026,4.9,147,171,0,,
1249,2014,9.9,190,208,9.3,,
1249,2015,11.2,177,214,10.4,,
1249,2016,11.2,217,228,10.1,,
1249,2017,20,187,219,18.4,,
1249,2018,7,182,196,6.9,,
1249,2019,21,203,249,20.2,,
1249,2020,17.5,184,218,17.5,,
1249,2021,8.3,184,217,8.3,,
1249,2022,12.3,196,211,12.2,,
1249,2023,25.8,189,229,25.4,,
1249,2024,16.1,192,220,16.1,,
1249,2025,6.1,170,198,3.4,,
1249,2026,11.9,168,202,9.1,,
1251,2014,0,365,365,,,
1251,2015,24.7,238,255,19.8,,
1251,2016,26,224,252,22.4,,
1251,2017,29.7,216,258,26.6,,
1251,2018,21,216,239,17.3,,
1251,2019,33.3,197,255,32.1,,
1251,2020,31.5,210,236,27.1,,
1251,2021,25,224,247,21.7,,
1251,2022,25.3,201,247,22.8,,
1251,2023,28,211,241,26.2,,
1251,2024,28.8,225,247,23.4,,
1251,2025,25.4,192,244,24.7,,
1251,2026,15.8,170,226,11.9,,
1254,2013,0,365,365,,,
1254,2014,9.5,199,219,8.4,,
1254,2015,13.5,179,215,13.1,,
1254,2016,15.9,203,226,14.9,,
1254,2017,16.2,188,220,14.9,,
1254,2018,4.5,182,198,4.4,,
1254,2019,18.7,188,215,18.5,,
1254,2020,12.5,184,212,12.5,,
1254,2021,12.5,181,207,12.4,,
1254,2022,11.1,191,205,10.6,,
1254,2023,17.1,176,216,16.9,,
1254,2024,17,193,208,15.8,,
1254,2025,6.5,190,197,5.3,,
1254,2026,6.6,144,178,0.4,,
1256,2015,4.1,128,134,0,,
1256,2016,11.9,171,191,9.5,,
1256,2017,12.9,161,202,10.8,,
1256,2018,12.6,166,207,11.6,,
1256,2019,9.7,167,186,6,,
1256,2020,6.9,169,194,6.2,,
1256,2021,12.2,164,189,8.6,,
1256,2022,6.4,152,180,1.8,,
1256,2023,12.4,167,208,11.8,,
1256,2024,6.1,166,178,2.9,,
1256,2025,13.1,173,191,9.1,,
1256,2026,3.4,155,170,0,,
1257,2015,4.7,115,130,0.2,,
1257,2016,25.3,169,213,23.2,,
1257,2017,31.1,184,238,30.7,,
1257,2018,29.1,201,228,25.4,,
1257,2019,24.7,167,218,22.3,,
1257,2020,37.3,191,230,37,,
1257,2021,55.1,196,230,54.1,,
1257,2022,43.8,203,248,33.4,,
1257,2023,44.7,206,229,39.7,,
1257,2024,29.4,167,223,27.9,,
1257,2025,38.3,175,216,35.8,,
1257,2026,23.6,165,212,19.4,,
1258,2014,0,365,365,,,
1258,2015,2.1,82,84,0,,
1258,2016,8.1,124,158,0,,
1258,2017,11.3,158,169,0.4,,
1258,2018,2.3,162,165,0,,
1258,2019,12.7,167,187,8.7,,
1258,2020,5.4,131,158,0,,
1258,2021,6.3,150,181,2.2,,
1258,2022,5.1,97,154,0,,
1258,2023,12.3,188,199,12,,
1258,2024,5.3,167,177,0.8,,
1258,2025,9.2,140,190,5.5,,
1258,2026,1,146,148,0,,
1259,2014,0,365,365,,,
1259,2015,6.9,127,162,0,,
1259,2016,13.4,171,187,9.3,,
1259,2017,8.7,181,204,8.3,,
1259,2018,10.4,180,204,9.7,,
1259,2019,7.6,165,184,4,,
1259,2020,5.9,171,192,4.4,,
1259,2021,10.8,149,190,8.1,,
1259,2022,4.3,161,178,0,,
1259,2023,9.8,189,209,8.7,,
1259,2024,4.8,166,174,1.7,,
1259,2025,8.5,175,189,5.4,,
1259,2026,3,150,159,0,,
1261,2015,6.9,165,184,3.6,,
1261,2016,6.8,161,191,5.6,,
1261,2017,8,159,196,5.4,,
1261,2018,2.8,176,186,2.2,,
1261,2019,13,177,208,12.7,,
1261,2020,8.1,189,208,8,,
1261,2021,6.3,183,193,6.3,,
1261,2022,7,174,190,6.1,,
1261,2023,15.9,189,213,15.8,,
1261,2024,8.6,185,203,8.6,,
1261,2025,1.4,190,191,0,,
1261,2026,3.6,147,168,0,,
1262,2015,1.7,82,83,0,,
1262,2016,5.9,132,151,0,,
1262,2017,9.2,152,165,0,,
1262,2018,2.3,173,175,0.6,,
1262,2019,5.7,169,178,1.3,,
1262,2020,4.3,154,159,0.4,,
1262,2021,2.8,166,171,0.4,,
1262,2022,2.8,101,145,0,,
1262,2023,6.6,189,195,5.7,,
1262,2024,6.7,169,186,4.3,,
1262,2025,4.3,162,175,0.6,,
1262,2026,1.4,142,146,0,,
1263,2015,5.9,115,130,0.4,,
1263,2016,34.3,181,215,33.6,,
1263,2017,47.9,195,242,45.8,,
1263,2018,40.9,201,227,36.7,,
1263,2019,31.6,197,222,29.7,,
1263,2020,36.4,189,223,36.4,,
1263,2021,45.9,197,234,45.1,,
1263,2022,36.3,212,249,27.5,,
1263,2023,50.6,206,232,44.7,,
1263,2024,31.5,183,229,31,,
1263,2025,41.2,189,224,40.3,,
1263,2026,19.8,164,207,15.2,,
1266,2014,12.4,333,336,,,
1266,2015,2.4,169,173,0,,
1266,2016,5.5,181,187,4.2,,
1266,2017,4.5,182,195,4.4,,
1266,2018,7.2,182,201,7,,
1266,2019,6.5,171,184,3.4,,
1266,2020,8.9,192,202,7.8,,
1266,2021,10.6,196,206,9,,
1266,2022,6.3,180,195,4.8,,
1266,2023,7.5,202,218,7,,
1266,2024,4.7,134,183,2.1,,
1266,2025,1.6,70,118,0,,
1266,2026,5.6,188,208,5.6,,
1267,2015,4.5,168,186,3.3,,
1267,2016,9.6,182,194,9.3,,
1267,2017,5.2,182,195,5,,
1267,2018,8.7,191,205,7.9,,
1267,2019,8.5,169,192,6.5,,
1267,2020,14.4,196,211,13.6,,
1267,2021,10.8,195,206,10.3,,
1267,2022,11.9,190,212,11.8,,
1267,2023,9.3,199,213,8.8,,
1267,2024,10.9,195,210,10.6,,
1267,2025,5.1,176,189,4.6,,
1267,2026,9,191,209,9,,
1268,2015,10.5,211,225,9.7,,
1268,2016,9.8,195,227,9.1,,
1268,2017,5.2,188,214,5.2,,
1268,2018,11.1,194,232,10.5,,
1268,2019,8.2,210,225,7.4,,
1268,2020,17.7,199,229,17.4,,
1268,2021,8.4,202,225,7.7,,
1268,2022,14.4,206,239,13.9,,
1268,2023,10.3,216,231,9.4,,
1268,2024,11.2,211,232,10.7,,
1268,2025,11,210,231,10.2,,
1268,2026,9.2,208,233,6.7,,
1269,2015,0,365,365,,,
1269,2016,6.7,139,165,0,,
1269,2017,8.1,159,169,0.9,,
1269,2018,3,158,181,0,,
1269,2019,11.8,177,202,11.4,,
1269,2020,10.9,182,195,10.5,,
1269,2021,4.8,180,185,3.9,,
1269,2022,5.3,166,178,1.7,,
1269,2023,19.7,190,212,19.7,,
1269,2024,12.3,171,200,11.9,,
1269,2025,1.2,189,190,0,,
1269,2026,4.5,146,162,0,,
1271,2015,0,365,365,,,
1271,2016,12.3,130,177,3.2,,
1271,2017,13.8,156,174,5.3,,
1271,2018,6.5,157,176,0,,
1271,2019,15.9,169,189,12,,
1271,2020,11.9,156,187,7.7,,
1271,2021,8.7,179,188,7.1,,
1271,2022,10.7,175,190,9.2,,
1271,2023,20.9,176,196,18.8,,
1271,2024,18.2,185,204,17.6,,
1271,2025,4.9,169,179,0.3,,
1271,2026,5.2,148,162,0,,
2029,2002,2.7,98,102,0.2,,
2029,2004,6.6,140,168,0,,
2029,2005,1.9,71,73,0,,
2029,2006,2.8,150,153,0.6,,
2029,2007,1.3,74,75,0,,
2029,2008,7.4,152,189,5.4,,
2029,2009,4,99,155,0,,
2029,2010,7.5,157,181,3.9,,
2029,2011,3.8,106,109,1.1,,
2029,2012,2.5,117,137,0,,
2029,2013,4.5,150,162,0,,
2029,2014,3.5,135,148,0,,
2029,2015,2.3,109,111,0,,
2029,2016,9.6,132,146,0,,
2029,2017,11.5,131,157,0.8,,
2029,2018,2.3,161,164,0.1,,
2029,2019,9.2,150,181,3.7,,
2029,2020,3.9,128,160,0,,
2029,2021,7.6,153,181,2.2,,
2029,2022,6.6,113,155,0,,
2029,2023,10.4,192,203,10.1,,
2029,2024,10.8,163,185,5.9,,
2029,2025,10.9,146,175,0,,
2029,2026,0.7,146,148,0,,
2170,2015,1,82,83,0,,
2170,2016,3.9,134,147,0,,
2170,2017,4.2,130,163,0,,
2170,2018,1.8,163,165,0,,
2170,2019,7.4,166,184,4.2,,
2170,2020,2.4,111,136,0,,
2170,2021,2.7,153,158,0,,
2170,2022,2.7,95,142,0,,
2170,2023,8.7,189,195,8.5,,
2170,2024,5,169,173,0.8,,
2170,2025,1.1,171,174,0,,
2170,2026,0.8,147,148,0,,
