{"type":"FeatureCollection","features":[{"type":"Feature","properties":{"state":"NE","name":"Nebraska"},"geometry":{"type":"Polygon","coordinates":[[[-104.0531,43.0006],[-104.0531,42.5],[-104.0526,42.125],[-104.053,41.8855],[-104.0523,41.4179],[-104.0532,41.0014],[-103.4974,41.0016],[-102.8658,41.002],[-102.5568,41.0022],[-102.0516,41.0024],[-102.0517,40.5378],[-102.0517,40.0031],[-101.41,40.0024],[-100.9374,40.0021],[-100.4688,40.0017],[-99.8134,40.0014],[-99.4034,40.002],[-98.9348,40.0022],[-98.5606,40.0023],[-98.0997,40.0022],[-97.5153,40.0019],[-97.0497,40.0013],[-96.6224,40.0012],[-96.1544,40.0005],[-95.7846,40.0005],[-95.3083,40.0],[-95.364,40.0315],[-95.4136,40.0384],[-95.4216,40.059],[-95.3987,40.1264],[-95.4763,40.182],[-95.4697,40.2279],[-95.5563,40.2708],[-95.5533,40.2912],[-95.6104,40.314],[-95.6615,40.4159],[-95.6582,40.4419],[-95.6931,40.4694],[-95.6972,40.5285],[-95.7571,40.526],[-95.7656,40.5852],[-95.7513,40.6091],[-95.7895,40.6594],[-95.8428,40.6775],[-95.8889,40.7319],[-95.8369,40.7765],[-95.8372,40.8353],[-95.8478,40.8643],[-95.8121,40.8842],[-95.8403,40.9399],[-95.8283,40.9724],[-95.8635,40.9973],[-95.8618,41.0394],[-95.8795,41.0533],[-95.8626,41.0884],[-95.8821,41.144],[-95.8648,41.1883],[-95.926,41.1957],[-95.9114,41.238],[-95.9287,41.2814],[-95.9257,41.3222],[-95.9568,41.3492],[-95.931,41.3647],[-95.9329,41.4638],[-96.0047,41.4723],[-95.9928,41.512],[-96.0284,41.5396],[-96.0537,41.5089],[-96.0897,41.5318],[-96.0812,41.5743],[-96.1094,41.5969],[-96.095,41.6474],[-96.1178,41.6942],[-96.0697,41.8035],[-96.1076,41.8207],[-96.1162,41.8549],[-96.1618,41.9018],[-96.1423,41.9154],[-96.1295,41.9717],[-96.1842,41.9767],[-96.2384,42.0411],[-96.2714,42.045],[-96.2791,42.074],[-96.2673,42.1103],[-96.3101,42.1325],[-96.3478,42.1668],[-96.3566,42.2152],[-96.3237,42.2299],[-96.3313,42.2594],[-96.3685,42.2918],[-96.37,42.3109],[-96.408,42.3374],[-96.4118,42.4109],[-96.3807,42.4464],[-96.3961,42.4841],[-96.4455,42.4906],[-96.5013,42.4827],[-96.5251,42.5102],[-96.5578,42.5204],[-96.6035,42.5045],[-96.626,42.5136],[-96.638,42.552],[-96.6857,42.5779],[-96.711,42.6081],[-96.6877,42.6531],[-96.728,42.6669],[-96.8022,42.6722],[-96.8062,42.7042],[-96.9068,42.7338],[-96.9489,42.7195],[-96.9822,42.7606],[-97.0718,42.7723],[-97.1313,42.7719],[-97.1508,42.7956],[-97.2101,42.8093],[-97.2188,42.8458],[-97.2899,42.8555],[-97.3067,42.8676],[-97.3596,42.8548],[-97.4171,42.8659],[-97.4423,42.8462],[-97.5048,42.8585],[-97.5619,42.8476],[-97.6038,42.8583],[-97.6865,42.8424],[-97.7745,42.8498],[-97.8453,42.8677],[-97.8753,42.8587],[-97.8886,42.8173],[-97.9501,42.7696],[-98.035,42.7642],[-98.129,42.8212],[-98.2198,42.8532],[-98.2583,42.8744],[-98.3259,42.8865],[-98.3424,42.9008],[-98.4674,42.9476],[-98.4986,42.9986],[-98.8999,42.9981],[-99.4714,42.998],[-99.9184,42.9981],[-100.6317,42.9981],[-101.0004,42.9975],[-101.6254,42.9962],[-101.85,42.9993],[-102.4873,42.9996],[-103.133,43.0008],[-103.6183,43.0007],[-104.0531,43.0006]]]}},{"type":"Feature","properties":{"state":"WA","name":"Washington"},"geometry":{"type":"MultiPolygon","coordinates":[[[[-122.526,47.3589],[-122.5189,47.3333],[-122.454,47.3433],[-122.4018,47.3813],[-122.4399,47.417],[-122.4334,47.4664],[-122.4827,47.4831],[-122.5133,47.4491],[-122.526,47.3589]]],[[[-122.6536,48.549],[-122.6404,48.5259],[-122.5789,48.5481],[-122.6524,48.5834],[-122.6536,48.549]]],[[[-122.7223,48.7316],[-122.6353,48.6518],[-122.6182,48.6707],[-122.6633,48.6971],[-122.6959,48.7373],[-122.7223,48.7316]]],[[[-122.7399,48.5839],[-122.7173,48.5397],[-122.6706,48.5688],[-122.7145,48.6088],[-122.7399,48.5839]]],[[[-122.7699,48.2275],[-122.7115,48.1936],[-122.6796,48.1551],[-122.6096,48.1519],[-122.5983,48.1106],[-122.614,48.0728],[-122.6073,48.031],[-122.5429,47.9964],[-122.5212,47.973],[-122.4727,47.9884],[-122.4408,47.9518],[-122.431,47.9147],[-122.3758,47.9103],[-122.3507,47.9532],[-122.3763,48.0345],[-122.4484,48.0543],[-122.4911,48.0942],[-122.5111,48.0753],[-122.5097,48.0398],[-122.5379,48.0161],[-122.5582,48.1196],[-122.6064,48.2083],[-122.6692,48.2406],[-122.6185,48.2942],[-122.531,48.2824],[-122.516,48.3204],[-122.5852,48.3533],[-122.585,48.3952],[-122.6647,48.4015],[-122.6737,48.3547],[-122.7226,48.3043],[-122.7699,48.2275]]],[[[-123.0704,48.7],[-123.0212,48.6814],[-123.0075,48.7189],[-123.0704,48.7]]],[[[-123.0905,49.002],[-123.0838,48.9761],[-123.0215,48.9773],[-123.0354,49.0022],[-123.0905,49.002]]],[[[-123.203,48.5962],[-123.1731,48.5791],[-123.1632,48.5295],[-123.1195,48.4926],[-123.0392,48.46],[-122.962,48.4512],[-122.9269,48.4609],[-122.8741,48.4182],[-122.8025,48.4331],[-122.8163,48.4878],[-122.7791,48.5089],[-122.7712,48.5624],[-122.8011,48.5854],[-122.8096,48.619],[-122.743,48.662],[-122.8759,48.7121],[-122.9183,48.7135],[-123.0099,48.6551],[-123.0487,48.621],[-123.0234,48.5995],[-123.0484,48.5692],[-123.1016,48.5978],[-123.1074,48.6225],[-123.1784,48.6221],[-123.203,48.5962]]],[[[-117.0324,48.9992],[-117.6073,49.0008],[-118.1974,49.0004],[-118.8366,49.0003],[-119.4287,49.0003],[-120.0012,48.9994],[-120.7166,49.0002],[-121.1262,49.0014],[-121.7513,48.9974],[-122.0984,49.0021],[-122.758,49.0024],[-122.8172,48.956],[-122.8182,48.9391],[-122.7466,48.9307],[-122.7857,48.8851],[-122.7227,48.8529],[-122.6987,48.8005],[-122.6474,48.774],[-122.5358,48.7761],[-122.4904,48.7511],[-122.5192,48.7131],[-122.5003,48.6562],[-122.4253,48.5995],[-122.4446,48.5701],[-122.4784,48.5593],[-122.4835,48.4924],[-122.5007,48.4609],[-122.5374,48.4667],[-122.5681,48.5082],[-122.6152,48.5214],[-122.7016,48.4976],[-122.6646,48.4781],[-122.6789,48.4395],[-122.6548,48.4111],[-122.5816,48.4292],[-122.5074,48.3647],[-122.4755,48.3599],[-122.4087,48.3264],[-122.3717,48.2878],[-122.4065,48.2518],[-122.531,48.2498],[-122.5372,48.1837],[-122.512,48.1339],[-122.49,48.1206],[-122.4424,48.1308],[-122.4785,48.1881],[-122.3961,48.2292],[-122.3725,48.193],[-122.3651,48.1258],[-122.2811,48.0498],[-122.2318,48.0299],[-122.2263,47.9764],[-122.249,47.9595],[-122.307,47.9491],[-122.3399,47.8467],[-122.392,47.8077],[-122.397,47.7797],[-122.3731,47.7292],[-122.4298,47.6589],[-122.3678,47.6242],[-122.3429,47.5912],[-122.4098,47.5689],[-122.3965,47.5152],[-122.3613,47.4814],[-122.368,47.4592],[-122.3257,47.3915],[-122.3248,47.3485],[-122.4235,47.3191],[-122.4092,47.2886],[-122.4442,47.2667],[-122.5276,47.2915],[-122.562,47.2441],[-122.5908,47.1781],[-122.6359,47.164],[-122.6781,47.1039],[-122.7214,47.1032],[-122.7751,47.1231],[-122.8383,47.2084],[-122.8637,47.2702],[-122.8223,47.3198],[-122.799,47.2893],[-122.8433,47.2575],[-122.7716,47.1671],[-122.712,47.1277],[-122.6734,47.1499],[-122.6777,47.1911],[-122.6418,47.205],[-122.7496,47.2764],[-122.7257,47.3305],[-122.6713,47.3438],[-122.6974,47.284],[-122.6686,47.2704],[-122.6142,47.2209],[-122.5905,47.2278],[-122.5475,47.2853],[-122.5737,47.3184],[-122.537,47.3759],[-122.5511,47.3945],[-122.5319,47.4288],[-122.5305,47.469],[-122.4949,47.5103],[-122.5466,47.5236],[-122.5431,47.5563],[-122.4939,47.589],[-122.4932,47.6351],[-122.5183,47.6513],[-122.5046,47.6991],[-122.5432,47.7109],[-122.5545,47.7457],[-122.4885,47.7436],[-122.4714,47.766],[-122.4955,47.7867],[-122.4825,47.8155],[-122.5061,47.8317],[-122.5276,47.9059],[-122.5962,47.9202],[-122.5731,47.8741],[-122.682,47.8009],[-122.7402,47.7362],[-122.7542,47.6716],[-122.8045,47.6534],[-122.8566,47.6496],[-122.9171,47.6207],[-122.9673,47.5857],[-123.0339,47.497],[-123.1202,47.3915],[-123.0569,47.3685],[-122.9012,47.4216],[-122.9114,47.3891],[-122.9839,47.3746],[-123.0303,47.3509],[-123.1113,47.3626],[-123.156,47.3557],[-123.1065,47.4582],[-122.9724,47.6149],[-122.8965,47.6748],[-122.8805,47.7206],[-122.8456,47.7775],[-122.7906,47.7926],[-122.8321,47.6955],[-122.7817,47.7039],[-122.7585,47.746],[-122.7481,47.8005],[-122.6886,47.8314],[-122.6938,47.868],[-122.6364,47.8662],[-122.6577,47.9312],[-122.7181,47.9877],[-122.7234,48.0081],[-122.6699,48.0172],[-122.6985,48.1031],[-122.7333,48.0912],[-122.7423,48.0493],[-122.7706,48.0534],[-122.8014,48.0876],[-122.7489,48.117],[-122.7604,48.1432],[-122.8332,48.1344],[-122.8763,48.1109],[-122.8776,48.047],[-122.928,48.0667],[-122.9179,48.0915],[-122.9794,48.0959],[-123.0387,48.0811],[-123.0662,48.1205],[-123.1644,48.1659],[-123.2486,48.1157],[-123.395,48.1142],[-123.5072,48.1318],[-123.5606,48.1507],[-123.5908,48.1349],[-123.7027,48.1668],[-123.7781,48.1555],[-123.981,48.1648],[-124.0507,48.1777],[-124.1072,48.2001],[-124.1018,48.2169],[-124.2386,48.2625],[-124.3809,48.2847],[-124.5648,48.3679],[-124.6238,48.3691],[-124.6532,48.3907],[-124.7169,48.3898],[-124.6967,48.3497],[-124.6589,48.3311],[-124.7042,48.1844],[-124.7317,48.17],[-124.6871,48.0987],[-124.6724,47.9644],[-124.6454,47.9353],[-124.6255,47.888],[-124.5624,47.8662],[-124.5399,47.837],[-124.4897,47.817],[-124.4766,47.7697],[-124.4305,47.7462],[-124.3822,47.6323],[-124.356,47.5457],[-124.3367,47.416],[-124.3194,47.3556],[-124.2712,47.305],[-124.2363,47.2873],[-124.209,47.2182],[-124.1767,47.093],[-124.1691,46.9945],[-124.1801,46.9264],[-124.1244,46.9439],[-124.1513,47.0211],[-124.1221,47.0416],[-124.0263,47.0302],[-123.9916,46.9802],[-123.8982,46.9719],[-123.8602,46.9486],[-123.9575,46.9213],[-123.9851,46.9219],[-124.0893,46.8677],[-124.0904,46.8955],[-124.1382,46.9055],[-124.1081,46.8364],[-124.0965,46.7462],[-124.0224,46.709],[-123.9797,46.7247],[-123.8767,46.7307],[-123.8335,46.7183],[-123.9233,46.6727],[-123.9219,46.6503],[-123.9606,46.6364],[-123.9556,46.6036],[-123.9289,46.5889],[-123.8943,46.537],[-123.9437,46.4772],[-123.9884,46.445],[-123.9499,46.4103],[-123.9537,46.3788],[-124.0153,46.3787],[-124.0317,46.4964],[-124.0236,46.5826],[-124.0696,46.6307],[-124.057,46.4933],[-124.0646,46.3269],[-124.0817,46.2747],[-124.044,46.2759],[-124.0206,46.3157],[-123.9852,46.309],[-123.9093,46.2455],[-123.8755,46.2398],[-123.8061,46.2836],[-123.7596,46.2751],[-123.7243,46.3012],[-123.6806,46.296],[-123.6695,46.2668],[-123.5477,46.2591],[-123.4796,46.2691],[-123.4276,46.2293],[-123.4308,46.1818],[-123.3714,46.1464],[-123.2802,46.1448],[-123.1664,46.189],[-123.1159,46.1853],[-123.0042,46.1338],[-122.9627,46.1048],[-122.9041,46.0837],[-122.8781,46.0313],[-122.814,45.961],[-122.8115,45.9127],[-122.785,45.8677],[-122.7956,45.81],[-122.7695,45.7806],[-122.7601,45.7344],[-122.7745,45.6804],[-122.7638,45.6571],[-122.675,45.618],[-122.6026,45.6076],[-122.4747,45.5783],[-122.4387,45.5636],[-122.3803,45.5759],[-122.3315,45.5482],[-122.249,45.5477],[-122.1837,45.5777],[-122.1017,45.5835],[-122.0444,45.6095],[-122.0037,45.6159],[-121.9083,45.6544],[-121.8672,45.6933],[-121.8113,45.7068],[-121.7351,45.694],[-121.6312,45.7047],[-121.5331,45.7265],[-121.4628,45.7014],[-121.4017,45.6929],[-121.3378,45.7049],[-121.2158,45.6712],[-121.1838,45.6064],[-121.132,45.6098],[-121.0849,45.6479],[-120.944,45.6564],[-120.8956,45.6429],[-120.8557,45.6715],[-120.6894,45.7158],[-120.635,45.7458],[-120.5595,45.7383],[-120.5059,45.7],[-120.404,45.6992],[-120.2822,45.7213],[-120.2108,45.726],[-120.1705,45.762],[-120.0702,45.7852],[-119.9657,45.8244],[-119.9075,45.8281],[-119.8027,45.8475],[-119.6699,45.8569],[-119.6234,45.9056],[-119.5716,45.9255],[-119.5246,45.9086],[-119.3644,45.9216],[-119.2572,45.9399],[-119.1955,45.9279],[-119.1261,45.9329],[-119.0086,45.9793],[-118.9871,45.9999],[-118.497,46.0006],[-118.1262,46.0003],[-117.4751,45.9979],[-117.3377,45.9987],[-116.916,45.9954],[-116.9595,46.0991],[-116.924,46.1709],[-116.963,46.1997],[-116.956,46.226],[-116.9846,46.2927],[-117.056,46.3455],[-117.0398,46.4254],[-117.0394,46.7002],[-117.0398,47.1273],[-117.0399,47.4778],[-117.0425,47.839],[-117.0411,48.1249],[-117.0352,48.3709],[-117.0354,48.4999],[-117.0324,48.9992]]]]}},{"type":"Feature","properties":{"state":"NM","name":"New Mexico"},"geometry":{"type":"Polygon","coordinates":[[[-109.0452,36.9991],[-109.0454,36.5274],[-109.0457,36.117],[-109.0463,35.6165],[-109.046,35.1755],[-109.0461,34.771],[-109.0462,34.5224],[-109.047,34.0001],[-109.0467,33.6251],[-109.0475,33.0684],[-109.0471,32.7778],[-109.0476,32.4264],[-109.0483,32.0891],[-109.0491,31.6366],[-109.05,31.3325],[-108.7887,31.3324],[-108.2086,31.3334],[-108.2084,31.7836],[-107.8484,31.7836],[-107.4225,31.7836],[-107.033,31.7835],[-106.5282,31.7831],[-106.5471,31.8073],[-106.5772,31.8104],[-106.6359,31.8662],[-106.6453,31.8949],[-106.6144,31.9528],[-106.6395,31.9803],[-106.6185,32.0005],[-106.1255,32.0025],[-105.7314,32.0016],[-105.4293,32.0006],[-104.9184,32.0005],[-104.5318,32.0001],[-104.0245,32.0],[-103.7229,32.0002],[-103.0644,32.0005],[-103.0647,32.5222],[-103.0646,32.9999],[-103.0526,33.5706],[-103.044,33.9746],[-103.044,34.3128],[-103.0428,34.8502],[-103.0424,35.2501],[-103.0416,35.6225],[-103.0408,36.0552],[-103.0419,36.5004],[-103.0024,36.5004],[-103.0022,37.0001],[-103.7332,36.998],[-104.3388,36.9935],[-105.0006,36.9933],[-105.1208,36.9954],[-105.6275,36.9957],[-106.2015,36.9941],[-106.8698,36.9924],[-106.8773,37.0001],[-107.4817,37.0],[-108.0006,37.0],[-108.2494,36.999],[-108.6203,36.9993],[-109.0452,36.9991]]]}},{"type":"Feature","properties":{"state":"SD","name":"South Dakota"},"geometry":{"type":"Polygon","coordinates":[[[-104.0577,44.9974],[-104.0558,44.6913],[-104.0545,44.1804],[-104.0555,43.8535],[-104.0539,43.2898],[-104.0531,43.0006],[-103.6183,43.0007],[-103.133,43.0008],[-102.4873,42.9996],[-101.85,42.9993],[-101.6254,42.9962],[-101.0004,42.9975],[-100.6317,42.9981],[-99.9184,42.9981],[-99.4714,42.998],[-98.8999,42.9981],[-98.4986,42.9986],[-98.4674,42.9476],[-98.3424,42.9008],[-98.3259,42.8865],[-98.2583,42.8744],[-98.2198,42.8532],[-98.129,42.8212],[-98.035,42.7642],[-97.9501,42.7696],[-97.8886,42.8173],[-97.8753,42.8587],[-97.8453,42.8677],[-97.7745,42.8498],[-97.6865,42.8424],[-97.6038,42.8583],[-97.5619,42.8476],[-97.5048,42.8585],[-97.4423,42.8462],[-97.4171,42.8659],[-97.3596,42.8548],[-97.3067,42.8676],[-97.2899,42.8555],[-97.2188,42.8458],[-97.2101,42.8093],[-97.1508,42.7956],[-97.1313,42.7719],[-97.0718,42.7723],[-96.9822,42.7606],[-96.9489,42.7195],[-96.9068,42.7338],[-96.8062,42.7042],[-96.8022,42.6722],[-96.728,42.6669],[-96.6877,42.6531],[-96.711,42.6081],[-96.6857,42.5779],[-96.638,42.552],[-96.626,42.5136],[-96.6035,42.5045],[-96.5578,42.5204],[-96.5251,42.5102],[-96.5013,42.4827],[-96.4455,42.4906],[-96.4733,42.5035],[-96.477,42.5561],[-96.5379,42.6554],[-96.5753,42.6827],[-96.6306,42.7059],[-96.6397,42.7371],[-96.5779,42.8276],[-96.5443,42.8513],[-96.5411,42.9245],[-96.5003,42.9594],[-96.5202,42.9776],[-96.4917,43.0097],[-96.511,43.0247],[-96.4552,43.0751],[-96.4393,43.1139],[-96.4665,43.1503],[-96.4649,43.182],[-96.4853,43.2242],[-96.5549,43.2268],[-96.553,43.2473],[-96.5803,43.2982],[-96.5256,43.3125],[-96.524,43.3948],[-96.5943,43.4342],[-96.581,43.4814],[-96.5989,43.5005],[-96.4533,43.5004],[-96.4533,43.7914],[-96.4528,44.1968],[-96.4515,44.7031],[-96.4523,44.9627],[-96.4531,45.2981],[-96.4891,45.3571],[-96.6177,45.4081],[-96.6805,45.4105],[-96.7314,45.457],[-96.7653,45.5214],[-96.8578,45.606],[-96.8407,45.6453],[-96.7504,45.6988],[-96.6522,45.7468],[-96.6253,45.7879],[-96.5797,45.8258],[-96.5637,45.9352],[-97.145,45.9353],[-97.7846,45.9353],[-98.4145,45.9365],[-98.9044,45.9395],[-99.2577,45.9401],[-99.7504,45.9409],[-100.1708,45.9425],[-100.9356,45.9438],[-101.4199,45.9438],[-102.177,45.9446],[-102.9205,45.945],[-103.6685,45.9452],[-104.0454,45.9453],[-104.0426,45.75],[-104.0401,45.3742],[-104.0397,45.0006],[-104.0577,44.9974]]]}},{"type":"Feature","properties":{"state":"TX","name":"Texas"},"geometry":{"type":"Polygon","coordinates":[[[-103.0024,36.5004],[-103.0419,36.5004],[-103.0408,36.0552],[-103.0416,35.6225],[-103.0424,35.2501],[-103.0428,34.8502],[-103.044,34.3128],[-103.044,33.9746],[-103.0526,33.5706],[-103.0646,32.9999],[-103.0647,32.5222],[-103.0644,32.0005],[-103.7229,32.0002],[-104.0245,32.0],[-104.5318,32.0001],[-104.9184,32.0005],[-105.4293,32.0006],[-105.7314,32.0016],[-106.1255,32.0025],[-106.6185,32.0005],[-106.6395,31.9803],[-106.6144,31.9528],[-106.6453,31.8949],[-106.6359,31.8662],[-106.5772,31.8104],[-106.5471,31.8073],[-106.5282,31.7831],[-106.4895,31.7484],[-106.4515,31.7648],[-106.381,31.7321],[-106.3495,31.6967],[-106.3035,31.6204],[-106.2808,31.5621],[-106.2462,31.5412],[-106.2058,31.466],[-106.1757,31.4563],[-106.0803,31.3987],[-106.0049,31.3925],[-105.9539,31.3647],[-105.9326,31.3131],[-105.8694,31.2886],[-105.7944,31.2022],[-105.7733,31.1669],[-105.7427,31.1649],[-105.7095,31.1364],[-105.6488,31.1159],[-105.6033,31.0826],[-105.5791,31.0216],[-105.5574,30.9902],[-105.5331,30.9849],[-105.488,30.9433],[-105.3996,30.8889],[-105.3967,30.8554],[-105.3201,30.8275],[-105.2872,30.8222],[-105.2614,30.7981],[-105.1951,30.7921],[-105.1524,30.7515],[-105.1107,30.7434],[-105.0983,30.7189],[-105.0201,30.6836],[-104.9863,30.6611],[-104.9721,30.6103],[-104.9248,30.6048],[-104.899,30.5704],[-104.8768,30.511],[-104.8699,30.4586],[-104.8524,30.4188],[-104.8595,30.3904],[-104.8148,30.3605],[-104.8098,30.3349],[-104.7616,30.3011],[-104.6873,30.1795],[-104.6954,30.1321],[-104.685,30.0856],[-104.7069,30.0507],[-104.6797,29.9753],[-104.6798,29.9247],[-104.6333,29.8705],[-104.6102,29.8191],[-104.5657,29.7705],[-104.5398,29.6761],[-104.5076,29.6396],[-104.4665,29.6093],[-104.3996,29.5723],[-104.3946,29.5561],[-104.3381,29.52],[-104.3181,29.5279],[-104.2642,29.514],[-104.2132,29.473],[-104.2139,29.4562],[-104.1801,29.4128],[-104.1437,29.3833],[-104.0984,29.3668],[-104.0383,29.3202],[-103.9752,29.296],[-103.9171,29.2842],[-103.8383,29.2783],[-103.7787,29.254],[-103.7247,29.1915],[-103.6456,29.1593],[-103.6105,29.1658],[-103.5924,29.1503],[-103.5578,29.1554],[-103.525,29.1374],[-103.4278,29.0423],[-103.362,29.0189],[-103.3358,29.0197],[-103.2492,28.981],[-103.2278,28.9915],[-103.1662,28.9788],[-103.1153,28.9853],[-103.1003,29.0577],[-103.0744,29.0885],[-103.0404,29.0994],[-103.015,29.1258],[-102.9981,29.1727],[-102.9535,29.1763],[-102.9326,29.1941],[-102.8668,29.225],[-102.9063,29.26],[-102.8883,29.2919],[-102.8795,29.3533],[-102.843,29.358],[-102.8246,29.3996],[-102.831,29.4443],[-102.8073,29.494],[-102.8087,29.5223],[-102.7714,29.5485],[-102.7683,29.5947],[-102.74,29.599],[-102.7369,29.6415],[-102.6935,29.6765],[-102.6983,29.6956],[-102.6772,29.7383],[-102.6225,29.7366],[-102.5618,29.7661],[-102.5394,29.7516],[-102.4903,29.7839],[-102.3867,29.7669],[-102.3625,29.8332],[-102.341,29.8693],[-102.3014,29.8777],[-102.2812,29.8631],[-102.2054,29.8424],[-102.1819,29.846],[-102.1596,29.8144],[-102.1157,29.7924],[-102.05,29.7851],[-102.0348,29.804],[-101.9745,29.8103],[-101.9297,29.7893],[-101.8526,29.8019],[-101.8312,29.7893],[-101.7772,29.7893],[-101.7142,29.7677],[-101.5756,29.7744],[-101.5468,29.797],[-101.5328,29.7643],[-101.4753,29.7807],[-101.4411,29.7535],[-101.397,29.734],[-101.3672,29.664],[-101.3167,29.6555],[-101.3143,29.5956],[-101.2523,29.6256],[-101.2444,29.5692],[-101.2612,29.5368],[-101.1738,29.5146],[-101.1519,29.477],[-101.0602,29.4587],[-101.0106,29.3687],[-100.949,29.3472],[-100.9406,29.3331],[-100.8868,29.3078],[-100.8789,29.2822],[-100.7977,29.2469],[-100.7671,29.1953],[-100.7759,29.1733],[-100.7275,29.1291],[-100.6747,29.0998],[-100.6459,28.9864],[-100.6515,28.9434],[-100.6316,28.9028],[-100.6021,28.9019],[-100.5705,28.8263],[-100.5473,28.8258],[-100.533,28.7633],[-100.5076,28.7406],[-100.512,28.7054],[-100.5004,28.662],[-100.4629,28.6414],[-100.4473,28.6093],[-100.3984,28.5849],[-100.4114,28.5519],[-100.3889,28.5157],[-100.3385,28.5018],[-100.3683,28.4772],[-100.3362,28.4302],[-100.3496,28.4026],[-100.2886,28.317],[-100.2943,28.2844],[-100.2462,28.2341],[-100.2203,28.2322],[-100.2081,28.1904],[-100.0834,28.144],[-100.0531,28.0847],[-100.0179,28.0648],[-99.9914,27.9946],[-99.9318,27.981],[-99.9371,27.9405],[-99.8935,27.8992],[-99.9015,27.8642],[-99.876,27.838],[-99.8777,27.7994],[-99.8509,27.794],[-99.8417,27.7665],[-99.8131,27.774],[-99.8017,27.7418],[-99.7707,27.7321],[-99.7046,27.655],[-99.6689,27.66],[-99.6389,27.6268],[-99.6035,27.642],[-99.5397,27.6033],[-99.5111,27.5645],[-99.5283,27.4989],[-99.4802,27.4858],[-99.4951,27.4515],[-99.4875,27.4124],[-99.5048,27.3383],[-99.4966,27.2717],[-99.4633,27.2684],[-99.4415,27.2499],[-99.4452,27.2233],[-99.4263,27.1763],[-99.44,27.1511],[-99.4292,27.091],[-99.4523,27.0627],[-99.4465,27.023],[-99.3773,26.9738],[-99.3791,26.9345],[-99.3373,26.9228],[-99.3289,26.8798],[-99.2686,26.8432],[-99.2424,26.7883],[-99.24,26.7459],[-99.2089,26.7248],[-99.2005,26.6564],[-99.1781,26.6205],[-99.1667,26.5361],[-99.1278,26.5252],[-99.0916,26.477],[-99.1109,26.4263],[-99.082,26.3965],[-99.0391,26.4129],[-99.008,26.3955],[-98.9676,26.3983],[-98.9213,26.3814],[-98.891,26.3576],[-98.8246,26.3707],[-98.7982,26.3602],[-98.7898,26.3316],[-98.7552,26.3251],[-98.7453,26.3031],[-98.7112,26.2897],[-98.6694,26.2363],[-98.6267,26.2522],[-98.5852,26.2544],[-98.4967,26.2129],[-98.4651,26.2223],[-98.4425,26.1992],[-98.4044,26.1826],[-98.3867,26.1579],[-98.3546,26.153],[-98.3238,26.1212],[-98.2657,26.1204],[-98.2772,26.0988],[-98.2488,26.0731],[-98.1779,26.0747],[-98.1517,26.0582],[-98.1055,26.0675],[-98.0392,26.0413],[-98.0288,26.0665],[-97.9813,26.0672],[-97.9674,26.0517],[-97.8865,26.0663],[-97.8605,26.0529],[-97.8013,26.06],[-97.7588,26.0321],[-97.7111,26.033],[-97.6492,26.0215],[-97.5826,25.9379],[-97.5464,25.9341],[-97.5218,25.8865],[-97.4492,25.8717],[-97.4226,25.8404],[-97.3729,25.8401],[-97.3601,25.8689],[-97.3676,25.9157],[-97.3249,25.924],[-97.2767,25.9521],[-97.2292,25.9588],[-97.1463,25.9556],[-97.152,26.0621],[-97.1957,26.0466],[-97.1997,26.077],[-97.2709,26.0865],[-97.2906,26.1048],[-97.2988,26.2012],[-97.3106,26.2306],[-97.2799,26.2709],[-97.297,26.2961],[-97.3806,26.4806],[-97.4068,26.4995],[-97.417,26.5536],[-97.4457,26.6094],[-97.4449,26.6335],[-97.4673,26.7101],[-97.4786,26.8067],[-97.4665,26.8097],[-97.4441,26.9872],[-97.431,27.1609],[-97.4416,27.1638],[-97.4223,27.2577],[-97.4503,27.2625],[-97.5429,27.2292],[-97.6289,27.243],[-97.6365,27.2821],[-97.6091,27.2852],[-97.5383,27.3356],[-97.5144,27.3615],[-97.4839,27.3386],[-97.5175,27.305],[-97.4829,27.2979],[-97.405,27.33],[-97.3699,27.4124],[-97.3658,27.4506],[-97.3215,27.5712],[-97.2941,27.5941],[-97.2966,27.6139],[-97.254,27.6967],[-97.3164,27.7127],[-97.3684,27.7417],[-97.3933,27.7829],[-97.3918,27.8139],[-97.4721,27.8242],[-97.5151,27.8512],[-97.4932,27.8841],[-97.4543,27.8738],[-97.378,27.8749],[-97.341,27.8833],[-97.3251,27.8679],[-97.2737,27.8816],[-97.2508,27.876],[-97.2252,27.8257],[-97.1872,27.8241],[-97.0488,28.0221],[-97.0259,28.0419],[-97.0518,28.1061],[-97.1374,28.057],[-97.1764,28.0599],[-97.214,28.0875],[-97.1536,28.1332],[-97.037,28.1855],[-97.027,28.1484],[-96.9628,28.1234],[-96.9348,28.1239],[-96.8727,28.1763],[-96.8004,28.2241],[-96.7872,28.2557],[-96.8096,28.2903],[-96.7918,28.3122],[-96.7948,28.3646],[-96.776,28.4058],[-96.7103,28.4068],[-96.7052,28.3488],[-96.6844,28.3145],[-96.6206,28.3191],[-96.5814,28.3533],[-96.5115,28.3833],[-96.453,28.4187],[-96.4337,28.3637],[-96.4406,28.343],[-96.5252,28.323],[-96.5538,28.3027],[-96.599,28.2933],[-96.655,28.2464],[-96.7347,28.1908],[-96.7906,28.1889],[-96.8213,28.1684],[-96.8193,28.1433],[-96.8543,28.1201],[-96.9199,28.0935],[-96.9337,28.056],[-97.0172,27.9457],[-97.0825,27.9132],[-97.1299,27.8395],[-97.1209,27.7987],[-97.1512,27.7686],[-97.187,27.6943],[-97.2352,27.6345],[-97.3043,27.5073],[-97.3615,27.352],[-97.3772,27.28],[-97.3998,27.1151],[-97.3974,27.0103],[-97.401,26.8917],[-97.3891,26.8005],[-97.357,26.7254],[-97.3368,26.6508],[-97.3059,26.5796],[-97.3679,26.5564],[-97.2843,26.5426],[-97.2251,26.3445],[-97.2014,26.2497],[-97.1831,26.1233],[-97.1588,26.0827],[-97.1969,26.3059],[-97.2538,26.5032],[-97.2962,26.6178],[-97.3482,26.7959],[-97.3669,26.8856],[-97.3769,26.9715],[-97.3787,27.06],[-97.3717,27.153],[-97.3585,27.2348],[-97.3361,27.3178],[-97.2961,27.4272],[-97.2127,27.5964],[-97.1409,27.7167],[-97.0907,27.7859],[-97.0448,27.8345],[-97.0033,27.9083],[-96.8865,28.0307],[-96.7922,28.1105],[-96.7196,28.1646],[-96.632,28.2228],[-96.4428,28.3177],[-96.4005,28.3571],[-96.3904,28.3818],[-96.3416,28.4173],[-96.2204,28.492],[-96.0779,28.5566],[-95.884,28.6331],[-95.8125,28.6649],[-95.6841,28.734],[-95.4396,28.859],[-95.3824,28.8663],[-95.3535,28.8981],[-95.2971,28.9341],[-95.2723,28.9615],[-95.1251,29.0673],[-95.1105,29.0882],[-95.0262,29.1481],[-94.8037,29.2792],[-94.7311,29.3318],[-94.8223,29.3443],[-94.825,29.306],[-94.8792,29.2858],[-94.9915,29.2011],[-95.0039,29.1845],[-95.0986,29.1288],[-95.1448,29.0908],[-95.1653,29.1136],[-95.1585,29.1891],[-95.1128,29.1957],[-95.0991,29.1735],[-95.0225,29.2297],[-94.9525,29.2901],[-94.9216,29.2816],[-94.894,29.3082],[-94.8865,29.3664],[-94.8908,29.4334],[-94.9309,29.4505],[-94.9095,29.4968],[-94.9819,29.5111],[-95.0183,29.5549],[-94.9827,29.6013],[-95.0135,29.6292],[-95.0054,29.6594],[-94.9427,29.6978],[-94.9213,29.6582],[-94.8726,29.6712],[-94.8511,29.7214],[-94.8161,29.7567],[-94.7565,29.7814],[-94.7362,29.7618],[-94.696,29.7576],[-94.6932,29.6945],[-94.7087,29.6252],[-94.7346,29.584],[-94.7809,29.5311],[-94.7407,29.5259],[-94.5464,29.572],[-94.495,29.525],[-94.5323,29.5178],[-94.5667,29.532],[-94.5942,29.4921],[-94.6282,29.476],[-94.6724,29.4768],[-94.7064,29.4368],[-94.7668,29.3935],[-94.7787,29.3615],[-94.731,29.3691],[-94.7085,29.403],[-94.6704,29.4308],[-94.5949,29.4679],[-94.1337,29.6473],[-94.0565,29.6712],[-94.0014,29.6815],[-93.8377,29.679],[-93.838,29.6906],[-93.8985,29.7716],[-93.9288,29.7971],[-93.9227,29.8188],[-93.8551,29.8641],[-93.8166,29.9207],[-93.7869,29.9906],[-93.7411,30.0216],[-93.7208,30.053],[-93.7325,30.0889],[-93.7024,30.1127],[-93.6977,30.1529],[-93.7209,30.2099],[-93.7051,30.2428],[-93.7143,30.2943],[-93.7658,30.3333],[-93.7586,30.3871],[-93.6978,30.4438],[-93.7292,30.5448],[-93.7278,30.5741],[-93.6798,30.5998],[-93.6831,30.6408],[-93.6211,30.6952],[-93.5894,30.7867],[-93.5541,30.8249],[-93.5678,30.8883],[-93.5262,30.9394],[-93.568,30.978],[-93.566,31.0046],[-93.5169,31.0237],[-93.5466,31.083],[-93.5489,31.1866],[-93.6003,31.1762],[-93.6203,31.271],[-93.6425,31.2695],[-93.6879,31.3098],[-93.6637,31.36],[-93.6741,31.3977],[-93.7047,31.4189],[-93.7009,31.4378],[-93.7495,31.4687],[-93.7259,31.5041],[-93.7434,31.5252],[-93.7808,31.5254],[-93.8186,31.5548],[-93.8381,31.6068],[-93.8168,31.6225],[-93.8265,31.6669],[-93.8045,31.6857],[-93.8306,31.7458],[-93.8226,31.7736],[-93.8709,31.8168],[-93.8748,31.8406],[-93.9096,31.8931],[-93.9775,31.9264],[-94.0187,31.9908],[-94.0427,31.9993],[-94.0427,32.2697],[-94.0431,32.693],[-94.043,33.0192],[-94.0435,33.5523],[-94.0727,33.5722],[-94.1032,33.5704],[-94.1834,33.5922],[-94.2264,33.5529],[-94.2709,33.5648],[-94.3096,33.5517],[-94.3527,33.5606],[-94.3926,33.5511],[-94.4523,33.6188],[-94.4859,33.6379],[-94.5207,33.6166],[-94.5521,33.6535],[-94.6523,33.691],[-94.7079,33.6869],[-94.7372,33.7047],[-94.7751,33.755],[-94.8308,33.7401],[-94.9196,33.7863],[-94.9644,33.837],[-95.049,33.8641],[-95.0611,33.8953],[-95.0904,33.8933],[-95.1311,33.9369],[-95.2305,33.9608],[-95.2529,33.9336],[-95.2531,33.9054],[-95.2948,33.8754],[-95.4078,33.8663],[-95.5333,33.8812],[-95.5634,33.9322],[-95.5997,33.9342],[-95.637,33.9066],[-95.67,33.9058],[-95.7135,33.8851],[-95.7564,33.8926],[-95.7535,33.8565],[-95.8008,33.8612],[-95.8282,33.8361],[-95.9352,33.8871],[-95.9413,33.8616],[-96.0488,33.8365],[-96.1001,33.848],[-96.1481,33.8378],[-96.1695,33.7701],[-96.229,33.748],[-96.2773,33.7697],[-96.3017,33.7538],[-96.31,33.7105],[-96.3427,33.687],[-96.4035,33.7463],[-96.4226,33.776],[-96.5003,33.7726],[-96.5267,33.8209],[-96.5729,33.8191],[-96.6232,33.8415],[-96.5973,33.8751],[-96.6734,33.9123],[-96.6907,33.85],[-96.7124,33.8316],[-96.7616,33.8244],[-96.7943,33.8689],[-96.8322,33.8748],[-96.8664,33.8531],[-96.8957,33.8964],[-96.8994,33.9337],[-96.9221,33.9596],[-96.995,33.932],[-96.9856,33.8865],[-97.0239,33.8442],[-97.0578,33.8345],[-97.0948,33.7985],[-97.0852,33.7655],[-97.0972,33.7278],[-97.1261,33.7169],[-97.1722,33.7375],[-97.2054,33.8015],[-97.1975,33.8298],[-97.1666,33.8473],[-97.1796,33.8923],[-97.2109,33.9161],[-97.2462,33.9003],[-97.2715,33.8626],[-97.2992,33.8802],[-97.3365,33.8728],[-97.3729,33.8195],[-97.4265,33.8194],[-97.4629,33.8418],[-97.4515,33.8709],[-97.4604,33.9039],[-97.501,33.9196],[-97.5515,33.8979],[-97.597,33.9202],[-97.5888,33.9519],[-97.6338,33.9813],[-97.6718,33.9914],[-97.6979,33.9773],[-97.7323,33.9367],[-97.8343,33.8577],[-97.8658,33.8494],[-97.9367,33.8792],[-97.9678,33.8824],[-97.9604,33.9519],[-97.946,33.9884],[-97.9717,34.0054],[-98.0195,33.9938],[-98.0828,34.0024],[-98.1194,34.0845],[-98.0902,34.1302],[-98.1095,34.1541],[-98.1691,34.1142],[-98.241,34.1331],[-98.3002,34.1346],[-98.364,34.1571],[-98.3984,34.1285],[-98.4178,34.083],[-98.4863,34.0626],[-98.5042,34.0724],[-98.5771,34.149],[-98.6481,34.1644],[-98.6901,34.1332],[-98.7656,34.1364],[-98.8068,34.1559],[-98.9093,34.1775],[-98.9504,34.2117],[-99.0008,34.2176],[-99.0435,34.1982],[-99.0795,34.2115],[-99.1192,34.2017],[-99.1895,34.2143],[-99.2076,34.2835],[-99.2131,34.3404],[-99.2749,34.3849],[-99.2613,34.4035],[-99.3287,34.4224],[-99.381,34.4569],[-99.395,34.4421],[-99.3973,34.3779],[-99.4408,34.3741],[-99.4999,34.4096],[-99.5801,34.4167],[-99.6,34.3747],[-99.6965,34.381],[-99.7542,34.4213],[-99.8531,34.5116],[-99.8871,34.549],[-99.9457,34.5793],[-100.0004,34.5605],[-100.0004,35.0304],[-100.0004,35.6191],[-100.0004,36.0557],[-100.0004,36.4997],[-100.5222,36.4993],[-101.0852,36.4992],[-101.6239,36.4995],[-102.2505,36.5004],[-103.0024,36.5004]]]}},{"type":"Feature","properties":{"state":"CA","name":"California"},"geometry":{"type":"MultiPolygon","coordinates":[[[[-118.6034,33.4781],[-118.5587,33.4334],[-118.4888,33.4198],[-118.4785,33.3863],[-118.4888,33.3566],[-118.4654,33.3261],[-118.3748,33.3201],[-118.3252,33.2991],[-118.3102,33.3358],[-118.3651,33.3884],[-118.3683,33.4071],[-118.4458,33.4289],[-118.5445,33.4741],[-118.6034,33.4781]]],[[[-118.6055,33.031],[-118.5358,32.9063],[-118.4963,32.8516],[-118.4256,32.8006],[-118.37,32.8393],[-118.4968,32.9338],[-118.5401,32.9809],[-118.5752,33.034],[-118.6055,33.031]]],[[[-119.06,33.4916],[-119.066,33.4679],[-119.0256,33.4619],[-119.0303,33.4976],[-119.06,33.4916]]],[[[-119.5789,33.2786],[-119.5459,33.2334],[-119.476,33.2155],[-119.4296,33.2282],[-119.4585,33.2547],[-119.5281,33.2849],[-119.5789,33.2786]]],[[[-119.9192,34.0773],[-119.9162,34.0584],[-119.8763,34.0321],[-119.8734,33.9804],[-119.8427,33.9703],[-119.7212,33.9596],[-119.6628,33.9859],[-119.5902,33.9897],[-119.5471,34.0055],[-119.5296,34.0412],[-119.5932,34.0496],[-119.6193,34.0165],[-119.6865,34.0198],[-119.7046,34.0377],[-119.7555,34.0567],[-119.8078,34.0521],[-119.8573,34.0713],[-119.9192,34.0773]]],[[[-120.2474,34.0019],[-120.2245,33.9891],[-120.169,33.9191],[-120.1218,33.8957],[-120.0497,33.9146],[-120.0177,33.9364],[-119.9737,33.9425],[-119.9789,33.9831],[-120.0038,33.9795],[-120.0736,34.0245],[-120.1359,34.0261],[-120.1673,34.0082],[-120.2474,34.0019]]],[[[-120.4491,34.0373],[-120.3579,34.015],[-120.3021,34.0236],[-120.3623,34.0731],[-120.3909,34.052],[-120.4491,34.0373]]],[[[-124.2116,41.9985],[-124.2034,41.941],[-124.2196,41.8464],[-124.256,41.783],[-124.1435,41.7093],[-124.1356,41.6573],[-124.101,41.6025],[-124.1011,41.5692],[-124.082,41.5478],[-124.0814,41.5112],[-124.0631,41.4396],[-124.0723,41.3748],[-124.107,41.2297],[-124.1438,41.1447],[-124.1585,41.143],[-124.1536,41.0536],[-124.1122,41.0282],[-124.1371,40.9257],[-124.1583,40.8761],[-124.2484,40.7352],[-124.3294,40.6164],[-124.387,40.505],[-124.4096,40.4381],[-124.3736,40.3929],[-124.3479,40.3146],[-124.3634,40.261],[-124.2584,40.1843],[-124.2149,40.1609],[-124.1879,40.1305],[-124.1105,40.1038],[-124.0807,40.0661],[-124.08,40.0298],[-124.0359,40.0133],[-123.98,39.9625],[-123.955,39.9224],[-123.93,39.9097],[-123.9077,39.863],[-123.8517,39.832],[-123.8295,39.7231],[-123.7927,39.6841],[-123.7874,39.6046],[-123.7665,39.5528],[-123.8147,39.4465],[-123.8263,39.3687],[-123.8088,39.3244],[-123.8038,39.2788],[-123.7879,39.2643],[-123.775,39.2121],[-123.7422,39.1649],[-123.694,39.0574],[-123.6969,39.0044],[-123.7291,38.9567],[-123.7254,38.9174],[-123.6598,38.8725],[-123.6474,38.8455],[-123.5418,38.7768],[-123.5148,38.742],[-123.4418,38.6997],[-123.3319,38.5655],[-123.2498,38.511],[-123.2023,38.4943],[-123.1288,38.4504],[-123.0683,38.3599],[-123.0747,38.3226],[-123.0041,38.297],[-122.9686,38.2429],[-122.9681,38.2024],[-122.9491,38.1541],[-122.9609,38.113],[-123.0115,38.0034],[-122.9397,38.0319],[-122.8821,38.0253],[-122.8214,37.9967],[-122.7832,37.9513],[-122.7369,37.9258],[-122.7026,37.8938],[-122.6565,37.9045],[-122.5615,37.8518],[-122.5292,37.819],[-122.4765,37.8325],[-122.4831,37.864],[-122.4383,37.881],[-122.4723,37.9026],[-122.4903,37.9648],[-122.4628,38.0034],[-122.4978,38.0194],[-122.4838,38.0718],[-122.4913,38.1081],[-122.4396,38.1169],[-122.3936,38.1434],[-122.3018,38.1051],[-122.2629,38.0446],[-122.3008,38.0109],[-122.3689,38.0079],[-122.4137,37.9373],[-122.3892,37.9101],[-122.3237,37.9058],[-122.31,37.8928],[-122.3039,37.8301],[-122.3337,37.8098],[-122.3308,37.7838],[-122.2641,37.7647],[-122.2468,37.7219],[-122.163,37.6679],[-122.147,37.5884],[-122.112,37.5289],[-122.1113,37.5076],[-122.0685,37.4912],[-122.0448,37.4572],[-122.0899,37.4544],[-122.1166,37.4712],[-122.1401,37.5079],[-122.1684,37.5041],[-122.2627,37.5729],[-122.3059,37.5755],[-122.3602,37.5925],[-122.3861,37.6377],[-122.3743,37.6622],[-122.3932,37.7075],[-122.3704,37.7176],[-122.3853,37.7907],[-122.4075,37.8114],[-122.4638,37.8047],[-122.5145,37.7808],[-122.4968,37.6864],[-122.5014,37.5996],[-122.5172,37.5906],[-122.5167,37.5213],[-122.4938,37.4923],[-122.4521,37.4805],[-122.4437,37.4359],[-122.4009,37.3592],[-122.4185,37.2485],[-122.4051,37.1958],[-122.3671,37.1728],[-122.3378,37.1359],[-122.2849,37.1017],[-122.2062,37.0139],[-122.106,36.956],[-121.9728,36.9542],[-121.9301,36.9782],[-121.8623,36.9316],[-121.7883,36.804],[-121.8251,36.6572],[-121.8714,36.6046],[-121.9239,36.6346],[-121.9704,36.5828],[-121.9325,36.5599],[-121.9416,36.4856],[-121.9018,36.3819],[-121.8947,36.3178],[-121.8137,36.2342],[-121.7799,36.2274],[-121.7172,36.1951],[-121.6296,36.1145],[-121.5929,36.0651],[-121.5746,36.0252],[-121.5031,36.0003],[-121.4862,35.9703],[-121.4623,35.8856],[-121.4131,35.8553],[-121.3881,35.8235],[-121.3324,35.7831],[-121.3158,35.7525],[-121.3146,35.7133],[-121.285,35.6741],[-121.251,35.6566],[-121.1667,35.6354],[-121.126,35.5931],[-121.1016,35.5488],[-121.0034,35.4607],[-120.9465,35.4467],[-120.9079,35.4491],[-120.8692,35.4033],[-120.8672,35.3272],[-120.8968,35.2479],[-120.856,35.2065],[-120.7861,35.1777],[-120.6989,35.1712],[-120.6511,35.1478],[-120.6358,35.1238],[-120.6299,35.0615],[-120.64,35.003],[-120.6708,34.9041],[-120.6473,34.9011],[-120.6099,34.8428],[-120.6374,34.7559],[-120.6017,34.7097],[-120.602,34.6921],[-120.6457,34.581],[-120.6226,34.554],[-120.5813,34.557],[-120.5114,34.523],[-120.4766,34.4751],[-120.4714,34.4478],[-120.3414,34.4588],[-120.3018,34.4671],[-120.1412,34.4734],[-120.0886,34.4602],[-120.0081,34.4604],[-119.9564,34.4353],[-119.9252,34.4339],[-119.874,34.4088],[-119.7948,34.4176],[-119.7091,34.3954],[-119.6719,34.4161],[-119.6169,34.421],[-119.5595,34.4134],[-119.537,34.3955],[-119.461,34.3741],[-119.3904,34.3182],[-119.3704,34.3195],[-119.313,34.2757],[-119.2701,34.2529],[-119.257,34.2133],[-119.2164,34.1461],[-119.1886,34.139],[-119.1302,34.1001],[-119.0885,34.0983],[-118.9547,34.0482],[-118.8547,34.0342],[-118.8051,34.0012],[-118.745,34.0321],[-118.5692,34.0416],[-118.5195,34.0275],[-118.4842,33.9977],[-118.4424,33.9403],[-118.3921,33.8409],[-118.3943,33.8043],[-118.4284,33.7747],[-118.4112,33.742],[-118.3605,33.7368],[-118.3172,33.7128],[-118.2587,33.7037],[-118.1833,33.7232],[-118.1808,33.7631],[-118.1327,33.7532],[-118.0889,33.7298],[-118.0006,33.6543],[-117.9271,33.6055],[-117.8768,33.5923],[-117.7849,33.5415],[-117.7265,33.4834],[-117.6456,33.4407],[-117.5959,33.3866],[-117.5477,33.3655],[-117.5057,33.3341],[-117.4456,33.2685],[-117.3284,33.1218],[-117.2808,33.0123],[-117.2517,32.8743],[-117.2822,32.8395],[-117.2611,32.8031],[-117.2576,32.7261],[-117.2461,32.6694],[-117.1968,32.6889],[-117.1599,32.6607],[-117.1395,32.6271],[-117.1249,32.5342],[-116.6271,32.5763],[-116.0466,32.6234],[-115.4652,32.6671],[-115.0008,32.6997],[-114.7196,32.7188],[-114.6888,32.7377],[-114.6148,32.7341],[-114.5391,32.7569],[-114.5317,32.7912],[-114.469,32.8452],[-114.4644,32.9131],[-114.4809,32.9353],[-114.5061,33.017],[-114.5717,33.0366],[-114.601,33.0254],[-114.6396,33.0453],[-114.6708,33.038],[-114.689,33.084],[-114.7079,33.0974],[-114.6787,33.1629],[-114.677,33.2702],[-114.7312,33.3024],[-114.7009,33.337],[-114.6991,33.3611],[-114.7229,33.3988],[-114.688,33.4179],[-114.6296,33.4281],[-114.6229,33.4566],[-114.5589,33.5318],[-114.5246,33.5522],[-114.5406,33.5914],[-114.5297,33.6228],[-114.5315,33.6751],[-114.4965,33.6969],[-114.5123,33.7342],[-114.5071,33.7679],[-114.5281,33.815],[-114.5296,33.8481],[-114.503,33.868],[-114.5115,33.9111],[-114.5337,33.9261],[-114.4603,33.9966],[-114.4349,34.0378],[-114.4342,34.0874],[-114.4159,34.1076],[-114.3246,34.1368],[-114.2873,34.1705],[-114.2541,34.1738],[-114.1665,34.2496],[-114.1346,34.2635],[-114.1383,34.3032],[-114.1769,34.3493],[-114.2261,34.3659],[-114.2643,34.4013],[-114.3426,34.4514],[-114.3867,34.4579],[-114.3808,34.5297],[-114.4297,34.5917],[-114.4242,34.6105],[-114.4716,34.713],[-114.5527,34.7669],[-114.5868,34.8357],[-114.6307,34.8664],[-114.6335,35.0019],[-114.9422,35.25],[-115.2713,35.5127],[-115.7508,35.8893],[-116.0936,36.1558],[-116.542,36.5],[-117.0009,36.8477],[-117.3759,37.1268],[-117.5001,37.2204],[-117.7124,37.3749],[-117.8759,37.4973],[-118.2509,37.7686],[-118.7719,38.1419],[-119.0972,38.3729],[-119.376,38.5668],[-119.5877,38.7147],[-120.001,38.9996],[-120.0057,39.2252],[-120.0017,39.5389],[-120.0013,39.7224],[-119.9976,39.9565],[-119.9959,40.4999],[-119.9994,40.8731],[-119.9999,41.184],[-119.9983,41.6188],[-119.9992,41.9945],[-120.2864,41.9931],[-120.6472,41.9931],[-121.0352,41.9933],[-121.5809,41.9987],[-122.0003,42.004],[-122.3782,42.0095],[-122.6347,42.0049],[-123.0453,42.003],[-123.146,42.0092],[-123.3476,41.9991],[-123.4348,42.0016],[-123.7282,41.997],[-124.0012,41.9961],[-124.2116,41.9985]]]]}},{"type":"Feature","properties":{"state":"KY","name":"Kentucky"},"geometry":{"type":"MultiPolygon","coordinates":[[[[-89.1329,36.9821],[-89.1095,36.9766],[-89.1008,36.944],[-89.138,36.8473],[-89.1734,36.8398],[-89.1774,36.8073],[-89.1168,36.7756],[-89.1261,36.7517],[-89.1669,36.7596],[-89.1978,36.7394],[-89.1995,36.716],[-89.1591,36.6664],[-89.1977,36.6289],[-89.2273,36.5694],[-89.2583,36.5649],[-89.3267,36.6322],[-89.3755,36.6157],[-89.4173,36.499],[-89.3003,36.5071],[-89.1175,36.5036],[-88.8346,36.5029],[-88.3308,36.5005],[-88.0532,36.4971],[-88.0325,36.5407],[-88.0451,36.6029],[-88.0705,36.6781],[-88.0118,36.677],[-87.8496,36.6637],[-87.8532,36.6332],[-87.4143,36.641],[-87.115,36.6424],[-86.5899,36.6525],[-86.5641,36.6335],[-86.5078,36.6524],[-86.3331,36.6488],[-86.0328,36.6304],[-85.8322,36.622],[-85.4884,36.615],[-85.3004,36.6244],[-85.1954,36.6255],[-85.0246,36.6194],[-84.8431,36.6051],[-84.5431,36.5963],[-84.2712,36.5919],[-83.9878,36.5896],[-83.6907,36.5826],[-83.6754,36.6008],[-83.6145,36.634],[-83.5319,36.665],[-83.4237,36.6674],[-83.3861,36.6866],[-83.3071,36.7114],[-83.1946,36.7395],[-83.1364,36.7431],[-83.1317,36.7815],[-83.0726,36.8546],[-82.9703,36.8577],[-82.8795,36.8891],[-82.8561,36.9525],[-82.8692,36.9742],[-82.8227,37.0041],[-82.7821,37.0082],[-82.7223,37.0579],[-82.7221,37.1202],[-82.4989,37.227],[-82.3509,37.2671],[-82.316,37.2949],[-81.9683,37.5378],[-82.0548,37.5368],[-82.0732,37.555],[-82.1166,37.5596],[-82.132,37.5935],[-82.1567,37.5928],[-82.1814,37.6218],[-82.2135,37.6254],[-82.2261,37.6531],[-82.2571,37.6567],[-82.2963,37.6871],[-82.3333,37.7412],[-82.3405,37.7861],[-82.4205,37.8468],[-82.4215,37.8857],[-82.4746,37.9003],[-82.5019,37.9332],[-82.4643,37.9834],[-82.5178,38.0025],[-82.5513,38.0708],[-82.5857,38.107],[-82.6373,38.1391],[-82.6113,38.1715],[-82.5984,38.2174],[-82.6125,38.2346],[-82.5747,38.2639],[-82.5719,38.3158],[-82.598,38.3449],[-82.5937,38.4218],[-82.6138,38.4745],[-82.6571,38.4968],[-82.69,38.5359],[-82.7248,38.5576],[-82.8001,38.5632],[-82.8472,38.5952],[-82.8633,38.6693],[-82.8776,38.6902],[-82.8699,38.7282],[-82.8942,38.7566],[-82.9794,38.726],[-83.033,38.7238],[-83.0531,38.6958],[-83.1027,38.6773],[-83.1428,38.6251],[-83.2025,38.617],[-83.2395,38.6286],[-83.2942,38.5966],[-83.3224,38.6306],[-83.3667,38.6585],[-83.4681,38.6755],[-83.521,38.703],[-83.6157,38.6841],[-83.6459,38.637],[-83.6681,38.6281],[-83.7722,38.6582],[-83.7836,38.6956],[-83.8406,38.7219],[-83.859,38.7568],[-83.9788,38.7871],[-84.0715,38.7705],[-84.2129,38.8057],[-84.2302,38.8265],[-84.2345,38.8932],[-84.2882,38.9558],[-84.3047,39.0065],[-84.3604,39.0414],[-84.4298,39.0583],[-84.4328,39.0943],[-84.4705,39.1215],[-84.5097,39.0937],[-84.5508,39.0994],[-84.5721,39.0821],[-84.6324,39.0768],[-84.6897,39.1042],[-84.7185,39.1371],[-84.7544,39.1467],[-84.784,39.1181],[-84.8202,39.1055],[-84.8972,39.0524],[-84.8371,38.9881],[-84.8352,38.958],[-84.8778,38.9204],[-84.8608,38.8977],[-84.8127,38.8951],[-84.7883,38.8643],[-84.8234,38.8392],[-84.8116,38.7928],[-84.8357,38.7843],[-84.8939,38.7937],[-84.933,38.7775],[-84.9787,38.7793],[-85.0719,38.7416],[-85.133,38.7024],[-85.1905,38.688],[-85.2588,38.7378],[-85.306,38.7416],[-85.3723,38.7306],[-85.4109,38.7371],[-85.4521,38.7093],[-85.4387,38.6593],[-85.4394,38.6104],[-85.4158,38.5636],[-85.4331,38.5239],[-85.4744,38.5041],[-85.4989,38.4682],[-85.5878,38.4505],[-85.6205,38.4231],[-85.6536,38.3271],[-85.6836,38.2955],[-85.7387,38.2694],[-85.7916,38.2886],[-85.8294,38.2768],[-85.8397,38.2398],[-85.8803,38.2034],[-85.9088,38.1612],[-85.9062,38.0862],[-85.9224,38.0287],[-85.9515,38.0056],[-86.0207,37.9961],[-86.0485,37.9594],[-86.08,38.0008],[-86.1082,38.0134],[-86.179,38.0113],[-86.2669,38.0571],[-86.2787,38.0985],[-86.2718,38.1379],[-86.2878,38.1581],[-86.3477,38.1954],[-86.3717,38.1642],[-86.3259,38.1543],[-86.3351,38.1292],[-86.3753,38.1306],[-86.4051,38.1058],[-86.4317,38.1261],[-86.4661,38.1144],[-86.434,38.0868],[-86.4522,38.0505],[-86.5173,38.0426],[-86.5252,37.9682],[-86.507,37.9364],[-86.5342,37.917],[-86.5886,37.9212],[-86.5981,37.8674],[-86.6383,37.8427],[-86.6625,37.857],[-86.6448,37.8948],[-86.686,37.9131],[-86.7185,37.8931],[-86.751,37.9129],[-86.795,37.989],[-86.8235,37.9989],[-86.8559,37.9873],[-86.9193,37.9367],[-86.979,37.9302],[-87.0334,37.9066],[-87.0707,37.8019],[-87.1275,37.785],[-87.1589,37.8379],[-87.2209,37.8491],[-87.2744,37.8829],[-87.3449,37.9112],[-87.3802,37.9356],[-87.4505,37.9415],[-87.5011,37.9092],[-87.5513,37.9254],[-87.5859,37.9754],[-87.6256,37.9334],[-87.6203,37.9069],[-87.5916,37.8872],[-87.5887,37.861],[-87.6154,37.832],[-87.6724,37.8291],[-87.6816,37.8559],[-87.6641,37.8772],[-87.684,37.9035],[-87.8306,37.8765],[-87.8656,37.9151],[-87.9048,37.9249],[-87.9384,37.8908],[-87.9149,37.8496],[-87.9068,37.8076],[-87.9445,37.7753],[-88.028,37.7992],[-88.0638,37.7386],[-88.125,37.7071],[-88.1582,37.6645],[-88.1584,37.6399],[-88.1334,37.5742],[-88.069,37.5253],[-88.0641,37.492],[-88.0877,37.4711],[-88.1351,37.4716],[-88.2817,37.4526],[-88.3126,37.4406],[-88.3616,37.4029],[-88.4088,37.4252],[-88.456,37.4085],[-88.4766,37.3869],[-88.4869,37.3396],[-88.5159,37.284],[-88.5093,37.2621],[-88.4478,37.2035],[-88.4244,37.1524],[-88.4589,37.0738],[-88.5454,37.07],[-88.6306,37.121],[-88.7321,37.144],[-88.8057,37.1886],[-88.9169,37.2243],[-88.9833,37.2287],[-89.03,37.2111],[-89.0929,37.1564],[-89.1112,37.1191],[-89.1545,37.0889],[-89.1825,37.0373],[-89.1664,37.0033],[-89.1329,36.9821]]],[[[-89.4854,36.4975],[-89.4659,36.5299],[-89.4848,36.5718],[-89.5526,36.5772],[-89.5712,36.5473],[-89.5392,36.4979],[-89.4854,36.4975]]]]}},{"type":"Feature","properties":{"state":"OH","name":"Ohio"},"geometry":{"type":"MultiPolygon","coordinates":[[[[-82.8436,41.6472],[-82.7931,41.6647],[-82.7827,41.694],[-82.8105,41.7205],[-82.8351,41.709],[-82.8436,41.6472]]],[[[-84.8061,41.6961],[-84.8039,41.4355],[-84.8033,40.9892],[-84.8022,40.8006],[-84.8039,40.3101],[-84.8142,39.8142],[-84.8158,39.4774],[-84.8195,39.3052],[-84.8202,39.1055],[-84.784,39.1181],[-84.7544,39.1467],[-84.7185,39.1371],[-84.6897,39.1042],[-84.6324,39.0768],[-84.5721,39.0821],[-84.5508,39.0994],[-84.5097,39.0937],[-84.4705,39.1215],[-84.4328,39.0943],[-84.4298,39.0583],[-84.3604,39.0414],[-84.3047,39.0065],[-84.2882,38.9558],[-84.2345,38.8932],[-84.2302,38.8265],[-84.2129,38.8057],[-84.0715,38.7705],[-83.9788,38.7871],[-83.859,38.7568],[-83.8406,38.7219],[-83.7836,38.6956],[-83.7722,38.6582],[-83.6681,38.6281],[-83.6459,38.637],[-83.6157,38.6841],[-83.521,38.703],[-83.4681,38.6755],[-83.3667,38.6585],[-83.3224,38.6306],[-83.2942,38.5966],[-83.2395,38.6286],[-83.2025,38.617],[-83.1428,38.6251],[-83.1027,38.6773],[-83.0531,38.6958],[-83.033,38.7238],[-82.9794,38.726],[-82.8942,38.7566],[-82.8699,38.7282],[-82.8776,38.6902],[-82.8633,38.6693],[-82.8472,38.5952],[-82.8001,38.5632],[-82.7248,38.5576],[-82.69,38.5359],[-82.6571,38.4968],[-82.6138,38.4745],[-82.5937,38.4218],[-82.5296,38.4052],[-82.4049,38.4393],[-82.324,38.4493],[-82.3042,38.4963],[-82.2913,38.579],[-82.2743,38.5937],[-82.1888,38.595],[-82.1721,38.626],[-82.1909,38.6804],[-82.1825,38.7088],[-82.2173,38.7957],[-82.1449,38.8405],[-82.1432,38.8981],[-82.1117,38.9326],[-82.0891,38.976],[-82.0516,38.9944],[-82.036,39.0255],[-81.995,39.0225],[-81.9775,38.9927],[-81.9332,38.9877],[-81.9006,38.9377],[-81.9267,38.9013],[-81.8892,38.8743],[-81.8487,38.9014],[-81.8445,38.9287],[-81.7818,38.9649],[-81.7643,39.0153],[-81.8117,39.0596],[-81.8079,39.084],[-81.7524,39.0899],[-81.7422,39.1168],[-81.7563,39.1773],[-81.7244,39.2165],[-81.6913,39.2279],[-81.6783,39.2738],[-81.6084,39.276],[-81.5702,39.2677],[-81.5575,39.3388],[-81.4561,39.4093],[-81.4067,39.3881],[-81.3959,39.3556],[-81.3476,39.3458],[-81.2707,39.3859],[-81.2236,39.3861],[-81.1859,39.4307],[-81.1344,39.4451],[-81.1008,39.4872],[-81.0239,39.5523],[-80.9333,39.6148],[-80.8804,39.6207],[-80.8617,39.6936],[-80.8316,39.7195],[-80.8653,39.7533],[-80.863,39.7752],[-80.8261,39.7986],[-80.827,39.8417],[-80.7931,39.8638],[-80.8034,39.9188],[-80.7559,39.9166],[-80.7645,39.9466],[-80.7401,39.9708],[-80.7309,40.0492],[-80.7386,40.0757],[-80.7102,40.0996],[-80.7046,40.1548],[-80.6681,40.1997],[-80.6615,40.2298],[-80.6225,40.2618],[-80.5999,40.3177],[-80.6112,40.4378],[-80.5992,40.4826],[-80.6275,40.5358],[-80.6669,40.5737],[-80.6272,40.6199],[-80.5767,40.6142],[-80.519,40.6388],[-80.5191,40.9211],[-80.5187,41.2489],[-80.5193,41.5393],[-80.5194,41.9775],[-80.7208,41.9197],[-80.8149,41.8977],[-80.9003,41.8689],[-81.0105,41.854],[-81.1129,41.8176],[-81.2487,41.7613],[-81.2869,41.7602],[-81.3532,41.7277],[-81.4426,41.6733],[-81.5004,41.6234],[-81.5297,41.6145],[-81.5997,41.5606],[-81.7448,41.4872],[-81.8108,41.4956],[-81.8603,41.4838],[-81.9379,41.4914],[-82.012,41.5156],[-82.1934,41.4645],[-82.2547,41.4344],[-82.3618,41.4266],[-82.4812,41.3813],[-82.5138,41.3843],[-82.617,41.4284],[-82.7219,41.5167],[-82.7179,41.5419],[-82.7855,41.5407],[-82.8341,41.5876],[-82.8568,41.5483],[-82.8977,41.5192],[-82.9344,41.5144],[-82.9999,41.5385],[-83.0666,41.5953],[-83.2317,41.6442],[-83.3268,41.7016],[-83.3571,41.6878],[-83.4095,41.6912],[-83.446,41.7068],[-83.4538,41.7326],[-83.763,41.7236],[-84.3604,41.7066],[-84.8061,41.6961]]]]}},{"type":"Feature","properties":{"state":"AL","name":"Alabama"},"geometry":{"type":"MultiPolygon","coordinates":[[[[-88.3308,30.235],[-88.2794,30.2223],[-88.2078,30.2368],[-88.1447,30.239],[-88.1073,30.2251],[-88.0868,30.2599],[-88.1778,30.2579],[-88.3308,30.235]]],[[[-88.2001,34.9956],[-88.1546,34.9224],[-88.0979,34.8922],[-88.1184,34.7243],[-88.1343,34.6227],[-88.1656,34.3831],[-88.2107,34.0292],[-88.2523,33.7196],[-88.2774,33.5124],[-88.3309,33.0731],[-88.3733,32.7118],[-88.4038,32.4498],[-88.4732,31.8939],[-88.4644,31.6979],[-88.439,31.2469],[-88.4186,30.8665],[-88.395,30.3694],[-88.3747,30.3856],[-88.3323,30.3884],[-88.3165,30.37],[-88.2607,30.3824],[-88.2045,30.3621],[-88.1915,30.317],[-88.1362,30.3207],[-88.1073,30.3772],[-88.1009,30.5098],[-88.0828,30.5287],[-88.0855,30.5633],[-88.054,30.6125],[-88.062,30.6449],[-88.0346,30.6537],[-88.0084,30.685],[-87.9367,30.6574],[-87.9125,30.6158],[-87.9017,30.5509],[-87.9334,30.4874],[-87.92,30.4706],[-87.9063,30.4094],[-87.8451,30.3774],[-87.8093,30.3327],[-87.7555,30.2912],[-87.7666,30.2624],[-87.8601,30.2403],[-87.8932,30.2392],[-87.936,30.2615],[-87.9668,30.2356],[-87.8385,30.2272],[-87.6569,30.2497],[-87.5183,30.2804],[-87.4906,30.3232],[-87.451,30.3463],[-87.4296,30.4065],[-87.3712,30.4305],[-87.4356,30.4805],[-87.4466,30.5271],[-87.4187,30.5618],[-87.3936,30.6309],[-87.407,30.6751],[-87.5023,30.7216],[-87.5326,30.7435],[-87.5521,30.7862],[-87.6005,30.8206],[-87.6349,30.8659],[-87.5892,30.9644],[-87.5989,30.9974],[-87.1408,30.9995],[-86.7254,30.9968],[-86.52,30.9932],[-86.117,30.9929],[-85.8936,30.9935],[-85.4984,30.9969],[-85.2438,31.0009],[-85.0025,31.0007],[-85.0114,31.0535],[-85.0356,31.1082],[-85.1075,31.1865],[-85.0988,31.2325],[-85.1145,31.2763],[-85.0898,31.295],[-85.0925,31.3629],[-85.066,31.4314],[-85.0716,31.4684],[-85.045,31.5182],[-85.0622,31.6229],[-85.1255,31.695],[-85.1189,31.7327],[-85.1365,31.789],[-85.1418,31.8393],[-85.1298,31.8835],[-85.0821,31.9447],[-85.0538,32.0135],[-85.0471,32.0874],[-85.0587,32.136],[-85.0113,32.1805],[-84.925,32.2222],[-84.8894,32.2619],[-84.9338,32.2983],[-85.0019,32.322],[-84.9835,32.3632],[-84.9718,32.4428],[-84.9953,32.4532],[-85.0071,32.5239],[-85.0677,32.58],[-85.0897,32.6316],[-85.0885,32.658],[-85.1147,32.6856],[-85.1143,32.7304],[-85.1389,32.7601],[-85.1222,32.7734],[-85.1679,32.8116],[-85.1535,32.8428],[-85.1844,32.8613],[-85.2366,33.1295],[-85.3045,33.4829],[-85.3574,33.7501],[-85.4705,34.3282],[-85.5614,34.7501],[-85.6052,34.9847],[-85.8244,34.9881],[-86.3972,34.9917],[-86.5285,34.9907],[-86.8621,34.992],[-87.4286,35.0028],[-87.6641,35.0035],[-88.203,35.008],[-88.2001,34.9956]]]]}},{"type":"Feature","properties":{"state":"GA","name":"Georgia"},"geometry":{"type":"Polygon","coordinates":[[[-85.6052,34.9847],[-85.5614,34.7501],[-85.4705,34.3282],[-85.3574,33.7501],[-85.3045,33.4829],[-85.2366,33.1295],[-85.1844,32.8613],[-85.1535,32.8428],[-85.1679,32.8116],[-85.1222,32.7734],[-85.1389,32.7601],[-85.1143,32.7304],[-85.1147,32.6856],[-85.0885,32.658],[-85.0897,32.6316],[-85.0677,32.58],[-85.0071,32.5239],[-84.9953,32.4532],[-84.9718,32.4428],[-84.9835,32.3632],[-85.0019,32.322],[-84.9338,32.2983],[-84.8894,32.2619],[-84.925,32.2222],[-85.0113,32.1805],[-85.0587,32.136],[-85.0471,32.0874],[-85.0538,32.0135],[-85.0821,31.9447],[-85.1298,31.8835],[-85.1418,31.8393],[-85.1365,31.789],[-85.1189,31.7327],[-85.1255,31.695],[-85.0622,31.6229],[-85.045,31.5182],[-85.0716,31.4684],[-85.066,31.4314],[-85.0925,31.3629],[-85.0898,31.295],[-85.1145,31.2763],[-85.0988,31.2325],[-85.1075,31.1865],[-85.0356,31.1082],[-85.0114,31.0535],[-85.0025,31.0007],[-84.9827,30.9656],[-84.9838,30.937],[-84.937,30.8847],[-84.9362,30.8207],[-84.9144,30.7536],[-84.8962,30.7506],[-84.8647,30.7115],[-84.5395,30.6968],[-84.0573,30.6747],[-83.5,30.6457],[-83.1314,30.6236],[-82.5693,30.591],[-82.2149,30.5686],[-82.2356,30.5449],[-82.2304,30.5173],[-82.2014,30.4852],[-82.2103,30.4246],[-82.193,30.3788],[-82.1701,30.3589],[-82.1049,30.3683],[-82.0479,30.3633],[-82.0372,30.4345],[-82.0178,30.4751],[-82.0189,30.5238],[-82.0055,30.5635],[-82.0121,30.5938],[-82.0495,30.6555],[-82.0364,30.7066],[-82.0397,30.7477],[-81.9791,30.7764],[-81.9498,30.8275],[-81.8957,30.8211],[-81.8686,30.7928],[-81.8085,30.79],[-81.7634,30.7738],[-81.7199,30.7446],[-81.6948,30.7484],[-81.5409,30.7133],[-81.4895,30.7261],[-81.4441,30.7097],[-81.4595,30.742],[-81.4469,30.8104],[-81.4286,30.8363],[-81.4052,30.9082],[-81.4034,30.9579],[-81.4474,30.9567],[-81.4937,30.9775],[-81.4514,31.0155],[-81.4205,31.0167],[-81.4013,31.0728],[-81.3997,31.1341],[-81.3682,31.1365],[-81.3549,31.1672],[-81.3142,31.2079],[-81.2934,31.2063],[-81.2747,31.2895],[-81.2788,31.3672],[-81.2469,31.4228],[-81.1773,31.5171],[-81.2588,31.5291],[-81.2542,31.5559],[-81.1604,31.5704],[-81.1335,31.6233],[-81.1364,31.6748],[-81.1863,31.7015],[-81.1928,31.7332],[-81.1306,31.7227],[-81.0681,31.7687],[-81.0398,31.823],[-81.0758,31.829],[-81.0415,31.8762],[-80.9927,31.8576],[-80.9345,31.9092],[-80.9685,31.9158],[-80.9724,31.9413],[-80.9485,31.9572],[-80.9112,31.9438],[-80.8628,31.9693],[-80.8405,32.0113],[-80.8855,32.0346],[-80.9178,32.0376],[-81.0067,32.1012],[-81.0327,32.0855],[-81.0669,32.0904],[-81.1172,32.1176],[-81.1182,32.1892],[-81.156,32.2415],[-81.1196,32.2876],[-81.1223,32.3054],[-81.1701,32.3613],[-81.1772,32.3917],[-81.2051,32.4238],[-81.2,32.468],[-81.2771,32.5354],[-81.2813,32.5565],[-81.3288,32.5612],[-81.367,32.5771],[-81.4119,32.6184],[-81.401,32.6775],[-81.4275,32.7019],[-81.4168,32.7523],[-81.4216,32.8352],[-81.456,32.8541],[-81.4647,32.896],[-81.5027,32.9387],[-81.4914,33.0081],[-81.5112,33.0278],[-81.5729,33.0542],[-81.6178,33.0953],[-81.6423,33.0932],[-81.7046,33.1165],[-81.7631,33.1594],[-81.7569,33.1978],[-81.8279,33.2287],[-81.8531,33.2507],[-81.8383,33.273],[-81.8473,33.3068],[-81.9064,33.3242],[-81.9447,33.364],[-81.9349,33.406],[-81.9135,33.4413],[-81.9263,33.4629],[-81.9859,33.4865],[-82.01,33.5304],[-82.0463,33.5638],[-82.1335,33.5905],[-82.1966,33.6306],[-82.2007,33.6646],[-82.2346,33.7002],[-82.2553,33.7597],[-82.3469,33.8343],[-82.4084,33.8663],[-82.4228,33.8638],[-82.4929,33.9098],[-82.5129,33.937],[-82.5568,33.9454],[-82.5892,34.0001],[-82.5962,34.0305],[-82.6405,34.0676],[-82.6403,34.0863],[-82.6773,34.1317],[-82.7175,34.1505],[-82.7324,34.1806],[-82.7467,34.2664],[-82.7709,34.2854],[-82.7941,34.3398],[-82.835,34.3661],[-82.8607,34.4574],[-82.9027,34.4859],[-82.9796,34.4827],[-83.0029,34.4721],[-83.0695,34.5021],[-83.0849,34.531],[-83.1683,34.591],[-83.1696,34.6039],[-83.2318,34.6113],[-83.2553,34.6377],[-83.3387,34.682],[-83.3532,34.7286],[-83.3201,34.7596],[-83.3239,34.7897],[-83.2899,34.8245],[-83.2682,34.8214],[-83.2391,34.8757],[-83.2012,34.8847],[-83.1685,34.9179],[-83.1211,34.9391],[-83.1086,35.0007],[-83.3228,34.9959],[-83.6202,34.9921],[-83.62,34.9866],[-84.1296,34.9875],[-84.3219,34.9884],[-84.9393,34.9879],[-85.385,34.983],[-85.6052,34.9847]]]}},{"type":"Feature","properties":{"state":"WI","name":"Wisconsin"},"geometry":{"type":"MultiPolygon","coordinates":[[[[-86.9562,45.352],[-86.8995,45.3226],[-86.8655,45.341],[-86.8636,45.3649],[-86.8244,45.4061],[-86.943,45.4153],[-86.9562,45.352]]],[[[-90.4655,47.0026],[-90.4134,47.0132],[-90.3954,47.0772],[-90.4373,47.0735],[-90.4655,47.0026]]],[[[-90.6518,46.9253],[-90.6371,46.9067],[-90.5491,46.9155],[-90.5082,46.9568],[-90.5288,46.9685],[-90.6345,46.9429],[-90.6518,46.9253]]],[[[-90.7405,46.9642],[-90.7653,46.947],[-90.7371,46.9147],[-90.689,46.9175],[-90.7151,46.9573],[-90.7405,46.9642]]],[[[-90.7769,47.0243],[-90.768,47.0023],[-90.712,46.9853],[-90.6716,46.949],[-90.6097,46.9912],[-90.5532,46.9989],[-90.5755,47.0339],[-90.6085,47.0073],[-90.6504,47.0547],[-90.7769,47.0243]]],[[[-90.7916,46.785],[-90.7636,46.7549],[-90.6761,46.819],[-90.5689,46.8473],[-90.6165,46.8745],[-90.6569,46.8435],[-90.7124,46.8207],[-90.733,46.8002],[-90.7916,46.785]]],[[[-92.0153,46.7065],[-92.0895,46.7492],[-92.1379,46.7395],[-92.1463,46.7159],[-92.2124,46.6499],[-92.266,46.651],[-92.2922,46.666],[-92.2929,46.4172],[-92.294,46.0744],[-92.3279,46.0662],[-92.3621,46.0131],[-92.4207,46.0268],[-92.4645,45.9763],[-92.522,45.9842],[-92.5519,45.9517],[-92.6401,45.9325],[-92.7077,45.8949],[-92.7846,45.7642],[-92.8692,45.7176],[-92.8879,45.639],[-92.8837,45.5755],[-92.8233,45.5609],[-92.7702,45.5669],[-92.7261,45.5411],[-92.7267,45.5145],[-92.6466,45.4416],[-92.6504,45.3985],[-92.7041,45.3537],[-92.699,45.3364],[-92.7587,45.291],[-92.7517,45.2187],[-92.7668,45.1855],[-92.7449,45.1083],[-92.7915,45.0796],[-92.7971,45.0506],[-92.7646,45.0288],[-92.7694,44.9722],[-92.7506,44.9373],[-92.7749,44.8928],[-92.7653,44.8411],[-92.808,44.7515],[-92.7373,44.7172],[-92.6217,44.639],[-92.6215,44.615],[-92.5694,44.6035],[-92.5406,44.5673],[-92.5184,44.5752],[-92.4551,44.5619],[-92.3476,44.5571],[-92.3141,44.538],[-92.3022,44.5003],[-92.2768,44.4736],[-92.2152,44.4385],[-92.1245,44.4221],[-92.0535,44.4014],[-91.9595,44.3594],[-91.9256,44.3335],[-91.9203,44.2865],[-91.8957,44.273],[-91.8752,44.2006],[-91.8173,44.1642],[-91.7106,44.1205],[-91.6447,44.0628],[-91.5826,44.0274],[-91.5071,44.019],[-91.4405,44.0015],[-91.3647,43.9349],[-91.2841,43.8471],[-91.2441,43.7747],[-91.2685,43.7098],[-91.2687,43.6153],[-91.2319,43.5818],[-91.2438,43.5491],[-91.2177,43.5005],[-91.2322,43.46],[-91.1977,43.3953],[-91.2018,43.3491],[-91.1291,43.3264],[-91.0857,43.2919],[-91.0579,43.254],[-91.1191,43.2004],[-91.1433,43.1564],[-91.1779,43.1289],[-91.1747,43.0387],[-91.1466,42.9633],[-91.1462,42.9099],[-91.1006,42.8831],[-91.0787,42.8277],[-91.0655,42.7571],[-91.0513,42.737],[-90.9524,42.6868],[-90.7202,42.6408],[-90.6615,42.568],[-90.6428,42.5085],[-90.4059,42.5069],[-90.0737,42.5083],[-89.9553,42.5056],[-89.6676,42.505],[-89.2508,42.498],[-88.7867,42.492],[-88.6387,42.495],[-88.2717,42.4948],[-88.1153,42.4962],[-87.8005,42.4919],[-87.8123,42.5298],[-87.8194,42.6066],[-87.8147,42.644],[-87.7824,42.7082],[-87.7667,42.7849],[-87.8233,42.8353],[-87.8478,42.8892],[-87.8427,42.9441],[-87.8572,42.978],[-87.8877,43.0005],[-87.8951,43.0423],[-87.8665,43.0744],[-87.9003,43.1373],[-87.8811,43.1706],[-87.9118,43.2504],[-87.865,43.3936],[-87.8078,43.4611],[-87.7932,43.4928],[-87.7901,43.5631],[-87.7062,43.6795],[-87.7099,43.7358],[-87.7003,43.7674],[-87.7264,43.8104],[-87.7362,43.8804],[-87.719,43.9378],[-87.6989,43.9659],[-87.6834,44.0201],[-87.6561,44.0518],[-87.6466,44.1047],[-87.5632,44.1442],[-87.5197,44.1799],[-87.5084,44.2297],[-87.5412,44.2931],[-87.5454,44.3214],[-87.5176,44.3757],[-87.4837,44.5114],[-87.4375,44.6051],[-87.3935,44.6407],[-87.3435,44.7192],[-87.3048,44.8046],[-87.2674,44.8469],[-87.2045,44.8756],[-87.2172,44.8978],[-87.1717,44.9315],[-87.1894,44.9686],[-87.1394,45.0126],[-87.1212,45.0583],[-87.0916,45.0551],[-87.0482,45.0891],[-87.0543,45.12],[-87.0325,45.2223],[-86.986,45.2159],[-86.973,45.2464],[-86.9834,45.2954],[-87.017,45.2993],[-87.1087,45.257],[-87.12,45.1911],[-87.1672,45.1836],[-87.1952,45.1631],[-87.2382,45.1673],[-87.2649,45.0814],[-87.3221,45.0342],[-87.3603,44.9876],[-87.4062,44.9045],[-87.3836,44.8851],[-87.4055,44.86],[-87.4371,44.8927],[-87.4785,44.8636],[-87.5151,44.8696],[-87.5503,44.8513],[-87.6101,44.8384],[-87.7209,44.7245],[-87.7198,44.6932],[-87.7658,44.642],[-87.8088,44.6363],[-87.8669,44.6084],[-87.929,44.536],[-88.0055,44.5392],[-88.0424,44.5666],[-88.0124,44.6024],[-87.9835,44.7202],[-87.9415,44.7561],[-87.9011,44.8274],[-87.8662,44.8405],[-87.8278,44.8912],[-87.8443,44.9185],[-87.8195,44.9511],[-87.7669,44.9653],[-87.6303,44.9769],[-87.6257,45.0452],[-87.5902,45.0953],[-87.6612,45.1083],[-87.6839,45.1441],[-87.7352,45.1776],[-87.7418,45.1971],[-87.6875,45.2981],[-87.6481,45.3394],[-87.6573,45.3688],[-87.694,45.3899],[-87.7541,45.3494],[-87.8635,45.353],[-87.8718,45.3736],[-87.8497,45.4095],[-87.8617,45.4345],[-87.813,45.4642],[-87.7928,45.5],[-87.8034,45.5383],[-87.7777,45.6092],[-87.8241,45.6471],[-87.7816,45.6733],[-87.8123,45.7113],[-87.8555,45.7269],[-87.8798,45.7548],[-87.9635,45.7582],[-87.9959,45.7954],[-88.0506,45.781],[-88.094,45.7857],[-88.1361,45.819],[-88.0888,45.8559],[-88.1029,45.9219],[-88.1464,45.9353],[-88.3205,45.96],[-88.3802,45.9917],[-88.4169,45.9753],[-88.5059,46.0134],[-88.5655,46.0157],[-88.6164,45.9877],[-88.6648,45.9898],[-88.6746,46.0106],[-88.74,46.0273],[-88.7762,46.0159],[-88.8503,46.0403],[-89.0916,46.1385],[-89.4957,46.2163],[-90.1205,46.3369],[-90.1188,46.3592],[-90.1579,46.4093],[-90.1669,46.4399],[-90.2166,46.5018],[-90.2653,46.5038],[-90.3369,46.5541],[-90.3933,46.5326],[-90.4181,46.5661],[-90.4376,46.5615],[-90.5059,46.5896],[-90.538,46.5811],[-90.5862,46.5999],[-90.7373,46.6923],[-90.7553,46.6463],[-90.7948,46.6249],[-90.9056,46.5835],[-90.9515,46.597],[-90.9113,46.6631],[-90.8527,46.6996],[-90.885,46.7563],[-90.7989,46.8231],[-90.7546,46.8983],[-90.8377,46.9574],[-90.8796,46.9581],[-90.9218,46.9313],[-90.9738,46.9413],[-90.9951,46.9176],[-91.0966,46.8615],[-91.1478,46.8631],[-91.1676,46.8448],[-91.2268,46.8636],[-91.2659,46.8339],[-91.3383,46.8177],[-91.3688,46.7938],[-91.4118,46.7896],[-91.5111,46.7575],[-91.5743,46.7575],[-91.6455,46.7347],[-91.82,46.6902],[-91.887,46.6902],[-91.943,46.6799],[-92.0153,46.7065]]]]}},{"type":"Feature","properties":{"state":"OR","name":"Oregon"},"geometry":{"type":"Polygon","coordinates":[[[-123.5477,46.2591],[-123.6195,46.2153],[-123.7181,46.189],[-123.7576,46.213],[-123.8218,46.1903],[-123.8548,46.1573],[-123.9042,46.1693],[-123.927,46.1916],[-124.0103,46.2235],[-123.9741,46.1688],[-123.9334,46.0717],[-123.9279,46.0096],[-123.9375,45.9773],[-123.9937,45.9464],[-123.9676,45.9078],[-123.9615,45.8371],[-123.9686,45.757],[-123.946,45.7332],[-123.939,45.6619],[-123.9576,45.5104],[-123.9765,45.4897],[-123.9606,45.4308],[-123.9797,45.3477],[-123.9642,45.317],[-123.9754,45.1455],[-123.9895,45.094],[-124.0122,45.0769],[-124.0044,45.0462],[-124.0323,44.9008],[-124.0667,44.8312],[-124.0755,44.7714],[-124.0591,44.7377],[-124.0704,44.6835],[-124.0583,44.6589],[-124.0836,44.5011],[-124.0844,44.4156],[-124.116,44.2746],[-124.1089,44.2655],[-124.1224,44.1044],[-124.1427,43.9582],[-124.1684,43.8089],[-124.2335,43.5571],[-124.2869,43.4363],[-124.3416,43.3513],[-124.373,43.339],[-124.4028,43.3059],[-124.3825,43.2702],[-124.4017,43.1849],[-124.4345,43.116],[-124.4362,43.0713],[-124.4569,43.0003],[-124.5001,42.9175],[-124.5524,42.8406],[-124.5244,42.7898],[-124.5147,42.7368],[-124.4739,42.7327],[-124.4484,42.6899],[-124.4168,42.6616],[-124.39,42.5748],[-124.4351,42.4402],[-124.4241,42.3772],[-124.4293,42.3317],[-124.4106,42.3074],[-124.411,42.2505],[-124.3778,42.2188],[-124.361,42.1808],[-124.3562,42.115],[-124.2996,42.0517],[-124.2705,42.0456],[-124.2116,41.9985],[-124.0012,41.9961],[-123.7282,41.997],[-123.4348,42.0016],[-123.3476,41.9991],[-123.146,42.0092],[-123.0453,42.003],[-122.6347,42.0049],[-122.3782,42.0095],[-122.0003,42.004],[-121.5809,41.9987],[-121.0352,41.9933],[-120.6472,41.9931],[-120.2864,41.9931],[-119.9992,41.9945],[-119.7901,41.9975],[-119.2083,41.9932],[-118.6964,41.9918],[-118.501,41.9954],[-118.1974,41.997],[-117.626,41.9981],[-117.0262,41.9999],[-117.0266,42.3786],[-117.0267,42.6249],[-117.0267,43.0251],[-117.0267,43.5775],[-117.0266,43.8081],[-117.0211,43.859],[-116.9823,43.8688],[-116.9796,43.9153],[-116.9599,43.9829],[-116.9345,44.0212],[-116.9725,44.0488],[-116.9774,44.0854],[-116.9337,44.1],[-116.8959,44.1543],[-116.9254,44.1915],[-116.9717,44.1973],[-116.9759,44.2428],[-117.0319,44.2486],[-117.0565,44.2309],[-117.1042,44.2799],[-117.1703,44.2589],[-117.217,44.2884],[-117.1898,44.3366],[-117.2351,44.3739],[-117.2427,44.3965],[-117.2151,44.4272],[-117.2259,44.4794],[-117.1442,44.5456],[-117.1205,44.6147],[-117.0623,44.7271],[-117.0442,44.7451],[-116.9347,44.7839],[-116.8962,44.8483],[-116.8524,44.8876],[-116.832,44.933],[-116.8583,44.9788],[-116.8479,45.0226],[-116.7973,45.0603],[-116.7825,45.0958],[-116.7312,45.1399],[-116.7036,45.2398],[-116.6745,45.2763],[-116.6738,45.3215],[-116.5882,45.4429],[-116.5548,45.4629],[-116.5487,45.5104],[-116.5236,45.5466],[-116.4819,45.5779],[-116.4635,45.6158],[-116.5354,45.6917],[-116.5357,45.7342],[-116.593,45.7785],[-116.6653,45.782],[-116.6981,45.8209],[-116.7827,45.8254],[-116.7961,45.8585],[-116.8436,45.8923],[-116.8929,45.9744],[-116.916,45.9954],[-117.3377,45.9987],[-117.4751,45.9979],[-118.1262,46.0003],[-118.497,46.0006],[-118.9871,45.9999],[-119.0086,45.9793],[-119.1261,45.9329],[-119.1955,45.9279],[-119.2572,45.9399],[-119.3644,45.9216],[-119.5246,45.9086],[-119.5716,45.9255],[-119.6234,45.9056],[-119.6699,45.8569],[-119.8027,45.8475],[-119.9075,45.8281],[-119.9657,45.8244],[-120.0702,45.7852],[-120.1705,45.762],[-120.2108,45.726],[-120.2822,45.7213],[-120.404,45.6992],[-120.5059,45.7],[-120.5595,45.7383],[-120.635,45.7458],[-120.6894,45.7158],[-120.8557,45.6715],[-120.8956,45.6429],[-120.944,45.6564],[-121.0849,45.6479],[-121.132,45.6098],[-121.1838,45.6064],[-121.2158,45.6712],[-121.3378,45.7049],[-121.4017,45.6929],[-121.4628,45.7014],[-121.5331,45.7265],[-121.6312,45.7047],[-121.7351,45.694],[-121.8113,45.7068],[-121.8672,45.6933],[-121.9083,45.6544],[-122.0037,45.6159],[-122.0444,45.6095],[-122.1017,45.5835],[-122.1837,45.5777],[-122.249,45.5477],[-122.3315,45.5482],[-122.3803,45.5759],[-122.4387,45.5636],[-122.4747,45.5783],[-122.6026,45.6076],[-122.675,45.618],[-122.7638,45.6571],[-122.7745,45.6804],[-122.7601,45.7344],[-122.7695,45.7806],[-122.7956,45.81],[-122.785,45.8677],[-122.8115,45.9127],[-122.814,45.961],[-122.8781,46.0313],[-122.9041,46.0837],[-122.9627,46.1048],[-123.0042,46.1338],[-123.1159,46.1853],[-123.1664,46.189],[-123.2802,46.1448],[-123.3714,46.1464],[-123.4308,46.1818],[-123.4276,46.2293],[-123.4796,46.2691],[-123.5477,46.2591]]]}},{"type":"Feature","properties":{"state":"PA","name":"Pennsylvania"},"geometry":{"type":"Polygon","coordinates":[[[-80.5194,41.9775],[-80.5193,41.5393],[-80.5187,41.2489],[-80.5191,40.9211],[-80.519,40.6388],[-80.519,40.0958],[-80.5193,39.7214],[-79.8531,39.7207],[-79.4767,39.7211],[-79.0565,39.7229],[-78.5378,39.7226],[-78.0738,39.7225],[-77.5349,39.7203],[-76.9911,39.7201],[-76.2333,39.7216],[-75.7886,39.7222],[-75.7013,39.8029],[-75.6172,39.8342],[-75.5704,39.8392],[-75.4988,39.8334],[-75.4151,39.8019],[-75.3304,39.849],[-75.2712,39.8494],[-75.1507,39.8827],[-75.1308,39.9002],[-75.1301,39.9587],[-75.072,39.9806],[-75.047,40.0089],[-75.0079,40.0231],[-74.9322,40.0684],[-74.8638,40.0822],[-74.8163,40.1276],[-74.7887,40.1204],[-74.7257,40.1455],[-74.7704,40.2145],[-74.8423,40.2505],[-74.8682,40.2952],[-74.9397,40.338],[-74.964,40.3952],[-74.9964,40.4105],[-75.0561,40.4161],[-75.0706,40.4563],[-75.0622,40.4814],[-75.0686,40.5422],[-75.1003,40.5678],[-75.194,40.5763],[-75.1886,40.6246],[-75.2005,40.6469],[-75.1776,40.6777],[-75.2039,40.6915],[-75.1825,40.7299],[-75.1965,40.7516],[-75.1716,40.7777],[-75.1344,40.7738],[-75.1085,40.7911],[-75.0508,40.8681],[-75.1178,40.953],[-75.1306,40.9911],[-75.0258,41.0398],[-74.9822,41.1082],[-74.9232,41.1381],[-74.8821,41.1808],[-74.8674,41.2278],[-74.8384,41.2773],[-74.7532,41.3461],[-74.6949,41.3574],[-74.7134,41.3898],[-74.7586,41.4233],[-74.8887,41.4383],[-74.9092,41.4724],[-74.9817,41.4799],[-74.9844,41.5066],[-75.0185,41.5518],[-75.0746,41.6057],[-75.0442,41.618],[-75.0534,41.7525],[-75.1046,41.7742],[-75.0858,41.8116],[-75.1144,41.8436],[-75.1615,41.8498],[-75.1978,41.8688],[-75.2237,41.8575],[-75.2638,41.8708],[-75.2791,41.9389],[-75.3104,41.949],[-75.3596,41.9994],[-75.7422,41.9979],[-76.3437,41.9983],[-76.7497,42.0017],[-77.1247,41.9994],[-77.5053,42.0001],[-77.832,41.9985],[-78.1247,42.0005],[-78.2712,41.999],[-78.5967,41.9999],[-78.8748,41.9976],[-79.1786,41.9995],[-79.4725,41.9983],[-79.7613,41.9988],[-79.762,42.2699],[-79.8447,42.2355],[-79.9313,42.2067],[-80.0611,42.1449],[-80.0885,42.1732],[-80.1362,42.1499],[-80.1541,42.1148],[-80.1881,42.0943],[-80.33,42.0362],[-80.5194,41.9775]]]}},{"type":"Feature","properties":{"state":"MS","name":"Mississippi"},"geometry":{"type":"MultiPolygon","coordinates":[[[[-88.772,30.2455],[-88.6718,30.2232],[-88.6113,30.217],[-88.6088,30.232],[-88.715,30.257],[-88.772,30.2455]]],[[[-89.1598,30.2389],[-89.1087,30.206],[-89.0849,30.2379],[-89.1598,30.2389]]],[[[-91.1661,33.0041],[-91.2018,32.9612],[-91.2128,32.9221],[-91.16,32.8999],[-91.1313,32.93],[-91.1355,32.9797],[-91.0868,32.9763],[-91.0648,32.9265],[-91.0706,32.8887],[-91.1056,32.8584],[-91.145,32.8429],[-91.1617,32.8125],[-91.1653,32.7513],[-91.0608,32.7275],[-91.0639,32.7029],[-91.1183,32.6741],[-91.1527,32.6408],[-91.1462,32.6041],[-91.1186,32.5851],[-91.0498,32.6072],[-91.0258,32.6466],[-91.0046,32.6098],[-91.0708,32.5485],[-90.9949,32.5086],[-91.0042,32.4821],[-91.0381,32.4904],[-91.0979,32.5448],[-91.1167,32.5001],[-91.0953,32.4587],[-91.0296,32.4335],[-90.9939,32.4508],[-90.9665,32.4339],[-90.9941,32.4039],[-91.0045,32.3681],[-90.9867,32.3518],[-90.9124,32.3395],[-90.8937,32.3281],[-90.9478,32.2835],[-90.9762,32.2965],[-90.9834,32.2118],[-91.0343,32.2415],[-91.0614,32.2186],[-91.0837,32.2265],[-91.1173,32.2067],[-91.1642,32.1969],[-91.1746,32.155],[-91.1628,32.1327],[-91.0532,32.1242],[-91.0502,32.1785],[-91.0062,32.157],[-91.0386,32.0983],[-91.08,32.0792],[-91.0987,32.0484],[-91.1286,32.0766],[-91.1451,32.0466],[-91.0955,32.0375],[-91.0759,32.0168],[-91.1174,31.9871],[-91.1644,31.9826],[-91.1883,31.961],[-91.201,31.9092],[-91.2349,31.8769],[-91.2677,31.8627],[-91.2456,31.8332],[-91.2894,31.8287],[-91.2947,31.8605],[-91.3457,31.8429],[-91.3647,31.7703],[-91.263,31.767],[-91.2755,31.7455],[-91.3551,31.7416],[-91.3971,31.7114],[-91.3957,31.6442],[-91.4211,31.6116],[-91.4638,31.6204],[-91.4977,31.6454],[-91.5166,31.6118],[-91.4852,31.5862],[-91.4227,31.5971],[-91.4079,31.5694],[-91.45,31.5397],[-91.5158,31.5309],[-91.5134,31.4444],[-91.4721,31.3959],[-91.4789,31.365],[-91.516,31.3703],[-91.5485,31.4327],[-91.5783,31.3991],[-91.5499,31.3763],[-91.549,31.3473],[-91.51,31.3168],[-91.5186,31.2753],[-91.5745,31.2613],[-91.6377,31.2677],[-91.6444,31.2344],[-91.5901,31.1937],[-91.5971,31.1635],[-91.626,31.1169],[-91.5676,31.0702],[-91.5644,31.039],[-91.6251,30.9992],[-91.1083,30.9989],[-90.7345,30.9992],[-90.3805,30.9999],[-89.7526,31.0019],[-89.7277,30.9933],[-89.7563,30.9435],[-89.7501,30.9129],[-89.7736,30.8969],[-89.8046,30.8025],[-89.8315,30.7676],[-89.8281,30.725],[-89.8458,30.7073],[-89.8181,30.634],[-89.8197,30.5968],[-89.7796,30.5443],[-89.7681,30.515],[-89.7246,30.4919],[-89.6834,30.4518],[-89.6837,30.4059],[-89.6572,30.3565],[-89.6297,30.3393],[-89.6417,30.3038],[-89.6171,30.2275],[-89.5702,30.1803],[-89.5245,30.1808],[-89.4802,30.1938],[-89.4479,30.1854],[-89.4193,30.2543],[-89.3837,30.2678],[-89.3299,30.3029],[-89.3325,30.3379],[-89.3532,30.3688],[-89.3151,30.3754],[-89.2798,30.3498],[-89.2918,30.3281],[-89.2718,30.3055],[-89.0832,30.3681],[-89.0163,30.3839],[-88.922,30.3938],[-88.8805,30.3866],[-88.8188,30.3606],[-88.8116,30.3849],[-88.7469,30.3476],[-88.7006,30.3437],[-88.6638,30.3621],[-88.6,30.3566],[-88.5819,30.3311],[-88.5362,30.3433],[-88.5048,30.3215],[-88.4538,30.3296],[-88.4465,30.3478],[-88.395,30.3694],[-88.4186,30.8665],[-88.439,31.2469],[-88.4644,31.6979],[-88.4732,31.8939],[-88.4038,32.4498],[-88.3733,32.7118],[-88.3309,33.0731],[-88.2774,33.5124],[-88.2523,33.7196],[-88.2107,34.0292],[-88.1656,34.3831],[-88.1343,34.6227],[-88.1184,34.7243],[-88.0979,34.8922],[-88.1546,34.9224],[-88.2001,34.9956],[-88.851,34.9951],[-89.1568,34.9939],[-89.435,34.9938],[-89.8485,34.9942],[-90.3093,34.9957],[-90.2964,34.9763],[-90.2501,34.9512],[-90.2501,34.9073],[-90.3135,34.8717],[-90.4149,34.8318],[-90.4366,34.8827],[-90.4662,34.891],[-90.4839,34.8613],[-90.4569,34.8234],[-90.4746,34.7932],[-90.4512,34.7478],[-90.5017,34.7242],[-90.5219,34.7485],[-90.5013,34.7699],[-90.5147,34.8018],[-90.5479,34.7792],[-90.5427,34.7526],[-90.5672,34.7335],[-90.5461,34.7021],[-90.4671,34.6956],[-90.466,34.6743],[-90.5172,34.6309],[-90.5476,34.6317],[-90.5527,34.6884],[-90.5884,34.671],[-90.5872,34.6157],[-90.5459,34.5633],[-90.5457,34.5377],[-90.5811,34.5128],[-90.5899,34.4848],[-90.5665,34.4295],[-90.6139,34.3907],[-90.6585,34.3757],[-90.6574,34.3273],[-90.6931,34.3226],[-90.6832,34.3688],[-90.7562,34.3673],[-90.7652,34.3428],[-90.7409,34.3065],[-90.7652,34.2805],[-90.8029,34.2825],[-90.8324,34.2675],[-90.8478,34.2065],[-90.8791,34.2154],[-90.9071,34.2445],[-90.9327,34.2148],[-90.8879,34.182],[-90.8166,34.183],[-90.8226,34.1441],[-90.8646,34.1406],[-90.91,34.1655],[-90.9543,34.1385],[-90.9463,34.1094],[-90.8705,34.0827],[-90.889,34.0298],[-90.9879,34.019],[-90.9615,33.9799],[-91.0001,33.9664],[-91.0189,34.0032],[-91.0879,33.9753],[-91.0785,33.9541],[-91.0108,33.9256],[-91.0709,33.8667],[-91.0468,33.8154],[-91.0001,33.7995],[-91.0001,33.7692],[-91.0539,33.7787],[-91.1073,33.7706],[-91.1339,33.7828],[-91.1447,33.7268],[-91.1177,33.7053],[-91.0683,33.7165],[-91.0346,33.673],[-91.0841,33.6573],[-91.1305,33.6745],[-91.1609,33.7071],[-91.2206,33.6929],[-91.219,33.6615],[-91.1712,33.6478],[-91.1392,33.6257],[-91.1316,33.5995],[-91.2285,33.5647],[-91.2323,33.5528],[-91.1831,33.4986],[-91.2352,33.439],[-91.2068,33.4338],[-91.1694,33.4526],[-91.164,33.4974],[-91.1251,33.4728],[-91.1319,33.4301],[-91.209,33.4036],[-91.1663,33.3797],[-91.1138,33.3931],[-91.0865,33.4516],[-91.0582,33.4287],[-91.0753,33.406],[-91.1422,33.349],[-91.1416,33.2995],[-91.1106,33.2459],[-91.067,33.2872],[-91.0504,33.2512],[-91.0829,33.2216],[-91.0876,33.1452],[-91.1043,33.1316],[-91.1837,33.1417],[-91.2015,33.1096],[-91.1246,33.0641],[-91.1257,33.0383],[-91.1661,33.0041]]]]}},{"type":"Feature","properties":{"state":"MO","name":"Missouri"},"geometry":{"type":"Polygon","coordinates":[[[-95.7656,40.5852],[-95.7571,40.526],[-95.6972,40.5285],[-95.6931,40.4694],[-95.6582,40.4419],[-95.6615,40.4159],[-95.6104,40.314],[-95.5533,40.2912],[-95.5563,40.2708],[-95.4697,40.2279],[-95.4763,40.182],[-95.3987,40.1264],[-95.4216,40.059],[-95.4136,40.0384],[-95.364,40.0315],[-95.3083,40.0],[-95.3025,39.9844],[-95.2414,39.9449],[-95.2013,39.9342],[-95.2057,39.9083],[-95.1438,39.9019],[-95.1406,39.8817],[-95.0815,39.8617],[-95.0378,39.8655],[-95.0187,39.8974],[-94.9593,39.9017],[-94.9279,39.8861],[-94.9426,39.8566],[-94.8869,39.8331],[-94.8763,39.8069],[-94.9256,39.7898],[-94.9168,39.7609],[-94.8607,39.7631],[-94.8756,39.7305],[-94.9026,39.7242],[-94.9553,39.7457],[-94.969,39.693],[-95.0276,39.6655],[-95.0552,39.6217],[-95.0569,39.5806],[-95.1075,39.5738],[-95.1029,39.5333],[-95.0498,39.4944],[-95.0334,39.4609],[-94.9902,39.4462],[-94.9231,39.3845],[-94.8791,39.3757],[-94.9106,39.3483],[-94.9,39.3002],[-94.8463,39.2685],[-94.8257,39.2417],[-94.8238,39.2099],[-94.7873,39.2077],[-94.7365,39.1692],[-94.6872,39.1835],[-94.6624,39.1576],[-94.6158,39.16],[-94.5899,39.1404],[-94.607,39.1194],[-94.6076,38.8276],[-94.6119,38.6205],[-94.6127,38.2176],[-94.6146,37.9444],[-94.6177,37.773],[-94.6168,37.5215],[-94.618,36.9989],[-94.6179,36.4994],[-94.1115,36.4986],[-93.7189,36.4992],[-93.126,36.4979],[-92.7723,36.4978],[-92.3503,36.4978],[-91.9858,36.4984],[-91.5369,36.4992],[-91.4049,36.4971],[-91.1265,36.4977],[-90.693,36.4985],[-90.1525,36.498],[-90.1341,36.4366],[-90.1437,36.4244],[-90.0661,36.3863],[-90.0635,36.3569],[-90.08,36.3186],[-90.064,36.303],[-90.0837,36.2723],[-90.1149,36.2656],[-90.1264,36.2294],[-90.1829,36.2051],[-90.2354,36.1592],[-90.2356,36.1395],[-90.2945,36.1129],[-90.3192,36.09],[-90.3513,36.0269],[-90.3779,35.9957],[-89.7331,36.0006],[-89.7069,36.001],[-89.6873,36.034],[-89.68,36.0825],[-89.594,36.1272],[-89.607,36.1712],[-89.6926,36.225],[-89.6952,36.2528],[-89.5873,36.2395],[-89.5347,36.2526],[-89.5355,36.2705],[-89.6118,36.3091],[-89.6107,36.3404],[-89.5318,36.3392],[-89.5097,36.3736],[-89.5423,36.4201],[-89.5227,36.4813],[-89.5392,36.4979],[-89.5712,36.5473],[-89.5526,36.5772],[-89.4848,36.5718],[-89.4659,36.5299],[-89.4854,36.4975],[-89.4642,36.4572],[-89.4173,36.499],[-89.3755,36.6157],[-89.3267,36.6322],[-89.2583,36.5649],[-89.2273,36.5694],[-89.1977,36.6289],[-89.1591,36.6664],[-89.1995,36.716],[-89.1978,36.7394],[-89.1669,36.7596],[-89.1261,36.7517],[-89.1168,36.7756],[-89.1774,36.8073],[-89.1734,36.8398],[-89.138,36.8473],[-89.1008,36.944],[-89.1095,36.9766],[-89.1329,36.9821],[-89.1921,36.98],[-89.1985,37.0117],[-89.2599,37.0641],[-89.3014,37.045],[-89.2576,37.0155],[-89.2921,36.9922],[-89.3172,37.0128],[-89.3783,37.0396],[-89.3756,37.0859],[-89.4145,37.1251],[-89.4619,37.1995],[-89.4607,37.2506],[-89.4899,37.2513],[-89.5183,37.2855],[-89.4912,37.3314],[-89.436,37.3444],[-89.4225,37.3971],[-89.4341,37.4268],[-89.4712,37.4665],[-89.5164,37.5356],[-89.5165,37.5845],[-89.4784,37.5989],[-89.5177,37.6412],[-89.512,37.6855],[-89.5833,37.7133],[-89.6173,37.7497],[-89.668,37.7595],[-89.6604,37.7863],[-89.7399,37.8469],[-89.7961,37.8595],[-89.798,37.8797],[-89.8448,37.9056],[-89.9018,37.8698],[-89.9525,37.8832],[-89.9742,37.9192],[-89.9421,37.9701],[-90.0084,37.9702],[-90.0573,38.0144],[-90.0938,38.0178],[-90.1308,38.0623],[-90.1722,38.0696],[-90.2431,38.1127],[-90.2749,38.1576],[-90.3224,38.1816],[-90.3539,38.2139],[-90.3739,38.2819],[-90.3725,38.3234],[-90.3497,38.3776],[-90.2953,38.4268],[-90.2603,38.5284],[-90.2242,38.5751],[-90.1918,38.599],[-90.1788,38.6292],[-90.1826,38.6653],[-90.212,38.7117],[-90.1664,38.7726],[-90.1231,38.798],[-90.1133,38.8493],[-90.1976,38.8876],[-90.2502,38.9193],[-90.3095,38.9241],[-90.3831,38.9555],[-90.4508,38.9678],[-90.544,38.8751],[-90.5834,38.869],[-90.6251,38.8887],[-90.6614,38.925],[-90.6782,38.9919],[-90.7125,39.0571],[-90.6827,39.0883],[-90.7091,39.1551],[-90.727,39.2512],[-90.7935,39.3095],[-90.8401,39.3404],[-90.9938,39.423],[-91.0594,39.4689],[-91.0643,39.4946],[-91.1003,39.5387],[-91.1483,39.5458],[-91.1859,39.6051],[-91.2412,39.6301],[-91.2761,39.6658],[-91.37,39.7325],[-91.3617,39.7851],[-91.378,39.8113],[-91.4295,39.8378],[-91.4478,39.878],[-91.4209,39.9149],[-91.4949,40.0365],[-91.4896,40.0574],[-91.5103,40.128],[-91.5065,40.2363],[-91.4621,40.3424],[-91.4194,40.3783],[-91.4845,40.3839],[-91.5246,40.4108],[-91.5286,40.459],[-91.5638,40.461],[-91.6169,40.5048],[-91.6252,40.5435],[-91.6817,40.553],[-91.6888,40.5834],[-91.7291,40.6136],[-92.0964,40.6018],[-92.7574,40.5889],[-92.9416,40.5877],[-93.2606,40.5808],[-93.5483,40.5804],[-94.0341,40.5736],[-94.4893,40.5707],[-94.632,40.5712],[-94.9917,40.5757],[-95.5254,40.5821],[-95.7656,40.5852]]]}},{"type":"Feature","properties":{"state":"NC","name":"North Carolina"},"geometry":{"type":"MultiPolygon","coordinates":[[[[-75.7268,35.9358],[-75.6606,35.8625],[-75.6679,35.8235],[-75.6144,35.8157],[-75.6168,35.8563],[-75.6595,35.9196],[-75.6911,35.9369],[-75.7268,35.9358]]],[[[-76.0136,35.0688],[-75.9447,35.1051],[-75.7697,35.1804],[-75.6101,35.2275],[-75.5259,35.2338],[-75.5022,35.32],[-75.4714,35.4796],[-75.4587,35.5966],[-75.4791,35.6786],[-75.5024,35.7429],[-75.5175,35.736],[-75.5074,35.6806],[-75.4786,35.5993],[-75.4786,35.5531],[-75.5067,35.3871],[-75.5357,35.2729],[-75.5819,35.2639],[-75.6409,35.2339],[-75.6875,35.2312],[-75.718,35.2094],[-75.8939,35.1504],[-75.9547,35.1196],[-75.9839,35.12],[-76.0136,35.0688]]],[[[-81.6775,36.5881],[-81.708,36.5362],[-81.6953,36.4679],[-81.7149,36.4572],[-81.7383,36.4108],[-81.7227,36.3548],[-81.7661,36.3385],[-81.7953,36.3578],[-81.8573,36.3348],[-81.9081,36.302],[-82.0331,36.1204],[-82.0797,36.1065],[-82.1306,36.1064],[-82.1479,36.1495],[-82.2049,36.1571],[-82.2475,36.1309],[-82.2895,36.1357],[-82.3552,36.1156],[-82.4095,36.0834],[-82.4607,36.0078],[-82.5054,35.9777],[-82.5497,35.9643],[-82.6109,35.9674],[-82.6151,36.0003],[-82.5949,36.0296],[-82.6323,36.0657],[-82.6836,36.0461],[-82.7853,35.9879],[-82.7875,35.9522],[-82.826,35.9297],[-82.8526,35.9491],[-82.8985,35.9451],[-82.9117,35.9147],[-82.9013,35.8726],[-82.9455,35.8247],[-82.9641,35.79],[-82.9921,35.7739],[-83.0787,35.7895],[-83.1202,35.7662],[-83.1592,35.7649],[-83.1857,35.7299],[-83.2407,35.7268],[-83.2556,35.6961],[-83.3128,35.6548],[-83.335,35.6655],[-83.3669,35.6387],[-83.4458,35.6118],[-83.4983,35.563],[-83.5661,35.566],[-83.6019,35.5782],[-83.6297,35.5679],[-83.7717,35.5621],[-83.8256,35.5238],[-83.8826,35.5172],[-83.9118,35.476],[-83.9611,35.4641],[-84.0215,35.4042],[-84.0076,35.3717],[-84.0381,35.3484],[-84.0214,35.3014],[-84.0557,35.2682],[-84.0975,35.2474],[-84.1991,35.2437],[-84.2237,35.2691],[-84.2902,35.2256],[-84.3219,34.9884],[-84.1296,34.9875],[-83.62,34.9866],[-83.6202,34.9921],[-83.3228,34.9959],[-83.1086,35.0007],[-82.7833,35.0856],[-82.7542,35.0696],[-82.727,35.0941],[-82.6949,35.0985],[-82.6097,35.139],[-82.5699,35.1453],[-82.4601,35.1781],[-82.4197,35.1986],[-82.3797,35.1869],[-82.2749,35.2001],[-82.1769,35.1938],[-81.7163,35.1789],[-81.2417,35.1601],[-81.0436,35.1499],[-81.033,35.1137],[-81.0572,35.0861],[-81.0415,35.0447],[-80.935,35.1074],[-80.782,34.9358],[-80.7975,34.8198],[-80.4998,34.8173],[-79.8707,34.8054],[-79.6753,34.8047],[-79.3583,34.5454],[-79.2498,34.4498],[-78.8747,34.1344],[-78.5411,33.8511],[-78.509,33.8655],[-78.384,33.9019],[-78.2761,33.9124],[-78.1777,33.9143],[-78.0954,33.906],[-78.0187,33.8883],[-78.0068,33.8587],[-77.9602,33.8533],[-77.9466,33.9123],[-77.9155,33.9717],[-77.8782,34.068],[-77.8292,34.1626],[-77.7401,34.2725],[-77.6617,34.3419],[-77.5823,34.4005],[-77.4629,34.4714],[-77.3225,34.5356],[-77.2092,34.605],[-77.1368,34.6329],[-77.0311,34.6612],[-76.9063,34.6828],[-76.77,34.6969],[-76.6763,34.6932],[-76.5493,34.6456],[-76.5552,34.616],[-76.5359,34.5886],[-76.4941,34.662],[-76.3868,34.7846],[-76.3102,34.8523],[-76.2331,34.9055],[-76.1373,34.9879],[-76.0359,35.059],[-76.0699,35.0757],[-76.0933,35.0487],[-76.2337,34.9259],[-76.3228,34.8612],[-76.4397,34.7585],[-76.4438,34.7464],[-76.5233,34.6523],[-76.6735,34.7076],[-76.6166,34.7141],[-76.6206,34.7844],[-76.5824,34.7678],[-76.5862,34.6988],[-76.5247,34.682],[-76.5019,34.7427],[-76.463,34.7851],[-76.4495,34.8148],[-76.3477,34.8722],[-76.2777,34.94],[-76.2962,34.9867],[-76.2884,35.0057],[-76.3523,35.0331],[-76.332,34.9709],[-76.3956,34.9752],[-76.4255,35.0015],[-76.4358,35.0579],[-76.4745,35.0701],[-76.5026,35.0072],[-76.5881,34.9914],[-76.6351,34.9891],[-76.7629,34.9204],[-76.8935,34.9575],[-76.9774,35.0049],[-76.9829,35.0606],[-76.8014,34.9644],[-76.6398,35.051],[-76.6004,35.0679],[-76.5465,35.1229],[-76.5397,35.1668],[-76.4948,35.2129],[-76.4678,35.2612],[-76.4723,35.2949],[-76.5004,35.3219],[-76.664,35.3457],[-76.8919,35.4336],[-76.9667,35.4378],[-77.0266,35.4906],[-77.0246,35.5151],[-76.942,35.4735],[-76.8309,35.4479],[-76.7592,35.4189],[-76.7101,35.4272],[-76.606,35.3871],[-76.5802,35.3871],[-76.6015,35.4608],[-76.6345,35.5103],[-76.6004,35.5385],[-76.5568,35.5289],[-76.4836,35.5382],[-76.4767,35.5117],[-76.5863,35.509],[-76.5403,35.4107],[-76.4858,35.3714],[-76.4487,35.3837],[-76.4318,35.3624],[-76.3408,35.3466],[-76.3048,35.3556],[-76.2654,35.3433],[-76.1429,35.3287],[-76.1328,35.3495],[-76.0693,35.3708],[-76.0637,35.4051],[-76.0114,35.4231],[-75.9957,35.4754],[-75.9631,35.4939],[-75.9456,35.5344],[-75.9164,35.5383],[-75.895,35.5732],[-75.8596,35.5866],[-75.8372,35.5709],[-75.7781,35.5923],[-75.7298,35.626],[-75.7416,35.6721],[-75.7135,35.694],[-75.7394,35.771],[-75.7267,35.8114],[-75.752,35.8782],[-75.7825,35.9356],[-75.8499,35.9762],[-75.8994,35.9772],[-75.9473,35.9598],[-75.9268,35.9404],[-75.9778,35.8972],[-75.9871,35.837],[-75.9869,35.7682],[-76.013,35.6701],[-76.0468,35.7179],[-76.0505,35.8067],[-76.0632,35.8534],[-76.0144,35.9207],[-76.0142,35.9572],[-76.0621,35.993],[-76.1766,35.9933],[-76.2724,35.9727],[-76.3177,35.9469],[-76.363,35.9422],[-76.3982,35.9843],[-76.4606,35.9704],[-76.5286,35.944],[-76.6739,35.9351],[-76.7002,35.9646],[-76.6797,35.992],[-76.723,36.0666],[-76.7521,36.1473],[-76.7444,36.2127],[-76.6933,36.2784],[-76.6755,36.2669],[-76.7194,36.1994],[-76.7214,36.1478],[-76.6765,36.0436],[-76.6154,36.0378],[-76.5759,36.0062],[-76.5143,36.0056],[-76.4593,36.0243],[-76.4109,36.078],[-76.3235,36.0849],[-76.265,36.1049],[-76.2166,36.0954],[-76.1789,36.1234],[-76.0717,36.1402],[-76.0593,36.1493],[-76.0801,36.1994],[-76.1159,36.2142],[-76.1495,36.2639],[-76.132,36.2878],[-76.0815,36.2379],[-76.0543,36.2292],[-76.017,36.1864],[-75.939,36.1655],[-75.956,36.1981],[-75.9107,36.2122],[-75.8639,36.1592],[-75.8678,36.1273],[-75.8478,36.102],[-75.7998,36.0726],[-75.8004,36.1127],[-75.8399,36.1771],[-75.8384,36.2001],[-75.9235,36.3678],[-75.9236,36.4258],[-75.9623,36.4172],[-76.0202,36.4586],[-76.0426,36.5106],[-75.9862,36.5257],[-75.9898,36.4939],[-75.8999,36.4821],[-75.8883,36.4416],[-75.8515,36.4158],[-75.8525,36.3847],[-75.8319,36.339],[-75.8453,36.3056],[-75.8145,36.2853],[-75.8116,36.244],[-75.7933,36.2264],[-75.7589,36.1522],[-75.7237,36.0031],[-75.6789,35.9939],[-75.6472,35.9543],[-75.5631,35.7993],[-75.5698,35.8633],[-75.6585,36.0204],[-75.7183,36.1137],[-75.7725,36.2294],[-75.8187,36.3576],[-75.867,36.5508],[-76.3132,36.5506],[-76.8071,36.5506],[-76.916,36.5438],[-77.2969,36.5447],[-77.7497,36.5455],[-78.1333,36.5438],[-78.51,36.5411],[-78.9792,36.5421],[-79.5106,36.5407],[-79.8873,36.5428],[-80.2952,36.544],[-80.7048,36.5623],[-80.8376,36.5591],[-81.3075,36.575],[-81.3748,36.5747],[-81.6775,36.5881]]]]}},{"type":"Feature","properties":{"state":"OK","name":"Oklahoma"},"geometry":{"type":"Polygon","coordinates":[[[-103.0022,37.0001],[-103.0024,36.5004],[-102.2505,36.5004],[-101.6239,36.4995],[-101.0852,36.4992],[-100.5222,36.4993],[-100.0004,36.4997],[-100.0004,36.0557],[-100.0004,35.6191],[-100.0004,35.0304],[-100.0004,34.5605],[-99.9457,34.5793],[-99.8871,34.549],[-99.8531,34.5116],[-99.7542,34.4213],[-99.6965,34.381],[-99.6,34.3747],[-99.5801,34.4167],[-99.4999,34.4096],[-99.4408,34.3741],[-99.3973,34.3779],[-99.395,34.4421],[-99.381,34.4569],[-99.3287,34.4224],[-99.2613,34.4035],[-99.2749,34.3849],[-99.2131,34.3404],[-99.2076,34.2835],[-99.1895,34.2143],[-99.1192,34.2017],[-99.0795,34.2115],[-99.0435,34.1982],[-99.0008,34.2176],[-98.9504,34.2117],[-98.9093,34.1775],[-98.8068,34.1559],[-98.7656,34.1364],[-98.6901,34.1332],[-98.6481,34.1644],[-98.5771,34.149],[-98.5042,34.0724],[-98.4863,34.0626],[-98.4178,34.083],[-98.3984,34.1285],[-98.364,34.1571],[-98.3002,34.1346],[-98.241,34.1331],[-98.1691,34.1142],[-98.1095,34.1541],[-98.0902,34.1302],[-98.1194,34.0845],[-98.0828,34.0024],[-98.0195,33.9938],[-97.9717,34.0054],[-97.946,33.9884],[-97.9604,33.9519],[-97.9678,33.8824],[-97.9367,33.8792],[-97.8658,33.8494],[-97.8343,33.8577],[-97.7323,33.9367],[-97.6979,33.9773],[-97.6718,33.9914],[-97.6338,33.9813],[-97.5888,33.9519],[-97.597,33.9202],[-97.5515,33.8979],[-97.501,33.9196],[-97.4604,33.9039],[-97.4515,33.8709],[-97.4629,33.8418],[-97.4265,33.8194],[-97.3729,33.8195],[-97.3365,33.8728],[-97.2992,33.8802],[-97.2715,33.8626],[-97.2462,33.9003],[-97.2109,33.9161],[-97.1796,33.8923],[-97.1666,33.8473],[-97.1975,33.8298],[-97.2054,33.8015],[-97.1722,33.7375],[-97.1261,33.7169],[-97.0972,33.7278],[-97.0852,33.7655],[-97.0948,33.7985],[-97.0578,33.8345],[-97.0239,33.8442],[-96.9856,33.8865],[-96.995,33.932],[-96.9221,33.9596],[-96.8994,33.9337],[-96.8957,33.8964],[-96.8664,33.8531],[-96.8322,33.8748],[-96.7943,33.8689],[-96.7616,33.8244],[-96.7124,33.8316],[-96.6907,33.85],[-96.6734,33.9123],[-96.5973,33.8751],[-96.6232,33.8415],[-96.5729,33.8191],[-96.5267,33.8209],[-96.5003,33.7726],[-96.4226,33.776],[-96.4035,33.7463],[-96.3427,33.687],[-96.31,33.7105],[-96.3017,33.7538],[-96.2773,33.7697],[-96.229,33.748],[-96.1695,33.7701],[-96.1481,33.8378],[-96.1001,33.848],[-96.0488,33.8365],[-95.9413,33.8616],[-95.9352,33.8871],[-95.8282,33.8361],[-95.8008,33.8612],[-95.7535,33.8565],[-95.7564,33.8926],[-95.7135,33.8851],[-95.67,33.9058],[-95.637,33.9066],[-95.5997,33.9342],[-95.5634,33.9322],[-95.5333,33.8812],[-95.4078,33.8663],[-95.2948,33.8754],[-95.2531,33.9054],[-95.2529,33.9336],[-95.2305,33.9608],[-95.1311,33.9369],[-95.0904,33.8933],[-95.0611,33.8953],[-95.049,33.8641],[-94.9644,33.837],[-94.9196,33.7863],[-94.8308,33.7401],[-94.7751,33.755],[-94.7372,33.7047],[-94.7079,33.6869],[-94.6523,33.691],[-94.5521,33.6535],[-94.5207,33.6166],[-94.4859,33.6379],[-94.4703,34.1899],[-94.4575,34.643],[-94.4491,34.8906],[-94.4312,35.3943],[-94.5227,35.9343],[-94.5862,36.3],[-94.6179,36.4994],[-94.618,36.9989],[-94.9953,36.9995],[-95.4077,36.9992],[-96.0008,36.9989],[-96.5003,36.9986],[-97.0301,36.9989],[-97.4623,36.9987],[-98.034,36.9984],[-98.3541,36.998],[-99.0293,36.9996],[-99.6487,36.9996],[-100.2017,37.0021],[-100.7345,36.9991],[-101.3578,36.9963],[-102.0422,36.9931],[-102.6981,36.9951],[-102.8171,36.9998],[-103.0022,37.0001]]]}},{"type":"Feature","properties":{"state":"WV","name":"West Virginia"},"geometry":{"type":"Polygon","coordinates":[[[-82.5937,38.4218],[-82.598,38.3449],[-82.5719,38.3158],[-82.5747,38.2639],[-82.6125,38.2346],[-82.5984,38.2174],[-82.6113,38.1715],[-82.6373,38.1391],[-82.5857,38.107],[-82.5513,38.0708],[-82.5178,38.0025],[-82.4643,37.9834],[-82.5019,37.9332],[-82.4746,37.9003],[-82.4215,37.8857],[-82.4205,37.8468],[-82.3405,37.7861],[-82.3333,37.7412],[-82.2963,37.6871],[-82.2571,37.6567],[-82.2261,37.6531],[-82.2135,37.6254],[-82.1814,37.6218],[-82.1567,37.5928],[-82.132,37.5935],[-82.1166,37.5596],[-82.0732,37.555],[-82.0548,37.5368],[-81.9683,37.5378],[-81.9412,37.5095],[-81.9966,37.4767],[-81.987,37.4549],[-81.9494,37.4457],[-81.9325,37.4152],[-81.9285,37.3606],[-81.8545,37.3066],[-81.8536,37.2877],[-81.7618,37.2757],[-81.7385,37.2383],[-81.6782,37.2015],[-81.5606,37.2067],[-81.4483,37.2706],[-81.4167,37.2732],[-81.3985,37.3106],[-81.3622,37.3377],[-81.3201,37.2993],[-81.2251,37.2349],[-81.167,37.2629],[-81.1126,37.2785],[-80.9796,37.3023],[-80.9479,37.2959],[-80.8495,37.3469],[-80.8832,37.3839],[-80.857,37.4271],[-80.7842,37.3946],[-80.7701,37.3724],[-80.7052,37.3946],[-80.552,37.4736],[-80.5151,37.4786],[-80.4756,37.4229],[-80.2998,37.5083],[-80.3285,37.5643],[-80.2589,37.5955],[-80.221,37.6278],[-80.2675,37.6461],[-80.2961,37.6918],[-80.252,37.7298],[-80.2574,37.7561],[-80.2305,37.7783],[-80.2186,37.8098],[-80.1622,37.8751],[-80.1419,37.8826],[-80.0745,37.9422],[-80.0025,37.9928],[-79.9263,38.1072],[-79.929,38.1398],[-79.8984,38.193],[-79.8464,38.24],[-79.7875,38.2733],[-79.8101,38.305],[-79.7441,38.354],[-79.6897,38.4314],[-79.699,38.4751],[-79.6491,38.5915],[-79.5369,38.5509],[-79.4766,38.4572],[-79.3123,38.4119],[-79.2797,38.4242],[-79.2106,38.4929],[-79.2059,38.5245],[-79.1635,38.5831],[-79.1298,38.655],[-79.093,38.6595],[-79.0928,38.7023],[-79.0726,38.7475],[-79.0273,38.7921],[-78.994,38.8501],[-78.8693,38.763],[-78.788,38.8851],[-78.7389,38.9273],[-78.7162,38.9048],[-78.6805,38.9253],[-78.6466,38.9681],[-78.6017,38.9646],[-78.5505,39.0181],[-78.5719,39.032],[-78.4784,39.1098],[-78.4599,39.1134],[-78.4037,39.1675],[-78.4387,39.198],[-78.3998,39.2441],[-78.4194,39.2575],[-78.36,39.3178],[-78.3405,39.3535],[-78.3471,39.466],[-78.1582,39.3434],[-77.8282,39.1323],[-77.7936,39.2101],[-77.7714,39.2368],[-77.7473,39.295],[-77.7195,39.3213],[-77.7576,39.3354],[-77.7363,39.3877],[-77.7531,39.4233],[-77.7877,39.4292],[-77.7952,39.481],[-77.8392,39.4964],[-77.8411,39.5195],[-77.8864,39.5519],[-77.8422,39.5643],[-77.838,39.6061],[-77.887,39.6133],[-77.9764,39.5999],[-78.0113,39.6041],[-78.0775,39.6689],[-78.1714,39.6956],[-78.2541,39.6401],[-78.2668,39.6188],[-78.3519,39.6405],[-78.3625,39.626],[-78.4205,39.624],[-78.4206,39.6032],[-78.4544,39.5743],[-78.4265,39.5592],[-78.4629,39.5208],[-78.5659,39.5194],[-78.623,39.5395],[-78.6895,39.5458],[-78.7675,39.5875],[-78.7775,39.6217],[-78.826,39.5888],[-78.8747,39.5226],[-78.9533,39.4636],[-78.9555,39.4423],[-79.0339,39.4678],[-79.0463,39.4838],[-79.0954,39.4625],[-79.1298,39.4199],[-79.2539,39.3372],[-79.387,39.2655],[-79.4398,39.2171],[-79.4869,39.206],[-79.4826,39.5214],[-79.4789,39.5317],[-79.4767,39.7211],[-79.8531,39.7207],[-80.5193,39.7214],[-80.519,40.0958],[-80.519,40.6388],[-80.5767,40.6142],[-80.6272,40.6199],[-80.6669,40.5737],[-80.6275,40.5358],[-80.5992,40.4826],[-80.6112,40.4378],[-80.5999,40.3177],[-80.6225,40.2618],[-80.6615,40.2298],[-80.6681,40.1997],[-80.7046,40.1548],[-80.7102,40.0996],[-80.7386,40.0757],[-80.7309,40.0492],[-80.7401,39.9708],[-80.7645,39.9466],[-80.7559,39.9166],[-80.8034,39.9188],[-80.7931,39.8638],[-80.827,39.8417],[-80.8261,39.7986],[-80.863,39.7752],[-80.8653,39.7533],[-80.8316,39.7195],[-80.8617,39.6936],[-80.8804,39.6207],[-80.9333,39.6148],[-81.0239,39.5523],[-81.1008,39.4872],[-81.1344,39.4451],[-81.1859,39.4307],[-81.2236,39.3861],[-81.2707,39.3859],[-81.3476,39.3458],[-81.3959,39.3556],[-81.4067,39.3881],[-81.4561,39.4093],[-81.5575,39.3388],[-81.5702,39.2677],[-81.6084,39.276],[-81.6783,39.2738],[-81.6913,39.2279],[-81.7244,39.2165],[-81.7563,39.1773],[-81.7422,39.1168],[-81.7524,39.0899],[-81.8079,39.084],[-81.8117,39.0596],[-81.7643,39.0153],[-81.7818,38.9649],[-81.8445,38.9287],[-81.8487,38.9014],[-81.8892,38.8743],[-81.9267,38.9013],[-81.9006,38.9377],[-81.9332,38.9877],[-81.9775,38.9927],[-81.995,39.0225],[-82.036,39.0255],[-82.0516,38.9944],[-82.0891,38.976],[-82.1117,38.9326],[-82.1432,38.8981],[-82.1449,38.8405],[-82.2173,38.7957],[-82.1825,38.7088],[-82.1909,38.6804],[-82.1721,38.626],[-82.1888,38.595],[-82.2743,38.5937],[-82.2913,38.579],[-82.3042,38.4963],[-82.324,38.4493],[-82.4049,38.4393],[-82.5296,38.4052],[-82.5937,38.4218]]]}},{"type":"Feature","properties":{"state":"NY","name":"New York"},"geometry":{"type":"MultiPolygon","coordinates":[[[[-74.0868,40.6516],[-74.2022,40.6309],[-74.1994,40.5999],[-74.2168,40.5586],[-74.2492,40.5451],[-74.2606,40.5024],[-74.2198,40.5026],[-74.1126,40.5476],[-74.0531,40.6037],[-74.0868,40.6516]]],[[[-76.4537,43.8906],[-76.3886,43.9081],[-76.4121,43.9257],[-76.4537,43.8906]]],[[[-79.762,42.2699],[-79.7613,41.9988],[-79.4725,41.9983],[-79.1786,41.9995],[-78.8748,41.9976],[-78.5967,41.9999],[-78.2712,41.999],[-78.1247,42.0005],[-77.832,41.9985],[-77.5053,42.0001],[-77.1247,41.9994],[-76.7497,42.0017],[-76.3437,41.9983],[-75.7422,41.9979],[-75.3596,41.9994],[-75.3104,41.949],[-75.2791,41.9389],[-75.2638,41.8708],[-75.2237,41.8575],[-75.1978,41.8688],[-75.1615,41.8498],[-75.1144,41.8436],[-75.0858,41.8116],[-75.1046,41.7742],[-75.0534,41.7525],[-75.0442,41.618],[-75.0746,41.6057],[-75.0185,41.5518],[-74.9844,41.5066],[-74.9817,41.4799],[-74.9092,41.4724],[-74.8887,41.4383],[-74.7586,41.4233],[-74.7134,41.3898],[-74.6949,41.3574],[-74.4576,41.2482],[-74.302,41.1726],[-73.9027,40.9973],[-73.8965,40.9817],[-73.929,40.8896],[-73.9632,40.8269],[-74.0138,40.7566],[-74.0245,40.7094],[-74.0473,40.6905],[-74.0183,40.659],[-74.0424,40.6248],[-74.0033,40.5958],[-73.9913,40.5704],[-73.9316,40.576],[-73.9406,40.5429],[-73.8344,40.5772],[-73.7749,40.5908],[-73.5591,40.582],[-73.3263,40.6331],[-73.3064,40.6208],[-73.2084,40.6309],[-73.055,40.6664],[-72.9232,40.7133],[-72.7682,40.7616],[-72.5734,40.8133],[-72.3959,40.8667],[-72.1144,40.9721],[-71.9357,41.0342],[-71.8739,41.0523],[-71.9194,41.0805],[-71.9596,41.0712],[-71.9993,41.0397],[-72.0955,40.9913],[-72.1629,41.0532],[-72.1906,41.0326],[-72.2605,41.0421],[-72.3352,41.1069],[-72.3266,41.1322],[-72.2651,41.1285],[-72.2788,41.1587],[-72.3541,41.14],[-72.4026,41.0969],[-72.4452,41.0861],[-72.4773,41.0522],[-72.5215,41.0377],[-72.5853,40.9976],[-72.6356,40.982],[-72.7081,40.9779],[-72.7741,40.9653],[-72.8261,40.9698],[-72.8883,40.963],[-72.9959,40.9665],[-73.0437,40.9622],[-73.0816,40.9731],[-73.1408,40.9662],[-73.149,40.9289],[-73.2293,40.9051],[-73.2951,40.9245],[-73.3528,40.9267],[-73.4009,40.954],[-73.4367,40.9349],[-73.4918,40.9421],[-73.4999,40.9182],[-73.5662,40.9158],[-73.6338,40.8982],[-73.6756,40.857],[-73.7137,40.8701],[-73.7814,40.7949],[-73.8156,40.8351],[-73.7651,40.8542],[-73.7754,40.892],[-73.7568,40.9126],[-73.6865,40.9452],[-73.6573,40.9852],[-73.6547,41.0117],[-73.7278,41.1007],[-73.4827,41.2128],[-73.551,41.2954],[-73.521,41.6198],[-73.4873,42.0496],[-73.5081,42.0863],[-73.3835,42.4256],[-73.265,42.7459],[-73.2909,42.8019],[-73.2787,42.8334],[-73.2698,43.0359],[-73.2565,43.2592],[-73.2468,43.5258],[-73.2586,43.5649],[-73.2849,43.5793],[-73.3021,43.6244],[-73.3586,43.6251],[-73.3825,43.5792],[-73.4286,43.584],[-73.4279,43.6344],[-73.4021,43.6931],[-73.3706,43.7253],[-73.3506,43.7719],[-73.3928,43.8222],[-73.3742,43.8742],[-73.4086,43.9329],[-73.4108,44.0269],[-73.4377,44.045],[-73.4113,44.1127],[-73.3908,44.1891],[-73.3236,44.2439],[-73.311,44.2742],[-73.3336,44.3723],[-73.296,44.4283],[-73.2999,44.4767],[-73.3429,44.5519],[-73.3818,44.5893],[-73.3898,44.6172],[-73.3656,44.7003],[-73.3656,44.7418],[-73.3354,44.8046],[-73.3814,44.845],[-73.3385,44.9241],[-73.3431,45.0108],[-73.6397,45.0035],[-73.8746,45.0012],[-74.1468,44.9915],[-74.3352,44.9919],[-74.4575,44.997],[-74.684,44.9997],[-74.7313,44.9904],[-74.8266,45.0159],[-74.8878,45.0],[-74.908,44.9834],[-74.9725,44.9834],[-75.0662,44.9302],[-75.0967,44.9271],[-75.143,44.9002],[-75.2413,44.867],[-75.3723,44.7831],[-75.5059,44.7051],[-75.6184,44.6196],[-75.7662,44.5159],[-75.8078,44.4716],[-75.8208,44.4322],[-75.913,44.3681],[-75.9702,44.3428],[-76.001,44.3475],[-76.0974,44.2995],[-76.1618,44.2808],[-76.1643,44.2396],[-76.2455,44.2037],[-76.3126,44.199],[-76.3707,44.1005],[-76.3608,44.0876],[-76.3756,44.0315],[-76.3213,44.0312],[-76.2697,44.0011],[-76.2836,43.9626],[-76.2078,43.9753],[-76.1367,43.9346],[-76.1273,43.8979],[-76.2027,43.8629],[-76.2089,43.8906],[-76.2603,43.8819],[-76.2991,43.8385],[-76.2293,43.8041],[-76.2054,43.7188],[-76.1966,43.6498],[-76.2035,43.575],[-76.2358,43.5293],[-76.2971,43.5129],[-76.4106,43.5232],[-76.6308,43.4134],[-76.6984,43.3444],[-76.731,43.3434],[-76.769,43.3185],[-76.9043,43.2918],[-76.9522,43.2707],[-77.0339,43.2712],[-77.1119,43.2879],[-77.2642,43.2774],[-77.391,43.2764],[-77.5009,43.2504],[-77.5342,43.2346],[-77.5772,43.2433],[-77.6538,43.2795],[-77.7141,43.3236],[-77.7569,43.3374],[-77.8753,43.3497],[-77.9764,43.3692],[-78.0236,43.3666],[-78.1045,43.3756],[-78.2336,43.3691],[-78.3702,43.3765],[-78.4889,43.3748],[-78.6343,43.3576],[-78.6969,43.3413],[-78.8341,43.3176],[-78.9719,43.2813],[-79.0705,43.2625],[-79.0559,43.2386],[-79.0531,43.1737],[-79.0424,43.1437],[-79.0745,43.0779],[-79.0105,43.0644],[-79.0209,43.0143],[-79.0116,42.9853],[-78.9618,42.9578],[-78.9324,42.9559],[-78.9058,42.9],[-78.8595,42.8414],[-78.8535,42.784],[-78.9182,42.7373],[-78.9912,42.7054],[-79.0489,42.6892],[-79.0638,42.6448],[-79.1114,42.6134],[-79.1487,42.5537],[-79.2429,42.5318],[-79.352,42.4889],[-79.4291,42.4284],[-79.5463,42.3634],[-79.6454,42.3156],[-79.762,42.2699]]]]}},{"type":"Feature","properties":{"state":"IN","name":"Indiana"},"geometry":{"type":"Polygon","coordinates":[[[-87.524,41.7083],[-87.5254,41.3809],[-87.5267,41.1215],[-87.5258,40.8544],[-87.5268,40.4622],[-87.5314,40.148],[-87.5332,39.8831],[-87.5316,39.3479],[-87.5891,39.3338],[-87.6101,39.2822],[-87.5746,39.2184],[-87.5886,39.1978],[-87.6404,39.1667],[-87.6322,39.1068],[-87.5726,39.0573],[-87.5783,38.9888],[-87.5122,38.9544],[-87.5188,38.9232],[-87.5441,38.8951],[-87.5505,38.8596],[-87.5259,38.8488],[-87.5273,38.8181],[-87.4965,38.7786],[-87.4965,38.7427],[-87.5196,38.6972],[-87.5455,38.6776],[-87.5937,38.6674],[-87.6201,38.6395],[-87.6273,38.6054],[-87.6607,38.5411],[-87.6542,38.5119],[-87.7395,38.4751],[-87.7453,38.409],[-87.78,38.3708],[-87.8061,38.3631],[-87.8327,38.3249],[-87.831,38.2994],[-87.8546,38.2754],[-87.9373,38.2924],[-87.9602,38.2371],[-87.9842,38.21],[-87.9372,38.1722],[-87.9455,38.1266],[-88.0131,38.1035],[-88.0013,38.0515],[-88.0353,38.0511],[-88.0126,37.9771],[-88.0361,37.9427],[-88.0134,37.8949],[-88.095,37.8937],[-88.028,37.7992],[-87.9445,37.7753],[-87.9068,37.8076],[-87.9149,37.8496],[-87.9384,37.8908],[-87.9048,37.9249],[-87.8656,37.9151],[-87.8306,37.8765],[-87.684,37.9035],[-87.6641,37.8772],[-87.6816,37.8559],[-87.6724,37.8291],[-87.6154,37.832],[-87.5887,37.861],[-87.5916,37.8872],[-87.6203,37.9069],[-87.6256,37.9334],[-87.5859,37.9754],[-87.5513,37.9254],[-87.5011,37.9092],[-87.4505,37.9415],[-87.3802,37.9356],[-87.3449,37.9112],[-87.2744,37.8829],[-87.2209,37.8491],[-87.1589,37.8379],[-87.1275,37.785],[-87.0707,37.8019],[-87.0334,37.9066],[-86.979,37.9302],[-86.9193,37.9367],[-86.8559,37.9873],[-86.8235,37.9989],[-86.795,37.989],[-86.751,37.9129],[-86.7185,37.8931],[-86.686,37.9131],[-86.6448,37.8948],[-86.6625,37.857],[-86.6383,37.8427],[-86.5981,37.8674],[-86.5886,37.9212],[-86.5342,37.917],[-86.507,37.9364],[-86.5252,37.9682],[-86.5173,38.0426],[-86.4522,38.0505],[-86.434,38.0868],[-86.4661,38.1144],[-86.4317,38.1261],[-86.4051,38.1058],[-86.3753,38.1306],[-86.3351,38.1292],[-86.3259,38.1543],[-86.3717,38.1642],[-86.3477,38.1954],[-86.2878,38.1581],[-86.2718,38.1379],[-86.2787,38.0985],[-86.2669,38.0571],[-86.179,38.0113],[-86.1082,38.0134],[-86.08,38.0008],[-86.0485,37.9594],[-86.0207,37.9961],[-85.9515,38.0056],[-85.9224,38.0287],[-85.9062,38.0862],[-85.9088,38.1612],[-85.8803,38.2034],[-85.8397,38.2398],[-85.8294,38.2768],[-85.7916,38.2886],[-85.7387,38.2694],[-85.6836,38.2955],[-85.6536,38.3271],[-85.6205,38.4231],[-85.5878,38.4505],[-85.4989,38.4682],[-85.4744,38.5041],[-85.4331,38.5239],[-85.4158,38.5636],[-85.4394,38.6104],[-85.4387,38.6593],[-85.4521,38.7093],[-85.4109,38.7371],[-85.3723,38.7306],[-85.306,38.7416],[-85.2588,38.7378],[-85.1905,38.688],[-85.133,38.7024],[-85.0719,38.7416],[-84.9787,38.7793],[-84.933,38.7775],[-84.8939,38.7937],[-84.8357,38.7843],[-84.8116,38.7928],[-84.8234,38.8392],[-84.7883,38.8643],[-84.8127,38.8951],[-84.8608,38.8977],[-84.8778,38.9204],[-84.8352,38.958],[-84.8371,38.9881],[-84.8972,39.0524],[-84.8202,39.1055],[-84.8195,39.3052],[-84.8158,39.4774],[-84.8142,39.8142],[-84.8039,40.3101],[-84.8022,40.8006],[-84.8033,40.9892],[-84.8039,41.4355],[-84.8061,41.6961],[-84.8059,41.7602],[-85.3081,41.7601],[-85.7914,41.7591],[-86.1278,41.7606],[-86.5193,41.7594],[-86.8248,41.7602],[-86.9091,41.7269],[-86.9348,41.7096],[-87.1203,41.6457],[-87.2207,41.6244],[-87.2784,41.6197],[-87.3654,41.6295],[-87.4234,41.6428],[-87.4006,41.6776],[-87.4249,41.6901],[-87.4707,41.6728],[-87.524,41.7083]]]}},{"type":"Feature","properties":{"state":"KS","name":"Kansas"},"geometry":{"type":"Polygon","coordinates":[[[-102.0517,40.0031],[-102.0496,39.5389],[-102.0484,39.3031],[-102.0454,38.8134],[-102.0453,38.4536],[-102.0446,38.0455],[-102.0416,37.6804],[-102.042,37.3526],[-102.0422,36.9931],[-101.3578,36.9963],[-100.7345,36.9991],[-100.2017,37.0021],[-99.6487,36.9996],[-99.0293,36.9996],[-98.3541,36.998],[-98.034,36.9984],[-97.4623,36.9987],[-97.0301,36.9989],[-96.5003,36.9986],[-96.0008,36.9989],[-95.4077,36.9992],[-94.9953,36.9995],[-94.618,36.9989],[-94.6168,37.5215],[-94.6177,37.773],[-94.6146,37.9444],[-94.6127,38.2176],[-94.6119,38.6205],[-94.6076,38.8276],[-94.607,39.1194],[-94.5899,39.1404],[-94.6158,39.16],[-94.6624,39.1576],[-94.6872,39.1835],[-94.7365,39.1692],[-94.7873,39.2077],[-94.8238,39.2099],[-94.8257,39.2417],[-94.8463,39.2685],[-94.9,39.3002],[-94.9106,39.3483],[-94.8791,39.3757],[-94.9231,39.3845],[-94.9902,39.4462],[-95.0334,39.4609],[-95.0498,39.4944],[-95.1029,39.5333],[-95.1075,39.5738],[-95.0569,39.5806],[-95.0552,39.6217],[-95.0276,39.6655],[-94.969,39.693],[-94.9553,39.7457],[-94.9026,39.7242],[-94.8756,39.7305],[-94.8607,39.7631],[-94.9168,39.7609],[-94.9256,39.7898],[-94.8763,39.8069],[-94.8869,39.8331],[-94.9426,39.8566],[-94.9279,39.8861],[-94.9593,39.9017],[-95.0187,39.8974],[-95.0378,39.8655],[-95.0815,39.8617],[-95.1406,39.8817],[-95.1438,39.9019],[-95.2057,39.9083],[-95.2013,39.9342],[-95.2414,39.9449],[-95.3025,39.9844],[-95.3083,40.0],[-95.7846,40.0005],[-96.1544,40.0005],[-96.6224,40.0012],[-97.0497,40.0013],[-97.5153,40.0019],[-98.0997,40.0022],[-98.5606,40.0023],[-98.9348,40.0022],[-99.4034,40.002],[-99.8134,40.0014],[-100.4688,40.0017],[-100.9374,40.0021],[-101.41,40.0024],[-102.0517,40.0031]]]}},{"type":"Feature","properties":{"state":"ID","name":"Idaho"},"geometry":{"type":"Polygon","coordinates":[[[-116.916,45.9954],[-116.8929,45.9744],[-116.8436,45.8923],[-116.7961,45.8585],[-116.7827,45.8254],[-116.6981,45.8209],[-116.6653,45.782],[-116.593,45.7785],[-116.5357,45.7342],[-116.5354,45.6917],[-116.4635,45.6158],[-116.4819,45.5779],[-116.5236,45.5466],[-116.5487,45.5104],[-116.5548,45.4629],[-116.5882,45.4429],[-116.6738,45.3215],[-116.6745,45.2763],[-116.7036,45.2398],[-116.7312,45.1399],[-116.7825,45.0958],[-116.7973,45.0603],[-116.8479,45.0226],[-116.8583,44.9788],[-116.832,44.933],[-116.8524,44.8876],[-116.8962,44.8483],[-116.9347,44.7839],[-117.0442,44.7451],[-117.0623,44.7271],[-117.1205,44.6147],[-117.1442,44.5456],[-117.2259,44.4794],[-117.2151,44.4272],[-117.2427,44.3965],[-117.2351,44.3739],[-117.1898,44.3366],[-117.217,44.2884],[-117.1703,44.2589],[-117.1042,44.2799],[-117.0565,44.2309],[-117.0319,44.2486],[-116.9759,44.2428],[-116.9717,44.1973],[-116.9254,44.1915],[-116.8959,44.1543],[-116.9337,44.1],[-116.9774,44.0854],[-116.9725,44.0488],[-116.9345,44.0212],[-116.9599,43.9829],[-116.9796,43.9153],[-116.9823,43.8688],[-117.0211,43.859],[-117.0266,43.8081],[-117.0267,43.5775],[-117.0267,43.0251],[-117.0267,42.6249],[-117.0266,42.3786],[-117.0262,41.9999],[-116.3685,41.9963],[-115.8702,41.9968],[-115.3139,41.9961],[-115.0318,41.996],[-114.8064,42.0018],[-114.5983,41.9945],[-114.0417,41.9937],[-113.8933,41.9881],[-113.2492,41.9962],[-112.648,42.0003],[-112.193,42.0012],[-112.1734,41.9966],[-111.5078,41.9995],[-111.0467,42.0016],[-111.0468,42.5049],[-111.0436,42.7226],[-111.0442,43.1956],[-111.0452,43.5011],[-111.0491,44.0201],[-111.049,44.4741],[-111.0524,44.4784],[-111.1087,44.4879],[-111.1867,44.571],[-111.2246,44.5763],[-111.2241,44.6232],[-111.3056,44.7074],[-111.3747,44.7501],[-111.3985,44.7231],[-111.4859,44.7074],[-111.4731,44.6652],[-111.5242,44.6041],[-111.5053,44.562],[-111.5857,44.5626],[-111.6143,44.5488],[-111.7041,44.56],[-111.7154,44.5433],[-111.8063,44.5221],[-111.8424,44.5258],[-111.8704,44.5638],[-111.9478,44.5565],[-111.9807,44.5365],[-112.0326,44.5464],[-112.1066,44.5206],[-112.1363,44.5397],[-112.1838,44.5328],[-112.2216,44.5433],[-112.2427,44.5679],[-112.2861,44.5682],[-112.3191,44.5389],[-112.3588,44.5286],[-112.3565,44.4929],[-112.3873,44.4478],[-112.4731,44.4798],[-112.5002,44.4628],[-112.5504,44.4847],[-112.6644,44.4862],[-112.719,44.5041],[-112.776,44.4841],[-112.8281,44.4422],[-112.8359,44.4224],[-112.8131,44.3779],[-112.8448,44.358],[-112.8847,44.3981],[-112.9514,44.418],[-113.0034,44.4506],[-113.026,44.4968],[-113.0071,44.5257],[-113.0422,44.5419],[-113.0374,44.5641],[-113.0837,44.602],[-113.0567,44.6184],[-113.0705,44.6794],[-113.098,44.6972],[-113.102,44.7288],[-113.1347,44.7525],[-113.1313,44.7726],[-113.1793,44.7869],[-113.2471,44.8227],[-113.3416,44.7846],[-113.356,44.8196],[-113.4222,44.8401],[-113.4571,44.8739],[-113.4986,44.9421],[-113.4437,44.9597],[-113.4376,45.0067],[-113.4519,45.059],[-113.4789,45.0623],[-113.5494,45.1129],[-113.5945,45.1658],[-113.5994,45.1909],[-113.6848,45.2535],[-113.6893,45.2833],[-113.7355,45.325],[-113.7343,45.3921],[-113.7769,45.4154],[-113.7841,45.4547],[-113.7601,45.4863],[-113.7679,45.519],[-113.8344,45.5205],[-113.8066,45.6019],[-113.8971,45.6413],[-113.9314,45.673],[-113.9865,45.7043],[-114.0192,45.6927],[-114.0137,45.658],[-114.0675,45.6275],[-114.082,45.5967],[-114.1222,45.584],[-114.1351,45.5572],[-114.1799,45.5512],[-114.2477,45.5241],[-114.2791,45.4804],[-114.3331,45.4591],[-114.3655,45.4902],[-114.4157,45.5095],[-114.4604,45.5611],[-114.4981,45.5552],[-114.5581,45.5849],[-114.538,45.6066],[-114.5609,45.6397],[-114.4995,45.6688],[-114.4953,45.7031],[-114.5447,45.7422],[-114.5661,45.7736],[-114.5022,45.8483],[-114.4432,45.8618],[-114.4092,45.8531],[-114.3881,45.8821],[-114.4311,45.9355],[-114.4118,45.9777],[-114.4867,46.0004],[-114.4599,46.0969],[-114.5207,46.1274],[-114.5107,46.1661],[-114.4458,46.1737],[-114.4518,46.241],[-114.4136,46.3357],[-114.4223,46.3869],[-114.3874,46.4099],[-114.3795,46.4601],[-114.4033,46.4982],[-114.3524,46.5075],[-114.3471,46.5506],[-114.3224,46.6108],[-114.3245,46.6533],[-114.3595,46.6688],[-114.4243,46.6604],[-114.4807,46.632],[-114.544,46.6476],[-114.5909,46.6335],[-114.6414,46.6795],[-114.6221,46.7082],[-114.6466,46.7302],[-114.6989,46.74],[-114.7161,46.7143],[-114.766,46.697],[-114.7875,46.7149],[-114.7653,46.7579],[-114.7865,46.7783],[-114.8296,46.783],[-114.8648,46.8142],[-114.9268,46.8334],[-114.9367,46.8971],[-114.9244,46.9179],[-114.9864,46.9519],[-115.0013,46.9719],[-115.0479,46.9695],[-115.088,47.0459],[-115.1285,47.067],[-115.1437,47.101],[-115.1867,47.1298],[-115.2431,47.1507],[-115.2624,47.1817],[-115.3004,47.1879],[-115.2988,47.2255],[-115.3391,47.2623],[-115.4073,47.2641],[-115.4804,47.2816],[-115.5288,47.3027],[-115.5489,47.347],[-115.6171,47.3823],[-115.7211,47.4248],[-115.7181,47.4519],[-115.649,47.4562],[-115.6854,47.4846],[-115.7168,47.5339],[-115.7551,47.5515],[-115.705,47.5805],[-115.6944,47.6238],[-115.7362,47.6545],[-115.7228,47.6953],[-115.825,47.7524],[-115.8474,47.785],[-115.8518,47.8269],[-115.9014,47.8431],[-115.9831,47.9172],[-116.0304,47.9726],[-116.0491,47.9768],[-116.0499,48.2374],[-116.049,48.5153],[-116.0491,49.0008],[-116.4175,49.0001],[-117.0324,48.9992],[-117.0354,48.4999],[-117.0352,48.3709],[-117.0411,48.1249],[-117.0425,47.839],[-117.0399,47.4778],[-117.0398,47.1273],[-117.0394,46.7002],[-117.0398,46.4254],[-117.056,46.3455],[-116.9846,46.2927],[-116.956,46.226],[-116.963,46.1997],[-116.924,46.1709],[-116.9595,46.0991],[-116.916,45.9954]]]}},{"type":"Feature","properties":{"state":"NV","name":"Nevada"},"geometry":{"type":"Polygon","coordinates":[[[-119.9992,41.9945],[-119.9983,41.6188],[-119.9999,41.184],[-119.9994,40.8731],[-119.9959,40.4999],[-119.9976,39.9565],[-120.0013,39.7224],[-120.0017,39.5389],[-120.0057,39.2252],[-120.001,38.9996],[-119.5877,38.7147],[-119.376,38.5668],[-119.0972,38.3729],[-118.7719,38.1419],[-118.2509,37.7686],[-117.8759,37.4973],[-117.7124,37.3749],[-117.5001,37.2204],[-117.3759,37.1268],[-117.0009,36.8477],[-116.542,36.5],[-116.0936,36.1558],[-115.7508,35.8893],[-115.2713,35.5127],[-114.9422,35.25],[-114.6335,35.0019],[-114.6369,35.0284],[-114.6047,35.0748],[-114.6428,35.0965],[-114.6199,35.1216],[-114.5727,35.1387],[-114.5692,35.1835],[-114.5975,35.297],[-114.5959,35.3252],[-114.6271,35.4095],[-114.652,35.4292],[-114.6776,35.4897],[-114.6569,35.5344],[-114.6662,35.5776],[-114.6534,35.6108],[-114.6894,35.6514],[-114.6832,35.6894],[-114.7053,35.7116],[-114.6957,35.756],[-114.7121,35.8062],[-114.6978,35.8548],[-114.6672,35.8748],[-114.7312,35.9439],[-114.7438,35.9851],[-114.7297,36.0282],[-114.7556,36.0872],[-114.7362,36.1044],[-114.6167,36.1301],[-114.572,36.1516],[-114.5117,36.151],[-114.5058,36.1314],[-114.417,36.1458],[-114.3721,36.1431],[-114.3288,36.1055],[-114.2802,36.0464],[-114.2388,36.0146],[-114.1541,36.0239],[-114.068,36.1807],[-114.0468,36.1941],[-114.0458,36.3911],[-114.0506,36.6563],[-114.0506,37.0004],[-114.0518,37.4181],[-114.053,37.5928],[-114.0497,37.8236],[-114.0494,38.2647],[-114.0505,38.5],[-114.0491,39.0055],[-114.0471,39.4999],[-114.0466,39.9969],[-114.0462,40.3983],[-114.0432,40.7717],[-114.0414,41.22],[-114.0402,41.4917],[-114.0396,41.8848],[-114.0417,41.9937],[-114.5983,41.9945],[-114.8064,42.0018],[-115.0318,41.996],[-115.3139,41.9961],[-115.8702,41.9968],[-116.3685,41.9963],[-117.0262,41.9999],[-117.626,41.9981],[-118.1974,41.997],[-118.501,41.9954],[-118.6964,41.9918],[-119.2083,41.9932],[-119.7901,41.9975],[-119.9992,41.9945]]]}},{"type":"Feature","properties":{"state":"VT","name":"Vermont"},"geometry":{"type":"Polygon","coordinates":[[[-73.3431,45.0108],[-73.3385,44.9241],[-73.3814,44.845],[-73.3354,44.8046],[-73.3656,44.7418],[-73.3656,44.7003],[-73.3898,44.6172],[-73.3818,44.5893],[-73.3429,44.5519],[-73.2999,44.4767],[-73.296,44.4283],[-73.3336,44.3723],[-73.311,44.2742],[-73.3236,44.2439],[-73.3908,44.1891],[-73.4113,44.1127],[-73.4377,44.045],[-73.4108,44.0269],[-73.4086,43.9329],[-73.3742,43.8742],[-73.3928,43.8222],[-73.3506,43.7719],[-73.3706,43.7253],[-73.4021,43.6931],[-73.4279,43.6344],[-73.4286,43.584],[-73.3825,43.5792],[-73.3586,43.6251],[-73.3021,43.6244],[-73.2849,43.5793],[-73.2586,43.5649],[-73.2468,43.5258],[-73.2565,43.2592],[-73.2698,43.0359],[-73.2787,42.8334],[-73.2909,42.8019],[-73.265,42.7459],[-72.8091,42.7366],[-72.4585,42.7269],[-72.4759,42.7577],[-72.5428,42.8085],[-72.5572,42.853],[-72.5528,42.885],[-72.5242,42.9185],[-72.5346,42.9499],[-72.4738,42.972],[-72.4446,43.0106],[-72.4674,43.0526],[-72.4352,43.0866],[-72.433,43.1197],[-72.4569,43.1466],[-72.4377,43.2027],[-72.4352,43.2585],[-72.3955,43.313],[-72.4134,43.3627],[-72.3926,43.4651],[-72.3809,43.4934],[-72.3986,43.5134],[-72.3731,43.5794],[-72.3324,43.5994],[-72.3274,43.6368],[-72.3058,43.6665],[-72.3029,43.7027],[-72.2712,43.7341],[-72.2327,43.7483],[-72.1848,43.8047],[-72.1879,43.8561],[-72.1513,43.9017],[-72.121,43.919],[-72.117,43.9945],[-72.0755,44.0346],[-72.0312,44.1001],[-72.0548,44.1101],[-72.0401,44.1557],[-72.0662,44.1898],[-72.0479,44.2385],[-72.0678,44.271],[-72.0331,44.3204],[-71.9811,44.3375],[-71.9023,44.3475],[-71.8699,44.337],[-71.8125,44.3585],[-71.7907,44.4003],[-71.708,44.412],[-71.6618,44.4403],[-71.6459,44.4751],[-71.5995,44.4865],[-71.5586,44.5656],[-71.5517,44.6276],[-71.6252,44.744],[-71.5717,44.7948],[-71.5568,44.8488],[-71.4939,44.9109],[-71.5378,44.9843],[-71.5011,45.0134],[-71.915,45.0078],[-72.3101,45.0038],[-72.5899,45.0132],[-72.8456,45.0167],[-73.086,45.0155],[-73.3431,45.0108]]]}},{"type":"Feature","properties":{"state":"MT","name":"Montana"},"geometry":{"type":"Polygon","coordinates":[[[-116.0491,49.0008],[-116.049,48.5153],[-116.0499,48.2374],[-116.0491,47.9768],[-116.0304,47.9726],[-115.9831,47.9172],[-115.9014,47.8431],[-115.8518,47.8269],[-115.8474,47.785],[-115.825,47.7524],[-115.7228,47.6953],[-115.7362,47.6545],[-115.6944,47.6238],[-115.705,47.5805],[-115.7551,47.5515],[-115.7168,47.5339],[-115.6854,47.4846],[-115.649,47.4562],[-115.7181,47.4519],[-115.7211,47.4248],[-115.6171,47.3823],[-115.5489,47.347],[-115.5288,47.3027],[-115.4804,47.2816],[-115.4073,47.2641],[-115.3391,47.2623],[-115.2988,47.2255],[-115.3004,47.1879],[-115.2624,47.1817],[-115.2431,47.1507],[-115.1867,47.1298],[-115.1437,47.101],[-115.1285,47.067],[-115.088,47.0459],[-115.0479,46.9695],[-115.0013,46.9719],[-114.9864,46.9519],[-114.9244,46.9179],[-114.9367,46.8971],[-114.9268,46.8334],[-114.8648,46.8142],[-114.8296,46.783],[-114.7865,46.7783],[-114.7653,46.7579],[-114.7875,46.7149],[-114.766,46.697],[-114.7161,46.7143],[-114.6989,46.74],[-114.6466,46.7302],[-114.6221,46.7082],[-114.6414,46.6795],[-114.5909,46.6335],[-114.544,46.6476],[-114.4807,46.632],[-114.4243,46.6604],[-114.3595,46.6688],[-114.3245,46.6533],[-114.3224,46.6108],[-114.3471,46.5506],[-114.3524,46.5075],[-114.4033,46.4982],[-114.3795,46.4601],[-114.3874,46.4099],[-114.4223,46.3869],[-114.4136,46.3357],[-114.4518,46.241],[-114.4458,46.1737],[-114.5107,46.1661],[-114.5207,46.1274],[-114.4599,46.0969],[-114.4867,46.0004],[-114.4118,45.9777],[-114.4311,45.9355],[-114.3881,45.8821],[-114.4092,45.8531],[-114.4432,45.8618],[-114.5022,45.8483],[-114.5661,45.7736],[-114.5447,45.7422],[-114.4953,45.7031],[-114.4995,45.6688],[-114.5609,45.6397],[-114.538,45.6066],[-114.5581,45.5849],[-114.4981,45.5552],[-114.4604,45.5611],[-114.4157,45.5095],[-114.3655,45.4902],[-114.3331,45.4591],[-114.2791,45.4804],[-114.2477,45.5241],[-114.1799,45.5512],[-114.1351,45.5572],[-114.1222,45.584],[-114.082,45.5967],[-114.0675,45.6275],[-114.0137,45.658],[-114.0192,45.6927],[-113.9865,45.7043],[-113.9314,45.673],[-113.8971,45.6413],[-113.8066,45.6019],[-113.8344,45.5205],[-113.7679,45.519],[-113.7601,45.4863],[-113.7841,45.4547],[-113.7769,45.4154],[-113.7343,45.3921],[-113.7355,45.325],[-113.6893,45.2833],[-113.6848,45.2535],[-113.5994,45.1909],[-113.5945,45.1658],[-113.5494,45.1129],[-113.4789,45.0623],[-113.4519,45.059],[-113.4376,45.0067],[-113.4437,44.9597],[-113.4986,44.9421],[-113.4571,44.8739],[-113.4222,44.8401],[-113.356,44.8196],[-113.3416,44.7846],[-113.2471,44.8227],[-113.1793,44.7869],[-113.1313,44.7726],[-113.1347,44.7525],[-113.102,44.7288],[-113.098,44.6972],[-113.0705,44.6794],[-113.0567,44.6184],[-113.0837,44.602],[-113.0374,44.5641],[-113.0422,44.5419],[-113.0071,44.5257],[-113.026,44.4968],[-113.0034,44.4506],[-112.9514,44.418],[-112.8847,44.3981],[-112.8448,44.358],[-112.8131,44.3779],[-112.8359,44.4224],[-112.8281,44.4422],[-112.776,44.4841],[-112.719,44.5041],[-112.6644,44.4862],[-112.5504,44.4847],[-112.5002,44.4628],[-112.4731,44.4798],[-112.3873,44.4478],[-112.3565,44.4929],[-112.3588,44.5286],[-112.3191,44.5389],[-112.2861,44.5682],[-112.2427,44.5679],[-112.2216,44.5433],[-112.1838,44.5328],[-112.1363,44.5397],[-112.1066,44.5206],[-112.0326,44.5464],[-111.9807,44.5365],[-111.9478,44.5565],[-111.8704,44.5638],[-111.8424,44.5258],[-111.8063,44.5221],[-111.7154,44.5433],[-111.7041,44.56],[-111.6143,44.5488],[-111.5857,44.5626],[-111.5053,44.562],[-111.5242,44.6041],[-111.4731,44.6652],[-111.4859,44.7074],[-111.3985,44.7231],[-111.3747,44.7501],[-111.3056,44.7074],[-111.2241,44.6232],[-111.2246,44.5763],[-111.1867,44.571],[-111.1087,44.4879],[-111.0524,44.4784],[-111.0569,44.8667],[-111.0552,45.0013],[-110.785,45.003],[-110.7053,44.9923],[-110.4029,44.9938],[-110.3627,45.0006],[-110.1995,44.9962],[-110.1101,45.0039],[-109.7507,45.0016],[-109.1034,45.0059],[-109.083,44.9996],[-108.2712,45.0003],[-107.7507,45.0008],[-107.1342,45.0001],[-107.0849,44.9966],[-106.5667,44.9948],[-106.2636,44.9938],[-105.9282,44.9936],[-105.9134,45.0009],[-105.3713,45.0004],[-104.7651,44.9992],[-104.0577,44.9974],[-104.0397,45.0006],[-104.0401,45.3742],[-104.0426,45.75],[-104.0454,45.9453],[-104.045,46.5098],[-104.0459,46.8308],[-104.0453,47.3435],[-104.0432,47.7471],[-104.0439,47.9715],[-104.0464,48.3742],[-104.0482,48.5991],[-104.0487,48.9996],[-104.6076,48.9987],[-105.2311,48.9992],[-105.8181,48.9996],[-106.2455,48.9995],[-106.6578,48.9999],[-107.4156,48.9995],[-108.0769,48.9996],[-108.6257,48.9991],[-108.9982,48.9991],[-109.6702,49.0],[-110.3635,48.9991],[-111.0039,48.9975],[-111.5555,48.9967],[-112.0036,48.9986],[-112.7587,48.9986],[-113.3568,48.9978],[-113.77,48.9979],[-114.3099,49.0008],[-115.1298,48.9996],[-115.6498,49.0008],[-116.0491,49.0008]]]}},{"type":"Feature","properties":{"state":"MN","name":"Minnesota"},"geometry":{"type":"Polygon","coordinates":[[[-97.2287,49.0006],[-97.2392,48.9687],[-97.198,48.8803],[-97.1756,48.8531],[-97.1361,48.7278],[-97.0987,48.6875],[-97.1631,48.5439],[-97.1327,48.4599],[-97.1477,48.3599],[-97.1166,48.2797],[-97.1413,48.2347],[-97.1467,48.1715],[-97.0978,48.0711],[-97.0756,48.0527],[-97.0546,47.9463],[-97.0178,47.9198],[-96.9806,47.8056],[-96.9392,47.7684],[-96.9152,47.7024],[-96.8856,47.6634],[-96.8795,47.6206],[-96.8513,47.5893],[-96.8517,47.5101],[-96.8643,47.421],[-96.8411,47.3842],[-96.8439,47.293],[-96.8329,47.2376],[-96.8382,47.1964],[-96.8188,47.1072],[-96.8245,47.0597],[-96.8196,46.9675],[-96.7993,46.9641],[-96.7766,46.8957],[-96.7836,46.8359],[-96.8002,46.8197],[-96.7793,46.7274],[-96.7984,46.6653],[-96.7911,46.6332],[-96.7521,46.5822],[-96.7351,46.4789],[-96.7186,46.44],[-96.6807,46.4074],[-96.6672,46.3755],[-96.5998,46.3304],[-96.5957,46.2199],[-96.5545,46.084],[-96.5779,46.0269],[-96.5637,45.9352],[-96.5797,45.8258],[-96.6253,45.7879],[-96.6522,45.7468],[-96.7504,45.6988],[-96.8407,45.6453],[-96.8578,45.606],[-96.7653,45.5214],[-96.7314,45.457],[-96.6805,45.4105],[-96.6177,45.4081],[-96.4891,45.3571],[-96.4531,45.2981],[-96.4523,44.9627],[-96.4515,44.7031],[-96.4528,44.1968],[-96.4533,43.7914],[-96.4533,43.5004],[-95.7408,43.4999],[-95.1549,43.5004],[-94.4704,43.5003],[-93.7958,43.4995],[-93.2718,43.4994],[-92.7903,43.4996],[-92.4061,43.5005],[-91.9499,43.5005],[-91.6514,43.5005],[-91.2177,43.5005],[-91.2438,43.5491],[-91.2319,43.5818],[-91.2687,43.6153],[-91.2685,43.7098],[-91.2441,43.7747],[-91.2841,43.8471],[-91.3647,43.9349],[-91.4405,44.0015],[-91.5071,44.019],[-91.5826,44.0274],[-91.6447,44.0628],[-91.7106,44.1205],[-91.8173,44.1642],[-91.8752,44.2006],[-91.8957,44.273],[-91.9203,44.2865],[-91.9256,44.3335],[-91.9595,44.3594],[-92.0535,44.4014],[-92.1245,44.4221],[-92.2152,44.4385],[-92.2768,44.4736],[-92.3022,44.5003],[-92.3141,44.538],[-92.3476,44.5571],[-92.4551,44.5619],[-92.5184,44.5752],[-92.5406,44.5673],[-92.5694,44.6035],[-92.6215,44.615],[-92.6217,44.639],[-92.7373,44.7172],[-92.808,44.7515],[-92.7653,44.8411],[-92.7749,44.8928],[-92.7506,44.9373],[-92.7694,44.9722],[-92.7646,45.0288],[-92.7971,45.0506],[-92.7915,45.0796],[-92.7449,45.1083],[-92.7668,45.1855],[-92.7517,45.2187],[-92.7587,45.291],[-92.699,45.3364],[-92.7041,45.3537],[-92.6504,45.3985],[-92.6466,45.4416],[-92.7267,45.5145],[-92.7261,45.5411],[-92.7702,45.5669],[-92.8233,45.5609],[-92.8837,45.5755],[-92.8879,45.639],[-92.8692,45.7176],[-92.7846,45.7642],[-92.7077,45.8949],[-92.6401,45.9325],[-92.5519,45.9517],[-92.522,45.9842],[-92.4645,45.9763],[-92.4207,46.0268],[-92.3621,46.0131],[-92.3279,46.0662],[-92.294,46.0744],[-92.2929,46.4172],[-92.2922,46.666],[-92.266,46.651],[-92.2124,46.6499],[-92.1463,46.7159],[-92.1379,46.7395],[-92.0895,46.7492],[-92.0153,46.7065],[-92.0645,46.7454],[-92.0941,46.7878],[-91.8413,46.9252],[-91.8069,46.9337],[-91.7046,47.0052],[-91.6665,47.0143],[-91.5738,47.0899],[-91.4774,47.1257],[-91.4188,47.1722],[-91.3578,47.2067],[-91.326,47.239],[-91.2625,47.2793],[-91.1888,47.3401],[-91.17,47.3663],[-91.0231,47.465],[-90.8683,47.5569],[-90.7359,47.6243],[-90.585,47.6807],[-90.5371,47.7031],[-90.4377,47.7316],[-90.3327,47.7464],[-90.2488,47.7728],[-90.1876,47.7781],[-90.072,47.8111],[-89.9743,47.8305],[-89.9236,47.8621],[-89.7935,47.8914],[-89.6976,47.9413],[-89.5882,47.9662],[-89.581,47.9959],[-89.6251,48.0115],[-89.6889,48.0108],[-89.7493,48.0233],[-89.8049,48.0138],[-89.8712,47.9859],[-89.9683,48.0145],[-90.0236,48.0847],[-90.1326,48.1118],[-90.3056,48.1051],[-90.3745,48.0909],[-90.4384,48.0987],[-90.5568,48.096],[-90.5759,48.1209],[-90.6416,48.1035],[-90.7616,48.0983],[-90.8326,48.1738],[-90.8392,48.2395],[-90.8855,48.2458],[-90.977,48.2195],[-91.0316,48.1885],[-91.0566,48.1876],[-91.1377,48.1492],[-91.2501,48.0841],[-91.3709,48.0694],[-91.4296,48.0486],[-91.4886,48.0681],[-91.5673,48.0437],[-91.5697,48.0933],[-91.6402,48.0969],[-91.712,48.1147],[-91.6982,48.1416],[-91.7149,48.1991],[-91.8644,48.207],[-91.8935,48.2377],[-92.0066,48.2654],[-92.0001,48.3214],[-92.0835,48.3539],[-92.1622,48.3633],[-92.2068,48.3456],[-92.2623,48.3549],[-92.289,48.343],[-92.3015,48.2886],[-92.2807,48.2443],[-92.3692,48.2203],[-92.4163,48.2955],[-92.4699,48.3518],[-92.4564,48.4011],[-92.5073,48.4479],[-92.656,48.4367],[-92.7126,48.463],[-92.6988,48.4949],[-92.6367,48.4994],[-92.6349,48.5429],[-92.728,48.5393],[-92.985,48.6237],[-93.0884,48.6276],[-93.1781,48.6233],[-93.2074,48.6425],[-93.2549,48.6428],[-93.3475,48.6266],[-93.3554,48.6116],[-93.4643,48.5918],[-93.4675,48.5457],[-93.5472,48.5287],[-93.6264,48.531],[-93.6454,48.5173],[-93.7945,48.516],[-93.8183,48.53],[-93.8053,48.5703],[-93.844,48.6294],[-93.927,48.6312],[-94.0069,48.6432],[-94.1574,48.6458],[-94.2444,48.6534],[-94.2645,48.6989],[-94.4162,48.7109],[-94.4387,48.6949],[-94.5384,48.7028],[-94.5871,48.7176],[-94.6909,48.7781],[-94.7043,48.8243],[-94.6857,48.8401],[-94.6831,48.8839],[-94.7502,49.0998],[-94.7732,49.1207],[-94.7972,49.2143],[-94.8252,49.2943],[-94.8542,49.3242],[-94.9575,49.3702],[-95.0584,49.3532],[-95.1533,49.3844],[-95.1537,48.9989],[-95.748,48.9995],[-96.4054,48.9999],[-96.8426,49.0],[-97.2287,49.0006]]]}},{"type":"Feature","properties":{"state":"ND","name":"North Dakota"},"geometry":{"type":"Polygon","coordinates":[[[-104.0487,48.9996],[-104.0482,48.5991],[-104.0464,48.3742],[-104.0439,47.9715],[-104.0432,47.7471],[-104.0453,47.3435],[-104.0459,46.8308],[-104.045,46.5098],[-104.0454,45.9453],[-103.6685,45.9452],[-102.9205,45.945],[-102.177,45.9446],[-101.4199,45.9438],[-100.9356,45.9438],[-100.1708,45.9425],[-99.7504,45.9409],[-99.2577,45.9401],[-98.9044,45.9395],[-98.4145,45.9365],[-97.7846,45.9353],[-97.145,45.9353],[-96.5637,45.9352],[-96.5779,46.0269],[-96.5545,46.084],[-96.5957,46.2199],[-96.5998,46.3304],[-96.6672,46.3755],[-96.6807,46.4074],[-96.7186,46.44],[-96.7351,46.4789],[-96.7521,46.5822],[-96.7911,46.6332],[-96.7984,46.6653],[-96.7793,46.7274],[-96.8002,46.8197],[-96.7836,46.8359],[-96.7766,46.8957],[-96.7993,46.9641],[-96.8196,46.9675],[-96.8245,47.0597],[-96.8188,47.1072],[-96.8382,47.1964],[-96.8329,47.2376],[-96.8439,47.293],[-96.8411,47.3842],[-96.8643,47.421],[-96.8517,47.5101],[-96.8513,47.5893],[-96.8795,47.6206],[-96.8856,47.6634],[-96.9152,47.7024],[-96.9392,47.7684],[-96.9806,47.8056],[-97.0178,47.9198],[-97.0546,47.9463],[-97.0756,48.0527],[-97.0978,48.0711],[-97.1467,48.1715],[-97.1413,48.2347],[-97.1166,48.2797],[-97.1477,48.3599],[-97.1327,48.4599],[-97.1631,48.5439],[-97.0987,48.6875],[-97.1361,48.7278],[-97.1756,48.8531],[-97.198,48.8803],[-97.2392,48.9687],[-97.2287,49.0006],[-97.9502,49.0004],[-98.4887,49.0003],[-99.2638,48.9995],[-99.7238,48.9991],[-100.1664,48.9992],[-100.8204,48.9993],[-101.1265,48.999],[-101.7602,48.9991],[-102.2181,48.9985],[-102.6777,48.9991],[-103.3765,48.9989],[-104.0487,48.9996]]]}},{"type":"Feature","properties":{"state":"AZ","name":"Arizona"},"geometry":{"type":"Polygon","coordinates":[[[-114.7196,32.7188],[-114.765,32.6494],[-114.8094,32.6171],[-114.7997,32.5936],[-114.8142,32.5648],[-114.7956,32.551],[-114.8136,32.4943],[-114.2508,32.3239],[-113.7817,32.179],[-113.4932,32.0889],[-113.126,31.9728],[-112.8671,31.8955],[-112.3994,31.7518],[-111.9794,31.6207],[-111.6231,31.508],[-111.0748,31.3322],[-110.7955,31.3336],[-110.4602,31.3328],[-109.8297,31.3341],[-109.2785,31.334],[-109.05,31.3325],[-109.0491,31.6366],[-109.0483,32.0891],[-109.0476,32.4264],[-109.0471,32.7778],[-109.0475,33.0684],[-109.0467,33.6251],[-109.047,34.0001],[-109.0462,34.5224],[-109.0461,34.771],[-109.046,35.1755],[-109.0463,35.6165],[-109.0457,36.117],[-109.0454,36.5274],[-109.0452,36.9991],[-109.6257,36.9983],[-110.0218,36.9986],[-110.4702,36.998],[-110.5007,37.0043],[-111.0665,37.0024],[-111.4128,37.0015],[-112.3577,37.001],[-112.9665,37.0002],[-113.5581,37.0001],[-114.0506,37.0004],[-114.0506,36.6563],[-114.0458,36.3911],[-114.0468,36.1941],[-114.068,36.1807],[-114.1541,36.0239],[-114.2388,36.0146],[-114.2802,36.0464],[-114.3288,36.1055],[-114.3721,36.1431],[-114.417,36.1458],[-114.5058,36.1314],[-114.5117,36.151],[-114.572,36.1516],[-114.6167,36.1301],[-114.7362,36.1044],[-114.7556,36.0872],[-114.7297,36.0282],[-114.7438,35.9851],[-114.7312,35.9439],[-114.6672,35.8748],[-114.6978,35.8548],[-114.7121,35.8062],[-114.6957,35.756],[-114.7053,35.7116],[-114.6832,35.6894],[-114.6894,35.6514],[-114.6534,35.6108],[-114.6662,35.5776],[-114.6569,35.5344],[-114.6776,35.4897],[-114.652,35.4292],[-114.6271,35.4095],[-114.5959,35.3252],[-114.5975,35.297],[-114.5692,35.1835],[-114.5727,35.1387],[-114.6199,35.1216],[-114.6428,35.0965],[-114.6047,35.0748],[-114.6369,35.0284],[-114.6335,35.0019],[-114.6307,34.8664],[-114.5868,34.8357],[-114.5527,34.7669],[-114.4716,34.713],[-114.4242,34.6105],[-114.4297,34.5917],[-114.3808,34.5297],[-114.3867,34.4579],[-114.3426,34.4514],[-114.2643,34.4013],[-114.2261,34.3659],[-114.1769,34.3493],[-114.1383,34.3032],[-114.1346,34.2635],[-114.1665,34.2496],[-114.2541,34.1738],[-114.2873,34.1705],[-114.3246,34.1368],[-114.4159,34.1076],[-114.4342,34.0874],[-114.4349,34.0378],[-114.4603,33.9966],[-114.5337,33.9261],[-114.5115,33.9111],[-114.503,33.868],[-114.5296,33.8481],[-114.5281,33.815],[-114.5071,33.7679],[-114.5123,33.7342],[-114.4965,33.6969],[-114.5315,33.6751],[-114.5297,33.6228],[-114.5406,33.5914],[-114.5246,33.5522],[-114.5589,33.5318],[-114.6229,33.4566],[-114.6296,33.4281],[-114.688,33.4179],[-114.7229,33.3988],[-114.6991,33.3611],[-114.7009,33.337],[-114.7312,33.3024],[-114.677,33.2702],[-114.6787,33.1629],[-114.7079,33.0974],[-114.689,33.084],[-114.6708,33.038],[-114.6396,33.0453],[-114.601,33.0254],[-114.5717,33.0366],[-114.5061,33.017],[-114.4809,32.9353],[-114.4644,32.9131],[-114.469,32.8452],[-114.5317,32.7912],[-114.5391,32.7569],[-114.6148,32.7341],[-114.6888,32.7377],[-114.7196,32.7188]]]}},{"type":"Feature","properties":{"state":"DE","name":"Delaware"},"geometry":{"type":"Polygon","coordinates":[[[-75.7886,39.7222],[-75.7889,39.6586],[-75.7562,39.2462],[-75.7281,38.8955],[-75.6937,38.4601],[-75.4288,38.4527],[-75.0489,38.4513],[-75.0655,38.661],[-75.0822,38.7722],[-75.134,38.7822],[-75.1906,38.8069],[-75.3123,38.9246],[-75.3184,38.9882],[-75.3458,39.0249],[-75.3963,39.0579],[-75.4106,39.1562],[-75.393,39.2045],[-75.403,39.2546],[-75.439,39.3134],[-75.513,39.3662],[-75.5385,39.4165],[-75.5894,39.4608],[-75.5877,39.4964],[-75.563,39.5622],[-75.6119,39.5974],[-75.5871,39.651],[-75.5622,39.6567],[-75.5297,39.6926],[-75.5097,39.6861],[-75.4789,39.7138],[-75.4594,39.7658],[-75.4151,39.8019],[-75.4988,39.8334],[-75.5704,39.8392],[-75.6172,39.8342],[-75.7013,39.8029],[-75.7886,39.7222]]]}},{"type":"Feature","properties":{"state":"RI","name":"Rhode Island"},"geometry":{"type":"MultiPolygon","coordinates":[[[[-71.1956,41.6751],[-71.205,41.6585],[-71.2719,41.624],[-71.2851,41.5771],[-71.343,41.4956],[-71.2951,41.4844],[-71.2406,41.5006],[-71.2407,41.6192],[-71.2078,41.6007],[-71.2136,41.5458],[-71.1902,41.4843],[-71.1206,41.4974],[-71.1329,41.6601],[-71.1956,41.6751]]],[[[-71.4006,41.4609],[-71.3604,41.4831],[-71.3599,41.5563],[-71.3921,41.5245],[-71.4006,41.4609]]],[[[-71.6131,41.1603],[-71.552,41.1517],[-71.5641,41.1954],[-71.6056,41.1821],[-71.6131,41.1603]]],[[[-71.8605,41.3202],[-71.8338,41.3156],[-71.7207,41.3316],[-71.6245,41.3609],[-71.5267,41.3766],[-71.4833,41.3717],[-71.4554,41.408],[-71.4558,41.433],[-71.4184,41.4727],[-71.4174,41.5345],[-71.4477,41.5804],[-71.4038,41.5893],[-71.4093,41.6626],[-71.3811,41.7273],[-71.3361,41.725],[-71.2912,41.7027],[-71.3061,41.6726],[-71.2853,41.6369],[-71.2354,41.6721],[-71.2248,41.7105],[-71.2614,41.7523],[-71.3279,41.7805],[-71.3472,41.8231],[-71.334,41.8623],[-71.3387,41.8984],[-71.3817,41.8932],[-71.3814,42.0188],[-71.7992,42.0081],[-71.787,41.656],[-71.7977,41.4167],[-71.8396,41.4121],[-71.8296,41.3445],[-71.8605,41.3202]]]]}},{"type":"Feature","properties":{"state":"CO","name":"Colorado"},"geometry":{"type":"Polygon","coordinates":[[[-109.0501,41.0007],[-109.048,40.6192],[-109.0509,40.4444],[-109.0506,39.875],[-109.0514,39.4977],[-109.0515,39.1261],[-109.0542,38.875],[-109.0595,38.7199],[-109.0601,38.2755],[-109.0418,38.1647],[-109.0411,37.9072],[-109.0419,37.5307],[-109.0458,37.375],[-109.0452,36.9991],[-108.6203,36.9993],[-108.2494,36.999],[-108.0006,37.0],[-107.4817,37.0],[-106.8773,37.0001],[-106.8698,36.9924],[-106.2015,36.9941],[-105.6275,36.9957],[-105.1208,36.9954],[-105.0006,36.9933],[-104.3388,36.9935],[-103.7332,36.998],[-103.0022,37.0001],[-102.8171,36.9998],[-102.6981,36.9951],[-102.0422,36.9931],[-102.042,37.3526],[-102.0416,37.6804],[-102.0446,38.0455],[-102.0453,38.4536],[-102.0454,38.8134],[-102.0484,39.3031],[-102.0496,39.5389],[-102.0517,40.0031],[-102.0517,40.5378],[-102.0516,41.0024],[-102.5568,41.0022],[-102.8658,41.002],[-103.4974,41.0016],[-104.0532,41.0014],[-104.676,41.001],[-104.8553,40.998],[-105.2771,40.9982],[-105.7304,40.9969],[-106.2176,40.9977],[-106.4539,41.0021],[-106.8578,41.0027],[-107.2412,41.0028],[-107.6256,41.0021],[-108.0465,41.0021],[-108.2506,41.0001],[-108.8841,41.0001],[-109.0501,41.0007]]]}},{"type":"Feature","properties":{"state":"UT","name":"Utah"},"geometry":{"type":"Polygon","coordinates":[[[-114.0417,41.9937],[-114.0396,41.8848],[-114.0402,41.4917],[-114.0414,41.22],[-114.0432,40.7717],[-114.0462,40.3983],[-114.0466,39.9969],[-114.0471,39.4999],[-114.0491,39.0055],[-114.0505,38.5],[-114.0494,38.2647],[-114.0497,37.8236],[-114.053,37.5928],[-114.0518,37.4181],[-114.0506,37.0004],[-113.5581,37.0001],[-112.9665,37.0002],[-112.3577,37.001],[-111.4128,37.0015],[-111.0665,37.0024],[-110.5007,37.0043],[-110.4702,36.998],[-110.0218,36.9986],[-109.6257,36.9983],[-109.0452,36.9991],[-109.0458,37.375],[-109.0419,37.5307],[-109.0411,37.9072],[-109.0418,38.1647],[-109.0601,38.2755],[-109.0595,38.7199],[-109.0542,38.875],[-109.0515,39.1261],[-109.0514,39.4977],[-109.0506,39.875],[-109.0509,40.4444],[-109.048,40.6192],[-109.0501,41.0007],[-109.5349,40.9981],[-110.1216,40.9971],[-110.5007,40.9947],[-110.5398,40.9963],[-111.0467,40.998],[-111.0458,41.5656],[-111.0467,42.0016],[-111.5078,41.9995],[-112.1734,41.9966],[-112.193,42.0012],[-112.648,42.0003],[-113.2492,41.9962],[-113.8933,41.9881],[-114.0417,41.9937]]]}},{"type":"Feature","properties":{"state":"VA","name":"Virginia"},"geometry":{"type":"MultiPolygon","coordinates":[[[[-75.6698,37.9506],[-75.7121,37.9361],[-75.7096,37.9006],[-75.6898,37.8618],[-75.7431,37.8067],[-75.8181,37.7917],[-75.803,37.7625],[-75.8377,37.713],[-75.8593,37.7031],[-75.8685,37.6682],[-75.9096,37.6227],[-75.9412,37.5638],[-75.9403,37.5346],[-75.9816,37.4341],[-75.9871,37.3685],[-76.0143,37.3319],[-76.0258,37.2574],[-76.0131,37.2054],[-75.9781,37.1573],[-75.97,37.1289],[-75.8973,37.118],[-75.8174,37.1934],[-75.7952,37.2471],[-75.7984,37.2963],[-75.7654,37.3056],[-75.7358,37.3354],[-75.7207,37.3731],[-75.6584,37.4518],[-75.6729,37.4837],[-75.6022,37.5671],[-75.6145,37.6093],[-75.563,37.7365],[-75.4893,37.8325],[-75.439,37.8693],[-75.3525,37.8748],[-75.2969,37.959],[-75.2425,38.027],[-75.6244,37.9942],[-75.6698,37.9506]]],[[[-75.9939,37.9535],[-76.0465,37.9536],[-76.0325,37.915],[-75.9939,37.9535]]],[[[-81.9683,37.5378],[-82.316,37.2949],[-82.3509,37.2671],[-82.4989,37.227],[-82.7221,37.1202],[-82.7223,37.0579],[-82.7821,37.0082],[-82.8227,37.0041],[-82.8692,36.9742],[-82.8561,36.9525],[-82.8795,36.8891],[-82.9703,36.8577],[-83.0726,36.8546],[-83.1317,36.7815],[-83.1364,36.7431],[-83.1946,36.7395],[-83.3071,36.7114],[-83.3861,36.6866],[-83.4237,36.6674],[-83.5319,36.665],[-83.6145,36.634],[-83.6754,36.6008],[-83.6226,36.5981],[-83.2763,36.5982],[-83.2611,36.5939],[-82.888,36.5935],[-82.4666,36.5945],[-82.2105,36.5958],[-81.9341,36.5942],[-81.9226,36.6162],[-81.6469,36.6119],[-81.6775,36.5881],[-81.3748,36.5747],[-81.3075,36.575],[-80.8376,36.5591],[-80.7048,36.5623],[-80.2952,36.544],[-79.8873,36.5428],[-79.5106,36.5407],[-78.9792,36.5421],[-78.51,36.5411],[-78.1333,36.5438],[-77.7497,36.5455],[-77.2969,36.5447],[-76.916,36.5438],[-76.8071,36.5506],[-76.3132,36.5506],[-75.867,36.5508],[-75.8909,36.6308],[-75.9496,36.7612],[-75.9963,36.922],[-76.0335,36.9319],[-76.0955,36.9088],[-76.235,36.9451],[-76.2977,36.9681],[-76.3876,36.8995],[-76.4834,36.8962],[-76.4876,36.9524],[-76.5629,37.0038],[-76.5865,37.0287],[-76.646,37.0362],[-76.6683,37.0551],[-76.6569,37.1098],[-76.6856,37.1989],[-76.7153,37.148],[-76.7476,37.1505],[-76.8025,37.1983],[-76.8657,37.209],[-76.9085,37.2027],[-76.9484,37.2309],[-76.8722,37.2627],[-76.8584,37.2414],[-76.7935,37.2312],[-76.7578,37.1917],[-76.731,37.2138],[-76.6499,37.2209],[-76.6045,37.16],[-76.6183,37.1193],[-76.5551,37.0759],[-76.4645,37.0275],[-76.4289,36.9699],[-76.3407,37.0152],[-76.3043,37.0014],[-76.2713,37.0845],[-76.2923,37.1266],[-76.3305,37.1417],[-76.3432,37.1662],[-76.3997,37.1603],[-76.3941,37.2252],[-76.4718,37.216],[-76.4933,37.2495],[-76.4291,37.2533],[-76.3811,37.2853],[-76.4064,37.3329],[-76.4453,37.3665],[-76.3871,37.3851],[-76.3375,37.364],[-76.3086,37.3294],[-76.2826,37.3191],[-76.2453,37.3868],[-76.2524,37.4473],[-76.2882,37.5141],[-76.3295,37.4949],[-76.3605,37.5192],[-76.3001,37.5617],[-76.4108,37.5818],[-76.4355,37.6128],[-76.5272,37.6113],[-76.574,37.6468],[-76.5972,37.7173],[-76.6197,37.7448],[-76.677,37.7561],[-76.6898,37.7852],[-76.7343,37.7987],[-76.8063,37.8966],[-76.8462,37.9185],[-76.905,37.9725],[-76.9003,37.9987],[-76.8516,37.9732],[-76.8366,37.9342],[-76.7985,37.9252],[-76.7476,37.8759],[-76.7222,37.8367],[-76.6802,37.8257],[-76.6514,37.7962],[-76.5843,37.7689],[-76.54,37.7044],[-76.5365,37.6636],[-76.5102,37.6423],[-76.4724,37.6658],[-76.3623,37.6104],[-76.3092,37.6219],[-76.3326,37.6458],[-76.3025,37.689],[-76.3129,37.7203],[-76.3075,37.8123],[-76.2514,37.8331],[-76.2367,37.8892],[-76.266,37.9114],[-76.3438,37.9473],[-76.4163,37.9668],[-76.4693,38.0135],[-76.5165,38.0266],[-76.5359,38.0695],[-76.6009,38.1101],[-76.6139,38.1486],[-76.6849,38.1565],[-76.7217,38.1376],[-76.7602,38.1666],[-76.8388,38.1635],[-76.8753,38.1722],[-76.9108,38.1971],[-76.9623,38.2141],[-76.9621,38.2565],[-77.0307,38.3116],[-77.0118,38.3746],[-77.0435,38.4005],[-77.0848,38.3683],[-77.1382,38.3679],[-77.1627,38.346],[-77.2401,38.3316],[-77.2796,38.3394],[-77.3107,38.3977],[-77.3254,38.4489],[-77.3103,38.4939],[-77.2835,38.5252],[-77.247,38.5906],[-77.2406,38.6389],[-77.202,38.6172],[-77.1302,38.635],[-77.1325,38.6738],[-77.1059,38.6968],[-77.0423,38.7185],[-77.039,38.7916],[-77.0317,38.8505],[-77.0673,38.8992],[-77.1198,38.9343],[-77.1466,38.9642],[-77.2215,38.9713],[-77.2498,38.9859],[-77.2446,39.0201],[-77.3403,39.063],[-77.3751,39.0613],[-77.4626,39.0762],[-77.4858,39.1093],[-77.5153,39.1186],[-77.5273,39.1462],[-77.4577,39.225],[-77.4868,39.2476],[-77.5432,39.2669],[-77.5666,39.3061],[-77.6159,39.3027],[-77.6758,39.3242],[-77.7195,39.3213],[-77.7473,39.295],[-77.7714,39.2368],[-77.7936,39.2101],[-77.8282,39.1323],[-78.1582,39.3434],[-78.3471,39.466],[-78.3405,39.3535],[-78.36,39.3178],[-78.4194,39.2575],[-78.3998,39.2441],[-78.4387,39.198],[-78.4037,39.1675],[-78.4599,39.1134],[-78.4784,39.1098],[-78.5719,39.032],[-78.5505,39.0181],[-78.6017,38.9646],[-78.6466,38.9681],[-78.6805,38.9253],[-78.7162,38.9048],[-78.7389,38.9273],[-78.788,38.8851],[-78.8693,38.763],[-78.994,38.8501],[-79.0273,38.7921],[-79.0726,38.7475],[-79.0928,38.7023],[-79.093,38.6595],[-79.1298,38.655],[-79.1635,38.5831],[-79.2059,38.5245],[-79.2106,38.4929],[-79.2797,38.4242],[-79.3123,38.4119],[-79.4766,38.4572],[-79.5369,38.5509],[-79.6491,38.5915],[-79.699,38.4751],[-79.6897,38.4314],[-79.7441,38.354],[-79.8101,38.305],[-79.7875,38.2733],[-79.8464,38.24],[-79.8984,38.193],[-79.929,38.1398],[-79.9263,38.1072],[-80.0025,37.9928],[-80.0745,37.9422],[-80.1419,37.8826],[-80.1622,37.8751],[-80.2186,37.8098],[-80.2305,37.7783],[-80.2574,37.7561],[-80.252,37.7298],[-80.2961,37.6918],[-80.2675,37.6461],[-80.221,37.6278],[-80.2589,37.5955],[-80.3285,37.5643],[-80.2998,37.5083],[-80.4756,37.4229],[-80.5151,37.4786],[-80.552,37.4736],[-80.7052,37.3946],[-80.7701,37.3724],[-80.7842,37.3946],[-80.857,37.4271],[-80.8832,37.3839],[-80.8495,37.3469],[-80.9479,37.2959],[-80.9796,37.3023],[-81.1126,37.2785],[-81.167,37.2629],[-81.2251,37.2349],[-81.3201,37.2993],[-81.3622,37.3377],[-81.3985,37.3106],[-81.4167,37.2732],[-81.4483,37.2706],[-81.5606,37.2067],[-81.6782,37.2015],[-81.7385,37.2383],[-81.7618,37.2757],[-81.8536,37.2877],[-81.8545,37.3066],[-81.9285,37.3606],[-81.9325,37.4152],[-81.9494,37.4457],[-81.987,37.4549],[-81.9966,37.4767],[-81.9412,37.5095],[-81.9683,37.5378]]]]}},{"type":"Feature","properties":{"state":"WY","name":"Wyoming"},"geometry":{"type":"Polygon","coordinates":[[[-104.0577,44.9974],[-104.7651,44.9992],[-105.3713,45.0004],[-105.9134,45.0009],[-105.9282,44.9936],[-106.2636,44.9938],[-106.5667,44.9948],[-107.0849,44.9966],[-107.1342,45.0001],[-107.7507,45.0008],[-108.2712,45.0003],[-109.083,44.9996],[-109.1034,45.0059],[-109.7507,45.0016],[-110.1101,45.0039],[-110.1995,44.9962],[-110.3627,45.0006],[-110.4029,44.9938],[-110.7053,44.9923],[-110.785,45.003],[-111.0552,45.0013],[-111.0569,44.8667],[-111.0524,44.4784],[-111.049,44.4741],[-111.0491,44.0201],[-111.0452,43.5011],[-111.0442,43.1956],[-111.0436,42.7226],[-111.0468,42.5049],[-111.0467,42.0016],[-111.0458,41.5656],[-111.0467,40.998],[-110.5398,40.9963],[-110.5007,40.9947],[-110.1216,40.9971],[-109.5349,40.9981],[-109.0501,41.0007],[-108.8841,41.0001],[-108.2506,41.0001],[-108.0465,41.0021],[-107.6256,41.0021],[-107.2412,41.0028],[-106.8578,41.0027],[-106.4539,41.0021],[-106.2176,40.9977],[-105.7304,40.9969],[-105.2771,40.9982],[-104.8553,40.998],[-104.676,41.001],[-104.0532,41.0014],[-104.0523,41.4179],[-104.053,41.8855],[-104.0526,42.125],[-104.0531,42.5],[-104.0531,43.0006],[-104.0539,43.2898],[-104.0555,43.8535],[-104.0545,44.1804],[-104.0558,44.6913],[-104.0577,44.9974]]]}},{"type":"Feature","properties":{"state":"LA","name":"Louisiana"},"geometry":{"type":"MultiPolygon","coordinates":[[[[-88.8815,30.0532],[-88.8544,30.012],[-88.8387,29.9623],[-88.8368,29.8862],[-88.8181,29.8891],[-88.817,29.9343],[-88.8337,29.9988],[-88.8815,30.0532]]],[[[-89.3422,30.0592],[-89.337,30.04],[-89.2762,30.0317],[-89.2598,30.0494],[-89.2272,30.0212],[-89.1734,30.0434],[-89.1858,30.0639],[-89.2208,30.0714],[-89.2271,30.0951],[-89.1833,30.1493],[-89.1905,30.1618],[-89.303,30.0916],[-89.3422,30.0592]]],[[[-90.3762,29.1087],[-90.3349,29.0638],[-90.3039,29.0754],[-90.343,29.1285],[-90.3762,29.1087]]],[[[-90.5582,29.0941],[-90.5368,29.0743],[-90.4881,29.0588],[-90.4774,29.0754],[-90.5582,29.0941]]],[[[-90.7508,29.0556],[-90.7484,29.0401],[-90.6521,29.0577],[-90.6616,29.0723],[-90.7508,29.0556]]],[[[-92.0178,29.591],[-92.0151,29.5613],[-91.9493,29.5363],[-91.8465,29.4793],[-91.7683,29.4904],[-91.7654,29.5248],[-91.7132,29.5555],[-91.8482,29.6271],[-91.9279,29.6325],[-91.9399,29.6103],[-91.9827,29.6142],[-92.0178,29.591]]],[[[-94.043,33.0192],[-94.0431,32.693],[-94.0427,32.2697],[-94.0427,31.9993],[-94.0187,31.9908],[-93.9775,31.9264],[-93.9096,31.8931],[-93.8748,31.8406],[-93.8709,31.8168],[-93.8226,31.7736],[-93.8306,31.7458],[-93.8045,31.6857],[-93.8265,31.6669],[-93.8168,31.6225],[-93.8381,31.6068],[-93.8186,31.5548],[-93.7808,31.5254],[-93.7434,31.5252],[-93.7259,31.5041],[-93.7495,31.4687],[-93.7009,31.4378],[-93.7047,31.4189],[-93.6741,31.3977],[-93.6637,31.36],[-93.6879,31.3098],[-93.6425,31.2695],[-93.6203,31.271],[-93.6003,31.1762],[-93.5489,31.1866],[-93.5466,31.083],[-93.5169,31.0237],[-93.566,31.0046],[-93.568,30.978],[-93.5262,30.9394],[-93.5678,30.8883],[-93.5541,30.8249],[-93.5894,30.7867],[-93.6211,30.6952],[-93.6831,30.6408],[-93.6798,30.5998],[-93.7278,30.5741],[-93.7292,30.5448],[-93.6978,30.4438],[-93.7586,30.3871],[-93.7658,30.3333],[-93.7143,30.2943],[-93.7051,30.2428],[-93.7209,30.2099],[-93.6977,30.1529],[-93.7024,30.1127],[-93.7325,30.0889],[-93.7208,30.053],[-93.7411,30.0216],[-93.7869,29.9906],[-93.8166,29.9207],[-93.8551,29.8641],[-93.9227,29.8188],[-93.9288,29.7971],[-93.8985,29.7716],[-93.838,29.6906],[-93.7993,29.7153],[-93.7419,29.7363],[-93.6836,29.7472],[-93.4753,29.7692],[-93.3464,29.7626],[-93.2956,29.7751],[-93.2269,29.7775],[-93.1769,29.7705],[-93.0312,29.7363],[-92.9475,29.7088],[-92.7413,29.6221],[-92.6151,29.5856],[-92.5369,29.5738],[-92.3235,29.5315],[-92.2519,29.5394],[-92.1586,29.5816],[-92.0419,29.5868],[-92.1082,29.6137],[-92.1366,29.6675],[-92.1032,29.6931],[-92.1691,29.7002],[-92.2001,29.7257],[-92.1999,29.7532],[-92.1365,29.7673],[-92.1159,29.7395],[-92.0629,29.7692],[-91.9782,29.7999],[-91.971,29.8343],[-91.9375,29.8168],[-91.8891,29.836],[-91.8308,29.8293],[-91.8288,29.7779],[-91.8612,29.7732],[-91.854,29.7076],[-91.7837,29.7407],[-91.7373,29.7494],[-91.7109,29.739],[-91.6671,29.7458],[-91.6215,29.7354],[-91.6251,29.6262],[-91.5535,29.6328],[-91.5374,29.5659],[-91.5173,29.5297],[-91.461,29.47],[-91.4173,29.4851],[-91.3794,29.5124],[-91.3576,29.513],[-91.3204,29.4783],[-91.3531,29.4547],[-91.3296,29.4266],[-91.3341,29.3915],[-91.2761,29.4093],[-91.2572,29.438],[-91.2174,29.4325],[-91.2178,29.3964],[-91.1928,29.3711],[-91.1331,29.3411],[-91.1202,29.3005],[-91.1217,29.2514],[-91.1724,29.2666],[-91.1958,29.3055],[-91.2382,29.3506],[-91.2655,29.361],[-91.2918,29.3114],[-91.3349,29.2988],[-91.2788,29.2478],[-91.1996,29.2213],[-91.1291,29.2159],[-91.094,29.1877],[-91.0318,29.1822],[-91.0001,29.1695],[-90.9613,29.1808],[-90.86,29.095],[-90.8679,29.0561],[-90.8126,29.0421],[-90.7984,29.096],[-90.7448,29.1176],[-90.7232,29.136],[-90.6943,29.1251],[-90.6759,29.1741],[-90.6468,29.1687],[-90.6325,29.2144],[-90.6118,29.2148],[-90.5897,29.2533],[-90.5976,29.3033],[-90.5543,29.2852],[-90.5273,29.3041],[-90.4791,29.2922],[-90.4323,29.3469],[-90.394,29.299],[-90.4033,29.2338],[-90.3443,29.2893],[-90.3043,29.2662],[-90.2635,29.1806],[-90.2778,29.1428],[-90.2344,29.1288],[-90.2459,29.0934],[-90.2236,29.0851],[-90.0585,29.1837],[-90.022,29.2161],[-89.9565,29.2537],[-89.9442,29.2717],[-89.8835,29.3071],[-89.8426,29.3188],[-89.7262,29.304],[-89.6718,29.289],[-89.6397,29.2905],[-89.6067,29.252],[-89.5366,29.2362],[-89.4828,29.2151],[-89.4558,29.191],[-89.4094,29.1279],[-89.3506,29.1296],[-89.3319,29.1486],[-89.3186,29.2016],[-89.2823,29.1814],[-89.2786,29.1376],[-89.3124,29.1175],[-89.31,29.071],[-89.3438,29.0529],[-89.3621,29.0121],[-89.393,28.9871],[-89.3644,28.9647],[-89.2931,29.0413],[-89.2594,29.0584],[-89.2175,29.0557],[-89.2187,29.0225],[-89.1429,28.9916],[-89.147,29.0517],[-89.1108,29.0812],[-89.1063,29.1115],[-89.0666,29.0907],[-89.0395,29.1355],[-89.097,29.1388],[-89.0894,29.1664],[-89.0039,29.1799],[-89.026,29.2152],[-89.0913,29.1911],[-89.1127,29.2023],[-89.1151,29.2529],[-89.1403,29.2911],[-89.165,29.303],[-89.1795,29.3396],[-89.2006,29.3477],[-89.2242,29.3138],[-89.3121,29.388],[-89.3366,29.3782],[-89.38,29.3918],[-89.4873,29.3933],[-89.5086,29.3862],[-89.5319,29.4257],[-89.5284,29.4547],[-89.6402,29.5036],[-89.6572,29.5323],[-89.6811,29.5345],[-89.6711,29.5882],[-89.6378,29.5967],[-89.6026,29.5822],[-89.6108,29.6386],[-89.5833,29.6528],[-89.5352,29.6486],[-89.5196,29.6922],[-89.5249,29.7266],[-89.487,29.7259],[-89.4676,29.699],[-89.4656,29.6517],[-89.4338,29.6564],[-89.4242,29.6976],[-89.4282,29.7416],[-89.3861,29.7888],[-89.3377,29.7791],[-89.3052,29.7569],[-89.2847,29.77],[-89.3428,29.7985],[-89.3633,29.8458],[-89.2545,29.8646],[-89.2414,29.8896],[-89.3115,29.8816],[-89.3183,29.8981],[-89.2801,29.9249],[-89.2312,29.9255],[-89.2181,29.9728],[-89.2733,29.9938],[-89.3155,29.9232],[-89.368,29.9115],[-89.3792,29.9638],[-89.4328,29.9788],[-89.4328,30.008],[-89.3724,30.0367],[-89.4185,30.0497],[-89.4819,30.0791],[-89.4941,30.041],[-89.5814,29.9947],[-89.575,29.9595],[-89.5981,29.8814],[-89.638,29.8641],[-89.692,29.8687],[-89.7755,29.9374],[-89.818,29.9341],[-89.8385,29.9458],[-89.8576,30.0044],[-89.8186,30.0433],[-89.7632,30.0421],[-89.6837,30.076],[-89.6782,30.1083],[-89.6175,30.1564],[-89.5871,30.1506],[-89.5245,30.1808],[-89.5702,30.1803],[-89.6171,30.2275],[-89.6417,30.3038],[-89.6297,30.3393],[-89.6572,30.3565],[-89.6837,30.4059],[-89.6834,30.4518],[-89.7246,30.4919],[-89.7681,30.515],[-89.7796,30.5443],[-89.8197,30.5968],[-89.8181,30.634],[-89.8458,30.7073],[-89.8281,30.725],[-89.8315,30.7676],[-89.8046,30.8025],[-89.7736,30.8969],[-89.7501,30.9129],[-89.7563,30.9435],[-89.7277,30.9933],[-89.7526,31.0019],[-90.3805,30.9999],[-90.7345,30.9992],[-91.1083,30.9989],[-91.6251,30.9992],[-91.5644,31.039],[-91.5676,31.0702],[-91.626,31.1169],[-91.5971,31.1635],[-91.5901,31.1937],[-91.6444,31.2344],[-91.6377,31.2677],[-91.5745,31.2613],[-91.5186,31.2753],[-91.51,31.3168],[-91.549,31.3473],[-91.5499,31.3763],[-91.5783,31.3991],[-91.5485,31.4327],[-91.516,31.3703],[-91.4789,31.365],[-91.4721,31.3959],[-91.5134,31.4444],[-91.5158,31.5309],[-91.45,31.5397],[-91.4079,31.5694],[-91.4227,31.5971],[-91.4852,31.5862],[-91.5166,31.6118],[-91.4977,31.6454],[-91.4638,31.6204],[-91.4211,31.6116],[-91.3957,31.6442],[-91.3971,31.7114],[-91.3551,31.7416],[-91.2755,31.7455],[-91.263,31.767],[-91.3647,31.7703],[-91.3457,31.8429],[-91.2947,31.8605],[-91.2894,31.8287],[-91.2456,31.8332],[-91.2677,31.8627],[-91.2349,31.8769],[-91.201,31.9092],[-91.1883,31.961],[-91.1644,31.9826],[-91.1174,31.9871],[-91.0759,32.0168],[-91.0955,32.0375],[-91.1451,32.0466],[-91.1286,32.0766],[-91.0987,32.0484],[-91.08,32.0792],[-91.0386,32.0983],[-91.0062,32.157],[-91.0502,32.1785],[-91.0532,32.1242],[-91.1628,32.1327],[-91.1746,32.155],[-91.1642,32.1969],[-91.1173,32.2067],[-91.0837,32.2265],[-91.0614,32.2186],[-91.0343,32.2415],[-90.9834,32.2118],[-90.9762,32.2965],[-90.9478,32.2835],[-90.8937,32.3281],[-90.9124,32.3395],[-90.9867,32.3518],[-91.0045,32.3681],[-90.9941,32.4039],[-90.9665,32.4339],[-90.9939,32.4508],[-91.0296,32.4335],[-91.0953,32.4587],[-91.1167,32.5001],[-91.0979,32.5448],[-91.0381,32.4904],[-91.0042,32.4821],[-90.9949,32.5086],[-91.0708,32.5485],[-91.0046,32.6098],[-91.0258,32.6466],[-91.0498,32.6072],[-91.1186,32.5851],[-91.1462,32.6041],[-91.1527,32.6408],[-91.1183,32.6741],[-91.0639,32.7029],[-91.0608,32.7275],[-91.1653,32.7513],[-91.1617,32.8125],[-91.145,32.8429],[-91.1056,32.8584],[-91.0706,32.8887],[-91.0648,32.9265],[-91.0868,32.9763],[-91.1355,32.9797],[-91.1313,32.93],[-91.16,32.8999],[-91.2128,32.9221],[-91.2018,32.9612],[-91.1661,33.0041],[-91.5001,33.0068],[-91.952,33.0074],[-92.2228,33.0091],[-92.7965,33.0148],[-93.0707,33.0178],[-93.4909,33.0184],[-94.043,33.0192]]]]}},{"type":"Feature","properties":{"state":"MI","name":"Michigan"},"geometry":{"type":"MultiPolygon","coordinates":[[[[-84.6513,45.8628],[-84.5876,45.8067],[-84.5499,45.7899],[-84.5009,45.7373],[-84.4189,45.7217],[-84.3722,45.7458],[-84.356,45.7719],[-84.4325,45.7867],[-84.5893,45.8258],[-84.6294,45.8826],[-84.6513,45.8628]]],[[[-85.5244,45.8298],[-85.532,45.7982],[-85.4626,45.7659],[-85.4502,45.7967],[-85.5244,45.8298]]],[[[-85.63,45.5982],[-85.618,45.5826],[-85.5341,45.5782],[-85.487,45.6212],[-85.5061,45.6811],[-85.494,45.6985],[-85.5013,45.7544],[-85.5664,45.7602],[-85.5723,45.7114],[-85.6049,45.6819],[-85.6045,45.6393],[-85.63,45.5982]]],[[[-85.7018,45.7361],[-85.6722,45.6966],[-85.6519,45.7431],[-85.7018,45.7361]]],[[[-86.065,45.1403],[-86.0604,45.1046],[-86.0131,45.0638],[-85.9841,45.0871],[-85.9768,45.1384],[-86.0444,45.1596],[-86.065,45.1403]]],[[[-86.1567,45.0105],[-86.1337,44.9969],[-86.0935,45.0078],[-86.0932,45.0415],[-86.1416,45.0403],[-86.1567,45.0105]]],[[[-86.8248,41.7602],[-86.5193,41.7594],[-86.1278,41.7606],[-85.7914,41.7591],[-85.3081,41.7601],[-84.8059,41.7602],[-84.8061,41.6961],[-84.3604,41.7066],[-83.763,41.7236],[-83.4538,41.7326],[-83.4241,41.7407],[-83.4434,41.7891],[-83.382,41.8709],[-83.3416,41.88],[-83.326,41.925],[-83.2695,41.939],[-83.2492,41.9724],[-83.1872,42.0076],[-83.1886,42.0664],[-83.1335,42.0881],[-83.1213,42.1257],[-83.1339,42.1747],[-83.128,42.2388],[-83.0965,42.2901],[-83.0641,42.3177],[-82.9594,42.3396],[-82.8884,42.3982],[-82.8703,42.4509],[-82.8839,42.4718],[-82.8744,42.5235],[-82.8459,42.5606],[-82.7815,42.5716],[-82.789,42.6034],[-82.819,42.6163],[-82.7973,42.654],[-82.701,42.6895],[-82.626,42.6679],[-82.6898,42.6271],[-82.713,42.5979],[-82.6427,42.5543],[-82.6047,42.5486],[-82.5233,42.6075],[-82.5105,42.6652],[-82.4675,42.7619],[-82.482,42.8086],[-82.4699,42.8875],[-82.455,42.9269],[-82.413,42.977],[-82.4228,43.008],[-82.486,43.1025],[-82.5089,43.1967],[-82.5231,43.2254],[-82.5324,43.3058],[-82.5395,43.4375],[-82.5857,43.544],[-82.6005,43.6029],[-82.6122,43.7398],[-82.6336,43.8312],[-82.6786,43.8837],[-82.739,43.9895],[-82.7932,44.0232],[-82.8759,44.045],[-82.916,44.0705],[-82.9674,44.0661],[-83.0246,44.0452],[-83.0466,44.0157],[-83.1806,43.9821],[-83.2615,43.9735],[-83.2823,43.938],[-83.3187,43.9176],[-83.3479,43.8686],[-83.4175,43.842],[-83.4493,43.8593],[-83.4644,43.8106],[-83.4958,43.7722],[-83.4723,43.729],[-83.498,43.7074],[-83.5398,43.7086],[-83.6478,43.6043],[-83.6834,43.5906],[-83.731,43.6234],[-83.8005,43.6414],[-83.8179,43.6738],[-83.8521,43.6449],[-83.9095,43.6726],[-83.9543,43.7506],[-83.9294,43.7771],[-83.9074,43.9181],[-83.8777,43.9592],[-83.8291,43.9891],[-83.7638,43.9852],[-83.7279,44.0015],[-83.6932,43.9888],[-83.6797,44.0364],[-83.6501,44.0524],[-83.5841,44.0567],[-83.588,44.0868],[-83.5677,44.1197],[-83.5677,44.1559],[-83.5491,44.2273],[-83.5088,44.2737],[-83.4258,44.2725],[-83.4143,44.2945],[-83.3643,44.3326],[-83.3325,44.3405],[-83.3216,44.4045],[-83.3268,44.4444],[-83.3085,44.5399],[-83.3145,44.6087],[-83.2894,44.653],[-83.2734,44.7139],[-83.2973,44.7461],[-83.3006,44.8298],[-83.3205,44.8806],[-83.394,44.9031],[-83.4437,44.9522],[-83.4542,45.0319],[-83.3993,45.0704],[-83.3403,45.0415],[-83.2715,45.0234],[-83.3184,45.1289],[-83.3599,45.163],[-83.4126,45.2458],[-83.3817,45.269],[-83.4224,45.2908],[-83.4967,45.3575],[-83.5993,45.3526],[-83.7218,45.4133],[-83.8066,45.4192],[-83.8415,45.4353],[-83.9095,45.4858],[-84.0288,45.4972],[-84.0758,45.4905],[-84.1092,45.5052],[-84.1395,45.5737],[-84.2153,45.6348],[-84.3295,45.6644],[-84.3764,45.6556],[-84.4136,45.6694],[-84.4617,45.6524],[-84.5555,45.7023],[-84.716,45.7662],[-84.7262,45.7869],[-84.7728,45.7893],[-84.7996,45.7471],[-84.9104,45.75],[-84.9508,45.7369],[-84.9438,45.7103],[-85.0153,45.6516],[-85.0749,45.6292],[-85.1197,45.569],[-85.0884,45.4769],[-85.0409,45.4367],[-84.922,45.4219],[-84.9158,45.3931],[-85.0328,45.3613],[-85.1437,45.3704],[-85.2097,45.3569],[-85.2738,45.3154],[-85.3076,45.3131],[-85.3716,45.2708],[-85.3886,45.2352],[-85.3867,45.1895],[-85.3669,45.1169],[-85.3664,45.069],[-85.3807,45.0463],[-85.3783,44.9986],[-85.3958,44.931],[-85.4748,44.815],[-85.4996,44.8038],[-85.5048,44.7681],[-85.5272,44.7482],[-85.5766,44.7602],[-85.5602,44.8101],[-85.498,44.8655],[-85.4752,44.9911],[-85.52,44.974],[-85.5306,44.8898],[-85.5817,44.8078],[-85.5936,44.7688],[-85.628,44.7675],[-85.6514,44.8316],[-85.6489,44.874],[-85.6255,44.9211],[-85.602,44.9267],[-85.6024,44.9743],[-85.6493,44.9741],[-85.5997,45.0217],[-85.5832,45.0713],[-85.6143,45.1276],[-85.5315,45.1772],[-85.5405,45.2102],[-85.586,45.1804],[-85.6186,45.1868],[-85.656,45.1458],[-85.6811,45.0927],[-85.7464,45.0512],[-85.7804,44.9779],[-85.8074,44.9498],[-85.8699,44.939],[-85.9316,44.9688],[-85.9802,44.9061],[-86.0383,44.9157],[-86.0667,44.9057],[-86.0735,44.7698],[-86.0892,44.7415],[-86.1211,44.728],[-86.2325,44.7061],[-86.2568,44.6868],[-86.2539,44.6481],[-86.2207,44.5667],[-86.2489,44.483],[-86.2481,44.4209],[-86.2687,44.3453],[-86.3438,44.2496],[-86.3628,44.2081],[-86.4299,44.1198],[-86.5147,44.0581],[-86.5017,44.0219],[-86.4631,43.971],[-86.4339,43.8556],[-86.431,43.816],[-86.4616,43.7467],[-86.5292,43.6779],[-86.5385,43.6175],[-86.4793,43.5153],[-86.4351,43.3967],[-86.3957,43.3162],[-86.3163,43.1951],[-86.2546,43.0834],[-86.2263,42.9883],[-86.2107,42.8591],[-86.2068,42.7194],[-86.2291,42.6377],[-86.2256,42.5948],[-86.2497,42.4802],[-86.2972,42.3582],[-86.3562,42.2542],[-86.4041,42.1964],[-86.4852,42.1182],[-86.5564,42.0],[-86.5822,41.9422],[-86.6194,41.8938],[-86.717,41.8193],[-86.8248,41.7602]]],[[[-89.2552,47.8761],[-89.1902,47.8316],[-89.1241,47.8286],[-89.0564,47.8526],[-88.9117,47.8913],[-88.9946,47.8916],[-89.0031,47.9085],[-88.8992,47.9533],[-88.8321,47.9652],[-88.6701,48.0114],[-88.5798,48.0587],[-88.5781,48.0844],[-88.4495,48.1633],[-88.547,48.1749],[-88.6569,48.1392],[-88.8105,48.0552],[-88.8357,48.0568],[-89.0952,47.9679],[-89.1792,47.935],[-89.2552,47.8761]]],[[[-90.4181,46.5661],[-90.3933,46.5326],[-90.3369,46.5541],[-90.2653,46.5038],[-90.2166,46.5018],[-90.1669,46.4399],[-90.1579,46.4093],[-90.1188,46.3592],[-90.1205,46.3369],[-89.4957,46.2163],[-89.0916,46.1385],[-88.8503,46.0403],[-88.7762,46.0159],[-88.74,46.0273],[-88.6746,46.0106],[-88.6648,45.9898],[-88.6164,45.9877],[-88.5655,46.0157],[-88.5059,46.0134],[-88.4169,45.9753],[-88.3802,45.9917],[-88.3205,45.96],[-88.1464,45.9353],[-88.1029,45.9219],[-88.0888,45.8559],[-88.1361,45.819],[-88.094,45.7857],[-88.0506,45.781],[-87.9959,45.7954],[-87.9635,45.7582],[-87.8798,45.7548],[-87.8555,45.7269],[-87.8123,45.7113],[-87.7816,45.6733],[-87.8241,45.6471],[-87.7777,45.6092],[-87.8034,45.5383],[-87.7928,45.5],[-87.813,45.4642],[-87.8617,45.4345],[-87.8497,45.4095],[-87.8718,45.3736],[-87.8635,45.353],[-87.7541,45.3494],[-87.694,45.3899],[-87.6573,45.3688],[-87.6481,45.3394],[-87.6875,45.2981],[-87.7418,45.1971],[-87.7352,45.1776],[-87.6839,45.1441],[-87.6612,45.1083],[-87.5902,45.0953],[-87.612,45.1234],[-87.5857,45.1664],[-87.549,45.1916],[-87.4652,45.2734],[-87.3925,45.369],[-87.3258,45.43],[-87.3331,45.4472],[-87.2887,45.5016],[-87.2635,45.552],[-87.1722,45.6618],[-87.1116,45.6859],[-87.0704,45.7188],[-87.0574,45.8125],[-87.0189,45.8389],[-86.9884,45.8106],[-86.9752,45.7531],[-86.9846,45.7058],[-86.9211,45.6979],[-86.8387,45.7223],[-86.8215,45.7704],[-86.7733,45.8114],[-86.7821,45.8602],[-86.7425,45.8647],[-86.7211,45.8454],[-86.646,45.8339],[-86.6332,45.8601],[-86.5833,45.8988],[-86.5415,45.8902],[-86.5292,45.853],[-86.5555,45.8135],[-86.6715,45.7205],[-86.6657,45.7022],[-86.7158,45.6839],[-86.708,45.6492],[-86.6484,45.616],[-86.617,45.6206],[-86.6279,45.6593],[-86.5875,45.6665],[-86.5858,45.7049],[-86.5414,45.7081],[-86.5146,45.7523],[-86.486,45.7466],[-86.4319,45.7678],[-86.416,45.7938],[-86.3638,45.7901],[-86.3326,45.8518],[-86.3242,45.9061],[-86.278,45.9421],[-86.1966,45.9632],[-86.1594,45.9538],[-86.1236,45.9647],[-86.051,45.9622],[-85.926,45.9321],[-85.8932,45.9673],[-85.8424,45.9652],[-85.8104,45.9801],[-85.6972,45.9602],[-85.664,45.967],[-85.6038,46.0304],[-85.5216,46.0913],[-85.4269,46.102],[-85.3814,46.082],[-85.3359,46.0926],[-85.1975,46.0449],[-85.152,46.0507],[-85.0036,46.0061],[-84.9371,45.9559],[-84.9175,45.9307],[-84.8422,45.8982],[-84.8314,45.872],[-84.747,45.8356],[-84.7012,45.8531],[-84.734,45.907],[-84.7394,45.9418],[-84.723,45.9673],[-84.6877,45.9713],[-84.6927,46.027],[-84.6566,46.0527],[-84.6091,46.0264],[-84.5639,46.0325],[-84.5334,46.0057],[-84.3764,45.932],[-84.33,45.9562],[-84.255,45.9561],[-84.2382,45.9676],[-84.1112,45.9787],[-84.0176,45.959],[-83.9851,45.9671],[-83.9213,45.9581],[-83.8811,45.9682],[-83.7861,45.9334],[-83.6877,45.9354],[-83.6577,45.9455],[-83.5618,45.9126],[-83.5106,45.9293],[-83.4806,45.9962],[-83.5329,46.0113],[-83.5541,46.0589],[-83.5813,46.0896],[-83.635,46.104],[-83.7039,46.1034],[-83.7718,46.091],[-83.8125,46.0735],[-83.7738,46.0515],[-83.7653,46.0184],[-83.7941,45.9958],[-83.8454,46.0257],[-83.8682,45.9951],[-83.9005,45.9989],[-83.9439,46.0315],[-83.9895,46.0328],[-84.0717,46.0924],[-84.0265,46.1316],[-84.1001,46.1508],[-84.125,46.1802],[-84.1716,46.1817],[-84.221,46.1631],[-84.2514,46.1759],[-84.2492,46.2065],[-84.2195,46.232],[-84.1182,46.234],[-84.1196,46.315],[-84.1462,46.4185],[-84.1112,46.5041],[-84.1289,46.5301],[-84.2261,46.5339],[-84.2544,46.5008],[-84.293,46.4928],[-84.3436,46.5077],[-84.4203,46.5011],[-84.4633,46.4674],[-84.4626,46.4409],[-84.5037,46.4392],[-84.5515,46.4185],[-84.5963,46.4151],[-84.5919,46.4453],[-84.631,46.4849],[-84.6784,46.4877],[-84.8001,46.4462],[-84.8439,46.4487],[-84.8614,46.4699],[-84.9152,46.4675],[-85.0152,46.4797],[-85.0561,46.5265],[-85.0271,46.543],[-85.0355,46.5815],[-85.0275,46.6975],[-85.0076,46.7283],[-84.9516,46.7695],[-85.0636,46.7579],[-85.173,46.7636],[-85.2569,46.7534],[-85.3698,46.7138],[-85.4821,46.6804],[-85.5873,46.6746],[-85.6688,46.6804],[-85.7949,46.6811],[-85.8779,46.6909],[-85.9537,46.6769],[-86.1199,46.6573],[-86.1383,46.6729],[-86.188,46.654],[-86.3499,46.578],[-86.4372,46.549],[-86.4693,46.5514],[-86.4951,46.5249],[-86.5862,46.4633],[-86.6464,46.4858],[-86.6274,46.5337],[-86.6529,46.5606],[-86.7093,46.5439],[-86.6838,46.4981],[-86.6864,46.455],[-86.7359,46.4752],[-86.7879,46.4777],[-86.816,46.4379],[-86.8752,46.4373],[-86.8891,46.4585],[-86.9471,46.4721],[-86.977,46.5266],[-87.0171,46.5336],[-87.1076,46.4961],[-87.1751,46.4975],[-87.2587,46.4883],[-87.3511,46.5007],[-87.3893,46.5245],[-87.3756,46.5471],[-87.384,46.5931],[-87.4426,46.6028],[-87.468,46.6356],[-87.503,46.6475],[-87.5233,46.6885],[-87.5732,46.7205],[-87.5953,46.783],[-87.6333,46.8121],[-87.7274,46.8277],[-87.741,46.8652],[-87.8272,46.8897],[-87.8462,46.8839],[-87.9003,46.9097],[-87.9861,46.906],[-88.0819,46.9205],[-88.1752,46.9046],[-88.1437,46.9667],[-88.2444,46.9296],[-88.3495,46.8606],[-88.4338,46.7935],[-88.4623,46.7867],[-88.4837,46.8317],[-88.4759,46.886],[-88.4439,46.9723],[-88.4111,46.978],[-88.3676,47.0192],[-88.3532,47.0691],[-88.2976,47.0985],[-88.272,47.1435],[-88.2124,47.2094],[-88.1631,47.2163],[-88.0548,47.2982],[-88.0165,47.3063],[-87.9383,47.3423],[-87.9571,47.3873],[-87.8822,47.3956],[-87.8154,47.3848],[-87.7424,47.4058],[-87.7159,47.4398],[-87.8012,47.4733],[-87.9789,47.4794],[-88.1818,47.4577],[-88.2392,47.43],[-88.2852,47.4224],[-88.4187,47.3712],[-88.5008,47.2935],[-88.574,47.246],[-88.6564,47.2256],[-88.7297,47.1858],[-88.7644,47.1558],[-88.8148,47.1414],[-88.8891,47.1006],[-88.944,47.0201],[-88.9984,46.9953],[-89.1426,46.9849],[-89.2015,46.9311],[-89.2491,46.9033],[-89.372,46.8574],[-89.437,46.8395],[-89.5139,46.8418],[-89.6193,46.8189],[-89.6734,46.8332],[-89.7907,46.8185],[-89.8487,46.7957],[-89.9185,46.7403],[-90.0284,46.6744],[-90.3276,46.6077],[-90.4181,46.5661]]]]}},{"type":"Feature","properties":{"state":"MA","name":"Massachusetts"},"geometry":{"type":"MultiPolygon","coordinates":[[[[-70.2755,41.3105],[-70.2562,41.2881],[-70.1187,41.2424],[-70.0152,41.238],[-69.9657,41.2525],[-69.9603,41.2787],[-70.0184,41.3686],[-70.0461,41.3217],[-70.0821,41.2991],[-70.2295,41.2902],[-70.2755,41.3105]]],[[[-70.8338,41.3534],[-70.8021,41.3142],[-70.7642,41.3187],[-70.7098,41.3417],[-70.5992,41.3493],[-70.4511,41.3482],[-70.4462,41.3965],[-70.4845,41.3863],[-70.5476,41.4158],[-70.5633,41.4691],[-70.6036,41.4824],[-70.6869,41.4413],[-70.7689,41.3532],[-70.8338,41.3534]]],[[[-73.265,42.7459],[-73.3835,42.4256],[-73.5081,42.0863],[-73.4873,42.0496],[-73.4328,42.0506],[-72.9995,42.0387],[-72.8135,42.0365],[-72.8167,41.9976],[-72.7667,42.003],[-72.7517,42.0302],[-72.6959,42.0368],[-72.5732,42.0301],[-72.5281,42.0343],[-72.1357,42.0302],[-71.8006,42.0236],[-71.7992,42.0081],[-71.3814,42.0188],[-71.3817,41.8932],[-71.3387,41.8984],[-71.334,41.8623],[-71.3472,41.8231],[-71.3279,41.7805],[-71.2614,41.7523],[-71.2248,41.7105],[-71.1956,41.6751],[-71.1329,41.6601],[-71.1206,41.4974],[-71.0857,41.5093],[-71.0411,41.4947],[-70.9817,41.5101],[-70.9792,41.5304],[-70.9315,41.5402],[-70.9297,41.6095],[-70.8946,41.6241],[-70.8103,41.6249],[-70.7767,41.6508],[-70.7553,41.6943],[-70.7196,41.685],[-70.7187,41.7357],[-70.6265,41.713],[-70.646,41.6938],[-70.6376,41.6546],[-70.6524,41.6052],[-70.642,41.5831],[-70.6587,41.5434],[-70.7451,41.501],[-70.8022,41.4609],[-70.7903,41.4463],[-70.7343,41.4863],[-70.6541,41.519],[-70.6336,41.5383],[-70.4932,41.552],[-70.4372,41.6053],[-70.3699,41.6159],[-70.3381,41.6363],[-70.3117,41.6274],[-70.2459,41.6285],[-70.1911,41.6453],[-70.0892,41.6628],[-69.9964,41.6672],[-69.9578,41.6204],[-69.9283,41.6917],[-69.936,41.8094],[-69.9861,41.9496],[-70.0335,42.0177],[-70.0585,42.0404],[-70.116,42.0676],[-70.1893,42.0823],[-70.2454,42.0637],[-70.208,42.0307],[-70.1698,42.0597],[-70.1081,42.0436],[-70.0838,42.012],[-70.074,41.9387],[-70.0305,41.9292],[-70.009,41.8766],[-70.0038,41.8085],[-70.0247,41.7874],[-70.122,41.7588],[-70.1893,41.752],[-70.2592,41.714],[-70.291,41.7343],[-70.3753,41.7388],[-70.4716,41.7616],[-70.541,41.8158],[-70.5256,41.8587],[-70.5529,41.9296],[-70.5836,41.95],[-70.6165,41.9402],[-70.6625,41.9606],[-70.7122,42.0076],[-70.6675,42.0123],[-70.6432,42.0508],[-70.6402,42.0886],[-70.7143,42.1688],[-70.7223,42.208],[-70.771,42.2492],[-70.8511,42.2683],[-70.8828,42.3089],[-70.9353,42.3021],[-70.9891,42.2674],[-70.9867,42.3063],[-71.0157,42.326],[-70.9749,42.3558],[-70.9906,42.4071],[-70.9436,42.4521],[-70.8578,42.4903],[-70.8714,42.5464],[-70.8041,42.5616],[-70.6547,42.5822],[-70.6184,42.6286],[-70.594,42.635],[-70.6451,42.6894],[-70.6894,42.6533],[-70.7288,42.6639],[-70.7705,42.7048],[-70.8052,42.7818],[-70.8173,42.8723],[-70.8486,42.8609],[-70.8861,42.8826],[-70.9308,42.8846],[-70.9665,42.869],[-71.0312,42.8591],[-71.0642,42.8063],[-71.1325,42.8214],[-71.1861,42.7907],[-71.1818,42.7376],[-71.2455,42.7426],[-71.2942,42.697],[-71.7458,42.7073],[-71.9814,42.7133],[-72.4585,42.7269],[-72.8091,42.7366],[-73.265,42.7459]]]]}},{"type":"Feature","properties":{"state":"FL","name":"Florida"},"geometry":{"type":"MultiPolygon","coordinates":[[[[-80.7516,24.8573],[-80.7314,24.8432],[-80.6839,24.881],[-80.6985,24.9093],[-80.7516,24.8573]]],[[[-80.8509,24.8037],[-80.7961,24.8119],[-80.817,24.8368],[-80.8509,24.8037]]],[[[-81.1248,24.7071],[-81.0773,24.69],[-81.0238,24.7169],[-80.9156,24.7591],[-80.937,24.785],[-81.1248,24.7071]]],[[[-81.8117,24.5687],[-81.8125,24.5455],[-81.6852,24.5587],[-81.6651,24.5733],[-81.6119,24.5856],[-81.5174,24.6212],[-81.508,24.6424],[-81.4125,24.6467],[-81.4019,24.6235],[-81.3631,24.631],[-81.2577,24.6643],[-81.2432,24.674],[-81.2924,24.7105],[-81.3051,24.7552],[-81.3778,24.7822],[-81.4435,24.8134],[-81.4981,24.7926],[-81.5361,24.766],[-81.5712,24.7564],[-81.5846,24.7367],[-81.6723,24.6995],[-81.7457,24.6599],[-81.7995,24.5942],[-81.8117,24.5687]]],[[[-82.0149,24.5431],[-82.0161,24.5214],[-81.9721,24.515],[-81.9115,24.5269],[-81.8866,24.5723],[-82.0149,24.5431]]],[[[-82.1644,24.5634],[-82.1168,24.5491],[-82.1042,24.5883],[-82.1431,24.5934],[-82.1644,24.5634]]],[[[-82.2644,26.6985],[-82.2657,26.6553],[-82.2431,26.5905],[-82.1955,26.4916],[-82.1729,26.4677],[-82.0981,26.425],[-82.0631,26.4255],[-82.0139,26.4521],[-82.0626,26.4701],[-82.0884,26.4552],[-82.1494,26.4776],[-82.1775,26.5023],[-82.2465,26.6834],[-82.2644,26.6985]]],[[[-82.9335,24.6328],[-82.8943,24.6112],[-82.8801,24.6436],[-82.9335,24.6328]]],[[[-84.6696,29.7947],[-84.6624,29.7731],[-84.6244,29.7782],[-84.565,29.8102],[-84.5769,29.837],[-84.6387,29.8009],[-84.6696,29.7947]]],[[[-85.0025,31.0007],[-85.2438,31.0009],[-85.4984,30.9969],[-85.8936,30.9935],[-86.117,30.9929],[-86.52,30.9932],[-86.7254,30.9968],[-87.1408,30.9995],[-87.5989,30.9974],[-87.5892,30.9644],[-87.6349,30.8659],[-87.6005,30.8206],[-87.5521,30.7862],[-87.5326,30.7435],[-87.5023,30.7216],[-87.407,30.6751],[-87.3936,30.6309],[-87.4187,30.5618],[-87.4466,30.5271],[-87.4356,30.4805],[-87.3712,30.4305],[-87.4296,30.4065],[-87.451,30.3463],[-87.4906,30.3232],[-87.5183,30.2804],[-87.4199,30.2971],[-87.2954,30.3235],[-87.2678,30.3155],[-87.1554,30.3277],[-86.9097,30.3724],[-86.7509,30.3919],[-86.633,30.3963],[-86.4121,30.3803],[-86.2987,30.363],[-86.09,30.3036],[-85.9999,30.2708],[-85.8781,30.2156],[-85.7754,30.1563],[-85.6968,30.0969],[-85.5882,30.0555],[-85.5412,29.9958],[-85.4878,29.9612],[-85.4051,29.9385],[-85.3637,29.8989],[-85.3367,29.8493],[-85.3129,29.8323],[-85.3013,29.7971],[-85.306,29.7252],[-85.34,29.6916],[-85.3662,29.7102],[-85.3864,29.7886],[-85.387,29.8785],[-85.418,29.8289],[-85.3979,29.7405],[-85.3526,29.6598],[-85.3192,29.6815],[-85.2216,29.6778],[-85.141,29.634],[-85.0842,29.6152],[-85.0451,29.587],[-85.0045,29.5988],[-84.8767,29.6558],[-84.777,29.6922],[-84.6926,29.763],[-84.7019,29.7742],[-84.7986,29.7021],[-84.9015,29.6679],[-85.0121,29.6224],[-85.07,29.6409],[-85.0743,29.674],[-85.1004,29.6847],[-85.1215,29.7159],[-84.9933,29.715],[-84.9384,29.7502],[-84.9151,29.7833],[-84.8771,29.7729],[-84.9018,29.7357],[-84.8242,29.7583],[-84.6921,29.8291],[-84.6697,29.8289],[-84.6033,29.8761],[-84.5359,29.9101],[-84.4517,29.9291],[-84.4343,29.9063],[-84.3789,29.8931],[-84.3434,29.8995],[-84.3337,29.9237],[-84.343,29.9751],[-84.3661,30.0087],[-84.2978,30.0575],[-84.2772,30.0603],[-84.2694,30.0977],[-84.237,30.0856],[-84.1985,30.0879],[-84.1573,30.0727],[-84.1249,30.0906],[-84.0243,30.1033],[-83.9334,30.0463],[-83.8454,29.9981],[-83.7887,29.977],[-83.6864,29.9237],[-83.638,29.8861],[-83.6186,29.8423],[-83.5859,29.8118],[-83.5861,29.7846],[-83.5376,29.7231],[-83.4937,29.7084],[-83.4554,29.6764],[-83.4128,29.6685],[-83.3995,29.613],[-83.4053,29.5783],[-83.4003,29.5172],[-83.3115,29.4757],[-83.2947,29.4379],[-83.2405,29.4332],[-83.2181,29.4205],[-83.2007,29.3739],[-83.1755,29.3447],[-83.1696,29.2904],[-83.089,29.2665],[-83.0747,29.248],[-83.0878,29.2164],[-83.0609,29.171],[-83.0532,29.1308],[-83.0305,29.134],[-82.9961,29.1781],[-82.9453,29.1678],[-82.8271,29.1584],[-82.8047,29.1466],[-82.8012,29.1051],[-82.7597,29.0542],[-82.7606,28.9931],[-82.7358,28.9737],[-82.6889,28.9056],[-82.7302,28.8502],[-82.6983,28.757],[-82.7124,28.7209],[-82.6687,28.6957],[-82.6747,28.6476],[-82.6541,28.5908],[-82.668,28.5282],[-82.6651,28.4844],[-82.6748,28.442],[-82.7063,28.4013],[-82.7061,28.3681],[-82.7315,28.3251],[-82.7328,28.2919],[-82.7641,28.2443],[-82.7626,28.219],[-82.7978,28.1878],[-82.8085,28.1548],[-82.7813,28.1276],[-82.7827,28.0559],[-82.8284,28.0415],[-82.8314,27.9621],[-82.8511,27.8863],[-82.8286,27.8223],[-82.7902,27.7916],[-82.7462,27.7313],[-82.738,27.7068],[-82.745,27.6468],[-82.7331,27.613],[-82.705,27.6253],[-82.723,27.6712],[-82.7136,27.6987],[-82.6336,27.7106],[-82.6227,27.7799],[-82.5865,27.8167],[-82.61,27.8735],[-82.6342,27.9037],[-82.6851,27.9163],[-82.7201,27.9364],[-82.6792,28.0],[-82.6696,28.0304],[-82.576,27.9694],[-82.5539,27.967],[-82.5337,27.933],[-82.5299,27.8775],[-82.5539,27.8485],[-82.5112,27.828],[-82.4724,27.8226],[-82.4881,27.8636],[-82.4898,27.9196],[-82.4139,27.9014],[-82.3934,27.8375],[-82.4346,27.7644],[-82.4783,27.7463],[-82.4776,27.723],[-82.5143,27.7056],[-82.5846,27.596],[-82.6507,27.5231],[-82.6746,27.5196],[-82.7078,27.4876],[-82.691,27.4443],[-82.5692,27.2986],[-82.5698,27.2795],[-82.5397,27.2543],[-82.477,27.1412],[-82.4457,27.0606],[-82.3516,26.9084],[-82.2891,26.8278],[-82.2499,26.7629],[-82.1787,26.7726],[-82.1471,26.7898],[-82.1563,26.8519],[-82.1752,26.9169],[-82.1373,26.9261],[-82.1172,26.9542],[-82.0763,26.9583],[-82.0907,26.8887],[-82.0591,26.8766],[-82.0551,26.8025],[-82.0666,26.7427],[-82.1062,26.6673],[-82.1258,26.6995],[-82.1735,26.7018],[-82.1816,26.6817],[-82.1379,26.6374],[-82.112,26.5409],[-82.1057,26.4839],[-82.0569,26.4937],[-82.0682,26.5311],[-82.0153,26.5288],[-82.0137,26.4908],[-81.9695,26.4765],[-81.9642,26.458],[-81.9117,26.4272],[-81.869,26.3786],[-81.8331,26.2945],[-81.8207,26.2367],[-81.8017,26.0882],[-81.7624,26.0061],[-81.7497,25.9605],[-81.6895,25.8527],[-81.6638,25.8856],[-81.6235,25.8972],[-81.5479,25.8496],[-81.4722,25.8169],[-81.4685,25.8033],[-81.3838,25.7768],[-81.3823,25.7495],[-81.3552,25.7287],[-81.3506,25.6898],[-81.3119,25.7029],[-81.2903,25.6875],[-81.2715,25.6143],[-81.2405,25.599],[-81.2256,25.5585],[-81.2032,25.5342],[-81.2082,25.5049],[-81.1687,25.4638],[-81.1468,25.4076],[-81.1173,25.355],[-81.1519,25.3248],[-81.172,25.2223],[-81.1555,25.2081],[-81.141,25.1639],[-81.0799,25.1188],[-81.0505,25.1283],[-80.9992,25.1242],[-80.9718,25.134],[-80.9006,25.1397],[-80.8755,25.1743],[-80.8223,25.1742],[-80.8121,25.186],[-80.7477,25.1474],[-80.713,25.1522],[-80.664,25.1873],[-80.6098,25.2004],[-80.5424,25.2064],[-80.5216,25.2215],[-80.4954,25.1998],[-80.4646,25.2091],[-80.4429,25.1893],[-80.4611,25.1618],[-80.4688,25.092],[-80.4967,25.047],[-80.5448,25.0122],[-80.6685,24.9079],[-80.6577,24.8974],[-80.5715,24.9537],[-80.4488,25.0734],[-80.4071,25.1043],[-80.3582,25.1532],[-80.3274,25.2238],[-80.2038,25.4145],[-80.1767,25.4859],[-80.2002,25.4854],[-80.2902,25.3193],[-80.3383,25.2901],[-80.3659,25.2854],[-80.3741,25.3174],[-80.3353,25.3387],[-80.3068,25.3844],[-80.3258,25.398],[-80.3394,25.4994],[-80.3287,25.5326],[-80.3021,25.5676],[-80.3015,25.6133],[-80.2771,25.637],[-80.2445,25.7171],[-80.1977,25.7444],[-80.1645,25.7218],[-80.1769,25.6851],[-80.155,25.6655],[-80.144,25.7408],[-80.128,25.7722],[-80.1197,25.841],[-80.1178,25.9864],[-80.1096,26.0872],[-80.0894,26.2319],[-80.0799,26.2644],[-80.0606,26.4447],[-80.0389,26.5693],[-80.0314,26.7963],[-80.0463,26.8592],[-80.0939,27.0186],[-80.1596,27.1633],[-80.1615,27.1928],[-80.1931,27.2495],[-80.2537,27.3798],[-80.2932,27.5003],[-80.3118,27.5246],[-80.331,27.5975],[-80.3517,27.6426],[-80.3837,27.74],[-80.5089,27.9705],[-80.5664,28.0956],[-80.59,28.178],[-80.6042,28.2577],[-80.6034,28.364],[-80.5878,28.4109],[-80.5251,28.4595],[-80.561,28.5307],[-80.5749,28.5852],[-80.6168,28.6346],[-80.7097,28.7567],[-80.8783,29.0106],[-80.9073,29.0643],[-80.9662,29.148],[-81.0467,29.3079],[-81.1636,29.5553],[-81.2409,29.7392],[-81.2567,29.7847],[-81.2647,29.8582],[-81.2765,29.9005],[-81.309,29.9694],[-81.3556,30.1626],[-81.3855,30.2738],[-81.3964,30.34],[-81.3974,30.4006],[-81.4108,30.482],[-81.4471,30.5037],[-81.4341,30.5226],[-81.4431,30.6009],[-81.4274,30.698],[-81.4441,30.7097],[-81.4895,30.7261],[-81.5409,30.7133],[-81.6948,30.7484],[-81.7199,30.7446],[-81.7634,30.7738],[-81.8085,30.79],[-81.8686,30.7928],[-81.8957,30.8211],[-81.9498,30.8275],[-81.9791,30.7764],[-82.0397,30.7477],[-82.0364,30.7066],[-82.0495,30.6555],[-82.0121,30.5938],[-82.0055,30.5635],[-82.0189,30.5238],[-82.0178,30.4751],[-82.0372,30.4345],[-82.0479,30.3633],[-82.1049,30.3683],[-82.1701,30.3589],[-82.193,30.3788],[-82.2103,30.4246],[-82.2014,30.4852],[-82.2304,30.5173],[-82.2356,30.5449],[-82.2149,30.5686],[-82.5693,30.591],[-83.1314,30.6236],[-83.5,30.6457],[-84.0573,30.6747],[-84.5395,30.6968],[-84.8647,30.7115],[-84.8962,30.7506],[-84.9144,30.7536],[-84.9362,30.8207],[-84.937,30.8847],[-84.9838,30.937],[-84.9827,30.9656],[-85.0025,31.0007]]]]}},{"type":"Feature","properties":{"state":"CT","name":"Connecticut"},"geometry":{"type":"Polygon","coordinates":[[[-73.4873,42.0496],[-73.521,41.6198],[-73.551,41.2954],[-73.4827,41.2128],[-73.7278,41.1007],[-73.6547,41.0117],[-73.6573,40.9852],[-73.604,41.0151],[-73.5677,41.0109],[-73.4933,41.0482],[-73.3872,41.0582],[-73.3307,41.11],[-73.2868,41.1279],[-73.2624,41.1175],[-73.1778,41.1667],[-73.1303,41.1468],[-73.0506,41.2102],[-73.0149,41.2043],[-72.962,41.2516],[-72.9282,41.2637],[-72.8944,41.2424],[-72.7544,41.2669],[-72.6947,41.245],[-72.6723,41.267],[-72.5711,41.2681],[-72.5472,41.2505],[-72.4519,41.2789],[-72.3987,41.2782],[-72.3866,41.2618],[-72.2615,41.2829],[-72.204,41.2991],[-72.1776,41.3225],[-72.1342,41.2994],[-72.0845,41.3196],[-72.0219,41.3168],[-71.9457,41.3378],[-71.8863,41.3364],[-71.8605,41.3202],[-71.8296,41.3445],[-71.8396,41.4121],[-71.7977,41.4167],[-71.787,41.656],[-71.7992,42.0081],[-71.8006,42.0236],[-72.1357,42.0302],[-72.5281,42.0343],[-72.5732,42.0301],[-72.6959,42.0368],[-72.7517,42.0302],[-72.7667,42.003],[-72.8167,41.9976],[-72.8135,42.0365],[-72.9995,42.0387],[-73.4328,42.0506],[-73.4873,42.0496]]]}},{"type":"Feature","properties":{"state":"NJ","name":"New Jersey"},"geometry":{"type":"Polygon","coordinates":[[[-75.5594,39.6298],[-75.5559,39.6058],[-75.5127,39.578],[-75.5277,39.5353],[-75.5364,39.4606],[-75.4652,39.4389],[-75.4318,39.3916],[-75.3993,39.3795],[-75.365,39.3414],[-75.3275,39.3393],[-75.2889,39.2896],[-75.2518,39.2999],[-75.2416,39.2741],[-75.1775,39.2427],[-75.1684,39.2026],[-75.1367,39.1819],[-75.111,39.2125],[-75.0264,39.2132],[-75.0262,39.1936],[-74.9624,39.1902],[-74.9052,39.1749],[-74.8872,39.1588],[-74.9037,39.0874],[-74.9554,39.0013],[-74.972,38.9404],[-74.9336,38.9285],[-74.8645,38.9404],[-74.7927,38.992],[-74.7788,39.0231],[-74.7059,39.1029],[-74.7143,39.1198],[-74.6466,39.212],[-74.6145,39.2447],[-74.5218,39.3138],[-74.4127,39.3608],[-74.367,39.402],[-74.3043,39.4714],[-74.311,39.5067],[-74.2774,39.5141],[-74.2405,39.5549],[-74.1417,39.6894],[-74.0969,39.763],[-74.0772,39.911],[-74.0302,40.1228],[-73.9774,40.2994],[-73.9714,40.3717],[-73.9985,40.4109],[-74.0479,40.4189],[-74.1379,40.457],[-74.1939,40.441],[-74.2619,40.4647],[-74.2606,40.5024],[-74.2492,40.5451],[-74.2168,40.5586],[-74.1994,40.5999],[-74.2022,40.6309],[-74.0868,40.6516],[-74.0473,40.6905],[-74.0245,40.7094],[-74.0138,40.7566],[-73.9632,40.8269],[-73.929,40.8896],[-73.8965,40.9817],[-73.9027,40.9973],[-74.302,41.1726],[-74.4576,41.2482],[-74.6949,41.3574],[-74.7532,41.3461],[-74.8384,41.2773],[-74.8674,41.2278],[-74.8821,41.1808],[-74.9232,41.1381],[-74.9822,41.1082],[-75.0258,41.0398],[-75.1306,40.9911],[-75.1178,40.953],[-75.0508,40.8681],[-75.1085,40.7911],[-75.1344,40.7738],[-75.1716,40.7777],[-75.1965,40.7516],[-75.1825,40.7299],[-75.2039,40.6915],[-75.1776,40.6777],[-75.2005,40.6469],[-75.1886,40.6246],[-75.194,40.5763],[-75.1003,40.5678],[-75.0686,40.5422],[-75.0622,40.4814],[-75.0706,40.4563],[-75.0561,40.4161],[-74.9964,40.4105],[-74.964,40.3952],[-74.9397,40.338],[-74.8682,40.2952],[-74.8423,40.2505],[-74.7704,40.2145],[-74.7257,40.1455],[-74.7887,40.1204],[-74.8163,40.1276],[-74.8638,40.0822],[-74.9322,40.0684],[-75.0079,40.0231],[-75.047,40.0089],[-75.072,39.9806],[-75.1301,39.9587],[-75.1308,39.9002],[-75.1507,39.8827],[-75.2712,39.8494],[-75.3304,39.849],[-75.4151,39.8019],[-75.4594,39.7658],[-75.4789,39.7138],[-75.5097,39.6861],[-75.5594,39.6298]]]}},{"type":"Feature","properties":{"state":"MD","name":"Maryland"},"geometry":{"type":"MultiPolygon","coordinates":[[[[-75.9939,37.9535],[-75.9863,38.0219],[-76.0208,38.0391],[-76.0486,38.0148],[-76.0465,37.9536],[-75.9939,37.9535]]],[[[-76.0955,38.1251],[-76.0434,38.1179],[-76.0593,38.0958],[-76.0233,38.0708],[-76.0119,38.1222],[-76.0319,38.1483],[-76.0222,38.1779],[-76.0488,38.2037],[-76.0886,38.1926],[-76.0955,38.1251]]],[[[-79.4767,39.7211],[-79.4789,39.5317],[-79.4826,39.5214],[-79.4869,39.206],[-79.4398,39.2171],[-79.387,39.2655],[-79.2539,39.3372],[-79.1298,39.4199],[-79.0954,39.4625],[-79.0463,39.4838],[-79.0339,39.4678],[-78.9555,39.4423],[-78.9533,39.4636],[-78.8747,39.5226],[-78.826,39.5888],[-78.7775,39.6217],[-78.7675,39.5875],[-78.6895,39.5458],[-78.623,39.5395],[-78.5659,39.5194],[-78.4629,39.5208],[-78.4265,39.5592],[-78.4544,39.5743],[-78.4206,39.6032],[-78.4205,39.624],[-78.3625,39.626],[-78.3519,39.6405],[-78.2668,39.6188],[-78.2541,39.6401],[-78.1714,39.6956],[-78.0775,39.6689],[-78.0113,39.6041],[-77.9764,39.5999],[-77.887,39.6133],[-77.838,39.6061],[-77.8422,39.5643],[-77.8864,39.5519],[-77.8411,39.5195],[-77.8392,39.4964],[-77.7952,39.481],[-77.7877,39.4292],[-77.7531,39.4233],[-77.7363,39.3877],[-77.7576,39.3354],[-77.7195,39.3213],[-77.6758,39.3242],[-77.6159,39.3027],[-77.5666,39.3061],[-77.5432,39.2669],[-77.4868,39.2476],[-77.4577,39.225],[-77.5273,39.1462],[-77.5153,39.1186],[-77.4858,39.1093],[-77.4626,39.0762],[-77.3751,39.0613],[-77.3403,39.063],[-77.2446,39.0201],[-77.2498,38.9859],[-77.2215,38.9713],[-77.1466,38.9642],[-77.1198,38.9343],[-77.041,38.9955],[-76.9094,38.8929],[-77.039,38.7916],[-77.0423,38.7185],[-77.1059,38.6968],[-77.1325,38.6738],[-77.1302,38.635],[-77.1487,38.6056],[-77.1838,38.6007],[-77.2377,38.5519],[-77.2742,38.4818],[-77.2502,38.3828],[-77.2073,38.3599],[-77.0911,38.4075],[-77.0406,38.4446],[-77.0164,38.4456],[-76.9883,38.395],[-76.9755,38.3473],[-76.9296,38.3211],[-76.9209,38.2916],[-76.8643,38.2689],[-76.8348,38.274],[-76.8587,38.3248],[-76.8327,38.3301],[-76.8023,38.2807],[-76.7975,38.2369],[-76.6735,38.2344],[-76.5906,38.2142],[-76.553,38.1872],[-76.5404,38.153],[-76.481,38.1159],[-76.4398,38.1389],[-76.4212,38.106],[-76.3923,38.1029],[-76.3612,38.0595],[-76.3195,38.0433],[-76.3385,38.1195],[-76.3201,38.1383],[-76.3852,38.2178],[-76.3993,38.2593],[-76.3745,38.2963],[-76.4192,38.3229],[-76.387,38.3613],[-76.3883,38.3878],[-76.4927,38.4828],[-76.5157,38.529],[-76.5113,38.6157],[-76.5324,38.6784],[-76.5267,38.7244],[-76.5575,38.7447],[-76.5599,38.7674],[-76.5101,38.8012],[-76.4899,38.8387],[-76.5194,38.8631],[-76.4907,38.8848],[-76.4937,38.91],[-76.4503,38.9411],[-76.4742,38.9726],[-76.4222,38.989],[-76.3941,39.0113],[-76.4389,39.0528],[-76.4219,39.0814],[-76.4287,39.1317],[-76.5342,39.1906],[-76.5785,39.2488],[-76.5209,39.2411],[-76.4889,39.2022],[-76.4425,39.1954],[-76.4177,39.2198],[-76.35,39.2488],[-76.3849,39.2759],[-76.3509,39.3311],[-76.3418,39.3741],[-76.304,39.3815],[-76.2988,39.3292],[-76.2566,39.3389],[-76.2857,39.3677],[-76.2505,39.3793],[-76.2242,39.3528],[-76.1801,39.3776],[-76.1022,39.4357],[-76.061,39.4477],[-76.072,39.475],[-76.1173,39.4961],[-76.0961,39.5369],[-75.9703,39.5576],[-75.967,39.5386],[-75.9966,39.4767],[-75.9766,39.4478],[-76.035,39.402],[-76.0498,39.3706],[-76.1105,39.3723],[-76.1455,39.3344],[-76.1704,39.3321],[-76.1857,39.2854],[-76.2193,39.262],[-76.2785,39.1458],[-76.253,39.1336],[-76.2311,39.061],[-76.1839,39.0963],[-76.1452,39.0928],[-76.1842,39.0463],[-76.164,38.9995],[-76.2024,38.9731],[-76.2775,38.9825],[-76.3028,39.0258],[-76.3617,38.9392],[-76.3361,38.906],[-76.2731,38.9419],[-76.2036,38.9284],[-76.2026,38.8626],[-76.1911,38.8297],[-76.2193,38.8124],[-76.2658,38.8475],[-76.3009,38.8262],[-76.3346,38.7729],[-76.3161,38.7296],[-76.275,38.7127],[-76.2551,38.7365],[-76.2003,38.6708],[-76.1752,38.6732],[-76.1472,38.6368],[-76.0852,38.6246],[-76.0889,38.5902],[-76.2124,38.6067],[-76.2367,38.6286],[-76.2796,38.6095],[-76.29,38.5692],[-76.2473,38.5238],[-76.264,38.5035],[-76.3364,38.4922],[-76.3316,38.4735],[-76.283,38.4135],[-76.2823,38.3931],[-76.25,38.3623],[-76.2655,38.3409],[-76.2301,38.3198],[-76.1655,38.2428],[-76.1355,38.2322],[-76.0997,38.2536],[-76.0441,38.2417],[-76.0275,38.2801],[-76.0502,38.3041],[-76.0167,38.3324],[-76.0023,38.3745],[-75.9739,38.3659],[-75.9642,38.3243],[-76.0074,38.3043],[-75.9687,38.2459],[-75.9386,38.2723],[-75.9408,38.2984],[-75.9146,38.3393],[-75.8636,38.3595],[-75.9173,38.2631],[-75.9,38.2321],[-75.8703,38.2434],[-75.8464,38.2105],[-75.9424,38.1871],[-75.9596,38.1371],[-75.9496,38.1181],[-75.9004,38.1412],[-75.8376,38.1138],[-75.8805,38.075],[-75.8129,38.0589],[-75.8753,38.012],[-75.899,37.9745],[-75.8983,37.9251],[-75.8607,37.9183],[-75.7838,37.9726],[-75.738,37.9635],[-75.7132,37.9766],[-75.6698,37.9506],[-75.6244,37.9942],[-75.2425,38.027],[-75.1938,38.096],[-75.1029,38.3115],[-75.0855,38.3243],[-75.0546,38.4148],[-75.0489,38.4513],[-75.4288,38.4527],[-75.6937,38.4601],[-75.7281,38.8955],[-75.7562,39.2462],[-75.7889,39.6586],[-75.7886,39.7222],[-76.2333,39.7216],[-76.9911,39.7201],[-77.5349,39.7203],[-78.0738,39.7225],[-78.5378,39.7226],[-79.0565,39.7229],[-79.4767,39.7211]]]]}},{"type":"Feature","properties":{"state":"SC","name":"South Carolina"},"geometry":{"type":"Polygon","coordinates":[[[-83.1086,35.0007],[-83.1211,34.9391],[-83.1685,34.9179],[-83.2012,34.8847],[-83.2391,34.8757],[-83.2682,34.8214],[-83.2899,34.8245],[-83.3239,34.7897],[-83.3201,34.7596],[-83.3532,34.7286],[-83.3387,34.682],[-83.2553,34.6377],[-83.2318,34.6113],[-83.1696,34.6039],[-83.1683,34.591],[-83.0849,34.531],[-83.0695,34.5021],[-83.0029,34.4721],[-82.9796,34.4827],[-82.9027,34.4859],[-82.8607,34.4574],[-82.835,34.3661],[-82.7941,34.3398],[-82.7709,34.2854],[-82.7467,34.2664],[-82.7324,34.1806],[-82.7175,34.1505],[-82.6773,34.1317],[-82.6403,34.0863],[-82.6405,34.0676],[-82.5962,34.0305],[-82.5892,34.0001],[-82.5568,33.9454],[-82.5129,33.937],[-82.4929,33.9098],[-82.4228,33.8638],[-82.4084,33.8663],[-82.3469,33.8343],[-82.2553,33.7597],[-82.2346,33.7002],[-82.2007,33.6646],[-82.1966,33.6306],[-82.1335,33.5905],[-82.0463,33.5638],[-82.01,33.5304],[-81.9859,33.4865],[-81.9263,33.4629],[-81.9135,33.4413],[-81.9349,33.406],[-81.9447,33.364],[-81.9064,33.3242],[-81.8473,33.3068],[-81.8383,33.273],[-81.8531,33.2507],[-81.8279,33.2287],[-81.7569,33.1978],[-81.7631,33.1594],[-81.7046,33.1165],[-81.6423,33.0932],[-81.6178,33.0953],[-81.5729,33.0542],[-81.5112,33.0278],[-81.4914,33.0081],[-81.5027,32.9387],[-81.4647,32.896],[-81.456,32.8541],[-81.4216,32.8352],[-81.4168,32.7523],[-81.4275,32.7019],[-81.401,32.6775],[-81.4119,32.6184],[-81.367,32.5771],[-81.3288,32.5612],[-81.2813,32.5565],[-81.2771,32.5354],[-81.2,32.468],[-81.2051,32.4238],[-81.1772,32.3917],[-81.1701,32.3613],[-81.1223,32.3054],[-81.1196,32.2876],[-81.156,32.2415],[-81.1182,32.1892],[-81.1172,32.1176],[-81.0669,32.0904],[-81.0327,32.0855],[-81.0067,32.1012],[-80.9178,32.0376],[-80.8855,32.0346],[-80.9054,32.0519],[-80.8444,32.1097],[-80.8125,32.1097],[-80.7215,32.1604],[-80.6692,32.2168],[-80.7178,32.267],[-80.7613,32.28],[-80.7535,32.3068],[-80.7146,32.3257],[-80.6885,32.3028],[-80.6448,32.2915],[-80.6183,32.2602],[-80.5711,32.2733],[-80.4663,32.3192],[-80.4293,32.3897],[-80.4575,32.4103],[-80.4846,32.461],[-80.4721,32.497],[-80.4235,32.498],[-80.4135,32.4707],[-80.364,32.4961],[-80.3324,32.4781],[-80.2777,32.5162],[-80.2052,32.5555],[-80.1834,32.54],[-80.1484,32.5785],[-80.077,32.6033],[-80.0008,32.6059],[-79.9752,32.6395],[-79.885,32.6844],[-79.8684,32.7348],[-79.8791,32.7508],[-79.9285,32.7542],[-79.9232,32.7818],[-79.886,32.7879],[-79.8485,32.7552],[-79.811,32.777],[-79.7264,32.806],[-79.6951,32.8504],[-79.6311,32.8886],[-79.576,32.9062],[-79.6062,32.926],[-79.6176,32.9527],[-79.5807,33.0064],[-79.5224,33.0354],[-79.4835,33.0013],[-79.4234,33.0151],[-79.36,33.0067],[-79.3299,33.09],[-79.2461,33.1249],[-79.1879,33.1737],[-79.1724,33.2066],[-79.1803,33.2541],[-79.1475,33.3782],[-79.0846,33.4837],[-79.0285,33.5334],[-79.0074,33.5666],[-78.9381,33.6398],[-78.8129,33.7435],[-78.7141,33.8001],[-78.5848,33.8443],[-78.5411,33.8511],[-78.8747,34.1344],[-79.2498,34.4498],[-79.3583,34.5454],[-79.6753,34.8047],[-79.8707,34.8054],[-80.4998,34.8173],[-80.7975,34.8198],[-80.782,34.9358],[-80.935,35.1074],[-81.0415,35.0447],[-81.0572,35.0861],[-81.033,35.1137],[-81.0436,35.1499],[-81.2417,35.1601],[-81.7163,35.1789],[-82.1769,35.1938],[-82.2749,35.2001],[-82.3797,35.1869],[-82.4197,35.1986],[-82.4601,35.1781],[-82.5699,35.1453],[-82.6097,35.139],[-82.6949,35.0985],[-82.727,35.0941],[-82.7542,35.0696],[-82.7833,35.0856],[-83.1086,35.0007]]]}},{"type":"Feature","properties":{"state":"ME","name":"Maine"},"geometry":{"type":"MultiPolygon","coordinates":[[[[-68.5008,44.16],[-68.4568,44.1453],[-68.4275,44.1193],[-68.3849,44.155],[-68.4164,44.187],[-68.4836,44.2245],[-68.5008,44.16]]],[[[-68.5286,44.3446],[-68.4788,44.3196],[-68.5014,44.3823],[-68.5286,44.3446]]],[[[-68.9446,44.1128],[-68.909,44.11],[-68.9,44.067],[-68.918,44.0458],[-68.8741,44.0254],[-68.8073,44.0358],[-68.7703,44.0696],[-68.818,44.1369],[-68.8251,44.1863],[-68.9173,44.1482],[-68.9446,44.1128]]],[[[-68.9671,44.252],[-68.9169,44.2429],[-68.8875,44.3031],[-68.8929,44.3347],[-68.8606,44.3644],[-68.9035,44.3786],[-68.9193,44.3099],[-68.9671,44.252]]],[[[-70.7038,43.0598],[-70.6731,43.0703],[-70.6225,43.1346],[-70.6236,43.1529],[-70.5758,43.2219],[-70.5939,43.2493],[-70.5628,43.3106],[-70.5352,43.3368],[-70.466,43.3402],[-70.4163,43.3611],[-70.4277,43.3893],[-70.3909,43.4026],[-70.362,43.4391],[-70.3802,43.4642],[-70.3791,43.5072],[-70.3528,43.5359],[-70.2725,43.5626],[-70.2443,43.5518],[-70.1969,43.5651],[-70.2171,43.5967],[-70.2059,43.6336],[-70.1517,43.6817],[-70.1159,43.683],[-70.0713,43.7138],[-70.0013,43.7104],[-69.9837,43.7444],[-69.927,43.7802],[-69.8697,43.7757],[-69.8353,43.7211],[-69.7541,43.7439],[-69.7058,43.823],[-69.6486,43.7912],[-69.6046,43.858],[-69.5526,43.8413],[-69.5247,43.8756],[-69.4835,43.8803],[-69.4273,43.9123],[-69.4282,43.9573],[-69.3277,43.9458],[-69.2961,43.9328],[-69.3229,43.9016],[-69.321,43.8567],[-69.2825,43.8646],[-69.2739,43.9142],[-69.2202,43.9149],[-69.175,43.9769],[-69.077,43.9737],[-69.047,44.0138],[-69.0798,44.0553],[-69.0643,44.0699],[-69.1009,44.1045],[-69.0545,44.1715],[-69.0402,44.2337],[-68.9589,44.3144],[-68.9482,44.3559],[-68.9984,44.4256],[-68.9466,44.4291],[-68.9216,44.4566],[-68.8803,44.4281],[-68.8292,44.4622],[-68.8346,44.485],[-68.7857,44.5121],[-68.7859,44.4626],[-68.8218,44.4089],[-68.8148,44.3622],[-68.8272,44.3122],[-68.749,44.2994],[-68.6787,44.2647],[-68.7338,44.221],[-68.7185,44.1656],[-68.6576,44.1271],[-68.6464,44.0799],[-68.6694,44.0764],[-68.657,44.0038],[-68.6047,44.0389],[-68.5841,44.0716],[-68.6179,44.0972],[-68.5986,44.1746],[-68.5291,44.2218],[-68.5195,44.265],[-68.5386,44.2999],[-68.5669,44.3176],[-68.5454,44.355],[-68.5664,44.3945],[-68.5345,44.3978],[-68.4946,44.4297],[-68.4296,44.4391],[-68.4164,44.398],[-68.4569,44.3443],[-68.4309,44.3126],[-68.4013,44.2522],[-68.3176,44.2251],[-68.199,44.2367],[-68.2243,44.2902],[-68.1736,44.3284],[-68.1892,44.3738],[-68.1405,44.3768],[-68.0493,44.3307],[-68.0006,44.4066],[-67.9857,44.3869],[-67.9133,44.4301],[-67.8518,44.4287],[-67.7765,44.5142],[-67.7142,44.4952],[-67.6859,44.5372],[-67.6607,44.5376],[-67.6348,44.4871],[-67.5877,44.4474],[-67.5472,44.4631],[-67.5092,44.497],[-67.5682,44.5311],[-67.5751,44.5607],[-67.5184,44.5542],[-67.4437,44.6058],[-67.399,44.6026],[-67.3632,44.6318],[-67.3964,44.6933],[-67.3085,44.7075],[-67.3107,44.6132],[-67.1894,44.6455],[-67.1392,44.6938],[-67.0734,44.742],[-67.0622,44.7695],[-67.02,44.7714],[-66.9824,44.8115],[-66.9965,44.8447],[-66.9845,44.9126],[-67.0383,44.9454],[-67.0821,45.0296],[-67.1124,45.1123],[-67.1579,45.161],[-67.2232,45.1637],[-67.2711,45.1911],[-67.2982,45.1467],[-67.3399,45.1256],[-67.4046,45.1599],[-67.44,45.227],[-67.4893,45.2813],[-67.4665,45.2938],[-67.4187,45.3773],[-67.4772,45.4316],[-67.5031,45.4897],[-67.4629,45.5087],[-67.4277,45.5013],[-67.4255,45.5791],[-67.4497,45.6029],[-67.4994,45.587],[-67.6458,45.6136],[-67.7204,45.6625],[-67.8033,45.6779],[-67.8098,45.7293],[-67.802,45.8035],[-67.7551,45.8237],[-67.7897,45.8518],[-67.8033,45.8837],[-67.7504,45.9179],[-67.7811,45.943],[-67.7821,46.2794],[-67.7884,46.6018],[-67.7905,47.0679],[-67.8781,47.1024],[-67.9523,47.1961],[-68.0197,47.238],[-68.1371,47.2961],[-68.1525,47.3215],[-68.2229,47.3445],[-68.3362,47.3598],[-68.3803,47.3402],[-68.3841,47.3015],[-68.4326,47.2819],[-68.5074,47.2966],[-68.5786,47.2876],[-68.6197,47.2432],[-68.7179,47.2409],[-68.8122,47.2155],[-68.8957,47.1829],[-69.0402,47.2451],[-69.0546,47.3159],[-69.0539,47.3779],[-69.0369,47.408],[-69.1784,47.4566],[-69.2244,47.4597],[-69.5664,47.125],[-69.9971,46.6952],[-70.0564,46.4166],[-70.0892,46.4107],[-70.1485,46.3589],[-70.1747,46.3585],[-70.2087,46.329],[-70.2057,46.2999],[-70.2484,46.2671],[-70.2721,46.2098],[-70.2927,46.1916],[-70.2379,46.1474],[-70.2551,46.1102],[-70.2898,46.0943],[-70.3106,46.0645],[-70.2797,46.0522],[-70.3176,46.0195],[-70.3036,45.9995],[-70.313,45.9619],[-70.2654,45.9627],[-70.2591,45.8908],[-70.3062,45.8597],[-70.3424,45.8522],[-70.4169,45.7953],[-70.3836,45.7349],[-70.4389,45.7044],[-70.4699,45.7016],[-70.5258,45.6666],[-70.5584,45.6667],[-70.5913,45.6306],[-70.6447,45.6071],[-70.6882,45.564],[-70.7216,45.5151],[-70.717,45.4877],[-70.6314,45.4163],[-70.6347,45.3836],[-70.7123,45.3906],[-70.7556,45.4284],[-70.7815,45.4312],[-70.8256,45.4003],[-70.8062,45.3766],[-70.8198,45.3401],[-70.8123,45.302],[-70.885,45.2349],[-70.9215,45.2789],[-70.9179,45.3119],[-70.9508,45.3345],[-71.0839,45.3055],[-71.0769,45.2469],[-71.059,45.0049],[-71.031,44.6555],[-71.0127,44.3408],[-70.9928,43.9163],[-70.9891,43.7924],[-70.9727,43.5703],[-70.9508,43.551],[-70.9696,43.4862],[-70.9612,43.4383],[-70.9868,43.4143],[-70.9672,43.3438],[-70.9164,43.3203],[-70.8817,43.2725],[-70.8179,43.2379],[-70.8268,43.1271],[-70.7379,43.0735],[-70.7038,43.0598]]]]}},{"type":"Feature","properties":{"state":"NH","name":"New Hampshire"},"geometry":{"type":"Polygon","coordinates":[[[-71.5011,45.0134],[-71.5378,44.9843],[-71.4939,44.9109],[-71.5568,44.8488],[-71.5717,44.7948],[-71.6252,44.744],[-71.5517,44.6276],[-71.5586,44.5656],[-71.5995,44.4865],[-71.6459,44.4751],[-71.6618,44.4403],[-71.708,44.412],[-71.7907,44.4003],[-71.8125,44.3585],[-71.8699,44.337],[-71.9023,44.3475],[-71.9811,44.3375],[-72.0331,44.3204],[-72.0678,44.271],[-72.0479,44.2385],[-72.0662,44.1898],[-72.0401,44.1557],[-72.0548,44.1101],[-72.0312,44.1001],[-72.0755,44.0346],[-72.117,43.9945],[-72.121,43.919],[-72.1513,43.9017],[-72.1879,43.8561],[-72.1848,43.8047],[-72.2327,43.7483],[-72.2712,43.7341],[-72.3029,43.7027],[-72.3058,43.6665],[-72.3274,43.6368],[-72.3324,43.5994],[-72.3731,43.5794],[-72.3986,43.5134],[-72.3809,43.4934],[-72.3926,43.4651],[-72.4134,43.3627],[-72.3955,43.313],[-72.4352,43.2585],[-72.4377,43.2027],[-72.4569,43.1466],[-72.433,43.1197],[-72.4352,43.0866],[-72.4674,43.0526],[-72.4446,43.0106],[-72.4738,42.972],[-72.5346,42.9499],[-72.5242,42.9185],[-72.5528,42.885],[-72.5572,42.853],[-72.5428,42.8085],[-72.4759,42.7577],[-72.4585,42.7269],[-71.9814,42.7133],[-71.7458,42.7073],[-71.2942,42.697],[-71.2455,42.7426],[-71.1818,42.7376],[-71.1861,42.7907],[-71.1325,42.8214],[-71.0642,42.8063],[-71.0312,42.8591],[-70.9665,42.869],[-70.9308,42.8846],[-70.8861,42.8826],[-70.8486,42.8609],[-70.8173,42.8723],[-70.8107,42.9069],[-70.7615,42.9867],[-70.7038,43.0598],[-70.7379,43.0735],[-70.8268,43.1271],[-70.8179,43.2379],[-70.8817,43.2725],[-70.9164,43.3203],[-70.9672,43.3438],[-70.9868,43.4143],[-70.9612,43.4383],[-70.9696,43.4862],[-70.9508,43.551],[-70.9727,43.5703],[-70.9891,43.7924],[-70.9928,43.9163],[-71.0127,44.3408],[-71.031,44.6555],[-71.059,45.0049],[-71.0769,45.2469],[-71.0839,45.3055],[-71.134,45.2442],[-71.228,45.2497],[-71.2844,45.3024],[-71.363,45.2482],[-71.4171,45.2356],[-71.4056,45.1981],[-71.4372,45.1423],[-71.4268,45.1297],[-71.4979,45.0706],[-71.5011,45.0134]]]}},{"type":"Feature","properties":{"state":"DC","name":"District of Columbia"},"geometry":{"type":"Polygon","coordinates":[[[-77.1198,38.9343],[-77.0673,38.8992],[-77.0317,38.8505],[-77.039,38.7916],[-76.9094,38.8929],[-77.041,38.9955],[-77.1198,38.9343]]]}},{"type":"Feature","properties":{"state":"IA","name":"Iowa"},"geometry":{"type":"Polygon","coordinates":[[[-96.4533,43.5004],[-96.5989,43.5005],[-96.581,43.4814],[-96.5943,43.4342],[-96.524,43.3948],[-96.5256,43.3125],[-96.5803,43.2982],[-96.553,43.2473],[-96.5549,43.2268],[-96.4853,43.2242],[-96.4649,43.182],[-96.4665,43.1503],[-96.4393,43.1139],[-96.4552,43.0751],[-96.511,43.0247],[-96.4917,43.0097],[-96.5202,42.9776],[-96.5003,42.9594],[-96.5411,42.9245],[-96.5443,42.8513],[-96.5779,42.8276],[-96.6397,42.7371],[-96.6306,42.7059],[-96.5753,42.6827],[-96.5379,42.6554],[-96.477,42.5561],[-96.4733,42.5035],[-96.4455,42.4906],[-96.3961,42.4841],[-96.3807,42.4464],[-96.4118,42.4109],[-96.408,42.3374],[-96.37,42.3109],[-96.3685,42.2918],[-96.3313,42.2594],[-96.3237,42.2299],[-96.3566,42.2152],[-96.3478,42.1668],[-96.3101,42.1325],[-96.2673,42.1103],[-96.2791,42.074],[-96.2714,42.045],[-96.2384,42.0411],[-96.1842,41.9767],[-96.1295,41.9717],[-96.1423,41.9154],[-96.1618,41.9018],[-96.1162,41.8549],[-96.1076,41.8207],[-96.0697,41.8035],[-96.1178,41.6942],[-96.095,41.6474],[-96.1094,41.5969],[-96.0812,41.5743],[-96.0897,41.5318],[-96.0537,41.5089],[-96.0284,41.5396],[-95.9928,41.512],[-96.0047,41.4723],[-95.9329,41.4638],[-95.931,41.3647],[-95.9568,41.3492],[-95.9257,41.3222],[-95.9287,41.2814],[-95.9114,41.238],[-95.926,41.1957],[-95.8648,41.1883],[-95.8821,41.144],[-95.8626,41.0884],[-95.8795,41.0533],[-95.8618,41.0394],[-95.8635,40.9973],[-95.8283,40.9724],[-95.8403,40.9399],[-95.8121,40.8842],[-95.8478,40.8643],[-95.8372,40.8353],[-95.8369,40.7765],[-95.8889,40.7319],[-95.8428,40.6775],[-95.7895,40.6594],[-95.7513,40.6091],[-95.7656,40.5852],[-95.5254,40.5821],[-94.9917,40.5757],[-94.632,40.5712],[-94.4893,40.5707],[-94.0341,40.5736],[-93.5483,40.5804],[-93.2606,40.5808],[-92.9416,40.5877],[-92.7574,40.5889],[-92.0964,40.6018],[-91.7291,40.6136],[-91.6888,40.5834],[-91.6817,40.553],[-91.6252,40.5435],[-91.6169,40.5048],[-91.5638,40.461],[-91.5286,40.459],[-91.5246,40.4108],[-91.4845,40.3839],[-91.4194,40.3783],[-91.3757,40.3919],[-91.3781,40.4564],[-91.3691,40.5125],[-91.4062,40.5427],[-91.3487,40.6097],[-91.2479,40.6384],[-91.187,40.6373],[-91.1239,40.6692],[-91.1157,40.7252],[-91.0917,40.7797],[-91.0968,40.8116],[-90.9985,40.9081],[-90.9629,40.925],[-90.9581,40.9798],[-90.9423,41.0347],[-90.9466,41.0966],[-90.9897,41.1557],[-91.0415,41.1661],[-91.1136,41.2414],[-91.0775,41.3018],[-91.0651,41.3691],[-91.0478,41.4109],[-90.9752,41.434],[-90.93,41.4214],[-90.8576,41.4528],[-90.7375,41.4501],[-90.6558,41.4621],[-90.5952,41.511],[-90.5409,41.5261],[-90.4614,41.5235],[-90.4128,41.5653],[-90.3432,41.5878],[-90.3435,41.647],[-90.3147,41.6948],[-90.3152,41.7343],[-90.2786,41.7674],[-90.188,41.8032],[-90.17,41.8764],[-90.1536,41.9066],[-90.1621,41.9613],[-90.1401,42.0033],[-90.1645,42.0421],[-90.1629,42.1167],[-90.2014,42.1309],[-90.2095,42.1527],[-90.3911,42.2255],[-90.4309,42.2782],[-90.4159,42.3227],[-90.4773,42.3838],[-90.555,42.4161],[-90.5707,42.4417],[-90.654,42.4785],[-90.6428,42.5085],[-90.6615,42.568],[-90.7202,42.6408],[-90.9524,42.6868],[-91.0513,42.737],[-91.0655,42.7571],[-91.0787,42.8277],[-91.1006,42.8831],[-91.1462,42.9099],[-91.1466,42.9633],[-91.1747,43.0387],[-91.1779,43.1289],[-91.1433,43.1564],[-91.1191,43.2004],[-91.0579,43.254],[-91.0857,43.2919],[-91.1291,43.3264],[-91.2018,43.3491],[-91.1977,43.3953],[-91.2322,43.46],[-91.2177,43.5005],[-91.6514,43.5005],[-91.9499,43.5005],[-92.4061,43.5005],[-92.7903,43.4996],[-93.2718,43.4994],[-93.7958,43.4995],[-94.4704,43.5003],[-95.1549,43.5004],[-95.7408,43.4999],[-96.4533,43.5004]]]}},{"type":"Feature","properties":{"state":"AR","name":"Arkansas"},"geometry":{"type":"Polygon","coordinates":[[[-94.6179,36.4994],[-94.5862,36.3],[-94.5227,35.9343],[-94.4312,35.3943],[-94.4491,34.8906],[-94.4575,34.643],[-94.4703,34.1899],[-94.4859,33.6379],[-94.4523,33.6188],[-94.3926,33.5511],[-94.3527,33.5606],[-94.3096,33.5517],[-94.2709,33.5648],[-94.2264,33.5529],[-94.1834,33.5922],[-94.1032,33.5704],[-94.0727,33.5722],[-94.0435,33.5523],[-94.043,33.0192],[-93.4909,33.0184],[-93.0707,33.0178],[-92.7965,33.0148],[-92.2228,33.0091],[-91.952,33.0074],[-91.5001,33.0068],[-91.1661,33.0041],[-91.1257,33.0383],[-91.1246,33.0641],[-91.2015,33.1096],[-91.1837,33.1417],[-91.1043,33.1316],[-91.0876,33.1452],[-91.0829,33.2216],[-91.0504,33.2512],[-91.067,33.2872],[-91.1106,33.2459],[-91.1416,33.2995],[-91.1422,33.349],[-91.0753,33.406],[-91.0582,33.4287],[-91.0865,33.4516],[-91.1138,33.3931],[-91.1663,33.3797],[-91.209,33.4036],[-91.1319,33.4301],[-91.1251,33.4728],[-91.164,33.4974],[-91.1694,33.4526],[-91.2068,33.4338],[-91.2352,33.439],[-91.1831,33.4986],[-91.2323,33.5528],[-91.2285,33.5647],[-91.1316,33.5995],[-91.1392,33.6257],[-91.1712,33.6478],[-91.219,33.6615],[-91.2206,33.6929],[-91.1609,33.7071],[-91.1305,33.6745],[-91.0841,33.6573],[-91.0346,33.673],[-91.0683,33.7165],[-91.1177,33.7053],[-91.1447,33.7268],[-91.1339,33.7828],[-91.1073,33.7706],[-91.0539,33.7787],[-91.0001,33.7692],[-91.0001,33.7995],[-91.0468,33.8154],[-91.0709,33.8667],[-91.0108,33.9256],[-91.0785,33.9541],[-91.0879,33.9753],[-91.0189,34.0032],[-91.0001,33.9664],[-90.9615,33.9799],[-90.9879,34.019],[-90.889,34.0298],[-90.8705,34.0827],[-90.9463,34.1094],[-90.9543,34.1385],[-90.91,34.1655],[-90.8646,34.1406],[-90.8226,34.1441],[-90.8166,34.183],[-90.8879,34.182],[-90.9327,34.2148],[-90.9071,34.2445],[-90.8791,34.2154],[-90.8478,34.2065],[-90.8324,34.2675],[-90.8029,34.2825],[-90.7652,34.2805],[-90.7409,34.3065],[-90.7652,34.3428],[-90.7562,34.3673],[-90.6832,34.3688],[-90.6931,34.3226],[-90.6574,34.3273],[-90.6585,34.3757],[-90.6139,34.3907],[-90.5665,34.4295],[-90.5899,34.4848],[-90.5811,34.5128],[-90.5457,34.5377],[-90.5459,34.5633],[-90.5872,34.6157],[-90.5884,34.671],[-90.5527,34.6884],[-90.5476,34.6317],[-90.5172,34.6309],[-90.466,34.6743],[-90.4671,34.6956],[-90.5461,34.7021],[-90.5672,34.7335],[-90.5427,34.7526],[-90.5479,34.7792],[-90.5147,34.8018],[-90.5013,34.7699],[-90.5219,34.7485],[-90.5017,34.7242],[-90.4512,34.7478],[-90.4746,34.7932],[-90.4569,34.8234],[-90.4839,34.8613],[-90.4662,34.891],[-90.4366,34.8827],[-90.4149,34.8318],[-90.3135,34.8717],[-90.2501,34.9073],[-90.2501,34.9512],[-90.2964,34.9763],[-90.3093,34.9957],[-90.292,35.0418],[-90.2094,35.0265],[-90.1736,35.1181],[-90.139,35.134],[-90.1006,35.1167],[-90.0666,35.136],[-90.1174,35.1879],[-90.0788,35.2278],[-90.0995,35.2514],[-90.1589,35.2626],[-90.1638,35.2961],[-90.1091,35.305],[-90.1073,35.3431],[-90.075,35.3842],[-90.1169,35.4117],[-90.1435,35.3876],[-90.1793,35.3852],[-90.169,35.4219],[-90.1294,35.4419],[-90.1077,35.4769],[-90.0678,35.4662],[-90.0741,35.434],[-90.0316,35.4277],[-90.0188,35.4648],[-90.0485,35.5044],[-90.0397,35.548],[-89.9894,35.56],[-89.9577,35.5272],[-89.9193,35.5139],[-89.9108,35.5475],[-89.9414,35.5566],[-89.9567,35.5905],[-89.9107,35.6175],[-89.8566,35.6344],[-89.887,35.6536],[-89.931,35.66],[-89.9558,35.6906],[-89.9503,35.7385],[-89.9055,35.7591],[-89.8728,35.7413],[-89.8145,35.7599],[-89.7818,35.8051],[-89.7061,35.8183],[-89.7093,35.8389],[-89.7643,35.8583],[-89.7657,35.8913],[-89.7149,35.9062],[-89.6657,35.8833],[-89.6561,35.9258],[-89.7146,35.963],[-89.7331,36.0006],[-90.3779,35.9957],[-90.3513,36.0269],[-90.3192,36.09],[-90.2945,36.1129],[-90.2356,36.1395],[-90.2354,36.1592],[-90.1829,36.2051],[-90.1264,36.2294],[-90.1149,36.2656],[-90.0837,36.2723],[-90.064,36.303],[-90.08,36.3186],[-90.0635,36.3569],[-90.0661,36.3863],[-90.1437,36.4244],[-90.1341,36.4366],[-90.1525,36.498],[-90.693,36.4985],[-91.1265,36.4977],[-91.4049,36.4971],[-91.5369,36.4992],[-91.9858,36.4984],[-92.3503,36.4978],[-92.7723,36.4978],[-93.126,36.4979],[-93.7189,36.4992],[-94.1115,36.4986],[-94.6179,36.4994]]]}},{"type":"Feature","properties":{"state":"TN","name":"Tennessee"},"geometry":{"type":"Polygon","coordinates":[[[-89.7331,36.0006],[-89.7146,35.963],[-89.6561,35.9258],[-89.6657,35.8833],[-89.7149,35.9062],[-89.7657,35.8913],[-89.7643,35.8583],[-89.7093,35.8389],[-89.7061,35.8183],[-89.7818,35.8051],[-89.8145,35.7599],[-89.8728,35.7413],[-89.9055,35.7591],[-89.9503,35.7385],[-89.9558,35.6906],[-89.931,35.66],[-89.887,35.6536],[-89.8566,35.6344],[-89.9107,35.6175],[-89.9567,35.5905],[-89.9414,35.5566],[-89.9108,35.5475],[-89.9193,35.5139],[-89.9577,35.5272],[-89.9894,35.56],[-90.0397,35.548],[-90.0485,35.5044],[-90.0188,35.4648],[-90.0316,35.4277],[-90.0741,35.434],[-90.0678,35.4662],[-90.1077,35.4769],[-90.1294,35.4419],[-90.169,35.4219],[-90.1793,35.3852],[-90.1435,35.3876],[-90.1169,35.4117],[-90.075,35.3842],[-90.1073,35.3431],[-90.1091,35.305],[-90.1638,35.2961],[-90.1589,35.2626],[-90.0995,35.2514],[-90.0788,35.2278],[-90.1174,35.1879],[-90.0666,35.136],[-90.1006,35.1167],[-90.139,35.134],[-90.1736,35.1181],[-90.2094,35.0265],[-90.292,35.0418],[-90.3093,34.9957],[-89.8485,34.9942],[-89.435,34.9938],[-89.1568,34.9939],[-88.851,34.9951],[-88.2001,34.9956],[-88.203,35.008],[-87.6641,35.0035],[-87.4286,35.0028],[-86.8621,34.992],[-86.5285,34.9907],[-86.3972,34.9917],[-85.8244,34.9881],[-85.6052,34.9847],[-85.385,34.983],[-84.9393,34.9879],[-84.3219,34.9884],[-84.2902,35.2256],[-84.2237,35.2691],[-84.1991,35.2437],[-84.0975,35.2474],[-84.0557,35.2682],[-84.0214,35.3014],[-84.0381,35.3484],[-84.0076,35.3717],[-84.0215,35.4042],[-83.9611,35.4641],[-83.9118,35.476],[-83.8826,35.5172],[-83.8256,35.5238],[-83.7717,35.5621],[-83.6297,35.5679],[-83.6019,35.5782],[-83.5661,35.566],[-83.4983,35.563],[-83.4458,35.6118],[-83.3669,35.6387],[-83.335,35.6655],[-83.3128,35.6548],[-83.2556,35.6961],[-83.2407,35.7268],[-83.1857,35.7299],[-83.1592,35.7649],[-83.1202,35.7662],[-83.0787,35.7895],[-82.9921,35.7739],[-82.9641,35.79],[-82.9455,35.8247],[-82.9013,35.8726],[-82.9117,35.9147],[-82.8985,35.9451],[-82.8526,35.9491],[-82.826,35.9297],[-82.7875,35.9522],[-82.7853,35.9879],[-82.6836,36.0461],[-82.6323,36.0657],[-82.5949,36.0296],[-82.6151,36.0003],[-82.6109,35.9674],[-82.5497,35.9643],[-82.5054,35.9777],[-82.4607,36.0078],[-82.4095,36.0834],[-82.3552,36.1156],[-82.2895,36.1357],[-82.2475,36.1309],[-82.2049,36.1571],[-82.1479,36.1495],[-82.1306,36.1064],[-82.0797,36.1065],[-82.0331,36.1204],[-81.9081,36.302],[-81.8573,36.3348],[-81.7953,36.3578],[-81.7661,36.3385],[-81.7227,36.3548],[-81.7383,36.4108],[-81.7149,36.4572],[-81.6953,36.4679],[-81.708,36.5362],[-81.6775,36.5881],[-81.6469,36.6119],[-81.9226,36.6162],[-81.9341,36.5942],[-82.2105,36.5958],[-82.4666,36.5945],[-82.888,36.5935],[-83.2611,36.5939],[-83.2763,36.5982],[-83.6226,36.5981],[-83.6754,36.6008],[-83.6907,36.5826],[-83.9878,36.5896],[-84.2712,36.5919],[-84.5431,36.5963],[-84.8431,36.6051],[-85.0246,36.6194],[-85.1954,36.6255],[-85.3004,36.6244],[-85.4884,36.615],[-85.8322,36.622],[-86.0328,36.6304],[-86.3331,36.6488],[-86.5078,36.6524],[-86.5641,36.6335],[-86.5899,36.6525],[-87.115,36.6424],[-87.4143,36.641],[-87.8532,36.6332],[-87.8496,36.6637],[-88.0118,36.677],[-88.0705,36.6781],[-88.0451,36.6029],[-88.0325,36.5407],[-88.0532,36.4971],[-88.3308,36.5005],[-88.8346,36.5029],[-89.1175,36.5036],[-89.3003,36.5071],[-89.4173,36.499],[-89.4642,36.4572],[-89.4854,36.4975],[-89.5392,36.4979],[-89.5227,36.4813],[-89.5423,36.4201],[-89.5097,36.3736],[-89.5318,36.3392],[-89.6107,36.3404],[-89.6118,36.3091],[-89.5355,36.2705],[-89.5347,36.2526],[-89.5873,36.2395],[-89.6952,36.2528],[-89.6926,36.225],[-89.607,36.1712],[-89.594,36.1272],[-89.68,36.0825],[-89.6873,36.034],[-89.7069,36.001],[-89.7331,36.0006]]]}},{"type":"Feature","properties":{"state":"IL","name":"Illinois"},"geometry":{"type":"Polygon","coordinates":[[[-91.4194,40.3783],[-91.4621,40.3424],[-91.5065,40.2363],[-91.5103,40.128],[-91.4896,40.0574],[-91.4949,40.0365],[-91.4209,39.9149],[-91.4478,39.878],[-91.4295,39.8378],[-91.378,39.8113],[-91.3617,39.7851],[-91.37,39.7325],[-91.2761,39.6658],[-91.2412,39.6301],[-91.1859,39.6051],[-91.1483,39.5458],[-91.1003,39.5387],[-91.0643,39.4946],[-91.0594,39.4689],[-90.9938,39.423],[-90.8401,39.3404],[-90.7935,39.3095],[-90.727,39.2512],[-90.7091,39.1551],[-90.6827,39.0883],[-90.7125,39.0571],[-90.6782,38.9919],[-90.6614,38.925],[-90.6251,38.8887],[-90.5834,38.869],[-90.544,38.8751],[-90.4508,38.9678],[-90.3831,38.9555],[-90.3095,38.9241],[-90.2502,38.9193],[-90.1976,38.8876],[-90.1133,38.8493],[-90.1231,38.798],[-90.1664,38.7726],[-90.212,38.7117],[-90.1826,38.6653],[-90.1788,38.6292],[-90.1918,38.599],[-90.2242,38.5751],[-90.2603,38.5284],[-90.2953,38.4268],[-90.3497,38.3776],[-90.3725,38.3234],[-90.3739,38.2819],[-90.3539,38.2139],[-90.3224,38.1816],[-90.2749,38.1576],[-90.2431,38.1127],[-90.1722,38.0696],[-90.1308,38.0623],[-90.0938,38.0178],[-90.0573,38.0144],[-90.0084,37.9702],[-89.9421,37.9701],[-89.9742,37.9192],[-89.9525,37.8832],[-89.9018,37.8698],[-89.8448,37.9056],[-89.798,37.8797],[-89.7961,37.8595],[-89.7399,37.8469],[-89.6604,37.7863],[-89.668,37.7595],[-89.6173,37.7497],[-89.5833,37.7133],[-89.512,37.6855],[-89.5177,37.6412],[-89.4784,37.5989],[-89.5165,37.5845],[-89.5164,37.5356],[-89.4712,37.4665],[-89.4341,37.4268],[-89.4225,37.3971],[-89.436,37.3444],[-89.4912,37.3314],[-89.5183,37.2855],[-89.4899,37.2513],[-89.4607,37.2506],[-89.4619,37.1995],[-89.4145,37.1251],[-89.3756,37.0859],[-89.3783,37.0396],[-89.3172,37.0128],[-89.2921,36.9922],[-89.2576,37.0155],[-89.3014,37.045],[-89.2599,37.0641],[-89.1985,37.0117],[-89.1921,36.98],[-89.1329,36.9821],[-89.1664,37.0033],[-89.1825,37.0373],[-89.1545,37.0889],[-89.1112,37.1191],[-89.0929,37.1564],[-89.03,37.2111],[-88.9833,37.2287],[-88.9169,37.2243],[-88.8057,37.1886],[-88.7321,37.144],[-88.6306,37.121],[-88.5454,37.07],[-88.4589,37.0738],[-88.4244,37.1524],[-88.4478,37.2035],[-88.5093,37.2621],[-88.5159,37.284],[-88.4869,37.3396],[-88.4766,37.3869],[-88.456,37.4085],[-88.4088,37.4252],[-88.3616,37.4029],[-88.3126,37.4406],[-88.2817,37.4526],[-88.1351,37.4716],[-88.0877,37.4711],[-88.0641,37.492],[-88.069,37.5253],[-88.1334,37.5742],[-88.1584,37.6399],[-88.1582,37.6645],[-88.125,37.7071],[-88.0638,37.7386],[-88.028,37.7992],[-88.095,37.8937],[-88.0134,37.8949],[-88.0361,37.9427],[-88.0126,37.9771],[-88.0353,38.0511],[-88.0013,38.0515],[-88.0131,38.1035],[-87.9455,38.1266],[-87.9372,38.1722],[-87.9842,38.21],[-87.9602,38.2371],[-87.9373,38.2924],[-87.8546,38.2754],[-87.831,38.2994],[-87.8327,38.3249],[-87.8061,38.3631],[-87.78,38.3708],[-87.7453,38.409],[-87.7395,38.4751],[-87.6542,38.5119],[-87.6607,38.5411],[-87.6273,38.6054],[-87.6201,38.6395],[-87.5937,38.6674],[-87.5455,38.6776],[-87.5196,38.6972],[-87.4965,38.7427],[-87.4965,38.7786],[-87.5273,38.8181],[-87.5259,38.8488],[-87.5505,38.8596],[-87.5441,38.8951],[-87.5188,38.9232],[-87.5122,38.9544],[-87.5783,38.9888],[-87.5726,39.0573],[-87.6322,39.1068],[-87.6404,39.1667],[-87.5886,39.1978],[-87.5746,39.2184],[-87.6101,39.2822],[-87.5891,39.3338],[-87.5316,39.3479],[-87.5332,39.8831],[-87.5314,40.148],[-87.5268,40.4622],[-87.5258,40.8544],[-87.5267,41.1215],[-87.5254,41.3809],[-87.524,41.7083],[-87.5307,41.7482],[-87.5606,41.766],[-87.6005,41.8268],[-87.6117,41.8907],[-87.669,42.0291],[-87.6824,42.0757],[-87.7417,42.1282],[-87.8001,42.208],[-87.8348,42.3015],[-87.8238,42.3619],[-87.8054,42.3847],[-87.8005,42.4919],[-88.1153,42.4962],[-88.2717,42.4948],[-88.6387,42.495],[-88.7867,42.492],[-89.2508,42.498],[-89.6676,42.505],[-89.9553,42.5056],[-90.0737,42.5083],[-90.4059,42.5069],[-90.6428,42.5085],[-90.654,42.4785],[-90.5707,42.4417],[-90.555,42.4161],[-90.4773,42.3838],[-90.4159,42.3227],[-90.4309,42.2782],[-90.3911,42.2255],[-90.2095,42.1527],[-90.2014,42.1309],[-90.1629,42.1167],[-90.1645,42.0421],[-90.1401,42.0033],[-90.1621,41.9613],[-90.1536,41.9066],[-90.17,41.8764],[-90.188,41.8032],[-90.2786,41.7674],[-90.3152,41.7343],[-90.3147,41.6948],[-90.3435,41.647],[-90.3432,41.5878],[-90.4128,41.5653],[-90.4614,41.5235],[-90.5409,41.5261],[-90.5952,41.511],[-90.6558,41.4621],[-90.7375,41.4501],[-90.8576,41.4528],[-90.93,41.4214],[-90.9752,41.434],[-91.0478,41.4109],[-91.0651,41.3691],[-91.0775,41.3018],[-91.1136,41.2414],[-91.0415,41.1661],[-90.9897,41.1557],[-90.9466,41.0966],[-90.9423,41.0347],[-90.9581,40.9798],[-90.9629,40.925],[-90.9985,40.9081],[-91.0968,40.8116],[-91.0917,40.7797],[-91.1157,40.7252],[-91.1239,40.6692],[-91.187,40.6373],[-91.2479,40.6384],[-91.3487,40.6097],[-91.4062,40.5427],[-91.3691,40.5125],[-91.3781,40.4564],[-91.3757,40.3919],[-91.4194,40.3783]]]}},{"type":"Feature","properties":{"state":"AK","name":"Alaska"},"geometry":{"type":"MultiPolygon","coordinates":[[[[179.4825,51.9828],[179.4756,51.9375],[179.5219,51.8968],[179.6144,51.8718],[179.6559,51.8762],[179.743,51.9118],[179.7739,51.9707],[179.6633,52.0229],[179.571,52.0111],[179.5267,51.9812],[179.4825,51.9828]]],[[[178.6255,51.6373],[178.706,51.5932],[178.7851,51.5719],[178.8436,51.5787],[178.9516,51.542],[179.0604,51.4549],[179.2182,51.3874],[179.2616,51.3577],[179.3668,51.3718],[179.3995,51.3594],[179.4628,51.3762],[179.3862,51.4044],[179.2639,51.4058],[179.2303,51.4134],[179.1911,51.4629],[179.1437,51.4695],[179.0768,51.4985],[179.0029,51.5525],[178.9208,51.5861],[178.9039,51.6149],[178.8041,51.635],[178.738,51.6327],[178.6455,51.6576],[178.6255,51.6373]]],[[[178.447,51.9782],[178.468,51.9316],[178.5025,51.8997],[178.5394,51.9033],[178.5902,51.9455],[178.5526,51.974],[178.4786,51.9876],[178.447,51.9782]]],[[[178.2369,51.8282],[178.3049,51.7774],[178.3807,51.7639],[178.3056,51.8218],[178.2369,51.8282]]],[[[178.0946,52.0333],[178.1325,51.987],[178.191,52.0036],[178.18,52.0333],[178.1191,52.0517],[178.0946,52.0333]]],[[[177.2033,51.8966],[177.2934,51.8456],[177.3488,51.9045],[177.4095,51.9308],[177.5605,51.9164],[177.6065,51.9251],[177.6116,51.9508],[177.5435,51.9562],[177.5382,51.9789],[177.6016,52.0164],[177.6326,52.0649],[177.676,52.0922],[177.6616,52.1128],[177.6027,52.1373],[177.5634,52.122],[177.5053,52.0388],[177.4974,51.9933],[177.3456,51.963],[177.2913,51.9194],[177.2033,51.8966]]],[[[175.8744,52.371],[175.9113,52.3348],[175.9665,52.3597],[175.9067,52.3757],[175.8744,52.371]]],[[[173.3561,52.4056],[173.4654,52.3846],[173.5888,52.401],[173.6513,52.3564],[173.7257,52.3566],[173.7123,52.421],[173.6916,52.4459],[173.7077,52.4774],[173.7695,52.5121],[173.6239,52.507],[173.5876,52.4768],[173.5557,52.4795],[173.5301,52.45],[173.4762,52.4419],[173.4457,52.455],[173.3801,52.4319],[173.3561,52.4056]]],[[[172.4617,52.9272],[172.513,52.9052],[172.6404,52.9254],[172.7542,52.8775],[172.7634,52.8237],[172.8094,52.7893],[172.9036,52.7617],[172.9985,52.797],[173.1186,52.7844],[173.1669,52.7952],[173.205,52.8489],[173.2291,52.8562],[173.3023,52.8233],[173.413,52.8279],[173.4217,52.8455],[173.2954,52.927],[173.2513,52.9444],[173.2118,52.9395],[173.1597,52.9742],[173.1073,52.9932],[172.7466,53.0108],[172.6291,53.0013],[172.4617,52.9272]]],[[[-131.2412,55.0925],[-131.2132,55.045],[-131.1746,55.0878],[-131.2073,55.1122],[-131.2412,55.0925]]],[[[-131.4866,54.9504],[-131.4691,54.9132],[-131.3532,54.859],[-131.266,54.8594],[-131.2002,54.9102],[-131.2428,54.9296],[-131.2661,54.9988],[-131.4097,54.9712],[-131.4866,54.9504]]],[[[-131.6219,54.9465],[-131.5946,54.9311],[-131.5204,54.958],[-131.5001,54.9809],[-131.5292,55.0022],[-131.6219,54.9465]]],[[[-131.6463,55.0356],[-131.6156,55.007],[-131.5321,55.0379],[-131.485,55.0105],[-131.3886,55.0122],[-131.3506,55.067],[-131.3623,55.1559],[-131.3414,55.1657],[-131.3977,55.2109],[-131.4627,55.2234],[-131.4823,55.2541],[-131.5509,55.2809],[-131.5891,55.274],[-131.6074,55.2404],[-131.5985,55.1796],[-131.5481,55.1431],[-131.595,55.1255],[-131.5894,55.0889],[-131.6463,55.0356]]],[[[-131.8706,55.3646],[-131.8622,55.2893],[-131.8284,55.1985],[-131.7989,55.1624],[-131.7483,55.1286],[-131.7185,55.2001],[-131.6945,55.2237],[-131.6886,55.2821],[-131.6472,55.3061],[-131.8117,55.414],[-131.8543,55.4211],[-131.8706,55.3646]]],[[[-132.5623,56.3794],[-132.4945,56.355],[-132.4071,56.3865],[-132.4047,56.4056],[-132.4784,56.4383],[-132.5552,56.4038],[-132.5623,56.3794]]],[[[-132.6527,56.4829],[-132.5998,56.449],[-132.573,56.4883],[-132.6153,56.5091],[-132.6527,56.4829]]],[[[-132.8897,54.9747],[-132.8628,54.9432],[-132.8229,54.9484],[-132.8233,54.9798],[-132.8897,54.9747]]],[[[-133.0255,56.2296],[-133.0043,56.1972],[-133.0027,56.1557],[-132.9718,56.1524],[-132.8964,56.0997],[-132.8493,56.1126],[-132.9309,56.2284],[-132.999,56.2751],[-133.0255,56.2296]]],[[[-133.0694,56.3564],[-133.0454,56.3208],[-132.9611,56.2962],[-132.8776,56.2403],[-132.8437,56.2389],[-132.7213,56.2585],[-132.6621,56.2748],[-132.6555,56.3038],[-132.6841,56.3457],[-132.6206,56.3912],[-132.6681,56.4403],[-132.7345,56.4585],[-132.8193,56.4395],[-132.8719,56.457],[-132.9277,56.4569],[-133.0024,56.4307],[-133.0694,56.3564]]],[[[-133.3187,55.4265],[-133.3068,55.4009],[-133.2508,55.4098],[-133.2431,55.4497],[-133.3187,55.4265]]],[[[-133.5621,54.8693],[-133.5485,54.7837],[-133.5133,54.803],[-133.5311,54.8687],[-133.5621,54.8693]]],[[[-133.6558,55.6256],[-133.6228,55.5825],[-133.5458,55.6445],[-133.5482,55.6719],[-133.6199,55.6977],[-133.6249,55.6455],[-133.6558,55.6256]]],[[[-133.7891,55.4579],[-133.7391,55.4723],[-133.6363,55.4284],[-133.6224,55.3965],[-133.633,55.3613],[-133.6902,55.3044],[-133.6345,55.25],[-133.6091,55.2415],[-133.5768,55.3248],[-133.497,55.3682],[-133.4194,55.3861],[-133.4125,55.4176],[-133.4741,55.4372],[-133.3965,55.4732],[-133.359,55.4538],[-133.3057,55.4841],[-133.2853,55.5353],[-133.3448,55.5693],[-133.4361,55.5609],[-133.481,55.5127],[-133.5256,55.5291],[-133.5441,55.4918],[-133.6184,55.457],[-133.633,55.4917],[-133.5902,55.5072],[-133.582,55.5374],[-133.6156,55.5508],[-133.733,55.5588],[-133.7591,55.5374],[-133.7891,55.4579]]],[[[-133.8164,55.964],[-133.7999,55.9253],[-133.7188,55.8932],[-133.6381,55.921],[-133.541,55.9773],[-133.5019,55.9493],[-133.491,55.8736],[-133.447,55.8905],[-133.3841,55.8768],[-133.353,55.8373],[-133.3479,55.8039],[-133.4221,55.7888],[-133.556,55.8351],[-133.6559,55.8232],[-133.7006,55.7786],[-133.6433,55.729],[-133.5274,55.6951],[-133.4924,55.7065],[-133.5126,55.7559],[-133.4914,55.7641],[-133.4165,55.7396],[-133.4273,55.7103],[-133.3945,55.6669],[-133.4382,55.6439],[-133.2942,55.5887],[-133.263,55.5688],[-133.1768,55.5867],[-133.1908,55.5308],[-133.1834,55.4922],[-133.0779,55.4104],[-133.1578,55.3719],[-133.2088,55.3842],[-133.2577,55.367],[-133.2793,55.3333],[-133.2336,55.3088],[-133.2924,55.2914],[-133.3324,55.3454],[-133.3954,55.3418],[-133.4528,55.32],[-133.4719,55.2475],[-133.4411,55.2117],[-133.3766,55.2283],[-133.3413,55.2057],[-133.2238,55.2293],[-133.2369,55.1833],[-133.2151,55.1369],[-133.1525,55.1113],[-133.2397,55.0924],[-133.2104,55.0403],[-133.1689,55.0309],[-133.1598,54.9588],[-133.1239,54.9401],[-133.0328,54.8551],[-132.9502,54.7883],[-132.9095,54.7805],[-132.8772,54.7538],[-132.8664,54.7004],[-132.7757,54.6748],[-132.694,54.6691],[-132.6762,54.6809],[-132.7549,54.8212],[-132.7294,54.827],[-132.6673,54.7634],[-132.6149,54.7772],[-132.6286,54.8833],[-132.65,54.9044],[-132.7309,54.9395],[-132.8174,54.9236],[-132.8045,54.8709],[-132.8895,54.8966],[-132.9595,55.021],[-133.0142,55.0355],[-132.9904,55.0667],[-133.0123,55.1281],[-133.0734,55.1845],[-133.1193,55.2514],[-133.0439,55.2486],[-133.0082,55.2057],[-132.9354,55.2099],[-132.8943,55.1694],[-132.8698,55.1241],[-132.9094,55.0813],[-132.9164,55.0445],[-132.7489,54.996],[-132.6929,55.0251],[-132.684,55.0456],[-132.7356,55.1342],[-132.5811,55.1661],[-132.6245,55.1144],[-132.5418,55.0978],[-132.575,54.9983],[-132.6098,54.9657],[-132.4846,54.8993],[-132.4164,54.8875],[-132.3449,54.8519],[-132.351,54.8182],[-132.4478,54.8266],[-132.5094,54.7813],[-132.371,54.7829],[-132.3664,54.7512],[-132.3226,54.744],[-132.3079,54.7187],[-132.2561,54.7346],[-132.1423,54.6917],[-132.0297,54.7012],[-131.9579,54.7912],[-131.9829,54.8531],[-131.9846,55.028],[-132.0392,55.0368],[-132.1355,54.986],[-132.1976,55.0052],[-132.094,55.0395],[-132.039,55.087],[-132.0169,55.121],[-132.0314,55.1517],[-131.9888,55.1655],[-131.9798,55.2118],[-131.9959,55.2591],[-132.0282,55.277],[-132.0789,55.2403],[-132.0881,55.2065],[-132.1274,55.1996],[-132.2074,55.2183],[-132.2149,55.2457],[-132.1427,55.2382],[-132.0985,55.2806],[-132.1264,55.2884],[-132.1669,55.363],[-132.226,55.3749],[-132.2735,55.4192],[-132.3908,55.4017],[-132.4193,55.4321],[-132.3033,55.4383],[-132.3186,55.4692],[-132.3887,55.481],[-132.4083,55.5125],[-132.4916,55.5036],[-132.5196,55.5203],[-132.5683,55.4798],[-132.6088,55.4863],[-132.5255,55.55],[-132.5148,55.5768],[-132.2473,55.493],[-132.1786,55.4528],[-132.1461,55.4703],[-132.1888,55.5084],[-132.3011,55.551],[-132.3293,55.5789],[-132.3586,55.6488],[-132.3943,55.6691],[-132.4613,55.6834],[-132.4707,55.7822],[-132.5434,55.8459],[-132.5921,55.8772],[-132.6353,55.9218],[-132.8376,56.0243],[-132.9273,56.0345],[-132.9619,56.0612],[-133.0077,56.1201],[-133.0555,56.1253],[-133.041,56.1845],[-133.0714,56.2385],[-133.1632,56.3174],[-133.3286,56.3328],[-133.4184,56.3321],[-133.5821,56.3525],[-133.6249,56.3439],[-133.6642,56.3105],[-133.6281,56.2366],[-133.6795,56.2118],[-133.5544,56.1672],[-133.5815,56.1292],[-133.6938,56.0706],[-133.7778,55.9829],[-133.8164,55.964]]],[[[-133.8827,57.3007],[-133.8757,57.2676],[-133.778,57.2944],[-133.8284,57.322],[-133.8827,57.3007]]],[[[-133.9435,55.9124],[-133.9293,55.8695],[-133.867,55.8459],[-133.8403,55.8868],[-133.8543,55.9316],[-133.8919,55.9367],[-133.9435,55.9124]]],[[[-134.367,55.9105],[-134.317,55.8686],[-134.3444,55.8432],[-134.2825,55.8287],[-134.2312,55.8647],[-134.1255,55.9021],[-134.0998,55.9841],[-134.1227,55.9855],[-134.1522,55.9209],[-134.2306,55.9056],[-134.2667,55.9296],[-134.3361,55.9266],[-134.367,55.9105]]],[[[-134.4152,56.8479],[-134.3967,56.7697],[-134.4017,56.733],[-134.3763,56.6686],[-134.3011,56.6203],[-134.3201,56.5545],[-134.2419,56.5555],[-134.198,56.531],[-134.2519,56.4446],[-134.2431,56.3958],[-134.2928,56.3541],[-134.2995,56.2896],[-134.2626,56.2151],[-134.2593,56.1214],[-134.2341,56.0671],[-134.1897,56.0227],[-134.1371,56.0064],[-134.0874,56.0949],[-133.9969,56.0822],[-133.9605,56.0914],[-133.9277,56.1459],[-133.942,56.1801],[-133.8811,56.2232],[-133.8766,56.2759],[-133.8346,56.3198],[-133.8716,56.3638],[-133.864,56.3907],[-133.7806,56.3925],[-133.7766,56.4702],[-133.821,56.4952],[-133.7145,56.55],[-133.6758,56.5227],[-133.6631,56.4481],[-133.6037,56.4354],[-133.5127,56.437],[-133.4606,56.4541],[-133.4178,56.4941],[-133.3762,56.4956],[-133.3485,56.4696],[-133.2036,56.4477],[-133.161,56.4603],[-133.1222,56.492],[-133.1383,56.5329],[-132.9848,56.5126],[-132.8743,56.5091],[-132.818,56.4949],[-132.7242,56.5154],[-132.6509,56.5521],[-132.6108,56.5563],[-132.5413,56.5846],[-132.5952,56.6133],[-132.6281,56.6688],[-132.7432,56.7137],[-132.763,56.7532],[-132.8206,56.7938],[-132.9032,56.8036],[-132.9353,56.8229],[-132.9471,56.871],[-132.9974,56.9422],[-133.1046,57.0057],[-133.3083,57.0148],[-133.3343,57.0024],[-133.4462,57.0201],[-133.6139,57.058],[-133.7029,57.0652],[-133.888,57.0977],[-134.0089,57.0746],[-134.0492,57.0292],[-133.9215,56.9615],[-133.9164,56.9144],[-133.869,56.8459],[-133.7653,56.8075],[-133.9429,56.8056],[-134.0066,56.8516],[-134.0478,56.923],[-134.1471,56.957],[-134.1533,56.9348],[-134.2705,56.9356],[-134.2964,56.9073],[-134.3536,56.8932],[-134.4152,56.8479]]],[[[-134.9605,58.4038],[-134.9692,58.3675],[-134.9483,58.2813],[-134.9149,58.2149],[-134.8572,58.1763],[-134.7849,58.0968],[-134.7968,58.0589],[-134.7588,57.9802],[-134.7461,57.8985],[-134.7059,57.8289],[-134.709,57.7805],[-134.7318,57.7219],[-134.6954,57.6853],[-134.6744,57.6144],[-134.6112,57.5631],[-134.6076,57.513],[-134.464,57.3922],[-134.486,57.3725],[-134.5785,57.4003],[-134.5755,57.3437],[-134.5173,57.3146],[-134.605,57.273],[-134.6468,57.2263],[-134.6346,57.1099],[-134.6014,57.0338],[-134.5657,57.0237],[-134.4977,57.0312],[-134.3861,57.0874],[-134.3784,57.115],[-134.2928,57.137],[-134.1554,57.208],[-134.1103,57.2499],[-134.0805,57.2977],[-134.1006,57.3217],[-134.0346,57.3276],[-133.9629,57.3054],[-133.8707,57.3583],[-133.8703,57.3813],[-133.9255,57.4567],[-133.8574,57.464],[-133.9206,57.5301],[-133.9452,57.5698],[-133.936,57.6144],[-134.0202,57.6567],[-134.1161,57.7276],[-134.1463,57.7603],[-134.1009,57.7768],[-134.1129,57.8093],[-134.2069,57.8959],[-134.1321,57.8962],[-134.0986,57.8506],[-134.0308,57.8186],[-133.995,57.7198],[-133.8631,57.6237],[-133.8408,57.5769],[-133.806,57.5835],[-133.8177,57.6298],[-133.8968,57.6855],[-133.9049,57.8074],[-133.9638,57.8546],[-134.0169,57.93],[-134.0896,57.9744],[-134.0987,58.0187],[-134.1894,58.0834],[-134.1663,58.1326],[-134.216,58.1621],[-134.3714,58.149],[-134.4467,58.1736],[-134.5196,58.1758],[-134.5592,58.1951],[-134.6314,58.1622],[-134.7,58.1615],[-134.7245,58.2683],[-134.7794,58.2813],[-134.8061,58.3213],[-134.9605,58.4038]]],[[[-135.0286,58.5199],[-135.0042,58.4848],[-134.9187,58.468],[-134.8406,58.37],[-134.8061,58.3742],[-134.9037,58.4812],[-135.0286,58.5199]]],[[[-135.3493,59.02],[-135.3341,58.9439],[-135.296,58.9591],[-135.3493,59.02]]],[[[-135.6951,57.3631],[-135.6747,57.3367],[-135.6018,57.3008],[-135.5526,57.2332],[-135.4777,57.2568],[-135.3662,57.2489],[-135.3724,57.1981],[-135.4227,57.1677],[-135.4097,57.1489],[-135.4772,57.1153],[-135.4931,57.0945],[-135.4579,57.0702],[-135.3534,57.0209],[-135.3776,56.9886],[-135.4423,56.9424],[-135.4479,56.8892],[-135.4322,56.8521],[-135.4675,56.8414],[-135.5069,56.866],[-135.5734,56.8634],[-135.5063,56.7814],[-135.4672,56.7714],[-135.3987,56.7792],[-135.3181,56.7487],[-135.2749,56.7016],[-135.1758,56.6779],[-135.1187,56.5977],[-135.0364,56.6196],[-135.0609,56.542],[-134.9908,56.458],[-134.9457,56.3897],[-134.8394,56.3094],[-134.8062,56.2355],[-134.705,56.1757],[-134.6682,56.167],[-134.6347,56.2658],[-134.6365,56.4056],[-134.6453,56.4722],[-134.671,56.5412],[-134.6269,56.5539],[-134.616,56.6373],[-134.634,56.7287],[-134.6742,56.8252],[-134.6991,56.8509],[-134.6957,56.9008],[-134.7401,56.9485],[-134.7379,57.0099],[-134.8418,57.2486],[-134.8795,57.2882],[-134.955,57.3094],[-134.9513,57.3287],[-134.8848,57.33],[-134.8128,57.2998],[-134.8064,57.3419],[-134.8495,57.4097],[-134.9265,57.4223],[-135.0651,57.419],[-135.1459,57.439],[-135.2091,57.4888],[-135.2978,57.4837],[-135.2945,57.5108],[-135.3557,57.5536],[-135.4192,57.5642],[-135.526,57.5097],[-135.5342,57.4503],[-135.5545,57.4266],[-135.6336,57.3942],[-135.6396,57.3719],[-135.6951,57.3631]]],[[[-135.7279,58.3654],[-135.6965,58.3359],[-135.6499,58.3245],[-135.5442,58.3302],[-135.6023,58.375],[-135.6698,58.3807],[-135.7279,58.3654]]],[[[-135.8525,57.2409],[-135.8705,57.2216],[-135.8235,57.1956],[-135.8323,57.1706],[-135.7536,57.1672],[-135.755,57.124],[-135.8446,57.0836],[-135.856,56.9956],[-135.8256,56.989],[-135.6799,57.0147],[-135.6369,57.0099],[-135.571,57.0926],[-135.5722,57.1263],[-135.5413,57.1477],[-135.4558,57.1601],[-135.3987,57.2307],[-135.4788,57.239],[-135.5413,57.213],[-135.5839,57.2297],[-135.6386,57.2929],[-135.7607,57.3466],[-135.8482,57.3386],[-135.8377,57.2821],[-135.8525,57.2409]]],[[[-136.1562,58.2839],[-136.0943,58.2571],[-136.0354,58.2732],[-136.0479,58.319],[-136.1562,58.2839]]],[[[-136.5733,57.9268],[-136.4843,57.8965],[-136.4588,57.8539],[-136.3651,57.8286],[-136.3094,57.7795],[-136.3146,57.7587],[-136.2508,57.6848],[-136.2667,57.6638],[-136.2296,57.5954],[-136.1631,57.5589],[-136.1206,57.5913],[-136.0475,57.5138],[-136.0145,57.5062],[-135.9438,57.4588],[-135.897,57.4407],[-135.8921,57.408],[-135.8438,57.3909],[-135.7114,57.3678],[-135.5971,57.4427],[-135.5668,57.4857],[-135.5805,57.517],[-135.5706,57.5796],[-135.5928,57.6025],[-135.6609,57.6292],[-135.6507,57.6525],[-135.5716,57.6744],[-135.4747,57.6314],[-135.2429,57.5463],[-135.1341,57.4977],[-135.0843,57.4647],[-135.0251,57.4543],[-134.9027,57.4593],[-134.8249,57.5001],[-134.8674,57.6234],[-134.9182,57.6823],[-134.9216,57.7424],[-134.9781,57.7631],[-135.0248,57.743],[-135.0984,57.7549],[-134.9494,57.805],[-134.9545,57.8158],[-135.0657,57.8695],[-135.1652,57.9015],[-135.1407,57.9261],[-135.005,57.8843],[-134.9264,57.9219],[-134.9129,57.9793],[-134.935,58.0216],[-134.9772,58.0499],[-135.0707,58.0612],[-135.1089,58.0883],[-135.2758,58.097],[-135.3975,58.1442],[-135.4514,58.1343],[-135.4967,58.0862],[-135.5654,58.0411],[-135.5933,57.9896],[-135.6385,57.9945],[-135.6514,58.0365],[-135.5407,58.1018],[-135.4979,58.1689],[-135.5892,58.2137],[-135.7351,58.2402],[-135.7834,58.2867],[-135.8236,58.283],[-135.9142,58.2441],[-135.9764,58.202],[-136.0362,58.2192],[-136.139,58.2244],[-136.1999,58.1809],[-136.2392,58.1719],[-136.2839,58.2237],[-136.284,58.2696],[-136.4,58.272],[-136.3548,58.1923],[-136.3655,58.1489],[-136.4204,58.1319],[-136.4693,58.0969],[-136.5001,58.1048],[-136.5562,58.077],[-136.5733,57.9268]]],[[[-145.6572,60.3679],[-145.6094,60.3103],[-145.5664,60.3015],[-145.5108,60.3183],[-145.5564,60.3555],[-145.6572,60.3679]]],[[[-146.0116,60.3962],[-145.9101,60.3764],[-145.8312,60.3503],[-145.7544,60.3593],[-145.7444,60.3854],[-145.9531,60.4079],[-146.0116,60.3962]]],[[[-147.3211,60.8802],[-147.1418,60.854],[-147.0718,60.8938],[-147.1153,60.9119],[-147.2263,60.9104],[-147.3211,60.8802]]],[[[-147.4838,60.6834],[-147.5,60.6539],[-147.4838,60.6186],[-147.3487,60.6272],[-147.3087,60.6653],[-147.3953,60.7433],[-147.4876,60.7281],[-147.4838,60.6834]]],[[[-147.5057,60.2532],[-147.4838,60.2246],[-147.3401,60.275],[-147.3411,60.3055],[-147.5057,60.2532]]],[[[-147.9292,59.7839],[-147.8765,59.7639],[-147.7651,59.796],[-147.6824,59.7989],[-147.6239,59.8483],[-147.5428,59.835],[-147.4615,59.8417],[-147.3918,59.8778],[-147.5017,59.9269],[-147.4817,59.9437],[-147.3833,59.9783],[-147.3533,60.0471],[-147.1791,60.1583],[-147.09,60.1925],[-146.9557,60.2592],[-146.9165,60.291],[-146.9457,60.3099],[-147.0289,60.2864],[-147.0624,60.3009],[-147.0021,60.3443],[-147.089,60.3429],[-147.1024,60.38],[-147.2,60.3503],[-147.2333,60.2896],[-147.2259,60.2549],[-147.3198,60.2177],[-147.3315,60.1844],[-147.3743,60.1603],[-147.4014,60.1164],[-147.4853,60.0743],[-147.5551,60.0518],[-147.5882,60.0258],[-147.6954,59.9967],[-147.6818,59.9617],[-147.74,59.9551],[-147.8149,59.9088],[-147.8052,59.8732],[-147.8872,59.8623],[-147.9133,59.8372],[-147.8976,59.8019],[-147.9292,59.7839]]],[[[-147.9505,60.2438],[-147.7607,60.1564],[-147.6986,60.2456],[-147.7036,60.2856],[-147.6189,60.3688],[-147.6301,60.3896],[-147.6908,60.4051],[-147.62,60.4368],[-147.6078,60.5069],[-147.5517,60.5596],[-147.6138,60.5659],[-147.7218,60.5086],[-147.7266,60.4722],[-147.7928,60.4762],[-147.9505,60.2438]]],[[[-148.0203,60.725],[-147.9707,60.6738],[-147.9329,60.6557],[-147.8681,60.6708],[-147.8482,60.6981],[-147.906,60.7355],[-147.9654,60.752],[-148.0203,60.725]]],[[[-150.7722,59.333],[-150.7732,59.3083],[-150.7218,59.2921],[-150.6809,59.3054],[-150.6181,59.3559],[-150.6171,59.3949],[-150.6714,59.4101],[-150.7722,59.333]]],[[[-151.5288,59.1476],[-151.5263,59.1344],[-151.445,59.1051],[-151.4334,59.1355],[-151.5288,59.1476]]],[[[-151.7181,59.1322],[-151.7137,59.1011],[-151.6624,59.0897],[-151.6384,59.1174],[-151.7181,59.1322]]],[[[-151.8885,58.2194],[-151.8623,58.1683],[-151.8171,58.1837],[-151.7909,58.2468],[-151.8623,58.2575],[-151.8885,58.2194]]],[[[-152.0829,60.346],[-151.9563,60.3678],[-151.9743,60.3888],[-151.9401,60.4307],[-151.8392,60.4859],[-151.9306,60.5163],[-151.9525,60.5106],[-151.9801,60.4145],[-152.0124,60.404],[-152.0829,60.346]]],[[[-153.4183,58.0641],[-153.3656,58.0391],[-153.2897,58.0503],[-153.0975,58.0045],[-152.9824,57.9847],[-152.819,57.9956],[-152.7625,58.0145],[-152.7713,58.0469],[-152.6568,58.061],[-152.6312,58.0819],[-152.5975,58.1797],[-152.5575,58.1607],[-152.5696,58.1148],[-152.4827,58.1298],[-152.3435,58.1192],[-152.2651,58.1357],[-152.3114,58.2211],[-152.2338,58.2433],[-152.2037,58.2121],[-152.1948,58.1741],[-152.1122,58.1486],[-152.0811,58.1543],[-151.9861,58.2138],[-151.9641,58.269],[-151.9638,58.329],[-151.9862,58.3504],[-152.0823,58.3099],[-152.1383,58.2957],[-152.0893,58.3676],[-152.1293,58.3964],[-152.201,58.3553],[-152.2795,58.4159],[-152.3561,58.4235],[-152.3449,58.3916],[-152.3647,58.3646],[-152.494,58.3547],[-152.5125,58.4273],[-152.4986,58.4495],[-152.4183,58.5152],[-152.3723,58.5312],[-152.3372,58.5891],[-152.3547,58.6383],[-152.4538,58.6185],[-152.5028,58.5935],[-152.545,58.5943],[-152.5677,58.6213],[-152.666,58.5645],[-152.6537,58.5066],[-152.611,58.4758],[-152.7338,58.4607],[-152.7878,58.4113],[-152.8831,58.4004],[-152.8392,58.3725],[-152.774,58.3668],[-152.822,58.3285],[-152.8954,58.3453],[-152.9368,58.3305],[-152.8882,58.2831],[-152.9413,58.2796],[-153.0443,58.3063],[-153.1018,58.2579],[-153.007,58.2218],[-153.0739,58.1951],[-153.1701,58.2167],[-153.2028,58.2081],[-153.2237,58.1621],[-153.1676,58.1278],[-153.1991,58.102],[-153.2626,58.1451],[-153.3161,58.1404],[-153.4183,58.0641]]],[[[-153.56,59.3913],[-153.5733,59.3713],[-153.5467,59.3313],[-153.5153,59.3209],[-153.4134,59.3228],[-153.3659,59.3371],[-153.3478,59.378],[-153.4125,59.4151],[-153.5105,59.3913],[-153.56,59.3913]]],[[[-154.1594,56.6922],[-154.1531,56.6817],[-154.0218,56.6846],[-154.0465,56.7302],[-154.096,56.7055],[-154.1594,56.6922]]],[[[-154.3624,56.5425],[-154.3431,56.5102],[-154.2325,56.4911],[-154.164,56.5078],[-154.1202,56.5018],[-153.953,56.5072],[-153.8877,56.5336],[-153.8788,56.5659],[-154.0093,56.5514],[-154.0416,56.5562],[-154.0958,56.6178],[-154.1848,56.6038],[-154.2238,56.613],[-154.29,56.5954],[-154.3624,56.5425]]],[[[-154.7797,57.3663],[-154.7965,57.3462],[-154.7431,57.3148],[-154.7938,57.2889],[-154.7402,57.2765],[-154.6919,57.2841],[-154.6137,57.2678],[-154.5396,57.1964],[-154.5152,57.078],[-154.5247,56.9916],[-154.3853,56.9598],[-154.3129,56.9187],[-154.299,56.8465],[-154.2265,56.8763],[-154.2121,56.9097],[-154.1634,56.9198],[-154.1235,56.9562],[-154.0766,56.9706],[-153.9828,57.0663],[-153.8617,57.1192],[-153.8063,57.1574],[-153.7767,57.1429],[-153.8048,57.1132],[-153.8875,57.087],[-153.9632,56.9994],[-153.9797,56.9622],[-153.9348,56.9589],[-153.857,56.9749],[-153.8487,56.9423],[-153.936,56.9158],[-154.0305,56.8551],[-154.0729,56.8411],[-154.1254,56.7833],[-154.129,56.7422],[-154.0372,56.7634],[-153.9718,56.7449],[-153.9022,56.7712],[-153.8213,56.8416],[-153.7765,56.8303],[-153.6875,56.865],[-153.6928,56.9256],[-153.6007,56.9426],[-153.5434,56.9952],[-153.5808,57.049],[-153.6757,57.0548],[-153.6545,57.0846],[-153.577,57.0932],[-153.4989,57.0654],[-153.4865,57.0859],[-153.3503,57.1923],[-153.284,57.1739],[-153.3804,57.1205],[-153.4043,57.0805],[-153.3652,57.0721],[-153.3209,57.0368],[-153.3487,57.0084],[-153.3011,56.9912],[-153.2353,57.0074],[-153.2043,57.0336],[-153.2154,57.0759],[-153.1464,57.1009],[-153.1187,57.091],[-152.9972,57.1195],[-152.9114,57.1268],[-152.8803,57.1648],[-152.9493,57.1873],[-153.166,57.1806],[-153.2017,57.2217],[-153.0779,57.2114],[-152.9977,57.2312],[-152.9442,57.2591],[-153.013,57.2995],[-153.1013,57.2869],[-153.0793,57.322],[-153.0085,57.3397],[-152.9091,57.3242],[-152.8864,57.2913],[-152.8182,57.2654],[-152.7501,57.3089],[-152.6957,57.2813],[-152.6304,57.3227],[-152.6011,57.3822],[-152.7627,57.4576],[-152.8167,57.4719],[-152.9117,57.4708],[-152.8862,57.5107],[-152.7989,57.4943],[-152.7431,57.5057],[-152.7168,57.4785],[-152.6628,57.4637],[-152.6004,57.4688],[-152.517,57.4322],[-152.4818,57.4678],[-152.4165,57.4353],[-152.3394,57.4227],[-152.2915,57.5171],[-152.2596,57.5272],[-152.164,57.5846],[-152.1524,57.6195],[-152.2653,57.6264],[-152.3634,57.6416],[-152.4261,57.5934],[-152.461,57.6063],[-152.4289,57.6422],[-152.4677,57.6814],[-152.4402,57.7266],[-152.4971,57.7344],[-152.4438,57.7761],[-152.3811,57.7767],[-152.2988,57.7459],[-152.2122,57.7914],[-152.3097,57.7902],[-152.3512,57.8348],[-152.4461,57.8691],[-152.4482,57.9026],[-152.3648,57.8839],[-152.3241,57.9166],[-152.4265,57.9309],[-152.4116,57.9693],[-152.4703,57.9621],[-152.5497,57.9001],[-152.6354,57.9186],[-152.6539,57.8835],[-152.7159,57.8555],[-152.7325,57.8163],[-152.7902,57.8581],[-152.85,57.8215],[-152.8503,57.74],[-152.9163,57.7712],[-152.8925,57.8425],[-152.7398,57.9448],[-152.7225,57.9874],[-152.8528,57.9746],[-152.8762,57.9324],[-153.0244,57.957],[-153.1295,57.9466],[-153.2347,57.997],[-153.2978,57.9964],[-153.2703,57.9586],[-153.1986,57.9299],[-153.0894,57.8652],[-153.1273,57.8567],[-153.237,57.8918],[-153.2737,57.8904],[-153.4526,57.9635],[-153.5133,57.9688],[-153.5365,57.9308],[-153.462,57.8806],[-153.3958,57.8588],[-153.3281,57.8499],[-153.3536,57.8097],[-153.4516,57.8393],[-153.4874,57.8343],[-153.4625,57.7953],[-153.4934,57.7283],[-153.5496,57.718],[-153.5508,57.7869],[-153.5714,57.8321],[-153.6488,57.8801],[-153.7212,57.8906],[-153.8234,57.865],[-153.9352,57.813],[-153.933,57.7038],[-153.8629,57.7069],[-153.6767,57.6697],[-153.663,57.6399],[-153.8585,57.6511],[-153.8778,57.6295],[-153.8131,57.5886],[-153.876,57.5428],[-153.9293,57.5333],[-153.9822,57.5532],[-153.9826,57.6483],[-154.0316,57.6609],[-154.0861,57.6491],[-154.2257,57.6614],[-154.3442,57.6309],[-154.4683,57.5703],[-154.5221,57.5778],[-154.5409,57.5396],[-154.6297,57.5102],[-154.6933,57.4461],[-154.7076,57.3807],[-154.7797,57.3663]]],[[[-154.8061,56.4342],[-154.7366,56.4038],[-154.6336,56.4718],[-154.5295,56.5027],[-154.3925,56.5541],[-154.4023,56.5805],[-154.45,56.6004],[-154.5347,56.6005],[-154.7061,56.5213],[-154.8061,56.4342]]],[[[-155.7491,55.8257],[-155.7186,55.7724],[-155.591,55.7617],[-155.5644,55.8095],[-155.5844,55.8485],[-155.5635,55.8856],[-155.5911,55.9123],[-155.6377,55.8942],[-155.6567,55.8609],[-155.7491,55.8257]]],[[[-156.7507,56.0371],[-156.6818,55.9943],[-156.6737,56.0269],[-156.634,56.048],[-156.683,56.0988],[-156.7336,56.0776],[-156.7507,56.0371]]],[[[-156.8042,56.1966],[-156.7962,56.1559],[-156.7594,56.1567],[-156.7667,56.2133],[-156.8042,56.1966]]],[[[-157.3261,56.5404],[-157.3261,56.5252],[-157.1688,56.5302],[-157.1214,56.552],[-156.991,56.5479],[-157.0774,56.579],[-157.2501,56.5821],[-157.3261,56.5404]]],[[[-157.901,56.3481],[-157.8268,56.311],[-157.7963,56.3205],[-157.8325,56.37],[-157.901,56.3481]]],[[[-158.8978,55.8263],[-158.8454,55.8539],[-158.8054,55.8577],[-158.7312,55.8263],[-158.7036,55.8415],[-158.7502,55.8758],[-158.8007,55.891],[-158.8692,55.8806],[-158.8978,55.8263]]],[[[-159.1452,55.8767],[-159.1833,55.8444],[-159.1348,55.8282],[-159.0967,55.8549],[-159.1452,55.8767]]],[[[-159.3207,54.8973],[-159.3059,54.8637],[-159.2361,54.8765],[-159.2057,54.9274],[-159.2787,54.9485],[-159.3177,54.9337],[-159.3207,54.8973]]],[[[-159.3841,55.7492],[-159.3089,55.7502],[-159.2794,55.7625],[-159.3213,55.8158],[-159.3556,55.8073],[-159.3841,55.7492]]],[[[-159.4596,54.9487],[-159.4266,54.9423],[-159.3318,54.9746],[-159.3453,55.0594],[-159.4485,55.0643],[-159.4554,55.0358],[-159.4168,55.0003],[-159.4596,54.9487]]],[[[-159.5872,54.8274],[-159.6024,54.814],[-159.5976,54.756],[-159.5139,54.7598],[-159.5101,54.7893],[-159.5872,54.8274]]],[[[-159.6622,55.1901],[-159.6491,55.0495],[-159.6352,55.0373],[-159.5336,55.084],[-159.4948,55.1361],[-159.4995,55.174],[-159.5335,55.1848],[-159.5032,55.235],[-159.5211,55.2534],[-159.5819,55.2144],[-159.5985,55.1726],[-159.6622,55.1901]]],[[[-159.8184,54.8207],[-159.7747,54.794],[-159.6947,54.835],[-159.7423,54.8426],[-159.8184,54.8207]]],[[[-159.8471,55.0557],[-159.7528,55.0661],[-159.7159,55.0934],[-159.7319,55.1242],[-159.817,55.0885],[-159.8471,55.0557]]],[[[-160.1127,55.3335],[-160.1042,55.3135],[-160.0464,55.3071],[-160.0623,55.343],[-160.1127,55.3335]]],[[[-160.2508,54.9298],[-160.2548,54.896],[-160.2008,54.8753],[-160.1835,54.9157],[-160.1158,54.9851],[-160.0521,55.0058],[-159.9511,55.0666],[-159.9476,55.1052],[-159.9066,55.1125],[-159.8686,55.0949],[-159.8309,55.1265],[-159.8164,55.1781],[-159.9054,55.1647],[-159.8953,55.2179],[-159.8553,55.2304],[-159.8486,55.2675],[-159.8892,55.2871],[-159.9544,55.1893],[-160.0615,55.2004],[-160.0179,55.1561],[-160.0596,55.1337],[-160.1099,55.1608],[-160.1873,55.1184],[-160.1744,55.0526],[-160.0779,55.0376],[-160.1322,55.0137],[-160.2234,54.9391],[-160.2508,54.9298]]],[[[-160.3476,55.4262],[-160.3211,55.3937],[-160.1418,55.3872],[-160.137,55.4507],[-160.2668,55.4628],[-160.3476,55.4262]]],[[[-160.8566,55.3185],[-160.8412,55.294],[-160.8419,55.2044],[-160.7942,55.1344],[-160.7566,55.1951],[-160.6903,55.2105],[-160.6556,55.1603],[-160.5252,55.1299],[-160.4862,55.1936],[-160.5276,55.2564],[-160.5659,55.2731],[-160.5801,55.3025],[-160.5644,55.3325],[-160.4755,55.2892],[-160.3904,55.2866],[-160.3412,55.2518],[-160.3065,55.3033],[-160.3337,55.3601],[-160.3618,55.3632],[-160.4257,55.3389],[-160.519,55.3616],[-160.5727,55.389],[-160.6143,55.348],[-160.6462,55.3831],[-160.7103,55.4031],[-160.7971,55.3815],[-160.8566,55.3185]]],[[[-161.0842,58.5899],[-161.0756,58.5499],[-160.9614,58.5537],[-160.8805,58.5813],[-160.6844,58.8155],[-160.7006,58.8174],[-160.8434,58.7517],[-160.9186,58.7469],[-161.0566,58.7022],[-161.0842,58.5899]]],[[[-161.426,55.2166],[-161.4393,55.1985],[-161.3442,55.1585],[-161.3299,55.2194],[-161.426,55.2166]]],[[[-161.6935,55.2175],[-161.6297,55.1966],[-161.5602,55.207],[-161.5278,55.2508],[-161.6563,55.2442],[-161.6935,55.2175]]],[[[-161.9036,55.1169],[-161.8789,55.0855],[-161.8393,55.1181],[-161.7642,55.0595],[-161.7379,55.0541],[-161.6549,55.1032],[-161.5504,55.0657],[-161.5705,55.1005],[-161.6516,55.1309],[-161.6971,55.1371],[-161.7378,55.1619],[-161.8278,55.1785],[-161.8889,55.1607],[-161.9036,55.1169]]],[[[-162.4355,54.9292],[-162.4252,54.885],[-162.3493,54.836],[-162.2753,54.8456],[-162.233,54.891],[-162.2357,54.9626],[-162.2667,54.9821],[-162.3268,54.9853],[-162.4355,54.9292]]],[[[-162.6826,63.5841],[-162.681,63.5569],[-162.6149,63.5406],[-162.3452,63.5518],[-162.3419,63.5941],[-162.3742,63.6264],[-162.4519,63.6213],[-162.5414,63.6357],[-162.6146,63.6218],[-162.6826,63.5841]]],[[[-162.8349,54.4505],[-162.8617,54.4248],[-162.7838,54.3762],[-162.7198,54.401],[-162.6086,54.3691],[-162.5468,54.377],[-162.467,54.3427],[-162.4311,54.3711],[-162.3888,54.3676],[-162.3614,54.3902],[-162.4251,54.4144],[-162.5185,54.4144],[-162.5853,54.448],[-162.6702,54.4611],[-162.8292,54.4947],[-162.8349,54.4505]]],[[[-164.8652,54.207],[-164.8396,54.1787],[-164.7644,54.2098],[-164.8242,54.2255],[-164.8652,54.207]]],[[[-165.2209,54.1016],[-165.2034,54.0878],[-165.0443,54.0666],[-164.9532,54.0781],[-164.9215,54.1111],[-164.9378,54.1367],[-165.0231,54.1219],[-165.141,54.1311],[-165.2209,54.1016]]],[[[-165.4834,54.075],[-165.4582,54.0663],[-165.3658,54.0733],[-165.3167,54.0499],[-165.2458,54.0561],[-165.267,54.0955],[-165.439,54.0841],[-165.4834,54.075]]],[[[-165.575,54.0416],[-165.508,54.0307],[-165.5156,54.0667],[-165.575,54.0416]]],[[[-165.6841,54.2499],[-165.6371,54.1994],[-165.6297,54.1326],[-165.5492,54.1122],[-165.4762,54.1827],[-165.4,54.1777],[-165.4054,54.2128],[-165.5128,54.2129],[-165.5576,54.2541],[-165.48,54.2818],[-165.5235,54.2999],[-165.5865,54.2844],[-165.6364,54.2976],[-165.6841,54.2499]]],[[[-166.1014,54.1441],[-166.1122,54.1225],[-166.0464,54.0442],[-165.9844,54.0617],[-165.9016,54.0629],[-165.8751,54.0364],[-165.8107,54.0748],[-165.7672,54.0659],[-165.6715,54.0962],[-165.7142,54.1208],[-165.7479,54.1613],[-165.7905,54.1718],[-165.8373,54.161],[-165.8805,54.1836],[-165.8731,54.2165],[-165.9832,54.2212],[-166.082,54.1752],[-166.1014,54.1441]]],[[[-166.1971,53.9848],[-166.1904,53.9601],[-166.1162,53.9572],[-166.1057,53.9886],[-166.1724,53.9981],[-166.1971,53.9848]]],[[[-167.4429,60.2093],[-167.3435,60.1263],[-167.3333,60.0666],[-167.2442,60.0579],[-167.1708,60.0128],[-167.1011,59.9881],[-166.9878,59.979],[-166.8611,59.9432],[-166.763,59.8933],[-166.6655,59.8782],[-166.614,59.8483],[-166.488,59.8443],[-166.408,59.8511],[-166.2722,59.8115],[-166.1904,59.7502],[-166.0974,59.757],[-166.0843,59.7761],[-166.1252,59.8123],[-166.0261,59.8615],[-165.9303,59.8772],[-165.8611,59.861],[-165.839,59.8905],[-165.7698,59.9005],[-165.6771,59.8991],[-165.5823,59.9082],[-165.5664,59.928],[-165.6527,59.9872],[-165.6339,60.0196],[-165.6736,60.0299],[-165.7092,60.066],[-165.6626,60.0985],[-165.6781,60.1547],[-165.7235,60.1638],[-165.6836,60.1983],[-165.7225,60.2365],[-165.6786,60.2707],[-165.6799,60.2924],[-165.7768,60.3269],[-165.8831,60.3434],[-165.9849,60.3143],[-166.081,60.3228],[-166.1498,60.4367],[-166.2037,60.3902],[-166.2851,60.3823],[-166.3719,60.3552],[-166.4904,60.3895],[-166.5798,60.3497],[-166.5826,60.3178],[-166.7135,60.3273],[-166.8358,60.2688],[-166.8059,60.2361],[-166.8426,60.2105],[-166.9183,60.2023],[-166.9512,60.2223],[-167.0337,60.2137],[-167.1128,60.2315],[-167.3176,60.2315],[-167.3967,60.2101],[-167.4429,60.2093]]],[[[-167.8523,53.3156],[-167.799,53.2848],[-167.6442,53.2508],[-167.5892,53.2887],[-167.4882,53.2691],[-167.4428,53.321],[-167.387,53.3407],[-167.303,53.3369],[-167.2918,53.3641],[-167.1341,53.4264],[-167.112,53.4168],[-167.05,53.4331],[-166.9644,53.4325],[-166.9591,53.4558],[-166.8781,53.4299],[-166.7492,53.4409],[-166.735,53.5066],[-166.6562,53.4871],[-166.6364,53.5231],[-166.581,53.5304],[-166.5659,53.5831],[-166.509,53.5838],[-166.554,53.6234],[-166.4676,53.6466],[-166.4449,53.6406],[-166.2833,53.6842],[-166.263,53.7037],[-166.1667,53.7334],[-166.1113,53.7769],[-166.0941,53.8392],[-166.1199,53.855],[-166.1988,53.8361],[-166.2126,53.8171],[-166.4205,53.7621],[-166.4691,53.7359],[-166.5405,53.7159],[-166.5474,53.7494],[-166.4049,53.8093],[-166.3892,53.8323],[-166.32,53.8695],[-166.2365,53.8813],[-166.211,53.9336],[-166.2794,53.9825],[-166.3199,53.9601],[-166.3599,53.9771],[-166.3737,54.01],[-166.4371,53.9556],[-166.4437,53.9097],[-166.4878,53.8954],[-166.536,53.918],[-166.5605,53.8788],[-166.619,53.8935],[-166.6468,53.9238],[-166.5999,53.9837],[-166.6446,54.0145],[-166.7289,54.0031],[-166.7517,54.0161],[-166.8186,53.9932],[-166.8795,53.9887],[-167.0313,53.9452],[-167.141,53.8668],[-167.142,53.8269],[-167.025,53.7572],[-166.9756,53.7753],[-166.7873,53.7346],[-166.8325,53.708],[-166.859,53.6744],[-166.895,53.7177],[-166.9993,53.7185],[-167.0577,53.6989],[-167.0718,53.6656],[-167.0096,53.6353],[-167.0622,53.6201],[-167.1404,53.627],[-167.1616,53.6059],[-167.1357,53.5512],[-167.1023,53.5151],[-167.188,53.5241],[-167.2,53.463],[-167.2679,53.4781],[-167.3065,53.4415],[-167.3556,53.4245],[-167.394,53.4398],[-167.4574,53.4428],[-167.4883,53.42],[-167.6221,53.3853],[-167.6945,53.388],[-167.7909,53.3355],[-167.8523,53.3156]]],[[[-168.1289,65.6557],[-168.127,65.6266],[-168.0752,65.5764],[-167.9096,65.5509],[-167.7109,65.4985],[-167.474,65.4127],[-167.3985,65.4003],[-167.0268,65.382],[-166.796,65.3372],[-166.6552,65.3249],[-166.5511,65.3384],[-166.486,65.3309],[-166.3777,65.298],[-166.3472,65.2763],[-166.4753,65.2243],[-166.4642,65.1771],[-166.5215,65.1492],[-166.6061,65.136],[-166.6384,65.1136],[-166.7556,65.1106],[-166.9119,65.126],[-166.8604,65.0909],[-166.6965,65.0359],[-166.6908,64.9854],[-166.5305,64.9371],[-166.4156,64.8719],[-166.4073,64.8343],[-166.479,64.797],[-166.4838,64.7334],[-166.3924,64.6382],[-166.2369,64.5836],[-165.9197,64.5487],[-165.7511,64.5364],[-165.4134,64.4979],[-165.2142,64.4697],[-165.0165,64.4344],[-164.8077,64.4494],[-164.5483,64.5167],[-164.4219,64.5453],[-164.3073,64.5615],[-164.1471,64.5646],[-163.9744,64.5514],[-163.8297,64.575],[-163.5978,64.5634],[-163.4515,64.5348],[-163.253,64.4695],[-163.2292,64.43],[-163.1753,64.3993],[-163.1075,64.4092],[-163.0915,64.4377],[-163.0272,64.4779],[-163.0332,64.5193],[-163.1197,64.5102],[-163.1787,64.5435],[-163.2549,64.5493],[-163.312,64.5883],[-163.2178,64.6321],[-163.0607,64.5883],[-163.0307,64.5424],[-162.9408,64.5424],[-162.8576,64.4998],[-162.8586,64.4749],[-162.8066,64.4056],[-162.81,64.3526],[-162.7192,64.36],[-162.6322,64.3857],[-162.603,64.4487],[-162.6142,64.4707],[-162.54,64.5309],[-162.3423,64.5922],[-162.2345,64.6193],[-162.2166,64.6562],[-162.1685,64.6803],[-162.0965,64.691],[-161.9393,64.6991],[-161.8784,64.7095],[-161.6673,64.789],[-161.5955,64.7645],[-161.5182,64.7533],[-161.377,64.773],[-161.3579,64.8059],[-161.293,64.8532],[-161.2138,64.8833],[-161.1921,64.9214],[-161.0797,64.8695],[-160.936,64.8224],[-160.8696,64.7838],[-160.7834,64.7172],[-160.802,64.6104],[-160.9405,64.55],[-161.0491,64.541],[-161.0242,64.4997],[-161.078,64.4941],[-161.2341,64.5004],[-161.3886,64.5328],[-161.469,64.5066],[-161.5049,64.4231],[-161.4104,64.4221],[-161.2635,64.3982],[-161.2289,64.3707],[-160.976,64.2358],[-160.9564,64.1917],[-160.9516,64.0901],[-160.8925,63.9859],[-160.852,63.9544],[-160.7663,63.8352],[-160.7656,63.7736],[-160.9044,63.658],[-161.036,63.5796],[-161.1027,63.5478],[-161.1368,63.5045],[-161.3102,63.4713],[-161.5838,63.4479],[-161.6765,63.465],[-161.8399,63.4473],[-162.0256,63.4475],[-162.0417,63.4897],[-162.1086,63.5119],[-162.2524,63.5418],[-162.2967,63.5401],[-162.2711,63.4877],[-162.3523,63.4541],[-162.4215,63.409],[-162.4371,63.3778],[-162.6626,63.2299],[-162.8211,63.2056],[-162.8446,63.1542],[-162.9983,63.0893],[-163.0405,63.0622],[-163.1309,63.0494],[-163.3162,63.0378],[-163.4177,63.0839],[-163.5072,63.1137],[-163.5299,63.1354],[-163.6163,63.1412],[-163.7327,63.2133],[-163.8851,63.2223],[-164.0366,63.2612],[-164.1401,63.2593],[-164.3636,63.2263],[-164.4234,63.212],[-164.6339,63.0978],[-164.6449,63.0793],[-164.5837,63.0585],[-164.7168,63.0063],[-164.7839,62.9462],[-164.8773,62.7843],[-164.8377,62.6853],[-164.8695,62.666],[-164.9367,62.6689],[-165.0132,62.6401],[-165.076,62.582],[-165.0962,62.5225],[-165.2693,62.4274],[-165.312,62.3788],[-165.672,62.1399],[-165.7479,62.0736],[-165.7598,62.0019],[-165.7435,61.9625],[-165.6395,61.847],[-165.7304,61.8421],[-165.7584,61.8254],[-165.9553,61.8324],[-166.0853,61.8165],[-166.0921,61.8007],[-166.0067,61.7299],[-165.8099,61.673],[-165.9038,61.6636],[-166.054,61.6382],[-166.1394,61.6323],[-166.1827,61.5885],[-166.1496,61.5133],[-166.0754,61.493],[-166.0755,61.5327],[-165.9125,61.5562],[-165.8076,61.5292],[-165.7543,61.4987],[-165.7672,61.457],[-165.9186,61.4191],[-165.9154,61.3877],[-165.8796,61.335],[-165.8164,61.3034],[-165.7874,61.3101],[-165.6629,61.2946],[-165.6233,61.2784],[-165.634,61.2376],[-165.627,61.1672],[-165.5907,61.1112],[-165.5551,61.0927],[-165.4173,61.0787],[-165.3683,61.084],[-165.3256,61.1693],[-165.2897,61.1817],[-165.2438,61.1516],[-165.173,61.1469],[-165.1676,61.1135],[-165.1198,61.0786],[-164.9511,61.031],[-165.0203,61.0112],[-165.1157,61.0161],[-165.1903,60.9831],[-165.1725,60.9403],[-165.1324,60.9225],[-165.032,60.904],[-164.9649,60.9454],[-164.9213,60.9465],[-165.0037,60.8756],[-165.0302,60.8381],[-165.0321,60.76],[-164.9718,60.7297],[-164.9713,60.7114],[-165.0631,60.6886],[-165.1472,60.6512],[-165.1786,60.6239],[-165.2687,60.5795],[-165.3811,60.578],[-165.4203,60.5507],[-165.363,60.5069],[-165.1904,60.498],[-165.0574,60.5446],[-164.987,60.5424],[-164.9614,60.5084],[-165.0491,60.4615],[-165.1207,60.4512],[-165.1294,60.4337],[-165.0576,60.3863],[-164.9627,60.3397],[-164.8504,60.3036],[-164.7772,60.2938],[-164.6989,60.2963],[-164.6344,60.243],[-164.5176,60.1995],[-164.4986,60.1705],[-164.3855,60.0772],[-164.1916,60.0245],[-164.1318,59.9912],[-164.1254,59.9646],[-164.2083,59.949],[-164.2018,59.9161],[-164.1603,59.8647],[-164.1151,59.8367],[-163.9308,59.8039],[-163.7722,59.7956],[-163.5591,59.8014],[-163.349,59.8199],[-163.086,59.861],[-162.9042,59.9191],[-162.8085,59.9339],[-162.7075,59.9903],[-162.6442,59.973],[-162.5473,59.9809],[-162.5036,59.9992],[-162.4768,60.0477],[-162.4956,60.0789],[-162.491,60.1427],[-162.4513,60.1744],[-162.3722,60.167],[-162.3368,60.1288],[-162.2284,60.0563],[-162.1718,59.9842],[-162.1211,59.9652],[-162.0924,59.8811],[-162.0171,59.8294],[-161.9112,59.7417],[-161.8739,59.6495],[-161.8205,59.595],[-161.758,59.5572],[-161.7025,59.4909],[-161.7383,59.467],[-161.7904,59.4682],[-161.849,59.4325],[-161.877,59.4001],[-161.9512,59.3807],[-162.0564,59.271],[-161.982,59.151],[-161.8787,59.0681],[-161.784,58.9694],[-161.787,58.8997],[-161.7566,58.8265],[-161.7695,58.7749],[-161.8591,58.7086],[-161.8772,58.6661],[-161.9392,58.6556],[-161.9946,58.6888],[-162.1717,58.6484],[-162.0663,58.6208],[-161.8712,58.6375],[-161.7663,58.5992],[-161.752,58.5518],[-161.6829,58.5647],[-161.6265,58.6026],[-161.5505,58.6112],[-161.5213,58.6331],[-161.3723,58.6662],[-161.3727,58.708],[-161.338,58.7429],[-161.1834,58.7893],[-161.0011,58.8497],[-160.872,58.8785],[-160.8235,58.8291],[-160.7531,58.9104],[-160.6418,58.9645],[-160.4766,59.026],[-160.3178,59.0705],[-160.2566,58.9945],[-160.3229,58.954],[-160.2863,58.945],[-160.2328,58.9011],[-160.1545,58.9169],[-160.1505,58.8661],[-160.0931,58.8608],[-160.054,58.887],[-159.9854,58.8705],[-159.9957,58.8483],[-159.9084,58.7799],[-159.8063,58.8056],[-159.8088,58.8615],[-159.7538,58.8557],[-159.7329,58.9307],[-159.6161,58.9316],[-159.587,58.9003],[-159.6435,58.8451],[-159.5018,58.8243],[-159.3907,58.7624],[-159.2423,58.6191],[-159.0633,58.4231],[-158.8961,58.3901],[-158.7953,58.408],[-158.7041,58.4828],[-158.7691,58.5487],[-158.8279,58.6264],[-158.8612,58.6956],[-158.8482,58.7227],[-158.801,58.7328],[-158.7712,58.7651],[-158.7904,58.8047],[-158.7677,58.8643],[-158.7174,58.8725],[-158.6197,58.911],[-158.5298,58.998],[-158.487,58.9999],[-158.5203,58.8571],[-158.5595,58.8418],[-158.5648,58.8027],[-158.5125,58.7831],[-158.4238,58.7698],[-158.3515,58.7277],[-158.3321,58.6653],[-158.2323,58.6199],[-158.1403,58.615],[-158.0366,58.6342],[-157.8554,58.6783],[-157.6965,58.73],[-157.5506,58.7545],[-157.5327,58.7726],[-157.4295,58.7911],[-157.2755,58.8361],[-157.2157,58.8415],[-157.1169,58.8675],[-157.0406,58.9134],[-157.0392,58.9459],[-156.9997,58.9734],[-156.9666,58.9041],[-157.0124,58.8759],[-156.9935,58.8368],[-157.0487,58.7804],[-157.0779,58.7081],[-157.1788,58.6604],[-157.2813,58.6002],[-157.3585,58.5339],[-157.4519,58.5056],[-157.4815,58.4808],[-157.5362,58.3916],[-157.5569,58.3307],[-157.5472,58.2775],[-157.4427,58.2189],[-157.3523,58.2191],[-157.3974,58.1734],[-157.5333,58.1603],[-157.5836,58.1243],[-157.6118,58.0343],[-157.6422,57.8688],[-157.6711,57.7729],[-157.7038,57.7218],[-157.7106,57.6399],[-157.6913,57.6111],[-157.6074,57.6125],[-157.5731,57.5145],[-157.5869,57.4872],[-157.6494,57.5003],[-157.7039,57.5635],[-157.786,57.5422],[-157.8812,57.4891],[-157.9316,57.4762],[-158.0105,57.4015],[-158.06,57.3875],[-158.0838,57.3572],[-158.2299,57.3215],[-158.3071,57.2896],[-158.3931,57.2369],[-158.5402,57.1251],[-158.6453,57.0318],[-158.6793,56.9886],[-158.6998,56.9274],[-158.6936,56.8881],[-158.6468,56.847],[-158.6742,56.7971],[-158.7445,56.7951],[-158.7836,56.7808],[-158.8533,56.7926],[-158.9336,56.8279],[-158.9575,56.8512],[-159.0183,56.8151],[-159.2631,56.7233],[-159.3888,56.6905],[-159.535,56.6265],[-159.828,56.5439],[-159.9383,56.4742],[-160.0826,56.4111],[-160.1463,56.4002],[-160.2229,56.3469],[-160.3572,56.2796],[-160.3963,56.2318],[-160.4514,56.1256],[-160.4887,56.0772],[-160.5896,55.983],[-160.5264,55.9824],[-160.5358,55.9396],[-160.4207,55.9086],[-160.3256,55.8679],[-160.2418,55.8504],[-160.3178,55.819],[-160.2689,55.7843],[-160.2939,55.7656],[-160.3859,55.7964],[-160.4685,55.7907],[-160.4947,55.8642],[-160.5326,55.8699],[-160.6391,55.8583],[-160.6976,55.8624],[-160.7695,55.8838],[-160.7577,55.7858],[-160.6555,55.7399],[-160.6681,55.7236],[-160.7652,55.7572],[-160.806,55.7382],[-160.9306,55.8144],[-160.9516,55.8528],[-160.9304,55.8957],[-160.8275,55.9107],[-160.8182,55.9534],[-160.8655,55.9551],[-160.863,55.9949],[-160.8265,56.0269],[-160.9898,56.0229],[-161.0236,56.007],[-161.1331,56.0149],[-161.4504,55.9545],[-161.5856,55.9373],[-161.7123,55.9042],[-161.8162,55.889],[-161.899,55.8335],[-161.9945,55.7978],[-162.0634,55.7861],[-162.1466,55.7333],[-162.2645,55.6886],[-162.384,55.5898],[-162.4926,55.5117],[-162.5913,55.4527],[-162.5188,55.461],[-162.5012,55.3897],[-162.5749,55.3479],[-162.6604,55.3654],[-162.7318,55.3078],[-162.798,55.311],[-162.8232,55.279],[-162.8881,55.2704],[-162.8401,55.224],[-162.8823,55.1833],[-162.9572,55.1713],[-163.0705,55.1741],[-163.105,55.184],[-163.2009,55.1661],[-163.3147,55.1263],[-163.306,55.0696],[-163.2808,55.033],[-163.2868,54.967],[-163.2349,54.945],[-163.3477,54.9251],[-163.3189,54.8801],[-163.3914,54.8553],[-163.3983,54.9024],[-163.4429,54.9699],[-163.5301,55.0167],[-163.533,55.0489],[-163.6468,55.0445],[-163.7741,55.0558],[-163.8543,55.0378],[-163.8947,55.0391],[-163.9647,54.9973],[-164.0307,54.9698],[-164.1643,54.9535],[-164.2071,54.9276],[-164.3435,54.8941],[-164.4273,54.9328],[-164.4868,54.9224],[-164.5503,54.8888],[-164.5615,54.8508],[-164.6297,54.756],[-164.7095,54.6615],[-164.7613,54.6406],[-164.9188,54.6053],[-164.9498,54.5757],[-164.9446,54.5329],[-164.9101,54.5075],[-164.8761,54.4435],[-164.8449,54.4176],[-164.744,54.3942],[-164.6405,54.3912],[-164.6016,54.4025],[-164.4566,54.4199],[-164.3527,54.465],[-164.3314,54.5304],[-164.2325,54.5855],[-164.0849,54.6201],[-163.9663,54.6317],[-163.7473,54.635],[-163.586,54.6116],[-163.4889,54.6551],[-163.4244,54.6562],[-163.41,54.6937],[-163.4284,54.7148],[-163.392,54.742],[-163.3404,54.7489],[-163.2806,54.6954],[-163.2232,54.6769],[-163.1854,54.7004],[-163.1491,54.673],[-163.0591,54.6611],[-163.1076,54.7328],[-163.1843,54.7749],[-163.2198,54.7551],[-163.3133,54.7533],[-163.3732,54.8008],[-163.2998,54.8292],[-163.2144,54.8475],[-163.0361,54.9425],[-163.0505,54.9691],[-163.1486,55.014],[-163.2133,55.0261],[-163.2263,55.0427],[-163.1884,55.0909],[-163.079,55.1117],[-163.0016,55.08],[-162.9578,55.0318],[-162.9706,55.001],[-162.9137,54.9503],[-162.8455,54.927],[-162.771,54.9327],[-162.7085,54.9585],[-162.7204,54.9802],[-162.6465,54.9972],[-162.5693,54.9712],[-162.5693,55.0159],[-162.6189,55.0971],[-162.5798,55.1369],[-162.6447,55.1971],[-162.6923,55.1973],[-162.7181,55.2199],[-162.662,55.2943],[-162.5849,55.2984],[-162.5104,55.2502],[-162.461,55.1258],[-162.521,55.1154],[-162.5121,55.0862],[-162.4714,55.0519],[-162.4135,55.0366],[-162.3004,55.0429],[-162.2678,55.0216],[-162.2193,55.029],[-162.1892,55.0603],[-162.2235,55.1022],[-162.1774,55.1544],[-162.119,55.1411],[-162.1187,55.1029],[-162.0533,55.0742],[-161.9609,55.1067],[-161.967,55.1548],[-162.0017,55.1692],[-162.0462,55.2256],[-161.9788,55.2361],[-161.9034,55.2049],[-161.8756,55.2499],[-161.6865,55.408],[-161.6967,55.4233],[-161.6989,55.5194],[-161.6129,55.6062],[-161.587,55.6201],[-161.4821,55.634],[-161.4162,55.6323],[-161.3557,55.6064],[-161.3761,55.5698],[-161.4693,55.4968],[-161.4846,55.418],[-161.5142,55.3853],[-161.5077,55.3628],[-161.3646,55.3842],[-161.3149,55.3792],[-161.2807,55.354],[-161.2315,55.3575],[-161.0137,55.431],[-160.9443,55.5078],[-160.8654,55.527],[-160.8208,55.508],[-160.8367,55.4731],[-160.7814,55.4518],[-160.6669,55.4598],[-160.6475,55.5009],[-160.6601,55.5185],[-160.7714,55.5294],[-160.7069,55.5561],[-160.667,55.5444],[-160.6153,55.5755],[-160.5801,55.5644],[-160.5367,55.4749],[-160.4627,55.5067],[-160.4643,55.5332],[-160.4359,55.5737],[-160.3926,55.6028],[-160.433,55.64],[-160.4108,55.6654],[-160.2798,55.6414],[-160.1857,55.6586],[-160.0584,55.7217],[-160.0487,55.7721],[-160.0103,55.7971],[-159.9371,55.8033],[-159.8923,55.7851],[-159.8474,55.8025],[-159.8585,55.8418],[-159.8111,55.8566],[-159.7128,55.8464],[-159.6437,55.8304],[-159.6275,55.8032],[-159.6732,55.751],[-159.6792,55.6559],[-159.6447,55.6525],[-159.6396,55.6179],[-159.7242,55.6145],[-159.7339,55.57],[-159.6178,55.5958],[-159.5301,55.6654],[-159.552,55.7048],[-159.4944,55.7658],[-159.498,55.8553],[-159.5344,55.8813],[-159.4539,55.8968],[-159.4702,55.8289],[-159.4115,55.7889],[-159.4001,55.8524],[-159.3748,55.8715],[-159.2715,55.8907],[-158.9996,55.927],[-158.9094,55.9349],[-158.8541,56.0033],[-158.7473,56.0099],[-158.737,55.9533],[-158.6532,55.9586],[-158.6387,56.0159],[-158.6609,56.0349],[-158.6597,56.0986],[-158.5942,56.1104],[-158.5984,56.0488],[-158.5098,55.9796],[-158.502,56.0252],[-158.4077,56.0145],[-158.4245,56.0689],[-158.3743,56.1345],[-158.3141,56.1637],[-158.1178,56.2307],[-158.1749,56.2362],[-158.2648,56.2096],[-158.331,56.2136],[-158.3345,56.2329],[-158.2165,56.2695],[-158.2074,56.2944],[-158.3226,56.3252],[-158.3973,56.3289],[-158.4328,56.3435],[-158.4895,56.3419],[-158.4988,56.3801],[-158.403,56.4552],[-158.3288,56.4842],[-158.2461,56.4661],[-158.1274,56.4608],[-158.1123,56.5213],[-158.0276,56.5118],[-157.8721,56.474],[-157.8178,56.5142],[-157.8384,56.5608],[-157.9112,56.5748],[-158.0055,56.5534],[-158.0744,56.5542],[-158.0857,56.5734],[-158.042,56.5967],[-157.9834,56.5994],[-157.9185,56.6431],[-157.8481,56.6536],[-157.7637,56.6792],[-157.7368,56.6756],[-157.7054,56.6288],[-157.6746,56.6095],[-157.5893,56.6223],[-157.5365,56.6153],[-157.4665,56.6233],[-157.4522,56.6432],[-157.481,56.6714],[-157.5423,56.6753],[-157.5638,56.7034],[-157.5175,56.7608],[-157.4134,56.7692],[-157.4186,56.7998],[-157.4724,56.8334],[-157.4369,56.8585],[-157.3788,56.8617],[-157.2838,56.8008],[-157.2017,56.7675],[-157.1403,56.7909],[-157.1595,56.8335],[-157.0735,56.8383],[-157.0059,56.9042],[-156.9356,56.9201],[-156.9357,56.9549],[-156.8854,56.9533],[-156.8393,56.9019],[-156.7973,56.9117],[-156.7814,56.9719],[-156.6714,56.9961],[-156.5551,56.9835],[-156.5628,57.0203],[-156.5356,57.0479],[-156.4416,57.0852],[-156.4351,57.1274],[-156.3685,57.15],[-156.3344,57.1823],[-156.3988,57.2148],[-156.3994,57.2416],[-156.3429,57.2481],[-156.3219,57.2934],[-156.3364,57.3361],[-156.5073,57.2812],[-156.5512,57.2908],[-156.5335,57.3285],[-156.4816,57.3387],[-156.3394,57.4176],[-156.2269,57.4407],[-156.2109,57.4744],[-156.1375,57.4717],[-156.0917,57.4398],[-156.0219,57.4397],[-156.0486,57.5008],[-156.044,57.5645],[-156.0108,57.5714],[-155.9679,57.5444],[-155.9153,57.5353],[-155.8779,57.5472],[-155.7328,57.5497],[-155.7242,57.6334],[-155.6299,57.6564],[-155.6152,57.6881],[-155.6353,57.7154],[-155.6172,57.7697],[-155.5684,57.7895],[-155.3786,57.7108],[-155.3058,57.7241],[-155.2847,57.7574],[-155.3349,57.7807],[-155.3264,57.8305],[-155.2379,57.8271],[-155.0971,57.8654],[-155.0618,57.9043],[-155.1186,57.9539],[-154.9904,58.0134],[-154.8918,58.0277],[-154.7653,58.0037],[-154.7307,58.0218],[-154.7162,58.0553],[-154.6534,58.064],[-154.644,58.0331],[-154.5815,58.0193],[-154.5394,58.0559],[-154.4629,58.0584],[-154.4492,58.0932],[-154.4664,58.1423],[-154.4365,58.1483],[-154.3404,58.0909],[-154.2912,58.1357],[-154.2419,58.1563],[-154.2198,58.1846],[-154.1453,58.2109],[-154.1034,58.2802],[-154.1772,58.3215],[-154.168,58.3584],[-154.0973,58.3453],[-153.9993,58.3764],[-154.0707,58.44],[-154.0565,58.4892],[-153.9349,58.4944],[-153.9191,58.5167],[-153.8972,58.6062],[-153.6776,58.6116],[-153.5916,58.6401],[-153.5527,58.6872],[-153.4778,58.7128],[-153.445,58.7093],[-153.4025,58.7426],[-153.3448,58.847],[-153.2947,58.8654],[-153.3348,58.9205],[-153.3985,58.9661],[-153.4799,58.9953],[-153.5473,58.9837],[-153.6161,59.0067],[-153.6957,59.074],[-153.794,59.0714],[-153.8502,59.0529],[-154.0085,59.0729],[-154.0635,59.0721],[-154.1083,59.0368],[-154.1582,59.0179],[-154.1953,59.0695],[-154.1667,59.1005],[-154.2148,59.1516],[-154.1306,59.2105],[-154.1368,59.2627],[-154.1136,59.2996],[-154.0308,59.327],[-154.103,59.3427],[-154.0446,59.3883],[-153.9985,59.3847],[-153.8966,59.4185],[-153.8234,59.418],[-153.7275,59.4353],[-153.699,59.4636],[-153.7615,59.5434],[-153.6509,59.5554],[-153.5854,59.5515],[-153.5583,59.6058],[-153.6093,59.6216],[-153.4761,59.6427],[-153.444,59.69],[-153.4585,59.7645],[-153.3748,59.7316],[-153.3849,59.6672],[-153.4094,59.6363],[-153.3429,59.6213],[-153.2627,59.6434],[-153.2142,59.6343],[-153.1217,59.678],[-153.0516,59.6916],[-152.9945,59.7913],[-153.0219,59.8341],[-153.0885,59.8334],[-153.1444,59.8076],[-153.1823,59.8224],[-153.2858,59.8205],[-153.2129,59.8628],[-153.1447,59.8598],[-153.0025,59.8867],[-152.9507,59.8768],[-152.8101,59.8783],[-152.7936,59.8967],[-152.7064,59.9153],[-152.6794,59.9681],[-152.6117,60.0085],[-152.5691,60.0717],[-152.5968,60.1011],[-152.6864,60.1377],[-152.6781,60.1635],[-152.7343,60.1748],[-152.747,60.2333],[-152.6601,60.242],[-152.6246,60.2187],[-152.5568,60.2242],[-152.5282,60.2513],[-152.392,60.3021],[-152.3662,60.3533],[-152.3159,60.3591],[-152.2342,60.3939],[-152.302,60.4143],[-152.3303,60.4431],[-152.3092,60.5064],[-152.1951,60.5697],[-152.1,60.5944],[-152.0219,60.6734],[-151.9169,60.7179],[-151.8486,60.734],[-151.7164,60.7104],[-151.7038,60.7324],[-151.7773,60.8105],[-151.8003,60.8537],[-151.621,60.9575],[-151.4803,61.0109],[-151.3622,61.0094],[-151.2936,61.0357],[-151.1666,61.0464],[-151.0728,61.1417],[-151.0249,61.1784],[-150.8273,61.2284],[-150.7113,61.2511],[-150.6462,61.2967],[-150.5617,61.2815],[-150.4688,61.2446],[-150.2736,61.2516],[-150.2049,61.2595],[-150.0748,61.2535],[-149.9859,61.2375],[-149.9197,61.2635],[-149.9183,61.3235],[-149.8769,61.3843],[-149.8083,61.3958],[-149.768,61.4383],[-149.6147,61.4932],[-149.5428,61.49],[-149.4295,61.4472],[-149.5374,61.4078],[-149.7017,61.3853],[-149.7303,61.333],[-149.8112,61.3177],[-149.9244,61.2111],[-150.0099,61.2036],[-150.0755,61.1563],[-149.9692,61.1325],[-149.9157,61.1014],[-149.8319,61.0762],[-149.7397,61.017],[-149.5961,60.9808],[-149.5104,60.9817],[-149.3272,60.928],[-149.1925,60.9399],[-149.0873,60.9093],[-149.1116,60.8789],[-149.3458,60.8961],[-149.5713,60.937],[-149.6394,60.9286],[-149.7703,60.9676],[-149.8752,60.9602],[-149.9995,60.864],[-150.0458,60.8871],[-150.1941,60.9013],[-150.2621,60.9478],[-150.3417,61.0242],[-150.3772,61.0391],[-150.6031,60.9744],[-150.6784,60.9583],[-150.7058,60.9378],[-150.8955,60.8532],[-151.0626,60.7874],[-151.2122,60.7803],[-151.3092,60.7407],[-151.4093,60.7206],[-151.3624,60.6535],[-151.324,60.5741],[-151.2645,60.5433],[-151.281,60.5126],[-151.2998,60.3855],[-151.3816,60.3587],[-151.3879,60.2671],[-151.4217,60.2129],[-151.5456,60.1284],[-151.6069,60.0996],[-151.7029,60.0323],[-151.7577,59.9176],[-151.8031,59.8785],[-151.8136,59.8443],[-151.8677,59.7784],[-151.8291,59.7202],[-151.6431,59.647],[-151.5038,59.6337],[-151.4366,59.6664],[-151.3298,59.6836],[-151.1138,59.7772],[-151.0278,59.7962],[-150.983,59.7835],[-151.1165,59.6961],[-151.1261,59.6683],[-151.2032,59.646],[-151.1643,59.587],[-151.2775,59.5943],[-151.3994,59.5413],[-151.4733,59.5384],[-151.5163,59.5235],[-151.5187,59.4844],[-151.5494,59.4711],[-151.6345,59.4824],[-151.6947,59.4684],[-151.7204,59.4431],[-151.7709,59.4479],[-151.8865,59.421],[-151.903,59.3605],[-151.9631,59.345],[-151.9916,59.3136],[-151.9787,59.2538],[-151.9251,59.2544],[-151.9157,59.2275],[-151.8383,59.2091],[-151.7613,59.2213],[-151.7485,59.1586],[-151.5907,59.1617],[-151.5747,59.1953],[-151.5027,59.1951],[-151.5251,59.2249],[-151.4377,59.254],[-151.3796,59.242],[-151.3057,59.2095],[-151.2236,59.2243],[-151.1863,59.2028],[-151.1076,59.2178],[-151.1056,59.2631],[-151.0461,59.2994],[-151.0073,59.2516],[-150.9422,59.2331],[-150.8878,59.2679],[-150.9116,59.3116],[-150.8346,59.352],[-150.7699,59.373],[-150.74,59.4252],[-150.65,59.4209],[-150.5812,59.4452],[-150.5846,59.4945],[-150.6316,59.5216],[-150.5758,59.5794],[-150.5163,59.4623],[-150.4787,59.4585],[-150.4124,59.5546],[-150.3555,59.5984],[-150.3169,59.5853],[-150.3687,59.5177],[-150.4402,59.404],[-150.4301,59.3434],[-150.3853,59.342],[-150.3536,59.416],[-150.2971,59.4247],[-150.2964,59.4558],[-150.1802,59.5338],[-150.1089,59.5691],[-149.9337,59.669],[-149.929,59.7232],[-150.0156,59.7541],[-150.0283,59.7887],[-149.9042,59.7623],[-149.8493,59.7381],[-149.8427,59.7013],[-149.7462,59.6376],[-149.7281,59.6928],[-149.7389,59.7322],[-149.7464,59.8609],[-149.7171,59.903],[-149.7413,59.9476],[-149.6785,59.9427],[-149.6422,59.8946],[-149.6687,59.8435],[-149.6263,59.7344],[-149.5278,59.7068],[-149.5068,59.7709],[-149.5955,59.7977],[-149.6101,59.8378],[-149.5727,59.8523],[-149.5548,59.9106],[-149.5231,59.9276],[-149.4642,59.9186],[-149.4271,59.9806],[-149.4431,60.0985],[-149.4243,60.1228],[-149.3657,60.1186],[-149.3146,59.9711],[-149.3505,59.9352],[-149.3589,59.899],[-149.4115,59.851],[-149.3766,59.8359],[-149.2706,59.8721],[-149.2211,59.9387],[-149.2024,59.9887],[-149.1658,60.022],[-149.0707,60.0554],[-149.0372,60.0428],[-149.1221,59.9795],[-149.0899,59.9555],[-149.0118,59.9508],[-148.964,59.9724],[-148.9146,59.9689],[-148.8596,59.9244],[-148.7576,59.9587],[-148.6895,59.9447],[-148.6348,59.9157],[-148.5688,59.9445],[-148.5452,59.995],[-148.5116,60.0021],[-148.4805,59.9581],[-148.4446,59.9426],[-148.4017,59.9778],[-148.4013,60.0307],[-148.3657,60.0865],[-148.3774,60.1167],[-148.3039,60.118],[-148.2829,60.085],[-148.314,60.0339],[-148.2206,59.9764],[-148.2541,59.9324],[-148.149,59.9377],[-148.1012,59.9528],[-148.0392,59.9389],[-147.9182,59.969],[-147.8705,59.9913],[-147.8155,60.0577],[-147.9101,60.1311],[-147.9681,60.1544],[-148.1285,60.2369],[-148.2118,60.2603],[-148.313,60.2631],[-148.2155,60.301],[-148.2173,60.3316],[-148.1506,60.3242],[-148.1163,60.2795],[-148.026,60.279],[-147.9421,60.444],[-147.9776,60.4809],[-147.9794,60.5191],[-148.0868,60.5955],[-148.1152,60.596],[-148.1924,60.5574],[-148.2558,60.4934],[-148.3294,60.4762],[-148.3336,60.5305],[-148.2552,60.5951],[-148.143,60.6226],[-148.0941,60.6615],[-148.1074,60.7398],[-148.1481,60.7585],[-148.2302,60.7641],[-148.2805,60.7533],[-148.3483,60.6803],[-148.3845,60.6878],[-148.3668,60.7658],[-148.4513,60.7895],[-148.427,60.8271],[-148.3509,60.804],[-148.2949,60.8628],[-148.2816,60.9178],[-148.2421,60.9377],[-148.178,60.9996],[-148.1664,61.0693],[-148.1255,61.0707],[-148.0905,61.0051],[-148.0659,61.004],[-148.0036,61.0538],[-147.9995,61.0841],[-147.8177,61.2068],[-147.7387,61.2659],[-147.7158,61.2497],[-147.7615,61.2145],[-147.7724,61.1803],[-147.95,61.0745],[-147.951,61.0292],[-148.0655,60.938],[-148.1487,60.8287],[-148.1448,60.7971],[-148.0344,60.7832],[-147.9208,60.8124],[-147.9138,60.8252],[-147.7776,60.811],[-147.7298,60.8183],[-147.7875,60.8735],[-147.7612,60.9132],[-147.6663,60.8838],[-147.669,60.8416],[-147.6028,60.85],[-147.5877,60.8745],[-147.6192,60.97],[-147.5576,61.0814],[-147.5027,61.0721],[-147.5372,61.0193],[-147.5502,60.908],[-147.4538,60.9415],[-147.452,60.8942],[-147.3785,60.8778],[-147.2808,60.917],[-147.274,60.9746],[-147.222,60.9835],[-147.2157,60.9481],[-147.1437,60.9398],[-147.1373,60.981],[-147.0872,61.0355],[-147.1084,61.0785],[-147.1031,61.1148],[-147.062,61.1186],[-147.019,61.0728],[-146.9825,60.9756],[-147.0562,60.9455],[-146.9735,60.9348],[-146.8624,60.9762],[-146.8485,61.0006],[-146.7841,61.0429],[-146.6909,61.0641],[-146.6137,61.1188],[-146.4014,61.1255],[-146.2881,61.1226],[-146.2625,61.0902],[-146.6079,61.0855],[-146.6538,61.0478],[-146.7018,60.987],[-146.7459,60.9576],[-146.7364,60.9103],[-146.7574,60.8785],[-146.8167,60.8556],[-146.801,60.8052],[-146.7252,60.8121],[-146.7185,60.8357],[-146.6648,60.8709],[-146.6208,60.869],[-146.5564,60.8101],[-146.3948,60.8123],[-146.3338,60.8219],[-146.263,60.8678],[-146.1886,60.8694],[-146.1836,60.847],[-146.2558,60.81],[-146.359,60.7862],[-146.5011,60.7721],[-146.5671,60.7512],[-146.6054,60.7586],[-146.704,60.7419],[-146.6682,60.6928],[-146.5002,60.6801],[-146.4033,60.6931],[-146.347,60.7357],[-146.3038,60.7132],[-146.2286,60.7356],[-146.1685,60.7254],[-146.065,60.7769],[-146.0441,60.7436],[-146.141,60.7077],[-146.2706,60.648],[-146.2535,60.6223],[-146.1476,60.6314],[-146.0168,60.6672],[-146.0029,60.6151],[-145.9375,60.6305],[-145.8982,60.6137],[-145.8327,60.6149],[-145.8008,60.594],[-145.9517,60.5768],[-146.1563,60.5263],[-146.2901,60.5157],[-146.3684,60.4807],[-146.4554,60.4653],[-146.5293,60.4921],[-146.591,60.491],[-146.6378,60.4672],[-146.7215,60.3964],[-146.7175,60.3496],[-146.6563,60.3405],[-146.5431,60.358],[-146.572,60.3218],[-146.6935,60.2846],[-146.6509,60.243],[-146.6077,60.2412],[-146.4908,60.2949],[-146.3933,60.3275],[-146.3137,60.3405],[-146.2467,60.3351],[-146.1476,60.3672],[-146.0881,60.365],[-146.0946,60.4103],[-146.134,60.4315],[-146.3501,60.4078],[-146.3513,60.4543],[-146.2168,60.4502],[-146.1097,60.4703],[-145.8286,60.5497],[-145.764,60.5916],[-145.7129,60.5832],[-145.8024,60.5202],[-145.9144,60.4924],[-145.9469,60.4554],[-145.8535,60.4456],[-145.7359,60.4747],[-145.5942,60.4518],[-145.5024,60.4208],[-145.5055,60.3943],[-145.2547,60.3114],[-145.1139,60.301],[-145.0415,60.3571],[-145.0395,60.4061],[-144.9337,60.4257],[-144.8873,60.456],[-144.8341,60.4438],[-144.9662,60.3092],[-144.7389,60.2651],[-144.8773,60.2446],[-144.9089,60.2213],[-144.6549,60.2049],[-144.5963,60.1817],[-144.5349,60.1894],[-144.4292,60.148],[-144.3489,60.0912],[-144.2854,60.1401],[-144.1103,60.0989],[-144.0487,60.0593],[-144.0525,60.0418],[-144.2168,60.0402],[-144.4395,59.9403],[-144.5671,59.8517],[-144.5909,59.7956],[-144.451,59.8717],[-144.4243,59.8946],[-144.1959,59.9974],[-144.035,60.0202],[-143.897,59.9859],[-143.699,60.0278],[-143.6242,60.0373],[-143.4134,60.0519],[-143.0687,60.0686],[-142.9089,60.0903],[-142.6984,60.0933],[-142.5375,60.084],[-142.2452,60.0498],[-142.13,60.0303],[-141.9988,60.0226],[-141.9122,60.0098],[-141.7362,59.9619],[-141.5954,59.9619],[-141.4015,60.0059],[-141.3681,60.024],[-141.3981,60.0531],[-141.4673,60.0838],[-141.5526,60.1536],[-141.5132,60.1622],[-141.4385,60.1325],[-141.3667,60.1472],[-141.3756,60.1107],[-141.2593,59.9984],[-141.2996,59.9374],[-141.4186,59.9165],[-141.4681,59.8984],[-141.4231,59.8773],[-140.9819,59.7696],[-140.8907,59.742],[-140.649,59.7112],[-140.306,59.6929],[-140.2064,59.7169],[-140.1627,59.7406],[-139.8442,59.8079],[-139.7802,59.8265],[-139.776,59.8684],[-139.701,59.9304],[-139.6124,59.9489],[-139.6051,59.9996],[-139.5597,60.0417],[-139.4887,59.995],[-139.5452,59.9689],[-139.5275,59.94],[-139.6059,59.905],[-139.6345,59.8746],[-139.5821,59.7746],[-139.5888,59.709],[-139.5105,59.7026],[-139.5858,59.6428],[-139.5871,59.606],[-139.6724,59.6029],[-139.6545,59.6309],[-139.7258,59.6385],[-139.8378,59.562],[-139.8556,59.5367],[-139.7465,59.5034],[-139.5412,59.4231],[-139.4202,59.3798],[-139.271,59.3374],[-138.9197,59.2485],[-138.7635,59.1913],[-138.6367,59.1306],[-138.2891,59.0542],[-138.1821,59.0138],[-138.0663,58.9571],[-137.9326,58.8685],[-137.9282,58.7805],[-137.795,58.7249],[-137.6876,58.665],[-137.6808,58.6218],[-137.497,58.5577],[-137.2786,58.4595],[-137.18,58.4299],[-137.1118,58.3926],[-137.0184,58.4091],[-136.9467,58.3932],[-136.7843,58.2905],[-136.7302,58.2862],[-136.7309,58.2565],[-136.7013,58.2194],[-136.6586,58.2073],[-136.5919,58.2179],[-136.568,58.2452],[-136.5857,58.2967],[-136.5448,58.3167],[-136.39,58.2971],[-136.3571,58.3288],[-136.382,58.3627],[-136.3367,58.3776],[-136.2739,58.3634],[-136.3031,58.3363],[-136.2659,58.3145],[-136.1119,58.3425],[-136.0418,58.3802],[-136.1003,58.5146],[-136.1942,58.5817],[-136.2176,58.6724],[-136.3172,58.6712],[-136.3428,58.645],[-136.4594,58.6079],[-136.4498,58.6378],[-136.3961,58.6544],[-136.3568,58.6926],[-136.4633,58.7816],[-136.5834,58.8388],[-136.7445,58.8766],[-136.7679,58.8706],[-136.9286,58.9001],[-136.9185,58.9472],[-136.8778,58.9624],[-136.841,58.9197],[-136.7887,58.9363],[-136.6305,58.8903],[-136.5282,58.9285],[-136.4937,58.839],[-136.3973,58.813],[-136.2473,58.7529],[-136.1508,58.7573],[-136.107,58.8644],[-136.1245,58.9245],[-136.1503,58.9471],[-136.1203,58.9684],[-136.0504,58.9134],[-136.0453,58.8361],[-136.0896,58.8157],[-136.0117,58.7433],[-136.0122,58.7122],[-135.9122,58.6188],[-135.9286,58.5729],[-135.9069,58.5058],[-135.9995,58.4803],[-135.9876,58.4644],[-135.8972,58.45],[-135.9073,58.3808],[-135.7281,58.3971],[-135.6304,58.4286],[-135.5124,58.3858],[-135.4331,58.3999],[-135.3983,58.3277],[-135.3449,58.2708],[-135.2772,58.2336],[-135.2203,58.2356],[-135.1591,58.2102],[-135.0879,58.2001],[-135.1077,58.265],[-135.1012,58.2926],[-135.0491,58.3093],[-135.089,58.423],[-135.1894,58.5762],[-135.1358,58.5882],[-135.1423,58.6164],[-135.2339,58.7355],[-135.2432,58.7831],[-135.2847,58.8181],[-135.3399,58.889],[-135.3236,58.9096],[-135.3674,58.9296],[-135.3931,58.9715],[-135.395,59.0429],[-135.3764,59.089],[-135.4372,59.1132],[-135.4841,59.1865],[-135.6324,59.266],[-135.553,59.2569],[-135.4734,59.226],[-135.4074,59.1698],[-135.3509,59.1058],[-135.2958,59.0964],[-135.3681,59.2089],[-135.4296,59.2427],[-135.4445,59.2777],[-135.4911,59.2822],[-135.5278,59.3236],[-135.3966,59.2924],[-135.284,59.1925],[-135.2086,59.0768],[-135.1801,58.9979],[-135.1511,58.8459],[-135.0226,58.7323],[-135.0272,58.7822],[-134.9978,58.8199],[-134.9607,58.8301],[-134.9417,58.7829],[-134.9205,58.6805],[-134.9887,58.6793],[-134.9417,58.6121],[-134.7924,58.4919],[-134.7764,58.3974],[-134.6312,58.2474],[-134.5069,58.2165],[-134.4824,58.2298],[-134.4049,58.2191],[-134.3524,58.2005],[-134.2624,58.1909],[-134.185,58.2084],[-134.1467,58.1991],[-134.1028,58.2487],[-134.1447,58.2675],[-134.1437,58.3039],[-134.0719,58.3296],[-134.0405,58.402],[-134.0134,58.404],[-133.9668,58.3178],[-134.0607,58.2825],[-134.0543,58.2385],[-134.0877,58.182],[-134.0496,58.062],[-133.8488,57.9354],[-133.7091,57.7927],[-133.6397,57.7904],[-133.6313,57.8468],[-133.5698,57.8594],[-133.5599,57.7775],[-133.4854,57.7387],[-133.3225,57.6658],[-133.2911,57.6654],[-133.174,57.6101],[-133.2346,57.6087],[-133.405,57.6638],[-133.5222,57.6837],[-133.5822,57.7151],[-133.6545,57.7137],[-133.681,57.6483],[-133.6764,57.6252],[-133.6208,57.5789],[-133.5655,57.5631],[-133.506,57.5785],[-133.5251,57.4903],[-133.4612,57.3946],[-133.4538,57.3562],[-133.3547,57.3333],[-133.2748,57.3306],[-133.3076,57.2901],[-133.4259,57.286],[-133.4897,57.3052],[-133.5448,57.2426],[-133.5172,57.1778],[-133.3224,57.1127],[-133.2474,57.1368],[-133.2067,57.1238],[-133.1881,57.089],[-133.0765,57.0817],[-133.0251,57.0573],[-132.9165,57.0401],[-132.8533,57.0801],[-132.8137,57.0302],[-132.8536,57.0053],[-132.919,56.9937],[-132.912,56.9667],[-132.8703,56.9257],[-132.8179,56.8969],[-132.7704,56.8375],[-132.6375,56.7809],[-132.5568,56.7572],[-132.5429,56.7019],[-132.5871,56.6825],[-132.5707,56.6331],[-132.4858,56.606],[-132.4508,56.5641],[-132.4084,56.5851],[-132.3671,56.5746],[-132.3576,56.529],[-132.2905,56.487],[-132.2596,56.4876],[-132.2086,56.4571],[-132.1816,56.3993],[-132.2385,56.3987],[-132.2534,56.4495],[-132.3626,56.4879],[-132.3943,56.4856],[-132.3611,56.3806],[-132.3407,56.3418],[-132.3818,56.3108],[-132.4418,56.354],[-132.5294,56.3386],[-132.575,56.2965],[-132.6015,56.2401],[-132.6899,56.2387],[-132.7183,56.2177],[-132.7234,56.1458],[-132.7087,56.1121],[-132.6401,56.0332],[-132.5737,56.0707],[-132.4928,56.0664],[-132.4653,56.0185],[-132.4498,55.9562],[-132.3836,55.9368],[-132.3973,55.8789],[-132.3723,55.8504],[-132.3232,55.8519],[-132.3205,55.8876],[-132.28,55.9248],[-132.1591,55.9226],[-132.1297,55.9579],[-132.177,56.0557],[-132.104,56.1081],[-132.0348,56.1334],[-132.0181,56.1832],[-131.9357,56.1772],[-131.9703,56.114],[-132.0113,56.0774],[-132.0703,56.0467],[-132.0418,55.9588],[-132.0861,55.8324],[-132.1134,55.8127],[-132.1832,55.8008],[-132.1855,55.7532],[-132.2601,55.7323],[-132.2242,55.7018],[-132.1832,55.5881],[-132.1484,55.5625],[-132.0605,55.543],[-131.9865,55.5006],[-131.9367,55.5352],[-131.9631,55.6153],[-131.8974,55.6039],[-131.8289,55.6671],[-131.8262,55.7186],[-131.7712,55.81],[-131.8163,55.8374],[-131.837,55.8755],[-131.7204,55.8947],[-131.689,55.8755],[-131.7137,55.8533],[-131.7053,55.7899],[-131.6496,55.7687],[-131.7193,55.7491],[-131.7334,55.7308],[-131.7011,55.697],[-131.7266,55.641],[-131.6646,55.5815],[-131.7331,55.5486],[-131.7937,55.5417],[-131.8455,55.5221],[-131.8442,55.4567],[-131.7418,55.3981],[-131.6987,55.3549],[-131.639,55.3395],[-131.55,55.2934],[-131.4941,55.3323],[-131.4282,55.2394],[-131.4029,55.2381],[-131.285,55.2864],[-131.2551,55.3221],[-131.2921,55.3839],[-131.2025,55.3928],[-131.1916,55.3605],[-131.2304,55.2978],[-131.2972,55.235],[-131.2631,55.2083],[-131.2112,55.1924],[-131.1605,55.1975],[-131.0314,55.2848],[-131.0199,55.3479],[-131.0342,55.3794],[-131.0006,55.398],[-130.9641,55.3327],[-130.9282,55.3394],[-130.9696,55.3933],[-130.9944,55.4724],[-130.9871,55.5399],[-130.9277,55.5766],[-130.966,55.689],[-131.041,55.7628],[-131.0701,55.8286],[-131.1568,55.9011],[-131.2417,55.9551],[-131.2165,55.9843],[-131.1714,55.943],[-131.094,55.8957],[-130.939,55.7548],[-130.9019,55.6974],[-130.8705,55.5338],[-130.8813,55.4956],[-130.9208,55.4287],[-130.8821,55.3588],[-130.8713,55.2938],[-130.9251,55.3007],[-130.9853,55.2473],[-131.0926,55.1927],[-131.0856,55.1582],[-131.0523,55.1182],[-130.9837,55.0689],[-131.0121,54.9962],[-130.9491,54.9678],[-130.9604,54.9337],[-130.941,54.8416],[-130.9159,54.7896],[-130.855,54.7663],[-130.7423,54.8019],[-130.7374,54.7535],[-130.6857,54.7187],[-130.6337,54.7441],[-130.6289,54.7827],[-130.5682,54.7922],[-130.4594,54.8485],[-130.3403,54.9221],[-130.2733,54.974],[-130.1876,55.0628],[-130.1809,55.0913],[-130.1028,55.1926],[-129.9742,55.2819],[-130.0211,55.3379],[-130.0412,55.4517],[-130.0899,55.498],[-130.1279,55.581],[-130.1117,55.6829],[-130.1478,55.7149],[-130.1524,55.7663],[-130.1248,55.8056],[-130.0835,55.8217],[-130.0038,55.9074],[-130.0177,55.9119],[-130.0035,56.0081],[-130.1038,56.1228],[-130.2462,56.0964],[-130.351,56.1287],[-130.4249,56.1414],[-130.4679,56.2431],[-130.5405,56.2475],[-130.6233,56.2669],[-130.782,56.3668],[-131.0878,56.4062],[-131.1735,56.4495],[-131.4691,56.5516],[-131.5811,56.6122],[-131.8353,56.5992],[-131.8607,56.703],[-131.9011,56.7537],[-131.8729,56.806],[-132.1236,56.8736],[-132.0452,57.0451],[-132.369,57.0915],[-132.2479,57.2113],[-132.363,57.342],[-132.5537,57.4965],[-132.6581,57.6195],[-132.7568,57.7051],[-132.8693,57.8429],[-133.0764,57.9998],[-133.1841,58.1625],[-133.3565,58.2869],[-133.4615,58.3877],[-133.3773,58.4305],[-133.5578,58.5231],[-133.7071,58.6123],[-133.8405,58.7294],[-133.9722,58.7673],[-134.2581,58.861],[-134.3365,58.9234],[-134.3137,58.9622],[-134.4071,58.9792],[-134.3819,59.0388],[-134.4471,59.0892],[-134.4834,59.1316],[-134.5656,59.1311],[-134.6791,59.1923],[-134.7007,59.249],[-134.9599,59.2809],[-135.0305,59.3463],[-134.9897,59.3871],[-135.101,59.4275],[-135.0276,59.4747],[-135.0289,59.5637],[-135.1178,59.6231],[-135.1576,59.6257],[-135.2198,59.6628],[-135.2528,59.6983],[-135.3601,59.7376],[-135.4792,59.798],[-135.9526,59.6622],[-136.1929,59.64],[-136.3539,59.5998],[-136.2398,59.5594],[-136.2385,59.5243],[-136.305,59.4645],[-136.3724,59.4496],[-136.4772,59.4658],[-136.4692,59.2841],[-136.5815,59.1649],[-136.8266,59.1584],[-136.8639,59.1385],[-137.2648,59.0024],[-137.4474,58.9095],[-137.5253,58.9069],[-137.5,58.9854],[-137.5421,59.1064],[-137.6074,59.2438],[-138.0555,59.4775],[-138.6262,59.7686],[-138.6686,59.8097],[-138.7074,59.9063],[-138.7985,59.9246],[-139.0537,59.9948],[-139.1988,60.0883],[-139.0721,60.3194],[-139.0748,60.3525],[-139.693,60.3352],[-139.9811,60.182],[-140.4582,60.3081],[-140.5204,60.2198],[-140.7666,60.2598],[-141.002,60.3064],[-141.0019,60.4804],[-140.9978,61.0693],[-141.002,61.4364],[-141.0021,61.6787],[-141.0021,62.1247],[-141.0022,62.9167],[-141.0023,63.8527],[-141.0023,64.8299],[-141.0025,65.8394],[-141.0026,66.6429],[-141.0027,67.286],[-141.0027,67.8923],[-141.0027,68.4984],[-141.0027,69.1652],[-141.0027,69.6456],[-141.1192,69.6735],[-141.2105,69.6842],[-141.4308,69.6951],[-141.5282,69.736],[-141.7134,69.7895],[-141.9587,69.8234],[-142.2722,69.907],[-142.4044,69.9165],[-142.498,69.9736],[-142.7468,70.0425],[-142.9396,70.0744],[-143.2819,70.1511],[-143.4252,70.1249],[-143.5777,70.1463],[-143.62,70.1346],[-143.8875,70.1206],[-143.9506,70.1],[-144.1292,70.0795],[-144.2518,70.058],[-144.2854,70.0407],[-144.4554,70.0352],[-144.6187,69.9693],[-144.8631,69.9735],[-144.9536,69.9593],[-145.0117,69.9811],[-145.1973,69.995],[-145.2472,70.0179],[-145.4082,70.0316],[-145.5224,70.0775],[-145.6233,70.0844],[-145.7604,70.1261],[-145.7904,70.1486],[-146.0064,70.1404],[-146.0968,70.1452],[-146.273,70.1769],[-146.5081,70.186],[-146.734,70.1755],[-146.8858,70.1859],[-146.9911,70.1476],[-147.1616,70.1556],[-147.2192,70.1788],[-147.2441,70.219],[-147.3501,70.1877],[-147.5053,70.2004],[-147.6817,70.2],[-147.7651,70.2198],[-147.8176,70.2769],[-147.9615,70.3142],[-148.0769,70.3275],[-148.2015,70.2941],[-148.2308,70.3237],[-148.4113,70.3026],[-148.477,70.3209],[-148.477,70.3591],[-148.6106,70.4226],[-148.6968,70.4292],[-148.7896,70.4027],[-148.8581,70.4229],[-148.9594,70.4239],[-149.0821,70.4649],[-149.1791,70.4857],[-149.3145,70.4953],[-149.4187,70.4923],[-149.4618,70.5183],[-149.5813,70.4959],[-149.6612,70.5092],[-149.8197,70.4914],[-149.8667,70.5108],[-150.0745,70.4393],[-150.2119,70.4323],[-150.3609,70.4092],[-150.4144,70.4597],[-150.5189,70.4831],[-150.6615,70.4776],[-150.6984,70.4478],[-150.7863,70.4633],[-150.8553,70.4517],[-150.9507,70.4596],[-151.0467,70.4279],[-151.1471,70.3768],[-151.2462,70.3725],[-151.2976,70.4007],[-151.5546,70.4359],[-151.7857,70.4369],[-151.8761,70.4308],[-151.9464,70.4525],[-151.9192,70.4727],[-151.7286,70.4954],[-151.8167,70.5457],[-151.9758,70.5632],[-152.0261,70.5593],[-152.1009,70.5873],[-152.264,70.5927],[-152.3326,70.6129],[-152.4208,70.609],[-152.4715,70.6888],[-152.3773,70.7147],[-152.2838,70.7856],[-152.1872,70.8015],[-152.2231,70.8246],[-152.3844,70.8542],[-152.6031,70.8818],[-152.9042,70.8839],[-153.0492,70.9131],[-153.2385,70.9225],[-153.486,70.8859],[-153.8905,70.8857],[-153.9956,70.8219],[-154.1819,70.7683],[-154.2608,70.8152],[-154.3526,70.8348],[-154.5019,70.8218],[-154.5725,70.8259],[-154.6027,70.8679],[-154.6083,70.9617],[-154.5676,70.9899],[-154.6161,71.0262],[-154.7773,71.0832],[-155.0317,71.1465],[-155.2569,71.0811],[-155.2738,71.0647],[-155.177,71.0275],[-155.3439,71.0044],[-155.455,70.9475],[-155.5133,70.9406],[-155.4859,70.8859],[-155.5042,70.8603],[-155.6435,70.8242],[-155.8687,70.8294],[-155.925,70.8527],[-155.9957,70.9478],[-155.9784,70.9622],[-155.8309,70.9656],[-155.7055,71.0202],[-155.5483,71.0607],[-155.514,71.0968],[-155.5877,71.1726],[-155.7608,71.1947],[-155.958,71.1862],[-156.0292,71.2032],[-156.0744,71.2425],[-156.2142,71.2594],[-156.3567,71.2613],[-156.5311,71.2963],[-156.5687,71.3526],[-156.6456,71.338],[-156.8097,71.2869],[-157.1196,71.1287],[-157.2491,71.0525],[-157.3928,70.9879],[-157.5025,70.9487],[-157.7685,70.8758],[-158.0324,70.8323],[-158.1577,70.8208],[-158.3663,70.8197],[-158.4624,70.8029],[-158.6579,70.7861],[-158.9496,70.7968],[-159.1493,70.8342],[-159.1718,70.8751],[-159.5287,70.8208],[-159.6484,70.7944],[-159.7985,70.7312],[-160.0567,70.6328],[-160.2148,70.5591],[-160.4801,70.466],[-160.6089,70.4275],[-160.8128,70.3767],[-161.0412,70.3308],[-161.2882,70.2968],[-161.5341,70.299],[-161.8793,70.3293],[-162.3424,70.1902],[-162.4753,70.124],[-162.7075,69.9705],[-163.0097,69.8127],[-163.0425,69.7787],[-163.1513,69.6126],[-163.1426,69.4529],[-163.1694,69.3852],[-163.2669,69.2909],[-163.4527,69.1946],[-163.5353,69.1417],[-163.7242,69.0667],[-163.8274,69.0406],[-163.9737,68.985],[-164.2532,68.9309],[-164.6553,68.9094],[-164.8127,68.8935],[-165.327,68.8581],[-165.6666,68.8554],[-166.2144,68.8795],[-166.2225,68.8604],[-166.1878,68.7787],[-166.1998,68.6786],[-166.2298,68.6138],[-166.2338,68.5643],[-166.2953,68.5109],[-166.306,68.4615],[-166.3776,68.4224],[-166.7061,68.3718],[-166.7961,68.3541],[-166.528,68.3263],[-166.398,68.307],[-166.237,68.2731],[-166.1355,68.2422],[-166.0442,68.2007],[-165.975,68.1409],[-165.8721,68.11],[-165.6881,68.0904],[-165.4936,68.0593],[-165.3132,68.0169],[-165.1296,67.9418],[-165.0575,67.9217],[-164.7783,67.8209],[-164.5339,67.7256],[-164.2098,67.6391],[-164.0795,67.5859],[-164.007,67.5357],[-163.8788,67.4161],[-163.7586,67.2564],[-163.7408,67.21],[-163.7447,67.1264],[-163.666,67.1001],[-163.4952,67.0875],[-163.2993,67.0607],[-162.9753,67.0246],[-162.843,66.9912],[-162.8314,67.0349],[-162.7551,67.0152],[-162.693,67.0286],[-162.6227,66.9922],[-162.5017,66.9772],[-162.3611,66.994],[-162.2392,66.9938],[-162.1232,67.0258],[-161.8937,67.0491],[-161.8103,67.0503],[-161.6974,67.0108],[-161.6222,67.0081],[-161.5305,66.985],[-161.4892,66.937],[-161.5667,66.9348],[-161.6744,66.962],[-161.7196,66.9169],[-161.7944,66.8819],[-161.7963,66.8331],[-161.8463,66.8136],[-161.8461,66.7616],[-161.8817,66.7168],[-161.6931,66.6206],[-161.4904,66.5608],[-161.4836,66.5256],[-161.2932,66.5206],[-161.3263,66.4784],[-161.4353,66.4542],[-161.5741,66.4386],[-161.7654,66.4969],[-161.9689,66.6026],[-162.0691,66.6457],[-162.0815,66.6931],[-162.0115,66.7591],[-162.0136,66.7794],[-162.0969,66.7885],[-162.2287,66.8666],[-162.2901,66.9313],[-162.323,66.9432],[-162.409,66.9189],[-162.6011,66.8985],[-162.6216,66.8509],[-162.5126,66.7777],[-162.4824,66.7303],[-162.2688,66.7179],[-162.1754,66.6878],[-162.0979,66.6099],[-162.029,66.5865],[-161.8749,66.5114],[-161.8634,66.4408],[-161.9163,66.3495],[-161.8175,66.3608],[-161.6944,66.3962],[-161.5256,66.397],[-161.3607,66.3759],[-161.1295,66.3362],[-161.061,66.2838],[-160.9985,66.2549],[-161.199,66.2109],[-161.3208,66.2236],[-161.3412,66.2551],[-161.4845,66.2624],[-161.5484,66.2399],[-161.627,66.1532],[-161.6806,66.1116],[-161.7755,66.0737],[-161.838,66.0226],[-161.95,66.0403],[-162.0257,66.0628],[-162.1218,66.0674],[-162.3313,66.0314],[-162.3919,66.0287],[-162.4577,66.0586],[-162.6223,66.0395],[-162.7507,66.0902],[-162.9975,66.0768],[-163.1686,66.0593],[-163.2878,66.0692],[-163.3448,66.0849],[-163.4958,66.0854],[-163.6239,66.0583],[-163.7675,66.0608],[-163.7725,66.0819],[-163.8474,66.1221],[-163.9166,66.1905],[-164.0075,66.1794],[-164.0788,66.2018],[-163.9048,66.2303],[-163.8301,66.272],[-163.8731,66.3285],[-163.8731,66.389],[-163.8442,66.419],[-163.762,66.4549],[-163.7272,66.5164],[-163.753,66.5486],[-163.6356,66.554],[-163.669,66.5759],[-163.8242,66.5917],[-164.0946,66.5923],[-164.4007,66.5811],[-164.711,66.5425],[-165.124,66.4732],[-165.4072,66.4204],[-165.805,66.3333],[-166.331,66.1895],[-166.5262,66.1418],[-166.8277,66.0513],[-166.9779,65.9962],[-167.1395,65.9481],[-167.3149,65.885],[-167.5396,65.8208],[-167.7357,65.7761],[-167.9799,65.728],[-168.1037,65.6856],[-168.1289,65.6557]]],[[[-169.0542,52.8633],[-169.0413,52.8393],[-168.907,52.884],[-168.8089,52.9261],[-168.7555,52.9075],[-168.7419,52.9514],[-168.6885,52.9664],[-168.5878,53.0272],[-168.4975,53.0354],[-168.4571,53.0558],[-168.4429,53.0856],[-168.3445,53.1552],[-168.3417,53.1859],[-168.2707,53.2428],[-168.1589,53.2677],[-168.0398,53.3043],[-167.9591,53.3418],[-167.8423,53.3865],[-167.8583,53.4379],[-167.7841,53.501],[-167.817,53.5179],[-167.9019,53.5205],[-167.965,53.5389],[-168.0046,53.5661],[-168.2004,53.5341],[-168.2958,53.4891],[-168.3421,53.476],[-168.4096,53.4107],[-168.3851,53.3885],[-168.4205,53.3227],[-168.3757,53.3183],[-168.344,53.2622],[-168.3618,53.2523],[-168.4451,53.2653],[-168.5394,53.2517],[-168.5997,53.2736],[-168.7633,53.1828],[-168.7995,53.1438],[-168.802,53.1082],[-168.7597,53.0815],[-168.7852,53.045],[-168.8611,53.0164],[-168.8611,52.968],[-168.898,52.9371],[-168.9595,52.9367],[-168.959,52.886],[-169.0542,52.8633]]],[[[-169.2681,52.7724],[-169.197,52.7645],[-169.1531,52.8013],[-169.164,52.8146],[-169.2681,52.7724]]],[[[-169.7627,52.9781],[-169.7411,52.9515],[-169.6983,52.9583],[-169.6661,52.9971],[-169.68,53.0351],[-169.7457,53.0215],[-169.7627,52.9781]]],[[[-169.7897,56.6182],[-169.7557,56.5919],[-169.6836,56.5833],[-169.6407,56.5422],[-169.5826,56.5369],[-169.4901,56.5835],[-169.5074,56.6107],[-169.6115,56.6069],[-169.7897,56.6182]]],[[[-170.0042,52.8467],[-169.9954,52.8047],[-169.9629,52.7899],[-169.8382,52.8173],[-169.7501,52.7906],[-169.7041,52.7939],[-169.6665,52.8643],[-169.7047,52.8863],[-169.7735,52.8945],[-169.8602,52.8584],[-169.9435,52.8611],[-170.0042,52.8467]]],[[[-170.1129,52.902],[-170.0953,52.8709],[-170.0503,52.8574],[-170.0024,52.8802],[-170.0021,52.91],[-170.084,52.9236],[-170.1129,52.902]]],[[[-170.1857,52.723],[-170.0777,52.7204],[-170.0619,52.7735],[-170.1707,52.7849],[-170.1857,52.723]]],[[[-170.4235,57.1693],[-170.304,57.1549],[-170.2863,57.1282],[-170.1708,57.1811],[-170.1616,57.2297],[-170.2677,57.2106],[-170.3117,57.2191],[-170.3901,57.2062],[-170.4235,57.1693]]],[[[-170.8334,52.6],[-170.8419,52.5582],[-170.7885,52.5402],[-170.7358,52.5808],[-170.6745,52.6034],[-170.6039,52.6017],[-170.5636,52.6407],[-170.5627,52.6748],[-170.6338,52.6975],[-170.7277,52.68],[-170.8179,52.6363],[-170.8334,52.6]]],[[[-171.3127,52.4935],[-171.3042,52.45],[-171.2368,52.4505],[-171.196,52.5001],[-171.2521,52.53],[-171.3127,52.4935]]],[[[-171.8404,63.5477],[-171.85,63.485],[-171.8249,63.4371],[-171.7393,63.3661],[-171.5623,63.3346],[-171.4645,63.3069],[-171.3331,63.3354],[-171.2692,63.3854],[-171.1009,63.4234],[-170.9675,63.4237],[-170.8654,63.4142],[-170.5589,63.355],[-170.4307,63.3143],[-170.3648,63.2856],[-170.3036,63.2387],[-170.263,63.1791],[-170.1244,63.1837],[-169.9441,63.1324],[-169.8299,63.0786],[-169.7349,62.9766],[-169.7467,62.956],[-169.6383,62.9375],[-169.568,62.9769],[-169.5759,63.0365],[-169.535,63.0744],[-169.4367,63.1136],[-169.3757,63.1513],[-169.1984,63.176],[-169.0427,63.1765],[-168.8587,63.147],[-168.7832,63.1841],[-168.6867,63.293],[-168.9992,63.3412],[-169.102,63.338],[-169.2676,63.344],[-169.5469,63.3728],[-169.5799,63.4029],[-169.6432,63.4278],[-169.8571,63.442],[-170.0471,63.4901],[-170.0409,63.5234],[-170.0958,63.6127],[-170.1764,63.6255],[-170.282,63.685],[-170.4882,63.6967],[-170.6982,63.6468],[-170.9072,63.5721],[-171.0445,63.5804],[-171.3817,63.6306],[-171.6094,63.6798],[-171.6526,63.7085],[-171.6382,63.7495],[-171.6673,63.7856],[-171.7434,63.783],[-171.728,63.7268],[-171.7543,63.719],[-171.7423,63.6655],[-171.8337,63.5801],[-171.8404,63.5477]]],[[[-172.6203,52.2988],[-172.6332,52.2662],[-172.6089,52.253],[-172.5281,52.2543],[-172.4144,52.2767],[-172.3014,52.33],[-172.3264,52.3665],[-172.4052,52.3894],[-172.4482,52.3914],[-172.5681,52.3494],[-172.6203,52.2988]]],[[[-173.0638,60.5026],[-172.9324,60.4764],[-172.896,60.4506],[-172.7596,60.3846],[-172.723,60.359],[-172.6056,60.3195],[-172.5095,60.3345],[-172.3859,60.3353],[-172.326,60.3276],[-172.294,60.2954],[-172.2188,60.3117],[-172.4244,60.3926],[-172.5136,60.3811],[-172.5918,60.3935],[-172.7648,60.4474],[-172.8848,60.508],[-172.9269,60.5545],[-172.9126,60.6041],[-172.9511,60.6062],[-173.0407,60.5619],[-173.0638,60.5026]]],[[[-173.0908,60.6989],[-173.1156,60.659],[-173.0594,60.6552],[-173.0908,60.6989]]],[[[-174.0485,52.1329],[-174.0113,52.0989],[-173.9713,52.0994],[-173.9011,52.0494],[-173.8316,52.0408],[-173.7996,52.0537],[-173.612,52.0512],[-173.5484,52.0293],[-173.4795,52.0262],[-173.4234,52.0423],[-173.394,52.0287],[-173.3137,52.0587],[-173.1556,52.0597],[-173.1079,52.0788],[-173.0475,52.0733],[-173.0196,52.0979],[-173.1074,52.0993],[-173.1245,52.1094],[-173.2383,52.1005],[-173.2735,52.1093],[-173.3575,52.0961],[-173.3752,52.1082],[-173.4679,52.1164],[-173.497,52.1036],[-173.5573,52.1429],[-173.6248,52.1522],[-173.7213,52.1302],[-173.7716,52.1317],[-173.8023,52.1064],[-173.9216,52.133],[-174.0485,52.1329]]],[[[-175.3271,52.027],[-175.2117,52.006],[-175.1557,52.0115],[-175.0955,52.0008],[-175.0148,52.007],[-174.9679,52.0372],[-174.8856,52.043],[-174.7832,52.0323],[-174.7366,52.0073],[-174.6159,52.0327],[-174.5088,52.0486],[-174.4537,52.0492],[-174.415,52.0284],[-174.3827,52.0817],[-174.3344,52.1152],[-174.2783,52.0895],[-174.2181,52.0934],[-174.1423,52.1255],[-174.0807,52.128],[-174.1352,52.1685],[-174.1968,52.1959],[-174.1777,52.2336],[-174.0605,52.2253],[-173.9879,52.2954],[-173.9894,52.3253],[-174.0683,52.3903],[-174.1853,52.4178],[-174.3249,52.3781],[-174.3177,52.3449],[-174.3586,52.3142],[-174.4328,52.328],[-174.4516,52.3056],[-174.3688,52.2804],[-174.2558,52.2742],[-174.2499,52.2437],[-174.299,52.2147],[-174.4537,52.2188],[-174.4055,52.1836],[-174.5535,52.1801],[-174.5684,52.1384],[-174.6563,52.108],[-174.8397,52.0913],[-174.9054,52.1165],[-174.9223,52.0916],[-175.0332,52.0762],[-175.0929,52.0348],[-175.1326,52.0592],[-175.3271,52.027]]],[[[-175.5099,51.9824],[-175.5043,51.9685],[-175.4249,51.9723],[-175.4504,51.9967],[-175.5099,51.9824]]],[[[-175.7424,51.9666],[-175.7228,51.9318],[-175.644,51.9526],[-175.5776,51.9496],[-175.581,51.9725],[-175.7242,51.9751],[-175.7424,51.9666]]],[[[-175.9544,51.983],[-175.8783,51.964],[-175.8155,51.9211],[-175.785,51.9392],[-175.8145,51.9944],[-175.9125,51.9954],[-175.9544,51.983]]],[[[-176.2003,52.0787],[-176.2112,52.0647],[-176.183,51.9989],[-176.1566,51.9968],[-176.1686,51.948],[-176.1036,51.9291],[-176.0383,51.9305],[-175.994,51.9601],[-176.0447,52.0083],[-175.9749,52.041],[-176.056,52.1095],[-176.1495,52.1176],[-176.2003,52.0787]]],[[[-176.2362,51.826],[-176.1831,51.8071],[-176.095,51.7916],[-176.1021,51.8259],[-175.9985,51.8016],[-176.0165,51.8305],[-175.9543,51.8684],[-175.9927,51.9127],[-176.0653,51.903],[-176.0804,51.8586],[-176.1409,51.8596],[-176.1739,51.8825],[-176.2175,51.8746],[-176.2362,51.826]]],[[[-176.9913,51.6291],[-176.9843,51.6021],[-176.931,51.5925],[-176.8631,51.6849],[-176.8144,51.6603],[-176.8017,51.6135],[-176.7518,51.635],[-176.7131,51.6833],[-176.6316,51.6572],[-176.5829,51.6918],[-176.5208,51.7028],[-176.5082,51.7297],[-176.4255,51.7398],[-176.3438,51.7315],[-176.2899,51.7417],[-176.2665,51.8177],[-176.2907,51.8721],[-176.3981,51.8679],[-176.508,51.846],[-176.5764,51.8423],[-176.6255,51.8598],[-176.6161,51.903],[-176.5449,51.9273],[-176.5544,51.9907],[-176.6036,51.9971],[-176.6565,51.9523],[-176.7208,51.9695],[-176.774,51.9659],[-176.8104,51.9271],[-176.7625,51.8679],[-176.7902,51.8172],[-176.9043,51.8118],[-176.9181,51.788],[-176.882,51.7666],[-176.8707,51.732],[-176.897,51.7004],[-176.9309,51.6972],[-176.9845,51.6574],[-176.9913,51.6291]]],[[[-177.7053,51.7072],[-177.671,51.664],[-177.6315,51.6969],[-177.49,51.7051],[-177.3908,51.7335],[-177.323,51.7114],[-177.3165,51.6904],[-177.2616,51.6809],[-177.1457,51.7073],[-177.1228,51.7294],[-177.137,51.8145],[-177.081,51.8555],[-177.0451,51.8986],[-177.0993,51.9361],[-177.1813,51.9432],[-177.1998,51.9248],[-177.2008,51.8446],[-177.2119,51.8123],[-177.2815,51.7841],[-177.4612,51.7507],[-177.5156,51.725],[-177.5552,51.7211],[-177.64,51.7361],[-177.7053,51.7072]]],[[[-178.2246,51.8807],[-178.2151,51.8578],[-178.0861,51.8081],[-178.0393,51.7789],[-177.965,51.7782],[-177.9478,51.7404],[-177.9624,51.7198],[-178.0218,51.7069],[-178.1043,51.7015],[-178.013,51.6292],[-177.9639,51.6502],[-177.9301,51.6015],[-177.9031,51.6065],[-177.9289,51.6554],[-177.9027,51.6916],[-177.8563,51.681],[-177.827,51.706],[-177.8423,51.7325],[-177.7963,51.7708],[-177.7977,51.7933],[-177.6492,51.8207],[-177.6917,51.844],[-177.7349,51.8259],[-177.7965,51.8406],[-177.8523,51.8261],[-177.9521,51.9154],[-178.0023,51.91],[-178.1248,51.9201],[-178.1971,51.9055],[-178.2246,51.8807]]],[[[-178.8701,51.7953],[-178.8158,51.7492],[-178.7504,51.7578],[-178.7334,51.784],[-178.7483,51.81],[-178.8112,51.839],[-178.8582,51.821],[-178.8701,51.7953]]],[[[-178.9921,51.3813],[-178.9907,51.3117],[-178.9089,51.3406],[-178.9269,51.3836],[-178.9643,51.4025],[-178.9921,51.3813]]],[[[-179.1372,51.286],[-179.1362,51.2292],[-179.0976,51.2261],[-179.0723,51.251],[-179.0947,51.3012],[-179.1372,51.286]]]]}}]}
