site_id,sntl_id,state,state_name,site_name,elev_ft,latitude,longitude,panel,x,y,swe,ptile_swe,wy_n,peak_swe,peak_date,peak_day,peak_met,sm50_swe,sm50_date,sm50_day,sm50_met,apr1_swe,normal_peak_swe,normal_peak_day,normal_sm50_day,record_years,has_charts
301,sntl_301,CA,California,Adin Mtn,6170,41.23583,-120.79192,west,447.75,1143.1,0.1,0.0244,42,5.1,2026-02-24,147,2026-02-24,2.55,2026-03-08,159,2026-03-08,0.1,12.8,168,198,41,TRUE
302,sntl_302,OR,Oregon,Aneroid Lake #2,7430,45.21332,-117.19255,west,928.68,696.16,10.8,0,44,13,2026-05-01,213,2026-05-01,6.5,2026-05-13,225,2026-05-13,10.8,26,212,251,42,TRUE
303,sntl_303,CO,Colorado,Apishapa,10000,37.33067,-105.06766,west,1986.29,1968.19,0,0.1333,46,0.8,2026-05-07,219,2026-05-07,0.4,2026-05-08,220,2026-05-08,0,7.6,167,186,45,TRUE
304,sntl_304,OR,Oregon,Arbuckle Mtn,5770,45.19085,-119.25392,west,733.24,652.78,0,0,48,5.5,2026-03-05,156,2026-03-05,2.75,2026-03-19,170,2026-03-19,0,18,186,212,47,TRUE
306,sntl_306,ID,Idaho,Atlanta Summit,7570,43.7569,-115.23907,west,1073.71,932.78,18.4,0.0682,45,22,2026-03-17,168,2026-03-17,11,2026-05-09,221,2026-05-09,18.4,29.1,199,236,43,TRUE
307,sntl_307,MT,Montana,Badger Pass,6870,48.13091,-113.02311,west,1396.5,383.7,35,0.6522,47,37,2026-03-19,170,2026-03-19,18.5,2026-05-25,237,2026-05-25,35,34.3,205,245,46,TRUE
308,sntl_308,AZ,Arizona,Baker Butte,7360,34.45654,-111.40651,west,1239.7,2272.65,0,,46,2.4,2026-02-22,145,2026-02-22,1.2,2026-02-27,150,2026-02-27,0,6,154,168,45,TRUE
309,sntl_309,WY,Wyoming,Bald Mtn.,9360,44.80061,-107.84428,west,1815.18,909.42,15.1,0.1915,48,20.5,2026-05-10,222,2026-05-10,10.25,2026-05-29,241,2026-05-29,15.1,22.6,220,249,47,TRUE
310,sntl_310,AZ,Arizona,Baldy,9210,33.97845,-109.50357,west,1442.42,2370.6,0,,46,1.6,2026-01-29,121,2026-01-29,0.8,2026-02-05,128,2026-02-05,0,7.8,153,174,45,TRUE
311,sntl_311,MT,Montana,Banfield Mountain,5580,48.5712,-115.44573,west,1187.81,282.07,13.5,0.1404,58,14,2026-03-18,169,2026-03-18,7,2026-05-04,216,2026-05-04,13.5,17.7,192,226,57,TRUE
312,sntl_312,ID,Idaho,Banner Summit,7040,44.30342,-115.23447,west,1089.3,859.03,16.3,0.1333,46,19.4,2026-03-17,168,2026-03-17,9.7,2026-05-07,219,2026-05-07,16.3,27.3,194,228,45,TRUE
313,sntl_313,MT,Montana,Barker Lakes,8250,46.09713,-113.13038,west,1336.82,655.65,9.8,0.0217,47,12.7,2026-05-01,213,2026-05-01,6.35,2026-05-28,240,2026-05-28,9.8,17.6,215,247,46,TRUE
314,sntl_314,WY,Wyoming,Base Camp,7040,43.94019,-110.44544,west,1545.56,991.61,11.4,0.1333,46,15.5,2026-03-18,169,2026-03-18,7.75,2026-04-12,194,2026-04-12,11.4,17.8,184,218,44,TRUE
315,sntl_315,MT,Montana,Basin Creek,7120,45.79737,-112.52047,west,1387.22,706.48,3.8,0,46,5,2026-03-20,171,2026-03-20,2.5,2026-04-15,197,2026-04-15,3.8,10,209,230,45,TRUE
316,sntl_316,NM,New Mexico,Bateman,9230,36.51174,-106.31543,west,1839.23,2067.23,0,0,47,6.4,2026-02-25,148,2026-02-25,3.2,2026-03-15,166,2026-03-15,0,11.2,174,202,46,TRUE
317,sntl_317,WY,Wyoming,Battle Mountain,7460,41.05402,-107.26674,west,1809.96,1430.25,0,0,41,4.8,2026-02-27,150,2026-02-27,2.4,2026-03-18,169,2026-03-18,0,12.6,178,202,40,TRUE
318,sntl_318,MT,Montana,Beagle Springs,8880,44.47147,-112.98191,west,1311.07,878.22,5.1,0,48,7.9,2026-03-18,169,2026-03-18,3.95,2026-04-22,204,2026-04-22,5.1,11.2,206,225,47,TRUE
319,sntl_319,ID,Idaho,Bear Basin,5350,44.95222,-116.14293,west,1020.62,753.27,6.8,0.0222,46,10.4,2026-03-17,168,2026-03-17,5.2,2026-04-12,194,2026-04-12,6.8,17.8,181,222,44,TRUE
320,sntl_320,ID,Idaho,Bear Canyon,7920,43.74367,-113.93797000000001,west,1199.97,959.66,10.2,0.1778,46,15.9,2026-03-17,168,2026-03-17,7.95,2026-04-11,193,2026-04-11,10.2,14.2,200,228,45,TRUE
321,sntl_321,NV,Nevada,Bear Creek,8090,41.83391,-115.45278,west,998.92,1188.72,0,0,47,9.4,2026-03-12,163,2026-03-12,4.7,2026-03-24,175,2026-03-24,0,20.4,197,226,45,TRUE
322,sntl_322,CO,Colorado,Bear Lake,9490,40.31176,-105.6467,west,1965.6,1550.9,9.4,0.0222,46,14,2026-03-18,169,2026-03-18,7,2026-04-21,203,2026-04-21,9.4,19.8,210,238,45,TRUE
323,sntl_323,ID,Idaho,Bear Mountain,5460,48.30583,-116.07444,west,1123.48,305.42,36,0.0444,46,37,2026-03-19,170,2026-03-19,18.5,2026-05-14,226,2026-05-14,36,57.8,206,247,40,TRUE
324,sntl_324,ID,Idaho,Bear Saddle,6170,44.60533,-116.98097,west,930.38,782.35,5.2,0,45,9.9,2026-03-17,168,2026-03-17,4.95,2026-04-07,189,2026-04-07,5.2,22.7,182,215,42,TRUE
325,sntl_325,WY,Wyoming,Bear Trap Meadow,8200,43.88743,-107.06135,west,1876.49,1043.63,0,0,46,5,2026-03-17,168,2026-03-17,2.5,2026-03-23,174,2026-03-23,0,7.4,189,208,45,TRUE
326,sntl_326,WY,Wyoming,Beartooth Lake,9360,44.94307,-109.56743,west,1651.15,867.57,25.7,0.7556,46,29.2,2026-05-04,216,2026-05-04,14.6,2026-06-07,250,2026-06-07,25.7,25.1,219,254,45,TRUE
327,sntl_327,CO,Colorado,Beartown,11580,37.71433,-107.5124,west,1728.87,1886.72,1.2,0,44,10.6,2026-03-12,163,2026-03-12,5.3,2026-03-26,177,2026-03-26,1.2,23.2,200,225,43,TRUE
328,sntl_328,MT,Montana,Beaver Creek,7820,44.94966,-111.35852,west,1478.72,840.2,11.7,0.0508,60,13.2,2026-03-17,168,2026-03-17,6.6,2026-05-13,225,2026-05-13,11.7,20,206,240,59,TRUE
329,sntl_329,UT,Utah,Beaver Dams,7980,39.13683,-111.55813,west,1328.51,1630.13,0,0.0222,46,3.6,2026-02-24,147,2026-02-24,1.8,2026-03-02,153,2026-03-02,0,8.8,168,192,45,TRUE
330,sntl_330,UT,Utah,Beaver Divide,8230,40.61233,-111.09782,west,1408.99,1436.04,0,0,48,8.6,2026-03-10,161,2026-03-10,4.3,2026-03-25,176,2026-03-25,0,11.2,181,200,47,TRUE
331,sntl_331,OR,Oregon,Beaver Reservoir,5140,45.14532,-118.219,west,829.44,682.69,0,0.0444,46,4.2,2026-02-28,151,2026-02-28,2.1,2026-03-18,169,2026-03-18,0,11.4,177,198,45,TRUE
332,sntl_332,UT,Utah,Ben Lomond Peak,7690,41.37603,-111.94405,west,1340.01,1317.47,0,0,48,17.9,2026-03-12,163,2026-03-12,8.95,2026-03-25,176,2026-03-25,0,35.9,189,228,47,TRUE
333,sntl_333,UT,Utah,Ben Lomond Trail,5970,41.38291,-111.92103,west,1342.49,1316.93,0,0,46,4.7,2026-02-25,148,2026-02-25,2.35,2026-03-10,161,2026-03-10,0,18.6,170,199,45,TRUE
334,sntl_334,NV,Nevada,Berry Creek,9350,39.31917,-114.62278,west,1014.05,1547.27,5.4,0.0222,46,10.4,2026-03-12,163,2026-03-12,5.2,2026-04-10,192,2026-04-10,5.4,17.6,204,230,45,TRUE
335,sntl_335,CO,Colorado,Berthoud Summit,11300,39.80364,-105.77786,west,1944.77,1619.55,7.5,0,48,12.2,2026-03-18,169,2026-03-18,6.1,2026-04-12,194,2026-04-12,7.5,23.2,214,240,47,TRUE
336,sntl_336,NV,Nevada,Big Bend,6890,41.76168,-115.6931,west,972.87,1193.49,0,0.0426,48,1.1,2025-12-11,72,2025-12-11,0.55,2025-12-19,80,2025-12-19,0,10.1,169,190,47,TRUE
337,sntl_337,NV,Nevada,Big Creek Sum,8710,39.29148,-117.11506,west,755.61,1496.36,0,0,46,5.2,2026-03-14,165,2026-03-14,2.6,2026-03-20,171,2026-03-20,0,18.8,202,226,45,TRUE
338,sntl_338,ID,Idaho,Big Creek Summit,6550,44.62621,-115.79561,west,1044.44,804.25,18.8,0.0455,45,21.5,2026-03-18,169,2026-03-18,10.75,2026-05-09,221,2026-05-09,18.8,32.5,197,236,44,TRUE
339,sntl_339,UT,Utah,Big Flat,10320,38.30183,-112.35672,west,1225.28,1730.04,5.7,0,48,8.9,2026-03-12,163,2026-03-12,4.45,2026-05-06,218,2026-05-06,5.7,19.4,216,248,46,TRUE
340,sntl_340,NV,Nevada,Big Meadow,8240,39.455,-119.9422,west,470.79,1404.23,1.1,0.0238,43,13.5,2026-02-24,147,2026-02-24,6.75,2026-03-22,173,2026-03-22,1.1,21,184,218,42,TRUE
341,sntl_341,OR,Oregon,Big Red Mountain,6060,42.05257,-122.85487,west,274.85,977.58,1.1,0,46,7.5,2026-02-24,147,2026-02-24,3.75,2026-03-23,174,2026-03-23,1.1,29.5,202,229,45,TRUE
342,sntl_342,WY,Wyoming,Big Sandy Opening,9100,42.6458,-109.25965,west,1636.77,1185.68,9.7,0.1818,45,10.8,2026-04-06,188,2026-04-06,5.4,2026-05-10,222,2026-05-10,9.7,14.2,200,230,43,TRUE
343,sntl_343,OR,Oregon,Bigelow Camp,5130,42.07875,-123.34393,west,228.16,960.12,0.1,0.1778,46,3.7,2026-02-23,146,2026-02-23,1.85,2026-02-26,149,2026-02-26,0.1,15.6,158,188,44,TRUE
344,sntl_344,OR,Oregon,Billie Creek Divide,5280,42.40717,-122.26617,west,345.77,946.91,0,0.0213,48,6.3,2026-03-06,157,2026-03-06,3.15,2026-03-18,169,2026-03-18,0,22.7,168,209,47,TRUE
345,sntl_345,CO,Colorado,Bison Lake,10950,39.76458,-107.35628,west,1779.49,1606.54,9.4,0,41,12.7,2026-03-20,171,2026-03-20,6.35,2026-05-15,227,2026-05-15,9.4,26.9,212,251,40,TRUE
346,sntl_346,MT,Montana,Bisson Creek,4880,47.68386,-113.99895,west,1295.92,427,7.1,0.2647,35,7.9,2026-04-05,187,2026-04-05,3.95,2026-04-22,204,2026-04-22,7.1,9.8,189,212,34,TRUE
347,sntl_347,MT,Montana,Black Bear,8160,44.50832,-111.12803,west,1491.26,903.81,24.5,0.0741,55,30.3,2026-05-01,213,2026-05-01,15.15,2026-05-25,237,2026-05-25,24.5,41.3,212,250,54,TRUE
348,sntl_348,UT,Utah,Black Flat-U.M. Ck,9420,38.6799,-111.59765,west,1314.03,1691.94,0,0,46,3.6,2026-02-24,147,2026-02-24,1.8,2026-03-09,160,2026-03-09,0,9.7,184,208,44,TRUE
349,sntl_349,MT,Montana,Black Pine,7170,46.414,-113.43095,west,1316.42,607.7,9.8,0.4167,61,11.9,2026-03-18,169,2026-03-18,5.95,2026-04-21,203,2026-04-21,9.8,11.9,200,223,60,TRUE
350,sntl_350,WY,Wyoming,Blackwater,9830,44.37667,-109.79333,west,1618.07,941.61,21.4,0.4091,45,25.9,2026-05-09,221,2026-05-09,12.95,2026-06-02,245,2026-06-02,21.4,26.9,220,251,44,TRUE
351,sntl_351,OR,Oregon,Blazed Alder,3660,45.4287,-121.85605,west,497.71,556.7,7,0.0682,45,11.9,2026-03-13,164,2026-03-13,5.95,2026-04-07,189,2026-04-07,7,32.5,184,220,44,TRUE
352,sntl_352,WA,Washington,Blewett Pass,4240,47.35037,-120.6796,west,675.23,331.94,0,0.0227,45,6.2,2026-03-16,167,2026-03-16,3.1,2026-03-20,171,2026-03-20,0,14.9,162,201,44,TRUE
353,sntl_353,WY,Wyoming,Blind Bull Sum,8880,42.96413,-110.60992,west,1508.84,1122.31,23.1,0.5333,46,25.7,2026-04-26,208,2026-04-26,12.85,2026-05-17,229,2026-05-17,23.1,26.1,214,246,45,TRUE
354,sntl_354,SD,South Dakota,Blind Park,6900,44.10772,-103.97688,west,2182.89,1043.89,0,0.1143,36,4.4,2026-03-02,153,2026-03-02,2.2,2026-03-20,171,2026-03-20,0,8.1,181,201,35,TRUE
355,sntl_355,MT,Montana,Bloody Dick,7570,45.16507,-113.50099,west,1278.44,775.14,10.3,0.449,50,11.4,2026-03-16,167,2026-03-16,5.7,2026-05-06,218,2026-05-06,10.3,12.6,199,222,49,TRUE
356,sntl_356,CA,California,Blue Lakes,8060,38.60801,-119.92455,west,443.35,1518.41,8.4,0.0444,46,18.2,2026-02-25,148,2026-02-25,9.1,2026-03-28,179,2026-03-28,8.4,29.2,196,234,45,TRUE
357,sntl_357,OR,Oregon,Blue Mountain Spring,5880,44.24767,-118.51722,west,772.24,796.12,0.4,0,48,7.1,2026-03-08,159,2026-03-08,3.55,2026-03-24,175,2026-03-24,0.4,16.5,174,207,47,TRUE
358,sntl_358,WY,Wyoming,Bone Springs Div,9340,44.67881,-107.5811,west,1838.66,929.23,11,0.0444,46,14.6,2026-05-08,220,2026-05-08,7.3,2026-05-25,237,2026-05-25,11,19.2,217,242,45,TRUE
359,sntl_359,ID,Idaho,Bostetter R.S.,7530,42.16442,-114.19272,west,1133.63,1169.12,0,0,46,8.1,2026-03-13,164,2026-03-13,4.05,2026-03-24,175,2026-03-24,0,17.3,182,216,44,TRUE
360,sntl_360,MT,Montana,Boulder Mountain,7890,46.5596,-111.28973,west,1520.77,622.98,16.2,0.1702,48,18.5,2026-04-19,201,2026-04-19,9.25,2026-05-12,224,2026-05-12,16.2,23.1,208,238,47,TRUE
361,sntl_361,OR,Oregon,Bourne,5850,44.83052,-118.18787,west,822.36,725.55,0,0,48,4.9,2026-02-25,148,2026-02-25,2.45,2026-03-18,169,2026-03-18,0,15.2,169,206,47,TRUE
362,sntl_362,OR,Oregon,Bowman Springs,4550,45.36428,-118.46715,west,813.04,647.79,0,0.0638,48,1.8,2026-02-02,125,2026-02-02,0.9,2026-02-08,131,2026-02-08,0,7.4,156,181,47,TRUE
363,sntl_363,MT,Montana,Box Canyon,6720,45.27178,-110.24899,west,1592.18,813.16,0.6,0,48,6.8,2026-03-18,169,2026-03-18,3.4,2026-03-25,176,2026-03-25,0.6,9.5,186,210,47,TRUE
364,sntl_364,UT,Utah,Box Creek,9850,38.50809,-112.01856,west,1265.79,1707.99,0,0,47,1.1,2026-02-24,147,2026-02-24,0.55,2026-02-25,148,2026-02-25,0,12.2,190,212,46,TRUE
365,sntl_365,MT,Montana,Brackett Creek,7370,45.89107,-110.93851,west,1539.4,718.86,11.8,0,32,15.3,2026-03-17,168,2026-03-17,7.65,2026-05-06,218,2026-05-06,11.8,24.6,206,234,31,TRUE
366,sntl_366,UT,Utah,Brighton,8790,40.59936,-111.58167,west,1359.14,1429.74,5.6,0,40,16.4,2026-03-12,163,2026-03-12,8.2,2026-03-28,179,2026-03-28,5.6,23.9,195,226,39,TRUE
367,sntl_367,WY,Wyoming,Brooklyn Lake,10250,41.36038,-106.23038,west,1920.71,1400.14,9.9,0,45,15.5,2026-03-18,169,2026-03-18,7.75,2026-04-14,196,2026-04-14,9.9,25.4,208,237,44,TRUE
368,sntl_368,UT,Utah,Brown Duck,10570,40.58102,-110.58587,west,1460.81,1448.59,8.6,0,48,13.2,2026-03-18,169,2026-03-18,6.6,2026-04-21,203,2026-04-21,8.6,19.6,210,242,47,TRUE
369,sntl_369,CO,Colorado,Brumley,10570,39.08758,-106.54231,west,1854.01,1709.64,0.4,0,46,5.4,2026-03-18,169,2026-03-18,2.7,2026-03-27,178,2026-03-27,0.4,11.8,202,226,45,TRUE
370,sntl_370,ID,Idaho,Brundage Reservoir,6280,45.04315,-116.13253,west,1024.24,741.25,19.1,0.2051,40,22.3,2026-03-19,170,2026-03-19,11.15,2026-05-07,219,2026-05-07,19.1,32,194,228,38,TRUE
371,sntl_371,UT,Utah,Buck Flat,9410,39.134,-111.43722,west,1341.09,1632.59,0,0,48,7.7,2026-03-10,161,2026-03-10,3.85,2026-03-22,173,2026-03-22,0,17,194,222,47,TRUE
373,sntl_373,NV,Nevada,Buckskin Lower,6920,41.75067,-117.53182,west,789.19,1154.58,0.1,0.0667,46,3.8,2026-02-25,148,2026-02-25,1.9,2026-03-13,164,2026-03-13,0.1,10.4,176,196,45,TRUE
374,sntl_374,UT,Utah,Bug Lake,7980,41.68541,-111.41987,west,1400.01,1284.05,4.5,0,48,14.3,2026-03-11,162,2026-03-11,7.15,2026-03-27,178,2026-03-27,4.5,19,196,227,47,TRUE
375,sntl_375,WA,Washington,Bumping Ridge,4600,46.81003,-121.33058,west,596.66,387.36,16,0.1136,45,19.9,2026-03-16,167,2026-03-16,9.95,2026-04-27,209,2026-04-27,16,28.6,190,233,44,TRUE
376,sntl_376,WA,Washington,Bunchgrass Mdw,5020,48.68688,-117.17633,west,1035.27,232.85,12.5,0,44,13.8,2026-04-16,198,2026-04-16,6.9,2026-05-05,217,2026-05-05,12.5,29.3,200,233,43,TRUE
377,sntl_377,WY,Wyoming,Burgess Junction,7910,44.78765,-107.52917,west,1845.51,914.97,5.2,0,45,7.4,2026-04-06,188,2026-04-06,3.7,2026-05-13,225,2026-05-13,5.2,13,215,234,44,TRUE
378,sntl_378,CO,Colorado,Burro Mountain,9290,39.87504,-107.59902,west,1756.05,1588.28,0.4,0,46,8.1,2026-03-09,160,2026-03-09,4.05,2026-03-26,177,2026-03-26,0.4,16.6,196,222,45,TRUE
379,sntl_379,WY,Wyoming,Burroughs Creek,8760,43.69733,-109.67021,west,1616.62,1036.08,3.2,0,47,11.1,2026-03-18,169,2026-03-18,5.55,2026-03-26,177,2026-03-26,3.2,14.3,207,232,46,TRUE
380,sntl_380,CO,Colorado,Butte,10190,38.89435,-106.95327,west,1807.65,1731.33,3.4,0,46,8.4,2026-03-10,161,2026-03-10,4.2,2026-03-29,180,2026-03-29,3.4,13.7,190,220,45,TRUE
381,sntl_381,MT,Montana,Calvert Creek,6410,45.8838,-113.32553,west,1313.12,681.09,2.5,0.02,51,9.5,2026-03-16,167,2026-03-16,4.75,2026-03-26,177,2026-03-26,2.5,8.4,182,204,50,TRUE
382,sntl_382,ID,Idaho,Camas Creek Divide,5720,43.26548,-115.3453,west,1049.67,997.1,0,0.0303,34,2.8,2026-02-25,148,2026-02-25,1.4,2026-03-03,154,2026-03-03,0,12.3,168,194,33,TRUE
383,sntl_383,UT,Utah,Camp Jackson,8840,37.81333,-109.48723,west,1519.37,1845.16,0,0.025,41,5.3,2026-02-26,149,2026-02-26,2.65,2026-03-10,161,2026-03-10,0,13.7,166,202,40,TRUE
384,sntl_384,WY,Wyoming,Canyon,7870,44.71961,-110.51084,west,1555.51,884.44,9,0.1111,46,11,2026-03-18,169,2026-03-18,5.5,2026-05-04,216,2026-05-04,9,14.5,198,226,45,TRUE
385,sntl_385,MT,Montana,Carrot Basin,9200,44.96192,-111.29403,west,1485.2,839.55,23.2,0.2712,60,29.2,2026-05-02,214,2026-05-02,14.6,2026-05-28,240,2026-05-28,23.2,31,215,250,58,TRUE
387,sntl_387,CO,Colorado,Cascade #2,8990,37.65751,-107.80287,west,1696.76,1890.7,0.2,0.2857,36,3.9,2026-02-24,147,2026-02-24,1.95,2026-03-04,155,2026-03-04,0.2,10.4,158,181,35,TRUE
388,sntl_388,OR,Oregon,Cascade Summit,5100,43.59042,-122.0601,west,410.11,795.19,3.8,0.0222,46,10.4,2026-03-07,158,2026-03-07,5.2,2026-03-28,179,2026-03-28,3.8,32.5,190,224,45,TRUE
389,sntl_389,WY,Wyoming,Casper Mtn.,7940,42.73362,-106.31789,west,1932.37,1210.3,0,0,44,5.6,2026-03-17,168,2026-03-17,2.8,2026-03-24,175,2026-03-24,0,16,202,226,43,TRUE
390,sntl_390,UT,Utah,Castle Valley,9600,37.66098,-112.74093,west,1169.17,1810.38,0,0,46,7.7,2026-02-24,147,2026-02-24,3.85,2026-03-23,174,2026-03-23,0,15.2,184,208,45,TRUE
391,sntl_391,CA,California,Cedar Pass,7060,41.58216,-120.30253,west,508.55,1109.57,0,0.0213,48,5.4,2026-02-24,147,2026-02-24,2.7,2026-03-18,169,2026-03-18,0,19.6,188,214,47,TRUE
392,sntl_392,UT,Utah,Chalk Creek #1,9160,40.85464,-111.04765,west,1419.43,1403.71,9,0,48,15,2026-03-13,164,2026-03-13,7.5,2026-04-22,204,2026-04-22,9,24.6,199,234,47,TRUE
393,sntl_393,UT,Utah,Chalk Creek #2,8200,40.88529,-111.06954,west,1417.86,1399.16,6.7,0,48,10.8,2026-03-18,169,2026-03-18,5.4,2026-04-16,198,2026-04-16,6.7,16.8,192,218,47,TRUE
394,sntl_394,NM,New Mexico,Chamita,8360,36.95606,-106.65723,west,1808.84,2001.91,0,0.0652,47,4.7,2026-02-25,148,2026-02-25,2.35,2026-03-06,157,2026-03-06,0,9.3,161,191,46,TRUE
395,sntl_395,OR,Oregon,Chemult Alternate,4850,43.22625,-121.80662,west,420.89,850.43,0,,46,2.4,2026-01-23,115,2026-01-23,1.2,2026-02-28,151,2026-02-28,0,8.4,152,174,45,TRUE
396,sntl_396,UT,Utah,Chepeta,10490,40.77458,-110.0105,west,1523.81,1431.02,3.4,0,46,9.8,2026-03-16,167,2026-03-16,4.9,2026-03-29,180,2026-03-29,3.4,14.8,195,222,44,TRUE
398,sntl_398,OR,Oregon,Clackamas Lake,3400,45.09658,-121.75443,west,494.96,603.35,0,0.0667,46,4.2,2026-02-24,147,2026-02-24,2.1,2026-03-09,160,2026-03-09,0,12.5,161,188,45,TRUE
399,sntl_399,UT,Utah,Clear Creek #1,8960,39.86671,-111.28363,west,1373.41,1534.96,0,0,48,8.2,2026-03-07,158,2026-03-07,4.1,2026-03-25,176,2026-03-25,0,18.1,190,222,47,TRUE
400,sntl_400,UT,Utah,Clear Creek #2,7850,39.89275,-111.25154,west,1377.31,1531.93,0,0,48,4.8,2026-02-25,148,2026-02-25,2.4,2026-03-12,163,2026-03-12,0,13,186,208,47,TRUE
401,sntl_401,OR,Oregon,Clear Lake,3810,45.18832,-121.6916,west,504.21,592.82,0,0.0444,46,1.9,2026-01-11,103,2026-01-11,0.95,2026-02-02,125,2026-02-02,0,12.1,166,203,45,TRUE
402,sntl_402,WY,Wyoming,Cloud Peak Reservoir,9830,44.40328,-107.06074,west,1884.81,972.99,7.7,0,48,12,2026-03-17,168,2026-03-17,6,2026-05-13,225,2026-05-13,7.7,18,217,242,47,TRUE
403,sntl_403,MT,Montana,Clover Meadow,8770,45.01788,-111.8456,west,1433.44,823.19,9.6,0,48,12.5,2026-05-01,213,2026-05-01,6.25,2026-05-14,226,2026-05-14,9.6,18.7,216,244,47,TRUE
405,sntl_405,WY,Wyoming,Cold Springs,9640,43.27676,-109.44585,west,1630.48,1096.73,0,0,43,6.9,2026-03-17,168,2026-03-17,3.45,2026-03-26,177,2026-03-26,0,8.3,192,214,42,TRUE
406,sntl_406,OR,Oregon,Cold Springs Camp,5940,42.53305,-122.17683,west,359.2,932.62,0,0.0227,45,4.6,2026-02-24,147,2026-02-24,2.3,2026-03-13,164,2026-03-13,0,28.2,168,217,44,TRUE
407,sntl_407,MT,Montana,Cole Creek,7910,45.19405,-109.34548,west,1677.4,836.42,3.6,0,55,6,2026-03-17,168,2026-03-17,3,2026-03-30,181,2026-03-30,3.6,18.2,216,244,51,TRUE
408,sntl_408,CO,Colorado,Columbine,9170,40.39591,-106.60437,west,1867.67,1528.7,3.5,0,46,17.5,2026-03-11,162,2026-03-11,8.75,2026-03-26,177,2026-03-26,3.5,24.6,188,220,45,TRUE
409,sntl_409,CO,Colorado,Columbine Pass,9160,38.41819,-108.38313,west,1648.25,1778.17,0,0,40,10.5,2026-03-12,163,2026-03-12,5.25,2026-03-22,173,2026-03-22,0,18,177,206,39,TRUE
410,sntl_410,MT,Montana,Combination,5620,46.46523,-113.39358,west,1321.2,601.45,0,0.0377,54,2.1,2026-03-16,167,2026-03-16,1.05,2026-03-19,170,2026-03-19,0,5,173,199,53,TRUE
411,sntl_411,ID,Idaho,Cool Creek,6320,46.76361,-115.29528,west,1151.63,526.64,34.2,0.1463,42,37.4,2026-04-28,210,2026-04-28,18.7,2026-05-30,242,2026-05-30,34.2,46.5,207,252,40,TRUE
412,sntl_412,CO,Colorado,Copeland Lake,8570,40.20733,-105.5695,west,1972.15,1566.11,0,,45,2.1,2026-05-07,219,2026-05-07,1.05,2026-05-10,222,2026-05-10,0,6,159,177,44,TRUE
413,sntl_413,MT,Montana,Copper Bottom,5200,47.05678,-112.595,west,1410.16,535.18,0,0.1702,48,6.6,2026-03-17,168,2026-03-17,3.3,2026-03-21,172,2026-03-21,0,8.8,172,201,47,TRUE
414,sntl_414,MT,Montana,Copper Camp,6980,47.08158,-112.72955,west,1398.24,529.63,34.7,0.6596,48,37.4,2026-03-18,169,2026-03-18,18.7,2026-05-14,226,2026-05-14,34.7,39.6,199,232,47,TRUE
415,sntl_415,CO,Colorado,Copper Mountain,10500,39.48917,-106.17154,west,1899.03,1658.56,4.5,0,48,8.2,2026-03-19,170,2026-03-19,4.1,2026-04-07,189,2026-04-07,4.5,17.4,208,234,47,TRUE
416,sntl_416,AZ,Arizona,Coronado Trail,8400,33.80418,-109.15352,west,1478.42,2400.01,0,,46,1.3,2026-01-15,107,2026-01-15,0.65,2026-01-19,111,2026-01-19,0,3.1,142,153,45,TRUE
417,sntl_417,NV,Nevada,Corral Canyon,8440,40.27551,-115.54017,west,946.13,1398.18,0.4,0,48,6,2026-03-11,162,2026-03-11,3,2026-03-22,173,2026-03-22,0.4,18,200,226,47,TRUE
418,sntl_418,WA,Washington,Corral Pass,5810,47.01872,-121.46464,west,591.97,356.45,27.1,0.2093,44,30.4,2026-03-17,168,2026-03-17,15.2,2026-05-09,221,2026-05-09,27.1,38,209,256,43,TRUE
419,sntl_419,WY,Wyoming,Cottonwood Creek,7710,42.6459,-110.81482,west,1481.7,1162.59,13.4,0,43,16.5,2026-03-17,168,2026-03-17,8.25,2026-05-04,216,2026-05-04,13.4,22.6,192,227,41,TRUE
420,sntl_420,WA,Washington,Cougar Mountain,3210,47.27666,-121.67138,west,582.56,317.25,4,0.1591,45,7.3,2026-03-17,168,2026-03-17,3.65,2026-04-06,188,2026-04-06,4,17.7,172,206,44,TRUE
422,sntl_422,OR,Oregon,County Line,4840,45.19107,-118.55015,west,799.63,669.06,0,,46,0.6,2026-01-02,94,2026-01-02,0.3,2026-01-03,95,2026-01-03,0,5,150,164,45,TRUE
423,sntl_423,ID,Idaho,Cozy Cove,5410,44.28846,-115.65508,west,1048.35,852.64,0,0,45,5.4,2026-03-10,161,2026-03-10,2.7,2026-03-19,170,2026-03-19,0,14.1,173,203,44,TRUE
424,sntl_424,ID,Idaho,Crab Creek,6870,44.437,-111.99384,west,1405.81,899.65,2.5,0,45,7.2,2026-03-19,170,2026-03-19,3.6,2026-03-30,181,2026-03-30,2.5,13.5,189,218,44,TRUE
425,sntl_425,ID,Idaho,Crater Meadows,5960,46.56394,-115.28903,west,1146.69,553.56,41.2,0.3415,42,42.7,2026-04-06,188,2026-04-06,21.35,2026-05-26,238,2026-05-26,41.2,50.1,199,238,41,TRUE
426,sntl_426,CO,Colorado,Crosho,8960,40.16749,-107.05769,west,1817.11,1554.77,0,0,40,6.1,2026-03-09,160,2026-03-09,3.05,2026-03-22,173,2026-03-22,0,12.6,188,209,39,TRUE
427,sntl_427,MT,Montana,Crystal Lake,6130,46.78936,-109.51202,west,1692.42,617.35,7.7,0.0638,48,9.1,2026-03-17,168,2026-03-17,4.55,2026-04-21,203,2026-04-21,7.7,14.7,201,227,47,TRUE
428,sntl_428,CA,California,Css Lab,6890,39.32565,-120.36807,west,422.77,1410.28,0.8,0.0238,43,21.4,2026-02-25,148,2026-02-25,10.7,2026-03-19,170,2026-03-19,0.8,37.9,178,211,42,TRUE
429,sntl_429,AK,Alaska,Galena AK,340,64.69662,-156.71497,ak,665.46,255.16,5.9,0.2857,8,7.3,2026-04-23,205,2026-04-23,3.65,2026-05-10,222,2026-05-10,5.9,,,,7,FALSE
430,sntl_430,CO,Colorado,Culebra #2,10560,37.20939,-105.19988,west,1970.37,1983.55,0,0,47,6.2,2026-03-04,155,2026-03-04,3.1,2026-03-26,177,2026-03-26,0,14,188,214,46,TRUE
431,sntl_431,CO,Colorado,Cumbres Trestle,10030,37.01877,-106.45275,west,1831.97,1995.74,2,0,46,13.4,2026-03-17,168,2026-03-17,6.7,2026-03-27,178,2026-03-27,2,26.1,188,224,45,TRUE
432,sntl_432,UT,Utah,Currant Creek,7920,40.35747,-111.08993,west,1404.22,1471.04,0,0.0851,48,5.9,2026-02-28,151,2026-02-28,2.95,2026-03-08,159,2026-03-08,0,8.6,172,196,47,TRUE
433,sntl_433,MT,Montana,Daly Creek,5780,46.18367,-113.8533,west,1270.94,631.31,6.4,0.0667,46,10.3,2026-03-17,168,2026-03-17,5.15,2026-04-07,189,2026-04-07,6.4,10.4,186,210,45,TRUE
434,sntl_434,OR,Oregon,Daly Lake,3690,44.52147,-122.08718,west,442.32,670.86,0,0.0667,46,2.6,2026-01-09,101,2026-01-09,1.3,2026-01-15,107,2026-01-15,0,16,163,192,45,TRUE
435,sntl_435,UT,Utah,Daniels-Strawberry,8010,40.2953,-111.25677,west,1385.69,1476.78,0,0,48,6.6,2026-02-25,148,2026-02-25,3.3,2026-03-19,170,2026-03-19,0,14.1,181,204,47,TRUE
436,sntl_436,MT,Montana,Darkhorse Lake,8930,45.17368,-113.5846,west,1270.67,772.48,28.4,0.5556,46,35.5,2026-05-02,214,2026-05-02,17.75,2026-05-31,243,2026-05-31,28.4,32.2,220,255,45,TRUE
437,sntl_437,MT,Montana,Deadman Creek,6440,46.79279,-110.67545,west,1583.4,600.58,6.6,0.1552,59,9.7,2026-03-17,168,2026-03-17,4.85,2026-04-11,193,2026-04-11,6.6,11.1,189,218,58,TRUE
438,sntl_438,CO,Colorado,Deadman Hill,10240,40.80572,-105.77018,west,1959.83,1481.51,7.2,0,48,10.7,2026-03-20,171,2026-03-20,5.35,2026-04-23,205,2026-04-23,7.2,21.8,216,242,47,TRUE
439,sntl_439,ID,Idaho,Deadwood Summit,6990,44.54492,-115.56386,west,1064.37,819.88,32.1,0.2444,46,35.8,2026-04-21,203,2026-04-21,17.9,2026-05-25,237,2026-05-25,32.1,42.1,202,241,43,TRUE
440,sntl_440,OR,Oregon,Derr.,5850,44.4465,-119.93012,west,644.05,735.91,0,0.0222,46,4.6,2026-03-02,153,2026-03-02,2.3,2026-03-17,168,2026-03-17,0,14.4,172,203,45,TRUE
442,sntl_442,OR,Oregon,Diamond Lake,5280,43.18787,-122.14003,west,387.36,846.53,0.1,0.0909,45,2.2,2026-01-13,105,2026-01-13,1.1,2026-02-03,126,2026-02-03,0.1,16.1,161,194,44,TRUE
443,sntl_443,NV,Nevada,Diamond Peak,8030,39.56361,-115.84421,west,894.65,1488.18,0.1,0.1429,43,1.8,2026-02-23,146,2026-02-23,0.9,2026-02-27,150,2026-02-27,0.1,7,162,179,42,TRUE
444,sntl_444,UT,Utah,Dills Camp,9240,39.04554,-111.46875,west,1335.81,1644.15,0,0,47,5.2,2026-02-25,148,2026-02-25,2.6,2026-03-19,170,2026-03-19,0,11.8,184,208,46,TRUE
445,sntl_445,NV,Nevada,Disaster Peak,6260,41.96737,-118.18934,west,730.76,1110.09,0,,45,0.9,2026-02-24,147,2026-02-24,0.45,2026-02-25,148,2026-02-25,0,7.8,156,170,44,TRUE
446,sntl_446,CA,California,Dismal Swamp,7370,41.99127,-120.18033,west,534.91,1057.93,4.6,0,46,13.3,2026-03-11,162,2026-03-11,6.65,2026-03-27,178,2026-03-27,4.6,31.7,194,230,45,TRUE
448,sntl_448,MT,Montana,Divide,7770,44.79317,-112.05645,west,1408,850.25,6.2,0,55,7.6,2026-04-28,210,2026-04-28,3.8,2026-05-10,222,2026-05-10,6.2,11.8,210,231,50,TRUE
449,sntl_449,WY,Wyoming,Divide Peak,8700,41.30399,-107.15255,west,1825.71,1397.26,1.1,0,46,10.2,2026-03-18,169,2026-03-18,5.1,2026-03-26,177,2026-03-26,1.1,21.5,197,224,45,TRUE
450,sntl_450,ID,Idaho,Dollarhide Summit,8390,43.6025,-114.67417,west,1124.47,964.79,24.8,0.5455,45,26.6,2026-04-20,202,2026-04-20,13.3,2026-05-11,223,2026-05-11,24.8,24.2,208,242,44,TRUE
451,sntl_451,WY,Wyoming,Dome Lake,8890,44.57462,-107.29537,west,1864.71,946.84,6.5,0,48,7.8,2026-04-07,189,2026-04-07,3.9,2026-05-12,224,2026-05-12,6.5,13.5,209,232,47,TRUE
452,sntl_452,UT,Utah,Donkey Reservoir,9800,38.2084,-111.47412,west,1316.43,1758.59,0,0,41,3.9,2026-03-09,160,2026-03-09,1.95,2026-03-22,173,2026-03-22,0,8.2,190,208,40,TRUE
453,sntl_453,NV,Nevada,Dorsey Basin,7900,40.89343,-115.21104,west,996.92,1321.26,0,0.0213,48,5.4,2026-03-10,161,2026-03-10,2.7,2026-03-18,169,2026-03-18,0,15.1,188,214,47,TRUE
454,sntl_454,NV,Nevada,Draw Creek,7300,41.661,-115.3234,west,1007.01,1214.83,0,0,43,5,2026-03-09,160,2026-03-09,2.5,2026-03-19,170,2026-03-19,0,12.7,178,204,42,TRUE
455,sntl_455,UT,Utah,Dry Bread Pond,8290,41.41289,-111.5377,west,1381.98,1319.32,3.3,0,48,12.2,2026-03-12,163,2026-03-12,6.1,2026-03-27,178,2026-03-27,3.3,19.2,189,218,47,TRUE
457,sntl_457,CO,Colorado,Dry Lake,8240,40.5337,-106.7814,west,1851.52,1507.66,3.2,0,46,13.9,2026-03-13,164,2026-03-13,6.95,2026-03-28,179,2026-03-28,3.2,22.3,186,220,45,TRUE
458,sntl_458,MT,Montana,Dupuyer Creek,5740,48.06341,-112.7573,west,1419.19,397.12,0,0.0238,43,2.8,2026-03-17,168,2026-03-17,1.4,2026-03-20,171,2026-03-20,0,9.4,194,218,42,TRUE
460,sntl_460,WY,Wyoming,East Rim Divide,8010,43.13097,-110.2023,west,1552.71,1105.69,1.2,0,41,8.3,2026-03-18,169,2026-03-18,4.15,2026-03-27,178,2026-03-27,1.2,11.1,193,216,40,TRUE
461,sntl_461,UT,Utah,East Willow Creek,8300,39.31213,-109.53179,west,1544.1,1638.79,0,0.0256,40,2.4,2026-03-01,152,2026-03-01,1.2,2026-03-11,162,2026-03-11,0,8.1,176,194,39,TRUE
462,sntl_462,CA,California,Ebbetts Pass,8660,38.5497,-119.80468,west,453.73,1529.42,5.3,0.0213,48,21.4,2026-02-25,148,2026-02-25,10.7,2026-03-23,174,2026-03-23,5.3,35.1,194,224,47,TRUE
463,sntl_463,CA,California,Echo Peak,7650,38.849,-120.0795,west,435.71,1481.94,0.9,0.0222,46,21.7,2026-02-24,147,2026-02-24,10.85,2026-03-18,169,2026-03-18,0.9,43,179,215,45,TRUE
464,sntl_464,OR,Oregon,Eilertson Meadows,5510,44.86887,-118.11387,west,830.61,722.08,0,0.0444,46,6.1,2026-03-03,154,2026-03-03,3.05,2026-03-18,169,2026-03-18,0,9.8,162,188,45,TRUE
465,sntl_465,CO,Colorado,El Diente Peak,10210,37.78607,-108.02235,west,1675.47,1870.05,0.2,0,40,8.5,2026-02-26,149,2026-02-26,4.25,2026-03-19,170,2026-03-19,0.2,14.7,186,212,39,TRUE
466,sntl_466,ID,Idaho,Elk Butte,5680,46.83998,-116.12233,west,1077.06,500.26,18.5,0.0233,44,21.1,2026-03-18,169,2026-03-18,10.55,2026-05-05,217,2026-05-05,18.5,35.8,195,232,42,TRUE
467,sntl_467,CO,Colorado,Elk River,8710,40.84758,-106.96861,west,1837.2,1462.25,1.8,0,48,11.7,2026-03-17,168,2026-03-17,5.85,2026-03-26,177,2026-03-26,1.8,19.4,188,218,47,TRUE
468,sntl_468,WY,Wyoming,Elkhart Park G.S.,9410,43.00657,-109.75893,west,1594.14,1129.2,6.8,0.0222,46,11.2,2026-03-18,169,2026-03-18,5.6,2026-04-10,192,2026-04-10,6.8,13.6,205,232,45,TRUE
469,sntl_469,MT,Montana,Emery Creek,4340,48.43412,-113.93725,west,1320.78,327.59,6.2,0,50,8.3,2026-03-17,168,2026-03-17,4.15,2026-04-08,190,2026-04-08,6.2,14.9,184,212,49,TRUE
470,sntl_470,OR,Oregon,Emigrant Springs,3790,45.55808,-118.45385,west,820.53,622.19,0,,46,0.6,2026-02-22,145,2026-02-22,0.3,2026-02-24,147,2026-02-24,0,6,146,166,45,TRUE
471,sntl_471,ID,Idaho,Emigrant Summit,7390,42.36055,-111.56085,west,1401.01,1189.55,6.3,0,45,14.7,2026-03-10,161,2026-03-10,7.35,2026-03-30,181,2026-03-30,6.3,22.6,191,227,41,TRUE
472,sntl_472,WY,Wyoming,Evening Star,9030,44.65258,-109.78422,west,1624.45,904.12,26.2,0.6047,44,28.2,2026-05-01,213,2026-05-01,14.1,2026-05-29,241,2026-05-29,26.2,29.3,214,250,43,TRUE
473,sntl_473,CA,California,Fallen Leaf,6250,38.93403,-120.0545,west,441.24,1471.19,0,,45,6.9,2026-02-20,143,2026-02-20,3.45,2026-02-27,150,2026-02-27,0,7.1,154,170,44,TRUE
474,sntl_474,UT,Utah,Farmington,7920,40.97462,-111.80975,west,1344.4,1374.59,8,0,48,14.6,2026-03-18,169,2026-03-18,7.3,2026-04-11,193,2026-04-11,8,36.2,197,232,47,TRUE
475,sntl_475,UT,Utah,Farnsworth Lake,9620,38.77246,-111.67662,west,1307.84,1677.9,6.8,0,46,8.9,2026-03-17,168,2026-03-17,4.45,2026-05-06,218,2026-05-06,6.8,22.1,206,236,45,TRUE
476,sntl_476,NV,Nevada,Fawn Creek,7040,41.82098,-116.10153,west,933.8,1176.8,0.3,0,46,3.7,2026-02-25,148,2026-02-25,1.85,2026-03-15,166,2026-03-15,0.3,17.8,189,216,45,TRUE
477,sntl_477,OR,Oregon,Fish Creek,7700,42.70993,-118.63219,west,711.15,999.76,7.8,0,47,11.8,2026-03-10,161,2026-03-10,5.9,2026-05-05,217,2026-05-05,7.8,30.4,202,234,46,TRUE
478,sntl_478,WA,Washington,Fish Lake,3440,47.53565,-121.08553,west,644.98,297.62,13.2,0.0476,43,15.6,2026-03-18,169,2026-03-18,7.8,2026-04-21,203,2026-04-21,13.2,30.4,179,223,42,TRUE
479,sntl_479,OR,Oregon,Fish Lk.,4660,42.3801,-122.34943,west,336.65,948.21,0,0.1136,45,1.7,2026-02-24,147,2026-02-24,0.85,2026-02-27,150,2026-02-27,0,13,160,186,44,TRUE
480,sntl_480,MT,Montana,Fisher Creek,9110,45.06235,-109.94488,west,1617.14,846.02,35.2,0.5932,60,40.4,2026-05-02,214,2026-05-02,20.2,2026-06-04,247,2026-06-04,35.2,37,216,257,59,TRUE
481,sntl_481,UT,Utah,Five Points Lake,10920,40.71785,-110.46721,west,1475.86,1431.73,7.2,0,46,13.4,2026-03-18,169,2026-03-18,6.7,2026-04-10,192,2026-04-10,7.2,19.7,208,231,45,TRUE
482,sntl_482,MT,Montana,Flattop Mtn.,6280,48.80225,-113.85713,west,1337.41,279.77,41.1,0.4107,57,44.2,2026-04-22,204,2026-04-22,22.1,2026-06-06,249,2026-06-06,41.1,47.2,214,256,56,TRUE
483,sntl_483,OR,Oregon,Fourmile Lake,5970,42.43933,-122.2288,west,350.62,943.66,0,0,47,6.6,2026-02-25,148,2026-02-25,3.3,2026-03-21,172,2026-03-21,0,28.4,184,222,46,TRUE
484,sntl_484,ID,Idaho,Franklin Basin,8140,42.0505,-111.6012,west,1389.98,1231.19,16.8,0.0851,48,22.9,2026-03-09,160,2026-03-09,11.45,2026-05-04,216,2026-05-04,16.8,28.1,198,230,45,TRUE
485,sntl_485,CO,Colorado,Fremont Pass,11310,39.38014,-106.19784,west,1894.65,1673.29,6.9,0,46,9.8,2026-05-10,222,2026-05-10,4.9,2026-05-28,240,2026-05-28,6.9,20.8,224,249,45,TRUE
486,sntl_486,NM,New Mexico,Frisco Divide,8010,33.73687,-108.94327,west,1500.83,2412.49,0,,46,0.9,2026-01-22,114,2026-01-22,0.45,2026-02-05,128,2026-02-05,0,3.1,148,158,45,TRUE
487,sntl_487,MT,Montana,Frohner Meadow,6520,46.43545,-112.19277,west,1433.14,625.58,2.5,0.0189,54,6.5,2026-03-18,169,2026-03-18,3.25,2026-03-29,180,2026-03-29,2.5,8.2,198,219,53,TRUE
488,sntl_488,AZ,Arizona,Fry,7220,35.07356,-111.84477,west,1205.12,2180.38,0,,46,2.3,2026-02-23,146,2026-02-23,1.15,2026-02-27,150,2026-02-27,0,7.8,156,168,45,TRUE
489,sntl_489,ID,Idaho,Galena,7470,43.87722,-114.6725,west,1132.04,927.64,10.7,0.1395,44,14.1,2026-03-17,168,2026-03-17,7.05,2026-04-28,210,2026-04-28,10.7,16,193,226,43,TRUE
490,sntl_490,ID,Idaho,Galena Summit,8790,43.87497,-114.71363,west,1127.98,927.15,17.5,0.3864,45,18.4,2026-04-06,188,2026-04-06,9.2,2026-05-09,221,2026-05-09,17.5,20.9,202,234,42,TRUE
491,sntl_491,NM,New Mexico,Gallegos Peak,9460,36.19418,-105.55742,west,1917.56,2119.68,0,0,46,4.9,2026-02-28,151,2026-02-28,2.45,2026-03-16,167,2026-03-16,0,10.2,173,200,45,TRUE
492,sntl_492,ID,Idaho,Garfield R.S.,6580,43.6104,-113.9308,west,1197.22,977.86,0,0.0889,46,5.7,2026-03-02,153,2026-03-02,2.85,2026-03-18,169,2026-03-18,0,9.2,172,196,45,TRUE
493,sntl_493,ID,Idaho,Giveout,6940,42.4132,-111.1663,west,1441.59,1188.79,0,0,45,6.3,2026-03-03,154,2026-03-03,3.15,2026-03-19,170,2026-03-19,0,8.9,172,196,44,TRUE
494,sntl_494,OR,Oregon,Gold Center,5400,44.7638,-118.3117,west,808.46,731.68,0,0.1333,46,2.7,2026-03-02,153,2026-03-02,1.35,2026-03-15,166,2026-03-15,0,10.3,158,185,45,TRUE
495,sntl_495,UT,Utah,Gooseberry RS,7930,38.80034,-111.68333,west,1307.77,1673.97,0,0.1087,47,2.3,2026-02-24,147,2026-02-24,1.15,2026-02-27,150,2026-02-27,0,8.6,166,184,46,TRUE
496,sntl_496,ID,Idaho,Graham Guard Sta.,5690,43.9538,-115.27387,west,1075.8,905.48,0,0.0444,46,4.9,2026-02-25,148,2026-02-25,2.45,2026-03-20,171,2026-03-20,0,13.4,170,199,45,TRUE
497,sntl_497,WY,Wyoming,Granite Creek,6770,43.34298,-110.43495,west,1534.12,1073.25,7.8,0,39,13.4,2026-03-13,164,2026-03-13,6.7,2026-04-08,190,2026-04-08,7.8,16.4,185,218,38,TRUE
498,sntl_498,NV,Nevada,Granite Peak,8500,41.67032,-117.56668,west,783.22,1164.61,0.6,0,46,6.7,2026-03-10,161,2026-03-10,3.35,2026-03-22,173,2026-03-22,0.6,21.6,196,224,45,TRUE
499,sntl_499,WY,Wyoming,Grassy Lake,7330,44.12602,-110.83429,west,1511.53,960.39,12.6,0,46,18.4,2026-03-16,167,2026-03-16,9.2,2026-05-07,219,2026-05-07,12.6,34.2,196,232,45,TRUE
500,sntl_500,MT,Montana,Grave Creek,4350,48.91453,-114.76663,west,1258.35,248.79,5.8,0,51,7.7,2026-03-17,168,2026-03-17,3.85,2026-04-08,190,2026-04-08,5.8,15.6,180,214,50,TRUE
501,sntl_501,WY,Wyoming,Grave Springs,8560,43.46643,-107.23977,west,1852.09,1099.26,0,0,34,4.2,2026-03-20,171,2026-03-20,2.1,2026-03-26,177,2026-03-26,0,9.9,201,229,33,TRUE
502,sntl_502,WA,Washington,Green Lake,5920,46.54741,-121.17093,west,601.84,426.06,17,0.1628,44,19.6,2026-03-16,167,2026-03-16,9.8,2026-05-01,213,2026-05-01,17,25.1,198,233,43,TRUE
503,sntl_503,NV,Nevada,Green Mountain,8180,40.3848,-115.52757,west,950.51,1383.62,0.4,0.0222,46,4.9,2026-02-26,149,2026-02-26,2.45,2026-03-13,164,2026-03-13,0.4,15.6,174,206,45,TRUE
504,sntl_504,OR,Oregon,Greenpoint,3320,45.62237,-121.70415,west,518.99,534.98,0,0.0652,47,4.2,2026-02-26,149,2026-02-26,2.1,2026-03-09,160,2026-03-09,0,17.8,162,202,45,TRUE
505,sntl_505,CO,Colorado,Grizzly Peak,11110,39.64646,-105.8694,west,1932.96,1640.23,7.1,0,46,10.2,2026-03-19,170,2026-03-19,5.1,2026-04-22,204,2026-04-22,7.1,19.6,203,234,45,TRUE
506,sntl_506,WY,Wyoming,Gros Ventre Summit,8760,43.38939,-110.12943,west,1565.21,1071.48,8.6,0.0444,46,12.1,2026-03-18,169,2026-03-18,6.05,2026-04-14,196,2026-04-14,8.6,13.6,205,231,45,TRUE
507,sntl_507,WA,Washington,Grouse Camp,5390,47.28107,-120.48771,west,690.25,345.72,0.5,0.0233,44,9.2,2026-03-16,167,2026-03-16,4.6,2026-03-20,171,2026-03-20,0.5,20.1,180,216,43,TRUE
508,sntl_508,CA,California,Hagans Meadow,7740,38.8519,-119.9374,west,450.45,1485.32,0,0.0638,48,14.1,2026-02-23,146,2026-02-23,7.05,2026-03-11,162,2026-03-11,0,17.1,164,194,47,TRUE
509,sntl_509,WY,Wyoming,Hams Fork,7860,42.146,-110.67833,west,1484.66,1233.02,0,0,40,10.8,2026-03-11,162,2026-03-11,5.4,2026-03-25,176,2026-03-25,0,11.5,182,208,38,TRUE
510,sntl_510,MT,Montana,Hand Creek,5030,48.30754,-114.84075,west,1235.42,328.43,7.3,0.102,50,9.2,2026-03-17,168,2026-03-17,4.6,2026-04-11,193,2026-04-11,7.3,10.9,185,209,49,TRUE
511,sntl_511,AZ,Arizona,Hannagan Meadows,9030,33.65352,-109.30877,west,1458.03,2418.17,0,,46,2.4,2026-02-02,125,2026-02-02,1.2,2026-02-12,135,2026-02-12,0,10.2,160,180,45,TRUE
512,sntl_512,WY,Wyoming,Hanson Sawmill,8360,44.25602,-106.97983,west,1890.37,994.07,0,0,45,4,2026-03-18,169,2026-03-18,2,2026-03-22,173,2026-03-22,0,7.1,195,214,44,TRUE
513,sntl_513,UT,Utah,Lakefork Basin,10890,40.73785,-110.62121,west,1460.51,1426.56,13.8,0.0833,37,17,2026-03-17,168,2026-03-17,8.5,2026-05-14,226,2026-05-14,13.8,22.6,210,243,36,TRUE
514,sntl_514,UT,Utah,Harris Flat,7800,37.48997,-112.57602,west,1182.61,1836.83,0,,46,3,2026-02-25,148,2026-02-25,1.5,2026-02-28,151,2026-02-28,0,8.9,162,182,45,TRUE
515,sntl_515,WA,Washington,Harts Pass,6490,48.72047,-120.6586,west,725.07,151.86,57.6,0.9302,44,60.5,2026-03-18,169,2026-03-18,30.25,2026-05-26,238,2026-05-26,57.6,47.9,208,246,43,TRUE
516,sntl_516,MT,Montana,Hawkins Lake,6460,48.9724,-115.95344,west,1153.35,219.07,21.6,0.3158,58,23.9,2026-04-20,202,2026-04-20,11.95,2026-05-12,224,2026-05-12,21.6,29.5,206,239,57,TRUE
517,sntl_517,UT,Utah,Hayden Fork,9170,40.79669,-110.88472,west,1434.82,1414.29,2.1,0.0213,48,12,2026-03-12,163,2026-03-12,6,2026-03-26,177,2026-03-26,2.1,15.9,188,212,47,TRUE
518,sntl_518,CA,California,Heavenly Valley,8540,38.92431,-119.91641,west,455.11,1476.16,0,0.0213,48,13.2,2026-02-24,147,2026-02-24,6.6,2026-03-20,171,2026-03-20,0,23.8,182,216,47,TRUE
519,sntl_519,AZ,Arizona,Heber,7650,34.31254,-110.75433,west,1309.23,2303.94,0,,46,2,2026-02-22,145,2026-02-22,1,2026-02-26,149,2026-02-26,0,5.9,150,162,44,TRUE
520,sntl_520,ID,Idaho,Hemlock Butte,5800,46.48111,-115.63361,west,1112.27,558,28.7,0.0476,43,33,2026-03-17,168,2026-03-17,16.5,2026-05-08,220,2026-05-08,28.7,48,200,237,42,TRUE
521,sntl_521,UT,Utah,Hewinta,9510,40.95009,-110.48419,west,1479.01,1399.66,0,0,41,5.9,2026-03-17,168,2026-03-17,2.95,2026-03-23,174,2026-03-23,0,12.7,190,210,40,TRUE
522,sntl_522,UT,Utah,Hickerson Park,9120,40.90663,-109.96287,west,1531.37,1413.65,0,0.025,41,4.9,2026-03-17,168,2026-03-17,2.45,2026-03-22,173,2026-03-22,0,8.8,190,208,40,TRUE
523,sntl_523,OR,Oregon,High Ridge,4900,45.69682,-118.10657,west,857.55,611.43,6,0.0213,48,10.3,2026-03-13,164,2026-03-13,5.15,2026-04-07,189,2026-04-07,6,25.7,178,217,47,TRUE
524,sntl_524,ID,Idaho,Hilts Creek,8090,44.01896,-113.47242,west,1252.3,930.88,7.8,0.0444,46,12.3,2026-03-13,164,2026-03-13,6.15,2026-04-09,191,2026-04-09,7.8,12.9,194,221,44,TRUE
525,sntl_525,WY,Wyoming,Hobbs Park,10080,42.86984,-109.09455,west,1657.51,1157.3,10.4,0.0426,48,12.2,2026-03-18,169,2026-03-18,6.1,2026-05-15,227,2026-05-15,10.4,18.1,218,241,47,TRUE
526,sntl_526,OR,Oregon,Hogg Pass,4800,44.42042,-121.85655,west,460.36,690.38,0.3,0,47,8.3,2026-02-24,147,2026-02-24,4.15,2026-03-18,169,2026-03-18,0.3,30.4,184,222,46,TRUE
527,sntl_527,NV,Nevada,Hole-in-Mountain,8170,40.94168,-115.0954,west,1009.97,1317.11,0,0,43,5.8,2026-02-25,148,2026-02-25,2.9,2026-03-17,168,2026-03-17,0,17.6,183,220,38,TRUE
528,sntl_528,UT,Utah,Hole-in-Rock,9170,40.92167,-110.18623,west,1508.85,1408.18,0,0,41,3.9,2026-03-16,167,2026-03-16,1.95,2026-03-23,174,2026-03-23,0,8.1,190,209,40,TRUE
529,sntl_529,OR,Oregon,Holland Meadows,4930,43.66917,-122.56877,west,364.45,770.92,0.1,0.0227,45,3.4,2026-01-12,104,2026-01-12,1.7,2026-01-20,112,2026-01-20,0.1,21.4,166,211,44,TRUE
530,sntl_530,MT,Montana,Hoodoo Basin,6060,46.97511,-115.03486,west,1181.59,503.2,43.5,0.6102,60,46.2,2026-04-26,208,2026-04-26,23.1,2026-06-05,248,2026-06-05,43.5,42,210,251,59,TRUE
531,sntl_531,CO,Colorado,Hoosier Pass,11600,39.36092,-106.05999,west,1908.84,1677.49,6.2,0,46,7.9,2026-03-18,169,2026-03-18,3.95,2026-04-30,212,2026-04-30,6.2,17.3,210,236,45,TRUE
532,sntl_532,NM,New Mexico,Hopewell,10080,36.71632,-106.2637,west,1847.93,2039.66,0,0,47,8.4,2026-03-08,159,2026-03-08,4.2,2026-03-24,175,2026-03-24,0,18.1,191,217,46,TRUE
533,sntl_533,UT,Utah,Horse Ridge,8210,41.313720000000004,-111.44624,west,1389.02,1334.39,0,0,48,12,2026-03-16,167,2026-03-16,6,2026-03-25,176,2026-03-25,0,22.1,187,216,47,TRUE
534,sntl_534,ID,Idaho,Howell Canyon,8010,42.32029,-113.61587,west,1195.12,1158.89,12.2,0.0667,46,20,2026-03-16,167,2026-03-16,10,2026-04-10,192,2026-04-10,12.2,27.2,196,228,45,TRUE
535,sntl_535,ID,Idaho,Humboldt Gulch,4260,47.53178,-115.77643,west,1128.66,414.5,11.9,0.5909,45,13.7,2026-03-18,169,2026-03-18,6.85,2026-04-11,193,2026-04-11,11.9,11.2,166,204,42,TRUE
537,sntl_537,ID,Idaho,Hyndman,7590,43.71077,-114.15894,west,1177.58,959.98,5.4,0.0444,46,11.7,2026-03-16,167,2026-03-16,5.85,2026-03-30,181,2026-03-30,5.4,12.2,188,215,45,TRUE
538,sntl_538,CO,Colorado,Idarado,9780,37.93389,-107.6762,west,1715.04,1854.36,0,0,46,6.8,2026-03-10,161,2026-03-10,3.4,2026-03-24,175,2026-03-24,0,14.4,188,218,45,TRUE
539,sntl_539,CA,California,Independence Camp,6970,39.45269,-120.29367,west,434.83,1395.23,0.3,0.0213,48,14.7,2026-02-24,147,2026-02-24,7.35,2026-03-17,168,2026-03-17,0.3,17.4,174,206,47,TRUE
540,sntl_540,CA,California,Independence Creek,6440,39.49001,-120.28226,west,437.3,1390.53,0,0.0222,46,8.8,2026-02-24,147,2026-02-24,4.4,2026-03-15,166,2026-03-15,0,14.2,174,200,45,TRUE
541,sntl_541,CA,California,Independence Lake,8340,39.42752,-120.31342,west,431.93,1398.08,17.6,0.0426,48,25.6,2026-02-25,148,2026-02-25,12.8,2026-05-21,233,2026-05-21,17.6,45.1,208,251,47,TRUE
542,sntl_542,CO,Colorado,Independence Pass,10570,39.07543,-106.61154,west,1846.53,1710.5,5.4,0,46,8.1,2026-03-19,170,2026-03-19,4.05,2026-04-21,203,2026-04-21,5.4,17.4,200,229,45,TRUE
543,sntl_543,UT,Utah,Wilbur Bench,9170,39.89166,-110.74604,west,1429.62,1540.41,0,0,47,6.5,2026-02-28,151,2026-02-28,3.25,2026-03-18,169,2026-03-18,0,11.6,184,208,46,TRUE
544,sntl_544,WY,Wyoming,Indian Creek,9400,42.30023,-110.67753,west,1488.02,1211.96,14.8,0,45,19.7,2026-03-18,169,2026-03-18,9.85,2026-05-12,224,2026-05-12,14.8,24.9,204,241,42,TRUE
545,sntl_545,OR,Oregon,Irish Taylor,5540,43.80368,-121.94793,west,428.78,769.86,3.4,0,48,12.6,2026-03-06,157,2026-03-06,6.3,2026-03-25,176,2026-03-25,3.4,35.2,202,250,46,TRUE
546,sntl_546,ID,Idaho,Island Park,6300,44.4203,-111.38512,west,1464.41,911.75,1.7,0,45,8.6,2026-03-13,164,2026-03-13,4.3,2026-03-27,178,2026-03-27,1.7,14.8,178,208,43,TRUE
547,sntl_547,CO,Colorado,Ivanhoe,10540,39.29228,-106.54907,west,1856.44,1681.36,7.3,0,35,8.9,2026-03-15,166,2026-03-15,4.45,2026-05-10,222,2026-05-10,7.3,17.2,208,233,34,TRUE
548,sntl_548,NV,Nevada,Jack Creek Upper,7380,41.54675,-116.00517,west,935.48,1215.98,0.3,0,48,5.4,2026-03-12,163,2026-03-12,2.7,2026-03-21,172,2026-03-21,0.3,18.1,194,222,47,TRUE
549,sntl_549,NV,Nevada,Jacks Peak,8440,41.5136,-116.0117,west,933.87,1220.33,,,,0,2026-09-23,358,TBD,0,2026-09-23,358,TBD,,,,,0,FALSE
550,sntl_550,ID,Idaho,Jackson Peak,7060,44.05092,-115.44322,west,1062.11,888.97,15.3,0.0227,45,18.4,2026-04-18,200,2026-04-18,9.2,2026-05-11,223,2026-05-11,15.3,27.9,198,236,43,TRUE
551,sntl_551,CO,Colorado,Joe Wright,10140,40.53285,-105.88747,west,1943.83,1517.86,5.1,0,47,11.4,2026-03-17,168,2026-03-17,5.7,2026-03-31,182,2026-03-31,5.1,24,218,248,46,TRUE
552,sntl_552,OR,Oregon,Jump Off Joe,3530,44.38605,-122.16683,west,429.73,686.7,0.2,0.1064,48,1.7,2026-01-09,101,2026-01-09,0.85,2026-01-16,108,2026-01-16,0.2,13.6,160,188,47,TRUE
553,sntl_553,WA,Washington,June Lake,3440,46.14778,-122.15413,west,496.78,453.84,14.9,0.122,42,19.4,2026-03-13,164,2026-03-13,9.7,2026-04-28,210,2026-04-28,14.9,45.4,186,226,41,TRUE
554,sntl_554,WY,Wyoming,Kelley R.S.,8240,42.26554,-110.80181,west,1474.84,1214.75,4.8,0,46,11.5,2026-03-17,168,2026-03-17,5.75,2026-03-30,181,2026-03-30,4.8,15.2,192,224,44,TRUE
555,sntl_555,WY,Wyoming,Kendall R.S.,7790,43.24922,-110.01671,west,1573.49,1092.28,5.3,0,41,12.5,2026-03-18,169,2026-03-18,6.25,2026-03-30,181,2026-03-30,5.3,12.2,184,210,40,TRUE
556,sntl_556,CO,Colorado,Kiln,9610,39.3172,-106.61501,west,1849.9,1677.15,1.2,0,46,6.4,2026-03-10,161,2026-03-10,3.2,2026-03-28,179,2026-03-28,1.2,13.2,189,216,45,TRUE
557,sntl_557,UT,Utah,Kimberly Mine,9110,38.48383,-112.39273,west,1225.81,1704.52,0.2,0,46,7.7,2026-03-10,161,2026-03-10,3.85,2026-03-20,171,2026-03-20,0.2,15.8,190,218,45,TRUE
558,sntl_558,OR,Oregon,King Mountain,4340,42.72395,-123.20037,west,267.35,878.65,0,,46,1.9,2026-02-23,146,2026-02-23,0.95,2026-02-25,148,2026-02-25,0,8.3,130,158,45,TRUE
559,sntl_559,UT,Utah,Kings Cabin,8740,40.71632,-109.54401,west,1570.46,1445.99,0,0.0213,48,4.5,2026-03-13,164,2026-03-13,2.25,2026-03-19,170,2026-03-19,0,11.5,188,208,46,TRUE
560,sntl_560,WY,Wyoming,Kirwin,9580,43.86067,-109.32163,west,1654.03,1018.66,12,0.7333,46,13.1,2026-03-20,171,2026-03-20,6.55,2026-05-11,223,2026-05-11,12,13.2,214,237,45,TRUE
561,sntl_561,UT,Utah,Kolob,9250,37.52664,-113.05386,west,1132.56,1822.72,4.2,0,47,15.1,2026-02-25,148,2026-02-25,7.55,2026-03-26,177,2026-03-26,4.2,22.1,185,218,46,TRUE
562,sntl_562,MT,Montana,Kraft Creek,4770,47.42749,-113.77515,west,1309.97,465.33,3.8,0.0889,46,8.9,2026-03-17,168,2026-03-17,4.45,2026-03-27,178,2026-03-27,3.8,13.4,174,204,45,TRUE
563,sntl_563,OR,Oregon,Lake Creek R.S.,5250,44.21007,-118.63752,west,759.5,798.36,0,0.0851,48,4.4,2026-02-25,148,2026-02-25,2.2,2026-03-08,159,2026-03-08,0,11.1,160,186,47,TRUE
564,sntl_564,CO,Colorado,Lake Eldora,9700,39.93659,-105.59031,west,1966.21,1603.22,0.4,0,48,7.8,2026-03-18,169,2026-03-18,3.9,2026-03-26,177,2026-03-26,0.4,14,190,218,47,TRUE
565,sntl_565,CO,Colorado,Lake Irene,10680,40.41446,-105.81941,west,1949.17,1534.9,9.8,0,47,13.9,2026-03-18,169,2026-03-18,6.95,2026-05-12,224,2026-05-12,9.8,25.4,208,239,46,TRUE
566,sntl_566,UT,Utah,Lakefork #1,10120,40.59709,-110.43316,west,1476.82,1448.8,2.6,0,48,8.7,2026-03-16,167,2026-03-16,4.35,2026-03-28,179,2026-03-28,2.6,13.5,197,223,47,TRUE
568,sntl_568,MT,Montana,Lakeview Ridge,7340,44.58907,-111.82498,west,1425.64,881.75,0,0.0213,48,5.8,2026-03-12,163,2026-03-12,2.9,2026-03-25,176,2026-03-25,0,10.1,192,216,47,TRUE
569,sntl_569,NV,Nevada,Lamance Creek,6390,41.51542,-117.63197,west,771.88,1184,0,0.1818,45,1.5,2026-02-24,147,2026-02-24,0.75,2026-02-25,148,2026-02-25,0,10.6,160,180,44,TRUE
570,sntl_570,NV,Nevada,Lamoille #3,8040,40.6448,-115.3812,west,972.72,1351.44,0.3,0.0222,46,5.7,2026-03-09,160,2026-03-09,2.85,2026-03-18,169,2026-03-18,0.3,13.5,176,206,45,TRUE
571,sntl_571,WY,Wyoming,Laprele Creek,8370,42.43566,-105.86051,west,1973.89,1256.15,0,0,44,5,2026-03-17,168,2026-03-17,2.5,2026-03-26,177,2026-03-26,0,10.4,187,216,43,TRUE
572,sntl_572,UT,Utah,Lasal Mountain,9580,38.48226,-109.27198,west,1555.26,1756.58,0.1,0.0227,45,6.9,2026-02-24,147,2026-02-24,3.45,2026-03-19,170,2026-03-19,0.1,12.6,181,205,44,TRUE
573,sntl_573,NV,Nevada,Laurel Draw,6680,41.77637,-116.02957,west,939.69,1184.38,0,0.0444,46,2.4,2026-02-20,143,2026-02-20,1.2,2026-02-27,150,2026-02-27,0,11.3,166,191,45,TRUE
574,sntl_574,CA,California,Leavitt Lake,9600,38.27594,-119.61281,west,464.25,1571.27,34.2,0.1667,37,44.6,2026-05-07,219,2026-05-07,22.3,2026-06-02,245,2026-06-02,34.2,59,208,255,36,TRUE
575,sntl_575,CA,California,Leavitt Meadows,7200,38.30367,-119.55111,west,471.61,1569.16,0,,46,12.6,2026-02-24,147,2026-02-24,6.3,2026-03-04,155,2026-03-04,0,11.2,160,186,45,TRUE
576,sntl_576,MT,Montana,Lemhi Ridge,8080,44.9938,-113.44399,west,1279.58,799.32,5.4,0,55,7.3,2026-03-18,169,2026-03-18,3.65,2026-04-22,204,2026-04-22,5.4,12.4,204,224,50,TRUE
577,sntl_577,WY,Wyoming,Lewis Lake Divide,7880,44.20862,-110.66628,west,1529.66,951.7,25.3,0.2444,46,30.2,2026-03-18,169,2026-03-18,15.1,2026-05-12,224,2026-05-12,25.3,33.5,202,239,45,TRUE
578,sntl_578,MT,Montana,Lick Creek,6880,45.5041,-110.96625,west,1528.43,770.95,3.4,0,63,6.3,2026-03-17,168,2026-03-17,3.15,2026-03-30,181,2026-03-30,3.4,12,204,225,62,TRUE
579,sntl_579,UT,Utah,Lily Lake,9130,40.86493,-110.79813,west,1445.14,1406.34,0,0,45,8,2026-03-15,166,2026-03-15,4,2026-03-26,177,2026-03-26,0,13.6,197,219,44,TRUE
580,sntl_580,CO,Colorado,Lily Pond,11070,37.38028,-106.54823,west,1827.17,1944.8,0,0,46,6.1,2026-02-24,147,2026-02-24,3.05,2026-03-14,165,2026-03-14,0,14.8,186,220,45,TRUE
582,sntl_582,UT,Utah,Little Bear,6540,41.40562,-111.82607,west,1352.63,1315.45,0,0.0851,48,3.5,2026-02-24,147,2026-02-24,1.75,2026-02-28,151,2026-02-28,0,11.3,162,184,47,TRUE
583,sntl_583,UT,Utah,Little Grassy,6070,37.48631,-113.84582,west,1047.21,1812.55,0,,41,2,2026-02-23,146,2026-02-23,1,2026-02-26,149,2026-02-26,0,4.7,146,157,40,TRUE
584,sntl_584,OR,Oregon,Little Meadows,4020,44.61297,-122.22565,west,432.69,655.04,1.6,0.0444,46,8,2026-03-12,163,2026-03-12,4,2026-03-21,172,2026-03-21,1.6,30.8,174,218,44,TRUE
585,sntl_585,WY,Wyoming,Little Warm,9370,43.50278,-109.752,west,1604.71,1061.49,7.7,0.1064,48,9.9,2026-03-17,168,2026-03-17,4.95,2026-04-21,203,2026-04-21,7.7,10.6,200,227,47,TRUE
586,sntl_586,CO,Colorado,Lizard Head Pass,10190,37.79895,-107.92475,west,1686.14,1869.6,0.3,0,46,8.3,2026-03-10,161,2026-03-10,4.15,2026-03-21,172,2026-03-21,0.3,15.2,188,218,45,TRUE
587,sntl_587,CA,California,Lobdell Lake,9260,38.43745,-119.36572,west,495.38,1556.03,1.4,0.0213,48,10.8,2026-02-24,147,2026-02-24,5.4,2026-03-24,175,2026-03-24,1.4,16.6,186,212,47,TRUE
588,sntl_588,ID,Idaho,Lolo Pass,5280,46.63448,-114.58072,west,1214.62,557.41,20.9,0.2381,43,23,2026-03-18,169,2026-03-18,11.5,2026-05-02,214,2026-05-02,20.9,28.9,188,224,41,TRUE
589,sntl_589,CO,Colorado,Lone Cone,9730,37.89169,-108.19636,west,1658.72,1853.14,0,0,46,10.3,2026-03-10,161,2026-03-10,5.15,2026-03-24,175,2026-03-24,0,15.2,184,203,45,TRUE
590,sntl_590,MT,Montana,Lone Mountain,8820,45.27412,-111.42692,west,1479.36,795.07,14.6,0.2647,35,16.7,2026-05-01,213,2026-05-01,8.35,2026-05-16,228,2026-05-16,14.6,21.4,214,242,34,TRUE
591,sntl_591,WA,Washington,Lone Pine,3940,46.27143,-121.96288,west,518.98,442.47,14.9,0.0667,46,18.2,2026-03-13,164,2026-03-13,9.1,2026-05-03,215,2026-05-03,14.9,41.9,198,240,45,TRUE
592,sntl_592,UT,Utah,Long Flat,7990,37.51255,-113.39661,west,1095.7,1817.95,0,,46,2.1,2026-02-24,147,2026-02-24,1.05,2026-02-27,150,2026-02-27,0,7.7,160,178,45,TRUE
593,sntl_593,UT,Utah,Long Valley Jct,7460,37.48756,-112.51458,west,1189.11,1838.31,0,,40,3.3,2026-02-24,147,2026-02-24,1.65,2026-02-28,151,2026-02-28,0,5.6,156,168,39,TRUE
594,sntl_594,ID,Idaho,Lookout,5180,47.45749,-115.70457,west,1133.17,425.82,12.2,0.0227,45,15.9,2026-03-18,169,2026-03-18,7.95,2026-04-22,204,2026-04-22,12.2,26.7,191,228,42,TRUE
595,sntl_595,NM,New Mexico,Lookout Mountain,8500,33.36089,-107.83203,west,1619.77,2480.47,0,,46,0.7,2026-01-15,107,2026-01-15,0.35,2026-01-17,109,2026-01-17,0,2.2,128,137,44,TRUE
596,sntl_596,UT,Utah,Lookout Peak,8150,40.83731,-111.70965,west,1351.46,1395.05,2.7,0,38,14.2,2026-03-17,168,2026-03-17,7.1,2026-03-26,177,2026-03-26,2.7,28.7,198,228,37,TRUE
597,sntl_597,WY,Wyoming,Loomis Park,8240,43.17387,-110.14007,west,1559.75,1100.76,6.7,0,46,12.7,2026-03-17,168,2026-03-17,6.35,2026-04-02,184,2026-04-02,6.7,16.2,192,222,45,TRUE
599,sntl_599,WA,Washington,Lost Horse,5100,46.35754,-121.0809,west,603.32,453.43,3.5,0.0571,36,9.4,2026-03-16,167,2026-03-16,4.7,2026-03-30,181,2026-03-30,3.5,19,180,213,35,TRUE
600,sntl_600,ID,Idaho,Lost Lake,6090,47.0809,-115.9604,west,1098.94,471.22,39.2,0.1395,44,41.8,2026-04-29,211,2026-04-29,20.9,2026-05-30,242,2026-05-30,39.2,55.2,204,248,43,TRUE
601,sntl_601,ID,Idaho,Lost-Wood Divide,7870,43.82441,-114.26404,west,1170.33,942.6,13.7,0.2955,45,18.5,2026-03-17,168,2026-03-17,9.25,2026-04-24,206,2026-04-24,13.7,19,194,226,42,TRUE
602,sntl_602,CO,Colorado,Loveland Basin,11410,39.67428,-105.90264,west,1929.88,1636.03,10.8,0.0303,34,13.7,2026-05-08,220,2026-05-08,6.85,2026-05-27,239,2026-05-27,10.8,24.4,214,242,33,TRUE
603,sntl_603,MT,Montana,Lower Twin,7920,45.50871,-111.92288,west,1437.28,755.36,11.5,0.0444,46,15.5,2026-05-01,213,2026-05-01,7.75,2026-05-27,239,2026-05-27,11.5,20.2,215,248,45,TRUE
604,sntl_604,MT,Montana,Lubrecht Flume,4690,46.88293,-113.32228,west,1338.26,546.4,0,,56,5.9,2026-03-18,169,2026-03-18,2.95,2026-03-24,175,2026-03-24,0,5.6,158,178,55,TRUE
605,sntl_605,OR,Oregon,Lucky Strike,4970,45.27478,-118.8479,west,774.27,651.04,0.1,0.0851,48,1.4,2026-02-23,146,2026-02-23,0.7,2026-02-26,149,2026-02-26,0.1,7.6,163,182,47,TRUE
606,sntl_606,WA,Washington,Lyman Lake,5990,48.19798,-120.91678,west,683.68,214.44,48,0.2791,44,49.4,2026-03-19,170,2026-03-19,24.7,2026-05-15,227,2026-05-15,48,66,211,255,43,TRUE
607,sntl_607,CO,Colorado,Lynx Pass,8910,40.07832,-106.67095,west,1855.85,1571.66,0,0,45,4.8,2026-03-11,162,2026-03-11,2.4,2026-03-22,173,2026-03-22,0,11.5,186,210,44,TRUE
608,sntl_608,OR,Oregon,Madison Butte,5150,45.10513,-119.49585,west,707.57,658.5,0,,46,0.8,2026-04-23,205,2026-04-23,0.4,2026-04-25,207,2026-04-25,0,4.8,154,172,44,TRUE
609,sntl_609,MT,Montana,Madison Plateau,7710,44.58623,-111.11627,west,1494.1,893.39,14.9,0.069,59,17.4,2026-03-18,169,2026-03-18,8.7,2026-05-16,228,2026-05-16,14.9,24.7,206,237,58,TRUE
610,sntl_610,ID,Idaho,Magic Mountain,6940,42.18071,-114.28665,west,1124.7,1165.09,0.4,0,46,8.2,2026-03-09,160,2026-03-09,4.1,2026-03-25,176,2026-03-25,0.4,19.3,182,217,45,TRUE
612,sntl_612,UT,Utah,Mammoth-Cottonwood,8710,39.68338,-111.31818,west,1365.76,1559.46,0.1,0,47,8.4,2026-03-09,160,2026-03-09,4.2,2026-03-22,173,2026-03-22,0.1,18.7,191,216,46,TRUE
613,sntl_613,MT,Montana,Many Glacier,4930,48.79698,-113.6705,west,1354.14,283.66,0.5,0.0204,50,4.4,2026-03-17,168,2026-03-17,2.2,2026-03-20,171,2026-03-20,0.5,14.2,176,204,49,TRUE
614,sntl_614,OR,Oregon,Marion Forks,2590,44.59397,-121.97365,west,455.74,664.26,0,,46,1.1,2026-01-29,121,2026-01-29,0.55,2026-02-03,126,2026-02-03,0,10.2,153,190,45,TRUE
615,sntl_615,NV,Nevada,Marlette Lake,7860,39.16395,-119.89672,west,465.4,1444.5,4.1,0.0213,48,13.4,2026-02-24,147,2026-02-24,6.7,2026-03-25,176,2026-03-25,4.1,22.7,180,212,47,TRUE
616,sntl_616,WY,Wyoming,Marquette,8800,44.3016,-109.24019,west,1670.46,959.56,0,0,45,3.3,2026-03-17,168,2026-03-17,1.65,2026-03-23,174,2026-03-23,0,9.9,216,230,43,TRUE
617,sntl_617,AZ,Arizona,Maverick Fork,9210,33.92123,-109.45872,west,1446.34,2379.15,0,,46,1.8,2026-02-02,125,2026-02-02,0.9,2026-02-10,133,2026-02-10,0,9.1,156,180,45,TRUE
618,sntl_618,CO,Colorado,Mc Clure Pass,8760,39.12899,-107.28834,west,1776.13,1694.87,0,0,46,8.4,2026-03-10,161,2026-03-10,4.2,2026-03-23,174,2026-03-23,0,16.6,187,212,45,TRUE
619,sntl_619,OR,Oregon,Mckenzie,4770,44.2103,-121.87292,west,451.03,717.85,0.4,0,45,10.4,2026-02-24,147,2026-02-24,5.2,2026-03-22,173,2026-03-22,0.4,37.8,191,234,44,TRUE
620,sntl_620,ID,Idaho,Meadow Lake,9190,44.43655,-113.31815,west,1277.73,877.03,14.4,0.4773,45,15.8,2026-05-01,213,2026-05-01,7.9,2026-05-13,225,2026-05-13,14.4,17.1,210,238,41,TRUE
621,sntl_621,UT,Utah,Merchant Valley,8710,38.30285,-112.43637,west,1216.9,1728.44,0,0,46,4.9,2026-03-08,159,2026-03-08,2.45,2026-03-22,173,2026-03-22,0,13.6,189,212,45,TRUE
622,sntl_622,CO,Colorado,Mesa Lakes,10160,39.05738,-108.05756,west,1694,1694.74,1.1,0,40,6.6,2026-03-15,166,2026-03-15,3.3,2026-03-27,178,2026-03-27,1.1,19,198,230,39,TRUE
623,sntl_623,ID,Idaho,Mica Creek,4480,47.15045,-116.26643,west,1072.71,455.85,9.2,0.0286,36,12.1,2026-03-17,168,2026-03-17,6.05,2026-04-10,192,2026-04-10,9.2,22.6,180,216,35,TRUE
624,sntl_624,CO,Colorado,Middle Creek,11260,37.61779,-107.03932,west,1778.05,1906.06,5.1,0,46,9.5,2026-03-18,169,2026-03-18,4.75,2026-05-09,221,2026-05-09,5.1,19.1,198,230,45,TRUE
625,sntl_625,WY,Wyoming,Middle Powder,7760,43.62733,-107.18152,west,1860.46,1077.89,2.2,0,48,6.6,2026-03-17,168,2026-03-17,3.3,2026-03-30,181,2026-03-30,2.2,13.2,206,230,47,TRUE
626,sntl_626,UT,Utah,Midway Valley,9830,37.56933,-112.83849,west,1156.55,1821.03,10.9,0.0222,46,17.1,2026-03-09,160,2026-03-09,8.55,2026-04-23,205,2026-04-23,10.9,25.4,195,226,44,TRUE
627,sntl_627,ID,Idaho,Mill Creek Summit,8780,44.47212,-114.48992,west,1165.63,850.67,21,0.6818,45,23,2026-04-28,210,2026-04-28,11.5,2026-05-15,227,2026-05-15,21,21.7,209,242,40,TRUE
628,sntl_628,UT,Utah,Mill-D North,8940,40.65883,-111.63683,west,1354.84,1420.68,0.2,0,38,13.8,2026-03-11,162,2026-03-11,6.9,2026-03-25,176,2026-03-25,0.2,27,197,225,37,TRUE
629,sntl_629,CO,Colorado,Mineral Creek,10030,37.84737,-107.72657,west,1708.18,1865.59,0.2,0,48,6.3,2026-03-09,160,2026-03-09,3.15,2026-03-21,172,2026-03-21,0.2,15.6,191,220,46,TRUE
631,sntl_631,UT,Utah,Mining Fork,8290,40.49384,-112.61141,west,1251.25,1426.12,0,0,38,8.6,2026-03-16,167,2026-03-16,4.3,2026-03-24,175,2026-03-24,0,19.8,194,219,37,TRUE
632,sntl_632,CO,Colorado,Molas Lake,10610,37.74929,-107.68933,west,1710.49,1879.58,0.1,0,40,8,2026-02-25,148,2026-02-25,4,2026-03-25,176,2026-03-25,0.1,22,193,222,39,TRUE
633,sntl_633,CA,California,Monitor Pass,8320,38.6683,-119.6087,west,478.05,1518.65,0,0.0286,36,11.4,2026-02-24,147,2026-02-24,5.7,2026-03-22,173,2026-03-22,0,15.6,180,207,35,TRUE
634,sntl_634,UT,Utah,Monte Cristo,8930,41.46547,-111.49688,west,1387.3,1312.81,13.1,0,48,19.4,2026-03-12,163,2026-03-12,9.7,2026-05-04,216,2026-05-04,13.1,29.6,200,234,47,TRUE
635,sntl_635,MT,Montana,Monument Peak,8740,45.21759,-110.237,west,1592.22,820.7,19.6,0.5333,46,21.8,2026-05-01,213,2026-05-01,10.9,2026-05-24,236,2026-05-24,19.6,23.5,210,246,45,TRUE
636,sntl_636,ID,Idaho,Moonshine,7490,44.41478,-113.39814,west,1269.46,878.55,3.1,0,45,8.5,2026-03-17,168,2026-03-17,4.25,2026-03-29,180,2026-03-29,3.1,9.9,182,212,44,TRUE
637,sntl_637,ID,Idaho,Mores Creek Summit,6090,43.932,-115.66588,west,1037.21,900.53,7.5,0,45,13,2026-03-17,168,2026-03-17,6.5,2026-04-09,191,2026-04-09,7.5,31.2,188,222,42,TRUE
638,sntl_638,ID,Idaho,Moose Creek,6170,45.67008,-113.95315,west,1248.31,698.79,10,0.0682,45,13.3,2026-03-17,168,2026-03-17,6.65,2026-04-11,193,2026-04-11,10,16.4,188,216,42,TRUE
639,sntl_639,ID,Idaho,Morgan Creek,7620,44.84237,-114.26871,west,1196.68,804.78,5.8,0.0455,45,10.4,2026-03-18,169,2026-03-18,5.2,2026-04-07,189,2026-04-07,5.8,10.5,188,212,44,TRUE
640,sntl_640,AZ,Arizona,Mormon Mountain,7490,34.94141,-111.51864,west,1238.13,2204.41,0,,46,2.5,2026-02-23,146,2026-02-23,1.25,2026-02-27,150,2026-02-27,0,5.4,155,168,45,TRUE
641,sntl_641,AK,Alaska,Frostbite Bottom,2690,61.74699,-149.26769,ak,784.51,356.89,7.3,0,7,12.8,2026-05-09,221,2026-05-09,6.4,2026-05-31,243,2026-05-31,7.3,,,,5,FALSE
642,sntl_642,WA,Washington,Morse Lake,5400,46.90585,-121.4827,west,586.23,370.89,32.1,0.0909,45,34.4,2026-03-18,169,2026-03-18,17.2,2026-05-09,221,2026-05-09,32.1,57.8,203,247,42,TRUE
643,sntl_643,UT,Utah,Mosby Mtn.,9550,40.60798,-109.8881,west,1532.99,1455.71,1,0,48,6.8,2026-03-16,167,2026-03-16,3.4,2026-03-28,179,2026-03-28,1,12.6,192,218,47,TRUE
644,sntl_644,WA,Washington,Moses Mtn,5470,48.36166,-119.08158,west,853.92,235.34,0.3,0,35,5.2,2026-03-10,161,2026-03-10,2.6,2026-03-21,172,2026-03-21,0.3,16.7,192,219,34,TRUE
645,sntl_645,ID,Idaho,Mosquito Ridge,5270,48.05726,-116.23055,west,1102.19,335.5,18.9,0.0455,45,20.9,2026-03-18,169,2026-03-18,10.45,2026-05-03,215,2026-05-03,18.9,34,197,234,42,TRUE
646,sntl_646,MT,Montana,Moss Peak,6760,47.68497,-113.96239,west,1299.3,427.49,39.3,0.675,41,46.2,2026-05-03,215,2026-05-03,23.1,2026-06-07,250,2026-06-07,39.3,43.6,217,254,40,TRUE
647,sntl_647,OR,Oregon,Moss Springs,5760,45.27173,-117.68747,west,883.66,677.58,13.3,0.0667,46,16.2,2026-03-18,169,2026-03-18,8.1,2026-05-07,219,2026-05-07,13.3,26.4,191,226,45,TRUE
648,sntl_648,WA,Washington,Mount Crag,3960,47.7637,-123.026,west,478.62,218.48,13.6,0.0833,37,14.8,2026-04-03,185,2026-04-03,7.4,2026-05-02,214,2026-05-02,13.6,32.4,190,232,35,TRUE
649,sntl_649,MT,Montana,Mount Lockhart,6430,47.91727,-112.8238,west,1409.59,415.66,19.1,0.4912,58,20.2,2026-03-17,168,2026-03-17,10.1,2026-05-10,222,2026-05-10,19.1,20,203,238,57,TRUE
650,sntl_650,ID,Idaho,Mountain Meadows,6340,45.69694,-115.22972,west,1128.31,671.25,15.8,0.0889,46,16.8,2026-03-18,169,2026-03-18,8.4,2026-05-07,219,2026-05-07,15.8,23.1,199,233,45,TRUE
651,sntl_651,OR,Oregon,Mt Hood Test Site,5380,45.32097,-121.7158,west,506.83,574.61,20.2,0.0444,46,23,2026-03-13,164,2026-03-13,11.5,2026-05-05,217,2026-05-05,20.2,59.4,207,250,45,TRUE
652,sntl_652,NV,Nevada,Mt Rose Ski Area,8810,39.31573,-119.89473,west,470.84,1424.17,19.1,0.0889,46,27,2026-02-25,148,2026-02-25,13.5,2026-05-11,223,2026-05-11,19.1,37.4,198,240,45,TRUE
653,sntl_653,OR,Oregon,Mt. Howard,7840,45.26514,-117.17377,west,932.03,689.61,8.2,0.0667,46,10.7,2026-03-16,167,2026-03-16,5.35,2026-05-04,216,2026-05-04,8.2,20.5,208,232,45,TRUE
654,sntl_654,ID,Idaho,Mud Flat,5750,42.6004,-116.55925,west,911.31,1061.59,0,,46,0.4,2026-02-22,145,2026-02-22,0.2,2026-02-23,146,2026-02-23,0,7,160,177,44,TRUE
655,sntl_655,OR,Oregon,Mud Ridge,4070,45.25362,-121.73673,west,502.39,583,6.1,0.0638,48,10.9,2026-03-13,164,2026-03-13,5.45,2026-04-06,188,2026-04-06,6.1,24.4,180,220,46,TRUE
656,sntl_656,MT,Montana,Mule Creek,8300,45.40957,-112.95927,west,1336.18,751.53,15.3,0.6222,46,17.6,2026-04-30,212,2026-04-30,8.8,2026-05-25,237,2026-05-25,15.3,17.4,209,244,45,TRUE
657,sntl_657,MT,Montana,N Fk Elk Creek,6180,46.8716,-113.27725,west,1342.17,548.7,13.2,0.6552,59,14.1,2026-04-05,187,2026-04-05,7.05,2026-05-05,217,2026-05-05,13.2,11.8,195,220,58,TRUE
658,sntl_658,CO,Colorado,Nast Lake,8710,39.29695,-106.60786,west,1850.34,1680.02,0,0.025,41,5.5,2026-03-10,161,2026-03-10,2.75,2026-03-22,173,2026-03-22,0,8.8,180,196,40,TRUE
660,sntl_660,OR,Oregon,New Crescent Lake,4910,43.51185,-121.97982,west,414.87,807.79,0,0.1778,46,5.5,2026-02-25,148,2026-02-25,2.75,2026-03-13,164,2026-03-13,0,13.3,152,180,45,TRUE
661,sntl_661,WY,Wyoming,New Fork Lake,8380,43.11265,-109.94947,west,1577.38,1111.93,4.1,0,41,8.7,2026-03-18,169,2026-03-18,4.35,2026-03-31,182,2026-03-31,4.1,10.9,190,216,40,TRUE
662,sntl_662,MT,Montana,Nez Perce Camp,5670,45.73107,-114.48075,west,1199.99,680.87,10.6,0.2041,50,12.5,2026-03-17,168,2026-03-17,6.25,2026-05-02,214,2026-05-02,10.6,13.9,186,220,49,TRUE
663,sntl_663,CO,Colorado,Niwot,9940,40.03581,-105.5452,west,1972.29,1590.01,3.2,0,46,8.3,2026-03-17,168,2026-03-17,4.15,2026-03-29,180,2026-03-29,3.2,15.1,202,231,45,TRUE
664,sntl_664,MT,Montana,Noisy Basin,6070,48.15668,-113.9463,west,1312.86,364.56,34.7,0.1961,52,44,2026-04-30,212,2026-04-30,22,2026-06-01,244,2026-06-01,34.7,47.2,208,248,51,TRUE
665,sntl_665,NM,New Mexico,North Costilla,10570,36.99396,-105.25988,west,1960.98,2012.63,0,0.1087,47,0.9,2026-02-23,146,2026-02-23,0.45,2026-02-26,149,2026-02-26,0,7,172,192,46,TRUE
666,sntl_666,OR,Oregon,North Fork,3070,45.5505,-122.00283,west,488.56,536.75,2.1,0.0851,48,7.3,2026-03-13,164,2026-03-13,3.65,2026-03-21,172,2026-03-21,2.1,22.4,173,213,47,TRUE
667,sntl_667,MT,Montana,North Fork Jocko,6110,47.27258,-113.75631,west,1307.77,486.47,39,0.3889,37,39.1,2026-04-03,185,2026-04-03,19.55,2026-05-26,238,2026-05-26,39,43.5,204,244,36,TRUE
668,sntl_668,WY,Wyoming,North French Creek,10150,41.33087,-106.37558,west,1905.45,1402.59,15.3,0.0213,48,21.1,2026-03-19,170,2026-03-19,10.55,2026-05-23,235,2026-05-23,15.3,34.2,212,248,47,TRUE
669,sntl_669,CO,Colorado,North Lost Trail,9190,39.07818,-107.14388,west,1790.51,1703.67,2.1,0,41,11.3,2026-03-16,167,2026-03-16,5.65,2026-03-26,177,2026-03-26,2.1,17.4,186,211,40,TRUE
670,sntl_670,MT,Montana,Northeast Entrance,7420,45.00568,-110.01411,west,1609.33,852.75,1.7,0,60,8.6,2026-03-17,168,2026-03-17,4.3,2026-03-26,177,2026-03-26,1.7,10.2,186,208,59,TRUE
671,sntl_671,OR,Oregon,Ochoco Meadows,5430,44.42917,-120.3311,west,605.33,728.33,0,0.0667,46,1.9,2026-02-25,148,2026-02-25,0.95,2026-03-04,155,2026-03-04,0,10.6,158,188,45,TRUE
672,sntl_672,WA,Washington,Olallie Meadows,4010,47.37406,-121.44213,west,606.88,310.14,24,0.0465,44,26.3,2026-03-16,167,2026-03-16,13.15,2026-05-05,217,2026-05-05,24,55.9,199,243,42,TRUE
673,sntl_673,WY,Wyoming,Old Battle,9840,41.15426,-106.96926,west,1842.03,1420.05,18.5,0.0222,46,23.8,2026-05-08,220,2026-05-08,11.9,2026-06-03,246,2026-06-03,18.5,38.9,216,253,45,TRUE
675,sntl_675,CO,Colorado,Overland Res.,9890,39.09035,-107.63583,west,1738.93,1695.76,0.4,0,37,6.7,2026-03-09,160,2026-03-09,3.35,2026-03-25,176,2026-03-25,0.4,12.3,188,214,36,TRUE
676,sntl_676,WY,Wyoming,Owl Creek,8990,43.65868,-109.00988,west,1680.81,1050.54,0,0,46,2.5,2026-03-17,168,2026-03-17,1.25,2026-03-21,172,2026-03-21,0,6.4,194,208,45,TRUE
677,sntl_677,ID,Idaho,Oxford Spring,6790,42.26024,-112.12523,west,1342.33,1193.74,0,0.0909,45,5.6,2026-03-08,159,2026-03-08,2.8,2026-03-18,169,2026-03-18,0,10.2,161,191,43,TRUE
679,sntl_679,WA,Washington,Paradise,5150,46.78266,-121.74767,west,557.55,380.47,36.7,0.0698,44,38.7,2026-04-24,206,2026-04-24,19.35,2026-05-28,240,2026-05-28,36.7,81.6,216,270,43,TRUE
680,sntl_680,CO,Colorado,Park Cone,9600,38.81982,-106.58962,west,1844.9,1745.97,2,0,46,4.9,2026-03-14,165,2026-03-14,2.45,2026-03-30,181,2026-03-30,2,10.4,191,216,45,TRUE
681,sntl_681,WA,Washington,Park Creek Ridge,4610,48.44488,-120.91551,west,692.51,181.99,26.8,0.0851,48,29,2026-03-17,168,2026-03-17,14.5,2026-04-28,210,2026-04-28,26.8,49.2,193,232,47,TRUE
682,sntl_682,CO,Colorado,Park Reservoir,9990,39.04433,-107.87951,west,1712.51,1698.9,10.2,0,48,13,2026-04-30,212,2026-04-30,6.5,2026-05-16,228,2026-05-16,10.2,27.5,208,242,46,TRUE
683,sntl_683,WY,Wyoming,Parker Peak,9420,44.73396,-109.91484,west,1613.44,891.17,23.4,0.5909,45,24.4,2026-04-07,189,2026-04-07,12.2,2026-05-16,228,2026-05-16,23.4,25.9,216,243,44,TRUE
684,sntl_684,UT,Utah,Parleys Summit,7590,40.76184,-111.62917,west,1357.96,1406.73,0,0,48,6.7,2026-03-12,163,2026-03-12,3.35,2026-03-21,172,2026-03-21,0,15.7,182,209,47,TRUE
686,sntl_686,UT,Utah,Payson R.S.,8050,39.92976,-111.63109,west,1338.89,1520.44,0,0.0222,46,3,2026-02-25,148,2026-02-25,1.5,2026-03-14,165,2026-03-14,0,16,182,204,45,TRUE
687,sntl_687,OR,Oregon,Peavine Ridge,3420,45.04148,-121.93252,west,476.23,606,0,0.0682,45,3.8,2026-02-24,147,2026-02-24,1.9,2026-03-08,159,2026-03-08,0,13.8,160,194,44,TRUE
688,sntl_688,CO,Colorado,Phantom Valley,9030,40.39803,-105.84606,west,1946.17,1536.88,0,0,46,6.9,2026-03-10,161,2026-03-10,3.45,2026-03-26,177,2026-03-26,0,10.4,182,211,45,TRUE
689,sntl_689,WY,Wyoming,Phillips Bench,8170,43.51687,-110.91258,west,1490.77,1042.2,16.8,0.0889,46,20.4,2026-03-17,168,2026-03-17,10.2,2026-05-12,224,2026-05-12,16.8,28.5,202,240,45,TRUE
690,sntl_690,MT,Montana,Pickfoot Creek,6680,46.57969,-111.26812,west,1523.24,620.59,0,0.0213,48,4.3,2026-03-17,168,2026-03-17,2.15,2026-03-21,172,2026-03-21,0,10.9,188,210,47,TRUE
691,sntl_691,UT,Utah,Pickle Keg,9010,39.01219,-111.58259,west,1323.14,1646.75,0,0,48,6.7,2026-03-13,164,2026-03-13,3.35,2026-03-21,172,2026-03-21,0,16.2,189,218,47,TRUE
692,sntl_692,WA,Washington,Pigtail Peak,5800,46.62153,-121.38643,west,584.74,410.87,37.3,0.1591,45,39.7,2026-03-19,170,2026-03-19,19.85,2026-05-22,234,2026-05-22,37.3,59.1,212,253,44,TRUE
693,sntl_693,MT,Montana,Pike Creek,5930,48.30305,-113.32868,west,1372.84,355.52,0.8,0.0204,50,6.8,2026-01-09,101,2026-01-09,3.4,2026-01-17,109,2026-01-17,0.8,21,194,225,49,TRUE
694,sntl_694,UT,Utah,Pine Creek,8730,38.88185,-112.24915,west,1250.32,1652.77,0,0,42,7.7,2026-03-14,165,2026-03-14,3.85,2026-03-25,176,2026-03-25,0,23,192,220,40,TRUE
695,sntl_695,ID,Idaho,Pine Creek Pass,6710,43.56998,-111.21157,west,1462.55,1030.27,0,0,38,7.3,2026-03-10,161,2026-03-10,3.65,2026-03-23,174,2026-03-23,0,16.1,184,212,37,TRUE
696,sntl_696,MT,Montana,Placer Basin,8790,45.41905,-110.08844,west,1610.57,795.44,15.2,0.3333,46,16.2,2026-03-19,170,2026-03-19,8.1,2026-05-16,228,2026-05-16,15.2,20.5,216,245,45,TRUE
697,sntl_697,CA,California,Poison Flat,7730,38.50576,-119.62624,west,470.7,1540.03,1,0.0222,46,13,2026-02-24,147,2026-02-24,6.5,2026-03-22,173,2026-03-22,1,18.3,186,214,45,TRUE
698,sntl_698,NV,Nevada,Pole Creek R.S.,8370,41.87255,-115.24713,west,1020.54,1187.73,10,0,46,11.3,2026-03-14,165,2026-03-14,5.65,2026-05-04,216,2026-05-04,10,21.4,207,234,45,TRUE
699,sntl_699,WA,Washington,Pope Ridge,3590,47.9909,-120.56622,west,707.89,250.11,3.7,0.0227,45,8.5,2026-03-16,167,2026-03-16,4.25,2026-03-22,173,2026-03-22,3.7,17.3,168,208,44,TRUE
700,sntl_700,MT,Montana,Porcupine,6480,46.11192,-110.4696,west,1588.53,695.83,0.4,0.0408,50,3.6,2026-03-18,169,2026-03-18,1.8,2026-03-21,172,2026-03-21,0.4,6.8,188,204,49,TRUE
701,sntl_701,CO,Colorado,Porphyry Creek,10790,38.48864,-106.33967,west,1866.34,1794.54,0.7,0,48,10.4,2026-03-10,161,2026-03-10,5.2,2026-03-26,177,2026-03-26,0.7,17,197,226,47,TRUE
702,sntl_702,WA,Washington,Potato Hill,4480,46.3497,-121.51415,west,563.15,443.59,17.6,0.0952,43,19.8,2026-03-14,165,2026-03-14,9.9,2026-05-04,216,2026-05-04,17.6,32,186,227,42,TRUE
703,sntl_703,WY,Wyoming,Powder River Pass,9480,44.16188,-107.12622,west,1874.53,1005.29,6.5,0.0213,48,9.8,2026-03-18,169,2026-03-18,4.9,2026-04-10,192,2026-04-10,6.5,12.2,201,231,47,TRUE
704,sntl_704,ID,Idaho,Prairie,4800,43.50513,-115.573,west,1034.16,960.08,0,,40,1.1,2026-02-19,142,2026-02-19,0.55,2026-02-26,149,2026-02-26,0,5.8,148,169,39,TRUE
705,sntl_705,AZ,Arizona,Promontory,7930,34.36848,-111.01088,west,1281.82,2291.79,0,,44,2.1,2026-02-22,145,2026-02-22,1.05,2026-02-26,149,2026-02-26,0,12.7,157,178,43,TRUE
706,sntl_706,OR,Oregon,Quartz Mountain,5710,42.31923,-120.82533,west,483.15,997.37,0,,46,1.2,2026-02-23,146,2026-02-23,0.6,2026-02-25,148,2026-02-25,0,2.7,134,150,45,TRUE
707,sntl_707,WA,Washington,Quartz Peak,4710,47.87927,-117.08938,west,1018.86,341.96,4.2,0.0526,39,8.7,2026-03-17,168,2026-03-17,4.35,2026-04-01,183,2026-04-01,4.2,21.5,176,216,38,TRUE
708,sntl_708,NM,New Mexico,Quemazon,9500,35.92195,-106.39179,west,1821.99,2147.53,0,,46,1.4,2025-12-16,77,2025-12-16,0.7,2025-12-22,83,2025-12-22,0,7.9,164,180,45,TRUE
709,sntl_709,CO,Colorado,Rabbit Ears,9390,40.36735,-106.74118,west,1853.07,1531.03,4.1,0,40,13,2026-03-12,163,2026-03-12,6.5,2026-03-28,179,2026-03-28,4.1,27.9,204,234,39,TRUE
710,sntl_710,OR,Oregon,Railroad Overpass,2680,43.65887,-122.21272,west,398.07,781.98,0,,45,0.4,2026-01-10,102,2026-01-10,0.2,2026-01-11,103,2026-01-11,0,1.8,110,120,44,TRUE
711,sntl_711,WA,Washington,Rainy Pass,4880,48.51865,-120.7358,west,711.14,176.57,33.5,0.3721,44,34.8,2026-03-19,170,2026-03-19,17.4,2026-05-15,227,2026-05-15,33.5,39.5,200,242,43,TRUE
712,sntl_712,OR,Oregon,Red Hill,4410,45.4643,-121.70428,west,513.17,555.92,15.4,0.0851,48,27.6,2026-03-13,164,2026-03-13,13.8,2026-04-11,193,2026-04-11,15.4,48.4,193,236,47,TRUE
713,sntl_713,CO,Colorado,Red Mountain Pass,11060,37.89168,-107.71389,west,1710.29,1859.67,5.1,0,46,10.3,2026-03-09,160,2026-03-09,5.15,2026-03-31,182,2026-03-31,5.1,25,208,237,45,TRUE
714,sntl_714,UT,Utah,Red Pine Ridge,8990,39.45197,-111.27221,west,1365.39,1591.9,0,0,48,6.7,2026-03-09,160,2026-03-09,3.35,2026-03-22,173,2026-03-22,0,15.2,194,216,45,TRUE
715,sntl_715,NM,New Mexico,Red River Pass #2,9840,36.69935,-105.34145,west,1948.12,2052.39,0,0.1522,47,1.5,2025-12-18,79,2025-12-18,0.75,2026-01-06,98,2026-01-06,0,8.3,172,191,46,TRUE
716,sntl_716,WY,Wyoming,Reno Hill,8410,42.57089,-106.08969,west,1952.83,1235.13,3.9,0,44,7,2026-03-19,170,2026-03-19,3.5,2026-04-13,195,2026-04-13,3.9,16.3,204,231,43,TRUE
717,sntl_717,CO,Colorado,Ripple Creek,10340,40.10844,-107.29383,west,1791.65,1560,10.3,0,40,13.6,2026-03-19,170,2026-03-19,6.8,2026-05-14,226,2026-05-14,10.3,29.3,207,241,39,TRUE
718,sntl_718,CO,Colorado,Roach,9710,40.87498,-106.04675,west,1932.37,1468.99,4.5,0,46,8.6,2026-03-17,168,2026-03-17,4.3,2026-04-11,193,2026-04-11,4.5,17.5,207,234,45,TRUE
719,sntl_719,OR,Oregon,Roaring River,4960,43.90098,-122.03063,west,424.52,754.73,0,0,46,6.4,2026-02-23,146,2026-02-23,3.2,2026-03-19,170,2026-03-19,0,27.5,184,218,45,TRUE
720,sntl_720,UT,Utah,Rock Creek,7880,40.54875,-110.69292,west,1449.14,1451.3,0,0,46,4,2026-02-25,148,2026-02-25,2,2026-03-14,165,2026-03-14,0,8.1,176,198,45,TRUE
721,sntl_721,OR,Oregon,Rock Springs,5290,44.00883,-118.83842,west,733.66,820.63,0,,46,1.5,2026-02-03,126,2026-02-03,0.75,2026-02-08,131,2026-02-08,0,6.9,156,171,44,TRUE
722,sntl_722,MT,Montana,Rocker Peak,7960,46.35613,-112.26176,west,1424.81,635.18,14.7,0.6034,59,16.4,2026-04-19,201,2026-04-19,8.2,2026-05-24,236,2026-05-24,14.7,16.4,218,247,58,TRUE
723,sntl_723,UT,Utah,Rocky Basin-Settleme,8700,40.44293,-112.22377,west,1289.74,1440,3.4,0,45,11.2,2026-03-12,163,2026-03-12,5.6,2026-03-28,179,2026-03-28,3.4,23.6,198,227,44,TRUE
724,sntl_724,CA,California,Rubicon #2,7560,38.99927,-120.13139,west,435.6,1460.39,0.5,0.0222,46,14,2026-02-23,146,2026-02-23,7,2026-03-19,170,2026-03-19,0.5,26.5,187,223,45,TRUE
725,sntl_725,MT,Montana,S Fork Shields,8090,46.08963,-110.43367,west,1591.47,699.38,10.2,0.0444,46,12.6,2026-05-01,213,2026-05-01,6.3,2026-05-14,226,2026-05-14,10.2,20.1,216,242,45,TRUE
726,sntl_726,OR,Oregon,Saddle Mountain,3090,45.54475,-123.37331,west,361.13,500.82,0,,47,3.9,2026-02-24,147,2026-02-24,1.95,2026-03-05,156,2026-03-05,0,8.9,134,150,46,TRUE
727,sntl_727,MT,Montana,Saddle Mtn.,7890,45.69259,-113.96828,west,1247.46,695.48,22,0.3621,59,23.5,2026-04-26,208,2026-04-26,11.75,2026-05-23,235,2026-05-23,22,25.6,206,244,58,TRUE
728,sntl_728,WA,Washington,Salmon Meadows,4460,48.65518,-119.8383,west,795.92,179.52,0,0.0233,44,4,2026-03-06,157,2026-03-06,2,2026-03-19,170,2026-03-19,0,10.5,178,204,43,TRUE
729,sntl_729,OR,Oregon,Salt Creek Falls,4220,43.61193,-122.11758,west,405.41,790.78,0,0.0222,46,2.8,2026-01-26,118,2026-01-26,1.4,2026-02-05,128,2026-02-05,0,21.4,178,212,45,TRUE
730,sntl_730,WY,Wyoming,Salt River Summit,7630,42.5075,-110.9099,west,1469.24,1180,0,0,46,9.8,2026-03-09,160,2026-03-09,4.9,2026-03-25,176,2026-03-25,0,13.6,189,218,45,TRUE
731,sntl_731,WY,Wyoming,Sand Lake,10080,41.4625,-106.281,west,1917.07,1385.52,16.9,0,44,21.8,2026-05-08,220,2026-05-08,10.9,2026-06-02,245,2026-06-02,16.9,33.1,218,254,43,TRUE
732,sntl_732,WY,Wyoming,Sandstone RS,8150,41.11179,-107.17043,west,1820.76,1423.48,0,0,41,8.7,2026-03-08,159,2026-03-08,4.35,2026-03-24,175,2026-03-24,0,14.1,188,209,40,TRUE
733,sntl_733,OR,Oregon,Santiam Jct.,3740,44.43503,-121.94502,west,452.54,686.1,0.1,0.1064,48,2.2,2026-01-13,105,2026-01-13,1.1,2026-01-31,123,2026-01-31,0.1,15,156,181,47,TRUE
734,sntl_734,WA,Washington,Sasse Ridge,4340,47.38485,-121.06323,west,641.62,318.06,11.1,0.0244,42,15.7,2026-03-21,172,2026-03-21,7.85,2026-04-09,191,2026-04-09,11.1,32,190,228,40,TRUE
735,sntl_735,ID,Idaho,Savage Pass,6170,46.46633,-114.63333,west,1205.23,579.04,23.1,0.3488,44,24,2026-03-20,171,2026-03-20,12,2026-05-12,224,2026-05-12,23.1,27,200,231,42,TRUE
736,sntl_736,OR,Oregon,Schneider Meadows,5400,45.00107,-117.16522,west,924.81,725.23,10.8,0,45,14.8,2026-03-13,164,2026-03-13,7.4,2026-04-10,192,2026-04-10,10.8,27.4,180,221,44,TRUE
737,sntl_737,CO,Colorado,Schofield Pass,10640,39.01467,-107.04933,west,1799.44,1713.58,11.2,0,41,19,2026-03-10,161,2026-03-10,9.5,2026-04-25,207,2026-04-25,11.2,35.1,201,240,40,TRUE
738,sntl_738,ID,Idaho,Schweitzer Basin,6090,48.37428,-116.63917,west,1074.38,285.2,33,0.0682,45,37,2026-04-20,202,2026-04-20,18.5,2026-05-14,226,2026-05-14,33,51,204,247,42,TRUE
739,sntl_739,CO,Colorado,Scotch Creek,9160,37.64562,-108.00833,west,1674.51,1889.56,0.1,0.0513,40,7,2026-02-25,148,2026-02-25,3.5,2026-03-18,169,2026-03-18,0.1,12.1,168,198,39,TRUE
740,sntl_740,ID,Idaho,Secesh Summit,6530,45.18848,-115.97152,west,1043.74,724.97,20.5,0.1136,45,24.8,2026-03-18,169,2026-03-18,12.4,2026-05-06,218,2026-05-06,20.5,32.2,192,229,44,TRUE
741,sntl_741,ID,Idaho,Sedgwick Peak,7800,42.52463,-111.95632,west,1365.32,1160.57,7.2,0,38,12.5,2026-03-11,162,2026-03-11,6.25,2026-04-09,191,2026-04-09,7.2,20.1,192,220,37,TRUE
742,sntl_742,UT,Utah,Seeley Creek,9900,39.31042,-111.43297,west,1345.49,1608.53,0.1,0,47,5.9,2026-03-14,165,2026-03-14,2.95,2026-03-24,175,2026-03-24,0.1,14.1,197,226,44,TRUE
743,sntl_743,OR,Oregon,Seine Creek,2070,45.52688,-123.29857,west,367.36,505.22,0,,45,2.1,2026-02-22,145,2026-02-22,1.05,2026-02-26,149,2026-02-26,0,3.4,112,118,44,TRUE
744,sntl_744,NM,New Mexico,Senorita Divide #2,8560,36.00152,-106.83408,west,1774.62,2131.13,0,0.1111,46,1.8,2026-02-21,144,2026-02-21,0.9,2026-02-28,151,2026-02-28,0,8.2,164,186,45,TRUE
745,sntl_745,OR,Oregon,Sevenmile Marsh,5690,42.69825,-122.14165,west,368.83,911.6,0.2,0,46,8.7,2026-03-07,158,2026-03-07,4.35,2026-03-22,173,2026-03-22,0.2,31.5,184,222,45,TRUE
746,sntl_746,NV,Nevada,Seventysix Creek,7360,41.73732,-115.47215,west,994.27,1201.41,0,0.0426,48,4,2026-03-08,159,2026-03-08,2,2026-03-14,165,2026-03-14,0,10.9,173,200,47,TRUE
747,sntl_747,ID,Idaho,Shanghi Summit,4590,46.56603,-115.74216,west,1104.55,544.48,7.8,0.0465,44,14.5,2026-03-14,165,2026-03-14,7.25,2026-04-05,187,2026-04-05,7.8,24.8,182,215,41,TRUE
748,sntl_748,WA,Washington,Sheep Canyon,3990,46.19325,-122.25393,west,489.29,445.24,13.4,0.119,43,18.4,2026-03-13,164,2026-03-13,9.2,2026-05-03,215,2026-05-03,13.4,40,188,232,42,TRUE
749,sntl_749,ID,Idaho,Sheep Mtn.,6630,43.2103,-111.68792,west,1407.63,1071.59,0,0,44,6.5,2026-03-11,162,2026-03-11,3.25,2026-03-22,173,2026-03-22,0,13.8,176,202,42,TRUE
750,sntl_750,NV,Nevada,Sheldon,5860,41.90435,-119.44464,west,604.5,1088.16,0,,37,0.4,2026-02-23,146,2026-02-23,0.2,2026-02-24,147,2026-02-24,0,1,126,130,36,TRUE
751,sntl_751,WY,Wyoming,Shell Creek,9570,44.50012,-107.42947,west,1850.43,955.46,12,0.234,48,16.1,2026-05-10,222,2026-05-10,8.05,2026-05-29,241,2026-05-29,12,18.2,217,244,46,TRUE
752,sntl_752,ID,Idaho,Sherwin,3190,46.95028,-116.33972,west,1060.14,481.15,0,0.0909,45,4.5,2026-03-17,168,2026-03-17,2.25,2026-03-25,176,2026-03-25,0,10.1,156,189,42,TRUE
753,sntl_753,MT,Montana,Short Creek,6990,44.97572,-111.95215,west,1422.24,827.18,0,0,38,3,2026-03-17,168,2026-03-17,1.5,2026-03-21,172,2026-03-21,0,6.2,192,214,37,TRUE
754,sntl_754,MT,Montana,Shower Falls,8060,45.40125,-110.95758,west,1527.04,785.05,16.7,0.0667,61,20.5,2026-05-01,213,2026-05-01,10.25,2026-05-29,241,2026-05-29,16.7,25.9,218,251,60,TRUE
755,sntl_755,NM,New Mexico,Signal Peak,8390,32.92342,-108.14546,west,1576.52,2535.87,0,,46,1,2025-11-22,53,2025-11-22,0.5,2025-11-25,56,2025-11-25,0,3.7,138,156,45,TRUE
756,sntl_756,OR,Oregon,Silver Creek,5750,42.95615,-121.18123,west,471.41,903.01,0,0.1556,46,2.3,2026-01-30,122,2026-01-30,1.15,2026-02-10,133,2026-02-10,0,10.9,160,187,45,TRUE
757,sntl_757,NM,New Mexico,Silver Creek Divide,9080,33.3696,-108.70711,west,1520.7,2466.39,0,0.1778,46,5.2,2026-02-24,147,2026-02-24,2.6,2026-03-03,154,2026-03-03,0,8.6,165,189,44,TRUE
759,sntl_759,OR,Oregon,Silvies,7000,42.75333,-118.68785,west,707.12,992.61,0,0.0435,47,3.9,2026-03-10,161,2026-03-10,1.95,2026-03-19,170,2026-03-19,0,14.9,191,217,46,TRUE
760,sntl_760,MT,Montana,Skalkaho Summit,7260,46.24212,-113.7725,west,1280.03,624.87,21.5,0.551,50,22.5,2026-03-19,170,2026-03-19,11.25,2026-05-13,225,2026-05-13,21.5,23.4,202,238,49,TRUE
761,sntl_761,ID,Idaho,Slug Creek Divide,7240,42.56248,-111.29797,west,1431.75,1166.29,1.4,0,46,13.2,2026-03-13,164,2026-03-13,6.6,2026-03-24,175,2026-03-24,1.4,15.2,184,210,45,TRUE
762,sntl_762,CO,Colorado,Slumgullion,11560,37.99076,-107.20392,west,1766.45,1852.63,0,0,46,6.4,2026-03-13,164,2026-03-13,3.2,2026-03-23,174,2026-03-23,0,15.1,204,230,45,TRUE
763,sntl_763,UT,Utah,Smith  Morehouse,7640,40.78931,-111.09192,west,1413.47,1411.93,0,0,48,5.7,2026-03-13,164,2026-03-13,2.85,2026-03-26,177,2026-03-26,0,13.9,184,210,47,TRUE
764,sntl_764,WY,Wyoming,Snake River Station,6900,44.13361,-110.66917,west,1527.79,961.87,3.4,0,37,11.7,2026-03-13,164,2026-03-13,5.85,2026-03-29,180,2026-03-29,3.4,18,185,214,36,TRUE
765,sntl_765,WY,Wyoming,Snider Basin,8080,42.4949,-110.53203,west,1506.69,1187.61,0.5,0,45,8.7,2026-03-13,164,2026-03-13,4.35,2026-03-26,177,2026-03-26,0.5,13.3,191,218,44,TRUE
766,sntl_766,UT,Utah,Snowbird,9170,40.56914,-111.65852,west,1350.58,1432.57,17.2,0,37,25.5,2026-03-09,160,2026-03-09,12.75,2026-05-09,221,2026-05-09,17.2,43.8,210,243,36,TRUE
767,sntl_767,OR,Oregon,Snow Mountain,6230,43.94885,-119.54013,west,664.33,811.89,0.4,0.0213,48,6,2026-03-12,163,2026-03-12,3,2026-03-22,173,2026-03-22,0.4,12.5,186,209,47,TRUE
768,sntl_768,AK,Alaska,Look Eyrie,5040,63.32192,-145.59655,ak,838.02,295.93,28.2,0,2,52.6,2026-06-05,248,2026-06-05,26.3,2026-07-06,279,2026-07-06,28.2,,,,1,FALSE
769,sntl_769,ID,Idaho,Soldier R.S.,5780,43.48407,-114.82692,west,1106.36,977.84,0,0.1026,40,1.6,2026-02-05,128,2026-02-05,0.8,2026-02-08,131,2026-02-08,0,12.1,164,189,39,TRUE
770,sntl_770,ID,Idaho,Somsen Ranch,6830,42.95275,-111.35933,west,1434.32,1112.05,0,0,46,7,2026-02-26,149,2026-02-26,3.5,2026-03-21,172,2026-03-21,0,12.8,180,204,45,TRUE
771,sntl_771,CA,California,Sonora Pass,8770,38.31021,-119.6003,west,466.72,1566.99,9.6,0.0213,48,16.5,2026-02-24,147,2026-02-24,8.25,2026-05-08,220,2026-05-08,9.6,23.4,200,226,47,TRUE
772,sntl_772,WY,Wyoming,South Brush Creek,8480,41.3295,-106.5025,west,1892.47,1401.35,0.3,0,46,6.5,2026-03-16,167,2026-03-16,3.25,2026-03-24,175,2026-03-24,0.3,12.3,185,214,45,TRUE
773,sntl_773,CO,Colorado,South Colony,10790,37.96647,-105.53671,west,1944.44,1875.52,3,0,35,8.2,2026-03-09,160,2026-03-09,4.1,2026-03-29,180,2026-03-29,3,20.9,206,236,34,TRUE
774,sntl_774,ID,Idaho,South Mtn.,6650,42.76476,-116.90029,west,882.68,1031.97,0,0.0455,45,1.8,2026-02-25,148,2026-02-25,0.9,2026-03-13,164,2026-03-13,0,15.6,174,205,44,TRUE
775,sntl_775,WY,Wyoming,South Pass,9040,42.57314,-108.84324,west,1677,1201.38,8.5,0,41,12.2,2026-03-17,168,2026-03-17,6.1,2026-04-22,204,2026-04-22,8.5,16.6,204,233,40,TRUE
776,sntl_776,WA,Washington,Spencer Meadow,3400,46.1795,-121.92661,west,518.92,455.55,8,0.0714,43,12.8,2026-03-13,164,2026-03-13,6.4,2026-04-09,191,2026-04-09,8,32.3,180,219,42,TRUE
777,sntl_777,WA,Washington,Spirit Lake,3520,46.26113,-122.1772,west,498.88,438.28,0,,42,4,2026-01-11,103,2026-01-11,2,2026-01-21,113,2026-01-21,0,11.3,155,164,41,TRUE
778,sntl_778,CA,California,Spratt Creek,6060,38.66627,-119.81741,west,456.42,1513.43,0,,46,3.1,2026-02-22,145,2026-02-22,1.55,2026-02-25,148,2026-02-25,0,5.7,150,164,45,TRUE
779,sntl_779,WY,Wyoming,Spring Creek Divide,9020,42.52516,-110.66148,west,1494.41,1181.47,20.7,0.2889,46,23.9,2026-05-03,215,2026-05-03,11.95,2026-05-29,241,2026-05-29,20.7,26,208,242,44,TRUE
780,sntl_780,CO,Colorado,Spud Mountain,10660,37.69883,-107.77841,west,1700.09,1885.34,0.8,0,40,12,2026-02-24,147,2026-02-24,6,2026-03-22,173,2026-03-22,0.8,25.6,187,222,39,TRUE
781,sntl_781,MT,Montana,Spur Park,8080,46.77962,-110.62165,west,1588.17,603.15,20.7,0.4746,60,23.3,2026-04-30,212,2026-04-30,11.65,2026-05-28,240,2026-05-28,20.7,24.6,213,247,59,TRUE
782,sntl_782,ID,Idaho,Puhi Flat,6240,44.77091,-116.24805,west,1005.33,775.51,8.4,0.0455,45,15.2,2026-03-13,164,2026-03-13,7.6,2026-04-07,189,2026-04-07,8.4,23.6,186,220,42,TRUE
783,sntl_783,MT,Montana,Sleeping Woman,6120,47.17902,-114.33371,west,1251.95,488.77,12.3,0.3529,35,14.2,2026-03-18,169,2026-03-18,7.1,2026-05-03,215,2026-05-03,12.3,15.4,197,226,34,TRUE
784,sntl_784,CA,California,Palisades Tahoe,8010,39.18986,-120.26576,west,428.48,1431.23,6.1,0.0222,46,25.5,2026-02-25,148,2026-02-25,12.75,2026-03-21,172,2026-03-21,6.1,50.8,187,227,45,TRUE
785,sntl_785,AK,Alaska,McGrath,340,62.94652,-155.6102,ak,680.54,317.17,4.9,0,7,5.9,2026-04-24,206,2026-04-24,2.95,2026-05-03,215,2026-05-03,4.9,,,,6,FALSE
786,sntl_786,WY,Wyoming,St. Lawrence Alt,8610,43.03312,-109.17021,west,1653.1,1133.91,0,0.0476,43,3.3,2026-03-17,168,2026-03-17,1.65,2026-03-20,171,2026-03-20,0,7,191,207,42,TRUE
787,sntl_787,MT,Montana,Stahl Peak,6040,48.90902,-114.86298,west,1249.54,247.79,34.1,0.56,51,39.3,2026-05-01,213,2026-05-01,19.65,2026-05-31,243,2026-05-31,34.1,40.9,212,254,50,TRUE
788,sntl_788,WA,Washington,Stampede Pass,3850,47.27427,-121.34162,west,612.4,325.79,15.1,0.0465,44,17.9,2026-03-18,169,2026-03-18,8.95,2026-05-01,213,2026-05-01,15.1,38.1,192,236,43,TRUE
789,sntl_789,OR,Oregon,Starr Ridge,5240,44.26423,-119.02162,west,724.53,782.11,0,,46,0.6,2026-02-25,148,2026-02-25,0.3,2026-02-26,149,2026-02-26,0,7,158,172,45,TRUE
790,sntl_790,UT,Utah,Steel Creek Park,10140,40.90862,-110.50462,west,1476.05,1405.02,9.1,0,48,11.4,2026-03-17,168,2026-03-17,5.7,2026-05-11,223,2026-05-11,9.1,18.8,216,242,47,TRUE
791,sntl_791,WA,Washington,Stevens Pass,3940,47.74607,-121.09288,west,651.81,269.7,23.2,0.1111,46,24.6,2026-03-18,169,2026-03-18,12.3,2026-04-30,212,2026-04-30,23.2,38,182,231,45,TRUE
792,sntl_792,ID,Idaho,Stickney Mill,7440,43.86117,-114.20902,west,1176.65,938.66,1.5,0.0222,46,8.5,2026-03-11,162,2026-03-11,4.25,2026-03-27,178,2026-03-27,1.5,8.4,182,204,45,TRUE
793,sntl_793,CO,Colorado,Stillwater Creek,8760,40.22532,-105.9198,west,1936.05,1559.89,0,0.025,41,3.9,2026-02-28,151,2026-02-28,1.95,2026-03-09,160,2026-03-09,0,9.1,177,196,40,TRUE
794,sntl_794,OR,Oregon,Strawberry,5760,42.12587,-120.8361,west,475.19,1022.92,0,,46,2,2026-02-23,146,2026-02-23,1,2026-02-26,149,2026-02-26,0,5.8,154,170,45,TRUE
795,sntl_795,UT,Utah,Strawberry Divide,8100,40.16483,-111.20665,west,1387.96,1495.46,0,0,48,6.3,2026-02-25,148,2026-02-25,3.15,2026-03-20,171,2026-03-20,0,16.1,183,211,47,TRUE
797,sntl_797,CO,Colorado,Stump Lakes,11230,37.47647,-107.63348,west,1711.86,1917.86,3.1,0,40,8.6,2026-03-13,164,2026-03-13,4.3,2026-03-28,179,2026-03-28,3.1,18.8,204,234,39,TRUE
798,sntl_798,WY,Wyoming,Sucker Creek,8840,44.72279,-107.40035,west,1856.94,925.35,4.9,0,48,7.4,2026-03-17,168,2026-03-17,3.7,2026-04-23,205,2026-04-23,4.9,14.9,214,233,47,TRUE
800,sntl_800,OR,Oregon,Summer Rim,7080,42.6957,-120.80158,west,498.91,947.7,0,0.0213,48,4.7,2026-03-07,158,2026-03-07,2.35,2026-03-15,166,2026-03-15,0,17.6,186,218,47,TRUE
801,sntl_801,OR,Oregon,Summit Lake,5610,43.44907,-122.13808,west,397.34,811.87,10.4,0.0222,46,13.3,2026-03-10,161,2026-03-10,6.65,2026-05-09,221,2026-05-09,10.4,42,208,252,45,TRUE
802,sntl_802,CO,Colorado,Summit Ranch,9350,39.71803,-106.1577,west,1903.86,1627.17,0,0,45,6.3,2026-03-17,168,2026-03-17,3.15,2026-03-23,174,2026-03-23,0,11.4,192,216,44,TRUE
803,sntl_803,ID,Idaho,Sunset,5570,47.55545,-115.82422,west,1124.95,410.41,12.7,0.0465,44,15.5,2026-03-18,169,2026-03-18,7.75,2026-04-22,204,2026-04-22,12.7,23,197,232,43,TRUE
804,sntl_804,WA,Washington,Surprise Lakes,4280,46.094970000000004,-121.76345,west,530.85,470.92,22,0.087,47,25.1,2026-03-14,165,2026-03-14,12.55,2026-05-04,216,2026-05-04,22,49,192,240,46,TRUE
805,sntl_805,ID,Idaho,Swede Peak,7640,43.626,-113.96887,west,1193.91,975.04,4.1,0,45,11.3,2026-03-10,161,2026-03-10,5.65,2026-03-28,179,2026-03-28,4.1,13.9,191,220,44,TRUE
806,sntl_806,WY,Wyoming,Sylvan Lake,8440,44.47764,-110.15651,west,1584.82,922.62,13.2,0.1111,46,16.9,2026-03-18,169,2026-03-18,8.45,2026-05-08,220,2026-05-08,13.2,22,204,238,45,TRUE
807,sntl_807,WY,Wyoming,Sylvan Road,7140,44.47825,-110.03808,west,1596.33,924.25,0,0,39,9.4,2026-03-09,160,2026-03-09,4.7,2026-03-22,173,2026-03-22,0,12.3,190,210,38,TRUE
809,sntl_809,CA,California,Tahoe City Cross,6760,39.17162,-120.15362,west,439.33,1436.67,0,0.1818,45,8.3,2026-02-21,144,2026-02-21,4.15,2026-02-28,151,2026-02-28,0,14.1,160,187,44,TRUE
810,sntl_810,OR,Oregon,Taylor Butte,5030,42.69108,-121.42592,west,438.03,931.88,0,,48,0.9,2026-02-22,145,2026-02-22,0.45,2026-02-28,151,2026-02-28,0,7.6,156,174,47,TRUE
811,sntl_811,NV,Nevada,Taylor Canyon,6320,41.2287,-116.0293,west,923.85,1258.52,0,,46,0.6,2026-02-20,143,2026-02-20,0.3,2026-02-25,148,2026-02-25,0,6,159,174,45,TRUE
812,sntl_812,OR,Oregon,Taylor Green,5730,45.07707,-117.55067,west,890.57,706.67,1.7,0,47,10.3,2026-03-13,164,2026-03-13,5.15,2026-03-24,175,2026-03-24,1.7,21.2,183,212,46,TRUE
813,sntl_813,MT,Montana,Tepee Creek,7950,44.78562,-111.71,west,1441.2,856.91,7.1,0.0185,55,9.4,2026-03-19,170,2026-03-19,4.7,2026-05-05,217,2026-05-05,7.1,13.9,204,230,54,TRUE
814,sntl_814,UT,Utah,Thaynes Canyon,9260,40.6235,-111.53322,west,1364.65,1427.26,9.6,0,38,14.3,2026-03-17,168,2026-03-17,7.15,2026-05-04,216,2026-05-04,9.6,24.7,200,229,37,TRUE
815,sntl_815,OR,Oregon,Three Creeks Meadow,5680,44.14425,-121.64095,west,470.62,732.74,0,0.0222,46,2.3,2026-02-02,125,2026-02-02,1.15,2026-02-13,136,2026-02-13,0,18.7,185,218,45,TRUE
816,sntl_816,WY,Wyoming,Thumb Divide,7970,44.36917,-110.57717,west,1541.72,931.17,11.1,0.1053,39,16.4,2026-03-18,169,2026-03-18,8.2,2026-04-13,195,2026-04-13,11.1,17.7,196,222,38,TRUE
817,sntl_817,WA,Washington,Thunder Basin,4310,48.52753,-120.9895,west,688.83,169.34,24.7,0.2432,38,25.3,2026-03-16,167,2026-03-16,12.65,2026-04-27,209,2026-04-27,24.7,30.4,188,232,36,TRUE
818,sntl_818,WY,Wyoming,Tie Creek,7050,44.81243,-107.41017,west,1857.47,912.98,0.3,0.0645,32,1.4,2026-04-05,187,2026-04-05,0.7,2026-04-09,191,2026-04-09,0.3,6.3,188,206,31,TRUE
819,sntl_819,WY,Wyoming,Timber Creek,7910,44.0274,-109.17879,west,1671.22,997.85,0,0.0263,39,1.2,2026-05-01,213,2026-05-01,0.6,2026-05-03,215,2026-05-03,0,6,200,218,38,TRUE
820,sntl_820,UT,Utah,Timpanogos Divide,8180,40.42817,-111.61633,west,1351.71,1452.55,0.2,0,48,14.4,2026-02-25,148,2026-02-25,7.2,2026-03-23,174,2026-03-23,0.2,18.8,184,214,47,TRUE
821,sntl_821,OR,Oregon,Tipton,5150,44.65567,-118.42617,west,794.1,743.55,0,0,46,4.7,2026-02-27,150,2026-02-27,2.35,2026-03-20,171,2026-03-20,0,12.1,175,204,45,TRUE
822,sntl_822,WY,Wyoming,Togwotee Pass,9590,43.74902,-110.0578,west,1579.6,1023.43,19.7,0.2222,46,22.1,2026-03-19,170,2026-03-19,11.05,2026-05-28,240,2026-05-28,19.7,26.5,216,251,45,TRUE
823,sntl_823,UT,Utah,Tony Grove Lake,8450,41.89833,-111.62957,west,1383.68,1251.49,17.4,0.0426,48,27.8,2026-03-09,160,2026-03-09,13.9,2026-04-21,203,2026-04-21,17.4,36.2,198,233,47,TRUE
824,sntl_824,WA,Washington,Touchet,5520,46.11868,-117.8505,west,894.78,560.68,10.8,0.0455,45,16.8,2026-03-14,165,2026-03-14,8.4,2026-04-08,190,2026-04-08,10.8,30.7,192,226,43,TRUE
825,sntl_825,CO,Colorado,Tower,10610,40.5374,-106.67655,west,1862.4,1508.38,21.9,0,47,28.4,2026-05-08,220,2026-05-08,14.2,2026-06-02,245,2026-06-02,21.9,49,219,254,46,TRUE
826,sntl_826,WY,Wyoming,Townsend Creek,8720,42.69525,-108.89572,west,1674.04,1183.94,1.3,0,46,6.2,2026-03-17,168,2026-03-17,3.1,2026-03-29,180,2026-03-29,1.3,10.6,201,224,45,TRUE
827,sntl_827,CO,Colorado,Trapper Lake,9750,39.99881,-107.23618,west,1795.84,1575.8,0.5,0.025,41,6.5,2026-03-09,160,2026-03-09,3.25,2026-03-23,174,2026-03-23,0.5,18.2,198,228,40,TRUE
828,sntl_828,UT,Utah,Trial Lake,9970,40.678,-110.94873,west,1425.7,1429.49,13.2,0.0213,48,18.5,2026-03-15,166,2026-03-15,9.25,2026-05-09,221,2026-05-09,13.2,24.2,206,235,47,TRUE
829,sntl_829,CO,Colorado,Trinchera,10860,37.35296,-105.23259,west,1968.76,1963.4,0,0,37,4.5,2026-03-10,161,2026-03-10,2.25,2026-03-22,173,2026-03-22,0,11.1,187,211,36,TRUE
830,sntl_830,ID,Idaho,Trinity Mtn.,7790,43.62903,-115.43818,west,1050.78,946.07,21.2,0.0667,46,23.6,2026-04-19,201,2026-04-19,11.8,2026-05-13,225,2026-05-13,21.2,37.9,203,248,44,TRUE
831,sntl_831,WY,Wyoming,Triple Peak,8520,42.76393,-110.5914,west,1506.45,1149.94,16.7,0.15,41,21.8,2026-03-20,171,2026-03-20,10.9,2026-05-05,217,2026-05-05,16.7,24.4,198,229,40,TRUE
832,sntl_832,WA,Washington,Trough,5480,47.23328,-120.29412,west,706.22,356.67,3.3,0.1064,48,8.6,2026-03-17,168,2026-03-17,4.3,2026-03-22,173,2026-03-22,3.3,11.6,180,210,47,TRUE
833,sntl_833,UT,Utah,Trout Creek,9440,40.739,-109.6728,west,1557.7,1440.97,0,0,48,6.3,2026-03-18,169,2026-03-18,3.15,2026-03-26,177,2026-03-26,0,11.2,190,216,47,TRUE
834,sntl_834,CA,California,Truckee #2,6500,39.30087,-120.18407,west,440.72,1418.52,0,0.0444,46,13.4,2026-02-25,148,2026-02-25,6.7,2026-03-19,170,2026-03-19,0,17.9,166,202,45,TRUE
835,sntl_835,MT,Montana,Twelvemile Creek,5530,46.14287,-114.44755,west,1214.04,626.01,5.6,0.0172,59,14.3,2026-03-16,167,2026-03-16,7.15,2026-03-28,179,2026-03-28,5.6,17.3,178,208,58,TRUE
836,sntl_836,MT,Montana,Twin Lakes,6380,46.1438,-114.5056,west,1208.61,624.81,36.6,0.3966,59,37.7,2026-04-04,186,2026-04-04,18.85,2026-05-23,235,2026-05-23,36.6,41.7,200,239,58,TRUE
837,sntl_837,WY,Wyoming,Two Ocean Plateau,9240,44.15178,-110.22122,west,1571.84,966.09,32.7,0.6889,46,35.8,2026-05-01,213,2026-05-01,17.9,2026-06-05,248,2026-06-05,32.7,34.9,216,254,45,TRUE
838,sntl_838,CO,Colorado,University Camp,10330,40.03307,-105.57562,west,1969.09,1590.07,8.6,0.0217,47,10.9,2026-05-08,220,2026-05-08,5.45,2026-05-29,241,2026-05-29,8.6,19.9,218,245,46,TRUE
839,sntl_839,CO,Colorado,Upper Rio Grande,9370,37.72172,-107.25971,west,1756.08,1888.96,0,0.0513,40,3.3,2026-03-11,162,2026-03-11,1.65,2026-03-15,166,2026-03-15,0,6.6,168,191,39,TRUE
840,sntl_840,CO,Colorado,Upper San Juan,10140,37.48563,-106.83528,west,1797.89,1926.79,1.7,0,48,13.4,2026-03-12,163,2026-03-12,6.7,2026-03-26,177,2026-03-26,1.7,29.7,191,230,47,TRUE
841,sntl_841,WA,Washington,Upper Wheeler,4330,47.28734,-120.37015,west,701.17,347.7,4.7,0.0227,45,6.6,2026-03-18,169,2026-03-18,3.3,2026-04-08,190,2026-04-08,4.7,12.9,181,212,44,TRUE
842,sntl_842,CO,Colorado,Vail Mountain,10290,39.61765,-106.38019,west,1879.1,1638.48,0,0,48,9.5,2026-03-13,164,2026-03-13,4.75,2026-03-26,177,2026-03-26,0,20.8,209,233,47,TRUE
843,sntl_843,CO,Colorado,Vallecito,10740,37.48524,-107.50748,west,1725.56,1918.31,0.3,0,40,8,2026-02-25,148,2026-02-25,4,2026-03-21,172,2026-03-21,0.3,14.8,187,214,39,TRUE
844,sntl_844,UT,Utah,Vernon Creek,7310,39.93667,-112.41478,west,1258.11,1505.71,0,0.0213,48,1.5,2026-02-25,148,2026-02-25,0.75,2026-02-27,150,2026-02-27,0,10.4,174,196,47,TRUE
845,sntl_845,ID,Idaho,Vienna Mine,8930,43.79942,-114.85273,west,1112.42,934.66,29.3,0.3864,45,32.8,2026-04-28,210,2026-04-28,16.4,2026-05-19,231,2026-05-19,29.3,34.9,208,246,44,TRUE
846,sntl_846,CA,California,Virginia Lakes Ridge,9400,38.07298,-119.23433,west,496.78,1608.47,7,0.0426,48,13.9,2026-02-24,147,2026-02-24,6.95,2026-04-04,186,2026-04-04,7,16.1,200,228,47,TRUE
847,sntl_847,MT,Montana,Waldron,5640,47.91998,-112.79087,west,1412.68,415.83,6.3,0.0877,58,7.6,2026-03-17,168,2026-03-17,3.8,2026-04-15,197,2026-04-15,6.3,11.1,190,218,57,TRUE
848,sntl_848,CA,California,Ward Creek #3,6750,39.13545,-120.21865,west,431.4,1439.79,1.5,0.0217,47,18.1,2026-02-25,148,2026-02-25,9.05,2026-03-22,173,2026-03-22,1.5,37.3,180,216,46,TRUE
849,sntl_849,NV,Nevada,Ward Mountain,9170,39.13242,-114.95575,west,974.43,1565.73,0.5,0.0222,46,7.3,2026-03-09,160,2026-03-09,3.65,2026-03-21,172,2026-03-21,0.5,12.4,182,208,45,TRUE
850,sntl_850,MT,Montana,Warm Springs,7840,46.27368,-113.164,west,1338,631.24,27.9,0.9167,49,32.4,2026-05-04,216,2026-05-04,16.2,2026-06-10,253,2026-06-10,27.9,24.4,216,253,48,TRUE
852,sntl_852,WY,Wyoming,Webber Springs,9250,41.1591,-106.92809,west,1846.32,1419.87,9.6,0,46,14.6,2026-03-16,167,2026-03-16,7.3,2026-04-21,203,2026-04-21,9.6,23.9,198,232,45,TRUE
853,sntl_853,UT,Utah,Webster Flat,9150,37.575,-112.90155,west,1149.97,1819.05,0,0,46,7.9,2026-02-24,147,2026-02-24,3.95,2026-03-17,168,2026-03-17,0,14.2,172,197,45,TRUE
854,sntl_854,NM,New Mexico,Wesner Springs,11110,35.77584,-105.54337,west,1913.29,2177.49,0,0.0556,37,2.3,2026-02-24,147,2026-02-24,1.15,2026-02-28,151,2026-02-28,0,14.8,182,216,36,TRUE
855,sntl_855,ID,Idaho,West Branch,5590,45.0722,-116.45413,west,994.51,730.71,7.6,0.0222,46,13.9,2026-03-14,165,2026-03-14,6.95,2026-04-06,188,2026-04-06,7.6,22.2,179,211,44,TRUE
856,sntl_856,UT,Utah,Parleys Upper,8330,40.70194,-111.60619,west,1358.95,1415.31,3.4,0,7,12.4,2026-03-17,168,2026-03-17,6.2,2026-03-27,178,2026-03-27,3.4,,,,6,FALSE
857,sntl_857,CO,Colorado,Whiskey Ck,10260,37.21423,-105.12262,west,1978.8,1983.69,0,0,46,3.7,2026-02-23,146,2026-02-23,1.85,2026-03-11,162,2026-03-11,0,11.1,184,211,45,TRUE
858,sntl_858,MT,Montana,Whiskey Creek,6790,44.61088,-111.14998,west,1491.38,889.51,8.3,0.037,55,11.3,2026-03-17,168,2026-03-17,5.65,2026-04-13,195,2026-04-13,8.3,16.5,199,230,54,TRUE
859,sntl_859,WY,Wyoming,Whiskey Park,8950,41.00368,-106.90795,west,1845.91,1441.49,14.3,0,40,20.3,2026-03-17,168,2026-03-17,10.15,2026-05-10,222,2026-05-10,14.3,30.8,198,240,39,TRUE
860,sntl_860,ID,Idaho,White Elephant,7670,44.53267,-111.41085,west,1464.42,896.06,13.2,0,45,18.2,2026-03-17,168,2026-03-17,9.1,2026-05-10,222,2026-05-10,13.2,28.6,201,233,43,TRUE
861,sntl_861,AZ,Arizona,White Horse Lake,7190,35.14189,-112.14966,west,1173.1,2165.34,0,,46,1.8,2026-02-22,145,2026-02-22,0.9,2026-02-25,148,2026-02-25,0,4.2,152,164,45,TRUE
862,sntl_862,MT,Montana,White Mill,8730,45.04575,-109.90987,west,1620.18,848.78,25.6,0.6538,53,28.5,2026-05-04,216,2026-05-04,14.25,2026-05-29,241,2026-05-29,25.6,27.4,217,250,52,TRUE
863,sntl_863,WA,Washington,White Pass E.S.,4440,46.64142,-121.38153,west,585.91,408.36,15.3,0.0909,45,18.2,2026-03-16,167,2026-03-16,9.1,2026-04-28,210,2026-04-28,15.3,22.6,187,230,44,TRUE
864,sntl_864,UT,Utah,White River #1,8620,39.9645,-110.98845,west,1406.1,1526.48,0,0,47,5.9,2026-03-08,159,2026-03-08,2.95,2026-03-18,169,2026-03-18,0,11.4,184,207,46,TRUE
865,sntl_865,UT,Utah,Widtsoe #3,9640,37.83633,-111.88163,west,1264.72,1802.27,0,0,48,7,2026-03-08,159,2026-03-08,3.5,2026-03-20,171,2026-03-20,0,10.9,186,212,47,TRUE
866,sntl_866,AZ,Arizona,Wildcat,7850,33.74347,-109.48078,west,1440.39,2403.11,0,,42,1.9,2026-01-15,107,2026-01-15,0.95,2026-01-21,113,2026-01-21,0,3.5,145,158,41,TRUE
867,sntl_867,ID,Idaho,Wildhorse Divide,6480,42.75743,-112.47783,west,1318.97,1119.92,1.6,0,45,8.8,2026-03-12,163,2026-03-12,4.4,2026-03-26,177,2026-03-26,1.6,15.8,184,217,41,TRUE
868,sntl_868,WY,Wyoming,Willow Creek,8060,42.81513,-110.83515,west,1483.31,1139.16,15.7,0.0227,45,23.5,2026-03-19,170,2026-03-19,11.75,2026-05-06,218,2026-05-06,15.7,31.4,196,234,44,TRUE
869,sntl_869,CO,Colorado,Willow Creek Pass,9520,40.34734,-106.0952,west,1919.64,1541.15,6.2,0,48,8.1,2026-05-07,219,2026-05-07,4.05,2026-05-14,226,2026-05-14,6.2,16.4,216,236,47,TRUE
870,sntl_870,CO,Colorado,Willow Park,10710,40.43397,-105.73588,west,1958.09,1533.11,6.7,0,46,11.7,2026-03-18,169,2026-03-18,5.85,2026-04-12,194,2026-04-12,6.7,21,211,236,45,TRUE
871,sntl_871,ID,Idaho,Wilson Creek,7110,42.01257,-115.00278,west,1048.79,1173.72,0,0,36,3.8,2026-02-25,148,2026-02-25,1.9,2026-03-09,160,2026-03-09,0,13.8,177,209,35,TRUE
872,sntl_872,WY,Wyoming,Windy Peak,7890,42.27991,-105.57782,west,2000.16,1280.5,0,0,44,3,2026-03-17,168,2026-03-17,1.5,2026-03-22,173,2026-03-22,0,8.4,190,214,43,TRUE
873,sntl_873,OR,Oregon,Wolf Creek,5730,45.06704,-118.15185,west,833.3,694.68,0,0,48,5.2,2026-03-11,162,2026-03-11,2.6,2026-03-21,172,2026-03-21,0,16.6,186,213,47,TRUE
874,sntl_874,CO,Colorado,Wolf Creek Summit,10930,37.47903,-106.80234,west,1801.33,1928.11,8.2,0,40,15.2,2026-03-14,165,2026-03-14,7.6,2026-05-14,226,2026-05-14,8.2,35.5,212,249,39,TRUE
875,sntl_875,WY,Wyoming,Wolverine,7660,44.80417,-109.657,west,1639.77,885.25,0.5,0,46,8.4,2026-03-19,170,2026-03-19,4.2,2026-03-26,177,2026-03-26,0.5,11.9,182,208,45,TRUE
876,sntl_876,MT,Montana,Wood Creek,5970,47.44847,-112.81428,west,1399.2,478.83,4.9,0.0426,48,7.2,2026-03-19,170,2026-03-19,3.6,2026-04-11,193,2026-04-11,4.9,9.5,198,226,47,TRUE
877,sntl_877,AZ,Arizona,Workman Creek,7030,33.81259,-110.91852,west,1280.11,2369.33,0,,46,1.5,2026-02-22,145,2026-02-22,0.75,2026-02-24,147,2026-02-24,0,6.9,144,158,45,TRUE
878,sntl_878,WY,Wyoming,Younts Peak,8340,43.93225,-109.81775,west,1606.82,1001.9,9.4,0.0476,43,16.4,2026-03-17,168,2026-03-17,8.2,2026-04-06,188,2026-04-06,9.4,15.3,208,234,42,TRUE
893,sntl_893,MT,Montana,Tizer Basin,6880,46.34937,-111.85308,west,1463.1,642.66,2.7,0,38,6.6,2026-03-20,171,2026-03-20,3.3,2026-03-29,180,2026-03-29,2.7,10.3,197,219,37,TRUE
895,sntl_895,ID,Idaho,Chocolate Gulch,6310,43.7685,-114.41812,west,1153.86,947.24,1.9,0,33,9.1,2026-03-05,156,2026-03-05,4.55,2026-03-26,177,2026-03-26,1.9,12.5,183,209,32,TRUE
896,sntl_896,UT,Utah,Hardscrabble,7270,40.86833,-111.71865,west,1351.25,1390.66,0.1,0,33,5,2026-03-07,158,2026-03-07,2.5,2026-03-19,170,2026-03-19,0.1,18.7,178,203,32,TRUE
897,sntl_897,WA,Washington,Meadows Pass,3230,47.28312,-121.47197,west,600.88,321.38,13,0.1875,33,16.7,2026-03-18,169,2026-03-18,8.35,2026-04-22,204,2026-04-22,13,30.3,179,219,32,TRUE
898,sntl_898,WA,Washington,Mount Gardner,2930,47.35768,-121.56812,west,594.87,309.16,1.2,0.125,33,5.8,2026-03-16,167,2026-03-16,2.9,2026-03-21,172,2026-03-21,1.2,17.1,167,201,32,TRUE
899,sntl_899,WA,Washington,Tinkham Creek,3000,47.33198,-121.46975,west,602.85,315,11.1,0.0625,33,13.6,2026-03-18,169,2026-03-18,6.8,2026-04-22,204,2026-04-22,11.1,28.4,180,226,32,TRUE
901,sntl_901,MT,Montana,Stuart Mountain,7270,46.99521,-113.92667,west,1284.9,520.75,38.8,0.8387,32,44.8,2026-05-01,213,2026-05-01,22.4,2026-06-04,247,2026-06-04,38.8,35.1,206,248,31,TRUE
902,sntl_902,AZ,Arizona,Beaver Head,8070,33.69115,-109.21685,west,1469.12,2414.48,0,,32,0.9,2026-01-14,106,2026-01-14,0.45,2026-01-18,110,2026-01-18,0,3.3,145,154,31,TRUE
903,sntl_903,MT,Montana,Nevada Ridge,7030,46.84234,-112.50787,west,1413.19,565.52,18.9,0.7742,32,20,2026-04-06,188,2026-04-06,10,2026-05-12,224,2026-05-12,18.9,16.1,202,233,31,TRUE
904,sntl_904,CO,Colorado,Columbus Basin,10780,37.44146,-108.02468,west,1669.19,1917.41,8.8,0,32,11.7,2026-03-15,166,2026-03-15,5.85,2026-05-10,222,2026-05-10,8.8,25.7,200,233,31,TRUE
905,sntl_905,CO,Colorado,Mancos,10020,37.43109,-108.17005,west,1653.38,1916.83,0,0,32,8,2026-02-25,148,2026-02-25,4,2026-03-18,169,2026-03-18,0,16.3,174,204,31,TRUE
906,sntl_906,UT,Utah,Dry Fork,7180,40.56533,-112.17343,west,1297.77,1424.17,0.1,0,32,6.3,2026-03-10,161,2026-03-10,3.15,2026-03-25,176,2026-03-25,0.1,15.6,184,210,31,TRUE
907,sntl_907,UT,Utah,Agua Canyon,8890,37.52217,-112.27118,west,1215.9,1838.11,0,,32,4,2026-02-24,147,2026-02-24,2,2026-03-02,153,2026-03-02,0,9.1,163,180,31,TRUE
908,sntl_908,WA,Washington,Alpine Meadows,3500,47.77957,-121.69847,west,598.46,250.35,32.3,0.1935,32,36.2,2026-04-20,202,2026-04-20,18.1,2026-05-13,225,2026-05-13,32.3,58.7,201,248,31,TRUE
909,sntl_909,WA,Washington,Wells Creek,4040,48.8661,-121.78976,west,629.92,105.47,16.5,0.1,31,17.5,2026-04-05,187,2026-04-05,8.75,2026-05-04,216,2026-05-04,16.5,36.3,196,235,30,TRUE
910,sntl_910,WA,Washington,Elbow Lake,3050,48.69092,-121.90893,west,612.96,125.47,7.4,0.0667,31,10,2026-01-12,104,2026-01-12,5,2026-02-06,129,2026-02-06,7.4,40.4,186,225,30,TRUE
911,sntl_911,WA,Washington,Rex River,3810,47.30218,-121.60475,west,589.53,315.55,14.7,0.1,31,17.3,2026-03-16,167,2026-03-16,8.65,2026-04-29,211,2026-04-29,14.7,39.6,189,227,29,TRUE
912,sntl_912,WA,Washington,Skookum Creek,3320,47.68433,-121.61007,west,602.95,265.09,21.6,0.2667,31,24.8,2026-03-16,167,2026-03-16,12.4,2026-04-30,212,2026-04-30,21.6,38.2,190,223,29,TRUE
913,sntl_913,CO,Colorado,Buffalo Park,9240,40.22838,-106.5962,west,1865.93,1551.86,3,0,31,7.6,2026-03-19,170,2026-03-19,3.8,2026-03-31,182,2026-03-31,3,14.9,198,228,30,TRUE
914,sntl_914,CO,Colorado,Medano Pass,9650,37.85192,-105.43666,west,1953.58,1892.4,0,,31,3.3,2026-02-24,147,2026-02-24,1.65,2026-02-27,150,2026-02-27,0,7.4,160,177,30,TRUE
915,sntl_915,ID,Idaho,Schwartz Lake,8620,44.84618,-113.83732,west,1238.14,812.22,6.7,0.1034,30,8.3,2026-03-18,169,2026-03-18,4.15,2026-05-03,215,2026-05-03,6.7,12.2,202,222,29,TRUE
916,sntl_916,MT,Montana,Albro Lake,8500,45.59723,-111.95902,west,1435.87,742.79,14,0.1034,30,15.7,2026-04-04,186,2026-04-04,7.85,2026-05-13,225,2026-05-13,14,21.6,212,244,29,TRUE
917,sntl_917,MT,Montana,Rocky Boy,4730,48.17478,-109.64728,west,1706.82,428.15,0,0.0862,59,2.4,2026-02-05,128,2026-02-05,1.2,2026-03-08,159,2026-03-08,0,5.3,175,188,58,TRUE
918,sntl_918,MT,Montana,Garver Creek,4250,48.97523,-115.81915,west,1165.47,221.25,6.6,0.1053,58,6.8,2026-03-27,178,2026-03-27,3.4,2026-05-07,219,2026-05-07,6.6,10.2,186,210,57,TRUE
919,sntl_919,MT,Montana,Daisy Peak,7590,46.66858,-110.33022,west,1613.2,622.38,8.7,0.3333,31,10,2026-04-20,202,2026-04-20,5,2026-05-13,225,2026-05-13,8.7,12,207,233,30,TRUE
920,sntl_920,SD,South Dakota,North Rapid Creek,6150,44.20617,-103.78758,west,2202.62,1031.91,0,0.0345,30,4.5,2026-03-16,167,2026-03-16,2.25,2026-03-22,173,2026-03-22,0,7.2,185,204,29,TRUE
921,sntl_921,NM,New Mexico,Elk Cabin,8220,35.7073,-105.80584,west,1883.38,2183.97,0,,30,1.1,2026-01-15,107,2026-01-15,0.55,2026-01-19,111,2026-01-19,0,3.7,157,171,29,TRUE
922,sntl_922,NM,New Mexico,Santa Fe,11480,35.77154,-105.78487,west,1886.6,2175.37,0,0,30,6.9,2026-02-25,148,2026-02-25,3.45,2026-03-21,172,2026-03-21,0,16,196,230,29,TRUE
923,sntl_923,WY,Wyoming,Deer Park,9690,42.59076,-108.90273,west,1671.38,1198.15,9.9,0.0741,28,14.1,2026-03-17,168,2026-03-17,7.05,2026-05-04,216,2026-05-04,9.9,16.1,207,238,27,TRUE
924,sntl_924,MT,Montana,West Yellowstone,6680,44.65866,-111.09199,west,1498.03,883.92,2.4,0,60,8.1,2026-03-16,167,2026-03-16,4.05,2026-03-29,180,2026-03-29,2.4,11.6,185,206,59,TRUE
925,sntl_925,OR,Oregon,South Fork Bull Run,2690,45.44575,-122.03125,west,482.02,549.87,0,,29,2.1,2026-01-09,101,2026-01-09,1.05,2026-01-16,108,2026-01-16,0,7.9,156,181,28,TRUE
926,sntl_926,ID,Idaho,Smiley Mountain,9540,43.72718,-113.83402,west,1209.68,963.83,18.9,0.6667,25,21.1,2026-05-01,213,2026-05-01,10.55,2026-05-15,227,2026-05-15,18.9,20,207,242,24,TRUE
927,sntl_927,AZ,Arizona,Snowslide Canyon,9720,35.34179,-111.65084,west,1232.6,2147.33,2.8,0,29,14,2026-02-25,148,2026-02-25,7,2026-03-27,178,2026-03-27,2.8,16.8,170,206,28,TRUE
928,sntl_928,WA,Washington,Huckleberry Creek,2250,47.06565,-121.58778,west,582.46,347.17,0,,29,5.2,2026-03-16,167,2026-03-16,2.6,2026-03-21,172,2026-03-21,0,3.9,132,153,28,TRUE
929,sntl_929,MT,Montana,Sacajawea,6610,45.87395,-110.92783,west,1540.05,721.34,0.6,0,27,6.5,2026-03-16,167,2026-03-16,3.25,2026-03-22,173,2026-03-22,0.6,14.1,189,220,26,TRUE
930,sntl_930,MT,Montana,Peterson Meadows,7190,46.12588,-113.30792,west,1320.8,648.71,8.6,0.2182,56,9.5,2026-04-05,187,2026-04-05,4.75,2026-05-07,219,2026-05-07,8.6,12.3,209,232,55,TRUE
931,sntl_931,WY,Wyoming,Big Goose,8010,44.57922,-107.20068,west,1874,947.31,0,0,28,5,2026-03-17,168,2026-03-17,2.5,2026-03-21,172,2026-03-21,0,10,209,231,27,TRUE
932,sntl_932,MT,Montana,Poorman Creek,5050,48.12632,-115.6234,west,1159.34,338.03,21.4,0.1522,47,22.9,2026-03-18,169,2026-03-18,11.45,2026-05-08,220,2026-05-08,21.4,37.3,193,234,46,TRUE
933,sntl_933,NM,New Mexico,Rice Park,8480,35.23658,-108.27404,west,1603.04,2216.87,0,,28,1.9,2026-02-23,146,2026-02-23,0.95,2026-02-26,149,2026-02-26,0,5.9,154,168,27,TRUE
934,sntl_934,NM,New Mexico,Tolby,10210,36.47498,-105.19534,west,1961.03,2084.89,0,,28,2.7,2026-02-24,147,2026-02-24,1.35,2026-03-02,153,2026-03-02,0,8.3,166,183,27,TRUE
935,sntl_935,CO,Colorado,Jackwhacker Gulch,11030,39.57096,-105.80355,west,1938.77,1651.35,4,0,28,7,2026-03-19,170,2026-03-19,3.5,2026-04-07,189,2026-04-07,4,14.4,208,234,27,TRUE
936,sntl_936,CO,Colorado,Echo Lake,10660,39.65539,-105.59358,west,1961.94,1641.96,0,0,28,2.9,2026-03-19,170,2026-03-19,1.45,2026-03-26,177,2026-03-26,0,9,212,236,27,TRUE
937,sntl_937,CO,Colorado,Michigan Creek,10700,39.43579,-105.91072,west,1925.6,1668.82,0.7,0,28,9,2026-05-16,228,2026-05-16,4.5,2026-05-17,229,2026-05-17,0.7,13.2,208,233,27,TRUE
938,sntl_938,CO,Colorado,Buckskin Joe,11160,39.30378,-106.11316,west,1902.42,1684.77,2.1,0,27,4.1,2026-03-21,172,2026-03-21,2.05,2026-04-09,191,2026-04-09,2.1,12.6,217,238,26,TRUE
939,sntl_939,CO,Colorado,Rough And Tumble,10420,39.02611,-106.08063,west,1901.76,1723.41,0,0,28,2.6,2026-03-11,162,2026-03-11,1.3,2026-03-25,176,2026-03-25,0,8.3,206,225,27,TRUE
940,sntl_940,CO,Colorado,Lost Dog,9350,40.81557,-106.74833,west,1859.34,1469.25,6.1,0,28,14.3,2026-03-11,162,2026-03-11,7.15,2026-03-30,181,2026-03-30,6.1,24.5,192,228,27,TRUE
941,sntl_941,WA,Washington,Mowich,3170,46.92833,-121.95232,west,544.23,356.05,,,,5.7,2026-03-14,165,2026-03-14,2.85,2026-03-16,167,2026-03-16,,3.6,148,158,27,TRUE
942,sntl_942,WA,Washington,Burnt Mountain,4160,47.0444,-121.94032,west,549.61,341.06,6.7,0.1154,27,9.1,2026-03-16,167,2026-03-16,4.55,2026-04-12,194,2026-04-12,6.7,19.4,189,222,26,TRUE
943,sntl_943,WA,Washington,Dungeness,3990,47.8722,-123.07879,west,478.05,202.88,0.4,0.1111,28,4.6,2026-03-16,167,2026-03-16,2.3,2026-03-20,171,2026-03-20,0.4,10,170,197,26,TRUE
944,sntl_944,WY,Wyoming,Gunsight Pass,9820,43.38332,-109.87815,west,1589.88,1075.98,9.3,0.037,28,13.2,2026-03-18,169,2026-03-18,6.6,2026-04-22,204,2026-04-22,9.3,13.8,212,240,27,TRUE
945,sntl_945,OR,Oregon,Gerber Reservoir,4880,42.2062,-121.1334,west,448.94,1004.35,0,,28,0.8,2026-02-23,146,2026-02-23,0.4,2026-02-24,147,2026-02-24,0,2.4,120,134,27,TRUE
946,sntl_946,AK,Alaska,Indian Pass,2400,61.06577,-149.48543,ak,782.54,381.05,14,0.1087,47,20.4,2026-05-14,226,2026-05-14,10.2,2026-06-08,251,2026-06-08,14,24.8,213,238,46,TRUE
947,sntl_947,AK,Alaska,Little Chena Ridge,2150,65.12422,-146.7339,ak,813.35,235.12,,,,2.8,2026-02-06,129,2026-02-06,1.4,2026-08-26,330,2026-08-26,,6,196,210,42,TRUE
948,sntl_948,AK,Alaska,Mt. Ryan,2750,65.25113,-146.15133,ak,821.37,229.73,7.4,0.7442,44,8.9,2026-04-25,207,2026-04-25,4.45,2026-05-15,227,2026-05-15,7.4,6.7,204,218,43,TRUE
949,sntl_949,AK,Alaska,Monument Creek,1840,65.07738,-145.87358,ak,826.17,235.28,5.7,0.6136,45,6.5,2026-04-23,205,2026-04-23,3.25,2026-05-05,217,2026-05-05,5.7,6.2,198,210,43,TRUE
950,sntl_950,AK,Alaska,Munson Ridge,3020,64.85168,-146.21215,ak,822.12,243.75,9.9,0.8,46,12.8,2026-05-11,223,2026-05-11,6.4,2026-05-28,240,2026-05-28,9.9,9.1,211,230,45,TRUE
951,sntl_951,AK,Alaska,Teuchet Creek,1560,64.94763,-145.52079,ak,831.93,239.15,6,0.8636,45,6.3,2026-04-24,206,2026-04-24,3.15,2026-05-02,214,2026-05-02,6,4.8,196,210,42,TRUE
952,sntl_952,AK,Alaska,Upper Chena,2790,65.09852,-144.93318,ak,839.88,232.75,8.9,0.8519,28,10.4,2026-04-24,206,2026-04-24,5.2,2026-05-19,231,2026-05-19,8.9,7.1,202,220,24,TRUE
954,sntl_954,AK,Alaska,Turnagain Pass,1860,60.78043,-149.18325,ak,788.37,390.71,20.6,0.093,44,22.1,2026-04-25,207,2026-04-25,11.05,2026-06-04,247,2026-06-04,20.6,39,212,247,42,TRUE
955,sntl_955,AK,Alaska,Summit Creek,1340,60.61713,-149.53128,ak,782.83,396.86,7.8,0.2222,37,8.9,2026-04-23,205,2026-04-23,4.45,2026-05-11,223,2026-05-11,7.8,11.3,196,215,36,TRUE
956,sntl_956,AK,Alaska,Grandview,1070,60.60832,-149.06313,ak,790.86,396.6,13.8,0.1176,35,13.8,2026-04-01,183,2026-04-01,6.9,2026-05-13,225,2026-05-13,13.8,34.8,208,240,34,TRUE
958,sntl_958,AK,Alaska,Coldfoot,1070,67.25333,-150.183,ak,758.28,164.99,2.7,0.0645,32,3.5,2026-04-26,208,2026-04-26,1.75,2026-05-02,214,2026-05-02,2.7,6.9,204,224,30,TRUE
959,sntl_959,AK,Alaska,Cooper Lake,1150,60.39027,-149.6936,ak,780.56,405.01,7.5,0.0455,45,7.5,2026-04-17,199,2026-04-17,3.75,2026-05-06,218,2026-05-06,7.5,14.3,195,216,44,TRUE
963,sntl_963,AK,Alaska,Granite Crk,1250,63.94382,-145.39993,ak,838.27,273.86,4.7,0.7568,38,5.9,2026-04-22,204,2026-04-22,2.95,2026-05-03,215,2026-05-03,4.7,3.8,195,206,37,TRUE
964,sntl_964,AK,Alaska,Grouse Creek Divide,720,60.25965,-149.34228,ak,786.94,409.19,8.6,0.1111,28,8.7,2026-04-09,191,2026-04-09,4.35,2026-05-06,218,2026-05-06,8.6,15.9,198,223,26,TRUE
966,sntl_966,AK,Alaska,Kenai Moose Pens,290,60.72499,-150.47369,ak,766.48,394.04,5.3,0.6216,38,5.3,2026-04-08,190,2026-04-08,2.65,2026-04-24,206,2026-04-24,5.3,5,192,204,37,TRUE
967,sntl_967,AK,Alaska,Susitna Valley High,360,62.13245,-150.04391,ak,770.87,344.19,6.1,0.1842,39,6.1,2026-04-06,188,2026-04-06,3.05,2026-04-26,208,2026-04-26,6.1,8.4,193,213,38,TRUE
969,sntl_969,AZ,Arizona,Happy Jack,7520,34.74594,-111.41219,west,1245.53,2233.04,0,,27,2.6,2026-02-24,147,2026-02-24,1.3,2026-03-01,152,2026-03-01,0,6.7,156,172,26,TRUE
970,sntl_970,CO,Colorado,Jones Pass,10430,39.7645,-105.90655,west,1930.78,1623.55,1.6,0,27,9.7,2026-03-18,169,2026-03-18,4.85,2026-03-28,179,2026-03-28,1.6,16.8,210,237,26,TRUE
971,sntl_971,UT,Utah,Parrish Creek,7760,40.93417,-111.81372,west,1343.06,1380.04,0.1,0,27,11.8,2026-03-09,160,2026-03-09,5.9,2026-03-24,175,2026-03-24,0.1,26,188,222,26,TRUE
972,sntl_972,UT,Utah,Louis Meadow,6740,40.83033,-111.76457,west,1345.7,1395.07,0.1,0,27,6.1,2026-03-08,159,2026-03-08,3.05,2026-03-18,169,2026-03-18,0.1,18.2,170,196,26,TRUE
974,sntl_974,WA,Washington,Waterhole,5010,47.94485,-123.42594,west,449.82,184.22,17.6,0.0769,27,18.8,2026-04-05,187,2026-04-05,9.4,2026-05-01,213,2026-05-01,17.6,43.8,203,244,26,TRUE
975,sntl_975,WA,Washington,Swamp Creek,3930,48.57142,-120.78267,west,708.81,168.52,10.9,0.2308,27,13,2026-03-17,168,2026-03-17,6.5,2026-04-08,190,2026-04-08,10.9,19,171,207,26,TRUE
977,sntl_977,CA,California,Crowder Flat,5180,41.89318,-120.75202,west,475.15,1056.24,0,,27,0.8,2026-02-23,146,2026-02-23,0.4,2026-02-25,148,2026-02-25,0,4.6,154,165,26,TRUE
978,sntl_978,ID,Idaho,Bogus Basin,6370,43.76377,-116.09685,west,990.63,914.37,7.2,0,27,11.2,2026-03-17,168,2026-03-17,5.6,2026-04-12,194,2026-04-12,7.2,25.8,190,220,26,TRUE
979,sntl_979,ID,Idaho,Van Wyck,4960,44.37665,-116.3366,west,985.33,826.75,0,,25,1.8,2026-02-25,148,2026-02-25,0.9,2026-03-01,152,2026-03-01,0,7.6,154,180,23,TRUE
981,sntl_981,MT,Montana,Burnt Mtn,5920,45.2401,-109.45961,west,1667.32,828.59,0.6,0.1667,25,1.4,2026-03-17,168,2026-03-17,0.7,2026-03-18,169,2026-03-18,0.6,5.8,178,192,24,TRUE
982,sntl_982,WY,Wyoming,Cole Canyon,5930,44.48632,-104.41057,west,2144.86,988.22,0,0.12,26,3.7,2026-03-17,168,2026-03-17,1.85,2026-03-21,172,2026-03-21,0,6.1,185,202,25,TRUE
983,sntl_983,UT,Utah,Clayton Springs,10010,37.9725,-111.83355,west,1272.97,1784.51,0,0,26,7.2,2026-02-23,146,2026-02-23,3.6,2026-03-20,171,2026-03-20,0,11.5,184,209,25,TRUE
984,sntl_984,WA,Washington,Spruce Springs,5690,46.18287,-117.54155,west,925.58,558.8,4.8,0.08,26,8.9,2026-03-16,167,2026-03-16,4.45,2026-04-20,202,2026-04-20,4.8,14.7,184,209,24,TRUE
985,sntl_985,WA,Washington,Sourdough Gulch,3960,46.23713,-117.39435,west,940.97,554.69,0,,26,1,2026-02-27,150,2026-02-27,0.5,2026-03-03,154,2026-03-03,0,2,114,138,25,TRUE
987,sntl_987,AK,Alaska,Port Graham,270,59.35065,-151.84768,ak,744.56,443.38,3.9,0.28,26,4.6,2026-04-09,191,2026-04-09,2.3,2026-04-18,200,2026-04-18,3.9,8.6,186,202,24,TRUE
988,sntl_988,ID,Idaho,Hidden Lake,5000,48.89368,-116.75743,west,1079,213.84,25.4,0.12,26,26.6,2026-03-17,168,2026-03-17,13.3,2026-05-10,222,2026-05-10,25.4,36.1,196,233,25,TRUE
989,sntl_989,ID,Idaho,Moscow Mountain,4700,46.805,-116.8535,west,1008.35,490.12,4.8,0.08,26,10.1,2026-03-15,166,2026-03-15,5.05,2026-03-30,181,2026-03-30,4.8,20.2,166,206,25,TRUE
990,sntl_990,WA,Washington,Beaver Pass,3630,48.8793,-121.2555,west,677.69,116.76,14.8,0.0417,25,15,2026-04-03,185,2026-04-03,7.5,2026-05-03,215,2026-05-03,14.8,,,,24,TRUE
992,sntl_992,UT,Utah,Bear River RS,8510,40.8852,-110.8277,west,1442.55,1403.09,0,0.0667,16,6.4,2026-03-12,163,2026-03-12,3.2,2026-03-22,173,2026-03-22,0,,,,15,TRUE
998,sntl_998,WA,Washington,Easy Pass,5280,48.85933,-121.43895,west,660.73,114.94,93.8,0.5333,16,96,2026-03-19,170,2026-03-19,48,2026-06-14,257,2026-06-14,93.8,,,,15,TRUE
999,sntl_999,WA,Washington,Marten Ridge,3520,48.76292,-121.69823,west,634.27,121.24,22.2,0.0526,20,23.2,2026-04-03,185,2026-04-03,11.6,2026-05-03,215,2026-05-03,22.2,,,,19,TRUE
1000,sntl_1000,OR,Oregon,Annie Springs,6020,42.87007,-122.16518,west,373,888.11,7.3,0,26,15.5,2026-03-07,158,2026-03-07,7.75,2026-03-31,182,2026-03-31,7.3,40.5,202,239,25,TRUE
1001,sntl_1001,AK,Alaska,Long Lake,840,58.186,-133.83217,ak,1072.61,428.89,38.2,,28,42,2026-04-19,201,2026-04-19,21,2026-05-29,241,2026-05-29,38.2,38.9,197,235,27,TRUE
1003,sntl_1003,AK,Alaska,Mcneil Canyon,1350,59.74521,-151.25839,ak,754.49,429.12,2.6,0.027,38,2.6,2026-04-01,183,2026-04-01,1.3,2026-04-26,208,2026-04-26,2.6,10.4,198,212,34,TRUE
1005,sntl_1005,CO,Colorado,Ute Creek,10720,37.6148,-105.37322,west,1957.15,1925.78,0,0,26,4.3,2026-03-10,161,2026-03-10,2.15,2026-03-18,169,2026-03-18,0,12.4,187,220,25,TRUE
1006,sntl_1006,NV,Nevada,Lewis Peak,7370,40.3572,-116.8647,west,813.6,1357.99,0,0.04,26,5.6,2026-02-25,148,2026-02-25,2.8,2026-03-13,164,2026-03-13,0,11.2,176,199,25,TRUE
1008,sntl_1008,MT,Montana,Onion Park,7420,46.91348,-110.8536,west,1569.29,581.64,10.8,0.0833,25,11.9,2026-04-04,186,2026-04-04,5.95,2026-05-12,224,2026-05-12,10.8,15.4,210,236,24,TRUE
1009,sntl_1009,MT,Montana,Stringer Creek,6550,46.9269,-110.90198,west,1565.05,579.11,8.3,0.125,25,9.8,2026-03-18,169,2026-03-18,4.9,2026-05-03,215,2026-05-03,8.3,11.8,200,222,24,TRUE
1010,sntl_1010,OR,Oregon,Crazyman Flat,6190,42.6381,-120.94917,west,482.48,951.54,0,0.0833,25,2,2026-01-19,111,2026-01-19,1,2026-02-03,126,2026-02-03,0,14.2,172,206,24,TRUE
1011,sntl_1011,WA,Washington,MF Nooksack,4940,48.82441,-121.92947,west,616.03,107.48,31.1,0.087,24,34,2026-03-17,168,2026-03-17,17,2026-05-11,223,2026-05-11,31.1,,,,23,TRUE
1012,sntl_1012,WA,Washington,Swift Creek,4440,46.1638,-122.18402,west,494.62,450.95,27.2,0.087,24,33,2026-03-13,164,2026-03-13,16.5,2026-05-09,221,2026-05-09,27.2,,,,23,TRUE
1013,sntl_1013,UT,Utah,Temple Fork,7420,41.793,-111.54605,west,1389.71,1267.26,0,0,25,10.6,2026-03-13,164,2026-03-13,5.3,2026-03-25,176,2026-03-25,0,,,,24,TRUE
1014,sntl_1014,CO,Colorado,Middle Fork Camp,8960,39.79565,-106.02802,west,1918.54,1617.92,0,0,25,6.2,2026-03-18,169,2026-03-18,3.1,2026-03-23,174,2026-03-23,0,,,,24,TRUE
1015,sntl_1015,WY,Wyoming,Sage Creek Basin,7830,41.40107,-107.2574,west,1816.59,1382.65,0,0,25,5.7,2026-03-09,160,2026-03-09,2.85,2026-03-20,171,2026-03-20,0,,,,24,TRUE
1016,sntl_1016,ID,Idaho,Long Valley,4890,44.78835,-116.08878,west,1021.05,776.44,0,,25,2.3,2026-02-26,149,2026-02-26,1.15,2026-03-04,155,2026-03-04,0,,,,24,TRUE
1017,sntl_1017,NM,New Mexico,Vacas Locas,9350,36.02653,-106.81361,west,1777.26,2127.94,0,0.1667,25,5.3,2026-02-25,148,2026-02-25,2.65,2026-03-13,164,2026-03-13,0,,,,23,TRUE
1030,sntl_1030,CO,Colorado,Arapaho Ridge,10960,40.35098,-106.38141,west,1890.05,1537.44,9.3,0,24,13.8,2026-03-15,166,2026-03-15,6.9,2026-05-13,225,2026-05-13,9.3,,,,23,TRUE
1031,sntl_1031,CO,Colorado,Never Summer,10300,40.40392,-105.95567,west,1934.91,1534.88,11.6,0,24,14.4,2026-05-07,219,2026-05-07,7.2,2026-05-29,241,2026-05-29,11.6,,,,23,TRUE
1032,sntl_1032,CO,Colorado,Rawah,9100,40.70794,-106.00727,west,1934,1492.43,0,0,24,6.9,2026-03-17,168,2026-03-17,3.45,2026-03-25,176,2026-03-25,0,,,,23,TRUE
1033,sntl_1033,CO,Colorado,Zirkel,9320,40.79492,-106.59544,west,1874.74,1473.86,4.3,0,24,17.2,2026-03-09,160,2026-03-09,8.6,2026-03-27,178,2026-03-27,4.3,,,,23,TRUE
1034,sntl_1034,NM,New Mexico,Sierra Blanca,10250,33.40682,-105.79467,west,1851.87,2500.61,0,,24,4.3,2026-01-26,118,2026-01-26,2.15,2026-02-01,124,2026-02-01,0,,,,23,TRUE
1035,sntl_1035,AK,Alaska,Moraine,2010,61.37727,-148.99917,ak,789.92,369.53,6.6,0.4583,25,7.2,2026-04-15,197,2026-04-15,3.6,2026-05-04,216,2026-05-04,6.6,,,,23,TRUE
1039,sntl_1039,UT,Utah,Cascade Mountain,7750,40.283,-111.60992,west,1349.08,1472.51,0,0,24,5.5,2026-03-12,163,2026-03-12,2.75,2026-03-21,172,2026-03-21,0,,,,23,TRUE
1040,sntl_1040,CO,Colorado,Mccoy Park,9500,39.60231,-106.544,west,1861.73,1638.7,0.2,0,24,6.8,2026-03-10,161,2026-03-10,3.4,2026-03-25,176,2026-03-25,0.2,,,,22,TRUE
1041,sntl_1041,CO,Colorado,Beaver Ck Village,8530,39.59871,-106.51113,west,1865.12,1639.58,0,0,23,6.1,2026-03-09,160,2026-03-09,3.05,2026-03-25,176,2026-03-25,0,,,,22,TRUE
1042,sntl_1042,CO,Colorado,Wild Basin,9410,40.201,-105.6025,west,1968.64,1566.63,7,0,21,10.3,2026-03-18,169,2026-03-18,5.15,2026-04-22,204,2026-04-22,7,,,,20,TRUE
1043,sntl_1043,WA,Washington,Sentinel Butte,4680,48.86133,-118.39843,west,931.22,184.21,0,0,23,5,2026-03-07,158,2026-03-07,2.5,2026-03-21,172,2026-03-21,0,,,,22,TRUE
1044,sntl_1044,OR,Oregon,Toketee Airstrip,3240,43.22718,-122.42537,west,361.39,833.52,0,,23,2.2,2026-01-23,115,2026-01-23,1.1,2026-01-29,121,2026-01-29,0,,,,22,TRUE
1045,sntl_1045,WY,Wyoming,Crow Creek,8320,41.22824,-105.38571,west,2005.18,1427.28,0,0.0455,23,1.6,2026-05-07,219,2026-05-07,0.8,2026-05-09,221,2026-05-09,0,,,,22,TRUE
1046,sntl_1046,WY,Wyoming,Cinnabar Park,9670,41.23843,-106.23101,west,1918.84,1416.92,7.5,0,23,13.1,2026-03-16,167,2026-03-16,6.55,2026-04-10,192,2026-04-10,7.5,,,,22,TRUE
1047,sntl_1047,WY,Wyoming,Little Snake River,8930,41.07051,-106.94284,west,1843.4,1431.88,8.9,0,22,18.3,2026-03-13,164,2026-03-13,9.15,2026-04-01,183,2026-04-01,8.9,,,,21,TRUE
1048,sntl_1048,NM,New Mexico,Mcknight Cabin,9230,33.00796,-107.86982,west,1609.41,2528.28,0,,23,1.3,2026-01-12,104,2026-01-12,0.65,2026-01-22,114,2026-01-22,0,,,,22,TRUE
1049,sntl_1049,CA,California,Forestdale Creek,8050,38.68245,-119.9597,west,442.29,1507.48,10.6,0.0455,23,22.7,2026-02-25,148,2026-02-25,11.35,2026-03-28,179,2026-03-28,10.6,,,,22,TRUE
1050,sntl_1050,CA,California,Horse Meadow,8580,38.83652,-119.88732,west,455.07,1488.71,1.8,0.0455,23,14,2026-02-25,148,2026-02-25,7,2026-03-21,172,2026-03-21,1.8,,,,22,TRUE
1051,sntl_1051,CA,California,Burnside Lake,8180,38.71943,-119.8942,west,450.33,1504.26,6.2,0.0455,23,19.8,2026-02-24,147,2026-02-24,9.9,2026-03-24,175,2026-03-24,6.2,,,,22,TRUE
1052,sntl_1052,CA,California,Summit Meadow,9360,38.39747,-119.53522,west,476.44,1556.97,3.2,0.0455,23,14.9,2026-02-24,147,2026-02-24,7.45,2026-03-24,175,2026-03-24,3.2,,,,22,TRUE
1053,sntl_1053,ID,Idaho,Myrtle Creek,3540,48.72263,-116.46312,west,1100.42,242.38,0,,23,2.3,2026-02-25,148,2026-02-25,1.15,2026-03-05,156,2026-03-05,0,,,,22,TRUE
1054,sntl_1054,UT,Utah,Farmington Lower,6850,40.992,-111.81702,west,1344.05,1372.09,0,0,23,6,2026-03-08,159,2026-03-08,3,2026-03-20,171,2026-03-20,0,,,,21,TRUE
1055,sntl_1055,AK,Alaska,Upper Tsaina River,1730,61.19112,-145.64807,ak,846.62,370.4,17.2,0.2273,23,20,2026-04-27,209,2026-04-27,10,2026-05-18,230,2026-05-18,17.2,,,,22,TRUE
1056,sntl_1056,UT,Utah,Lightning Ridge,8200,41.35891,-111.48749,west,1385.85,1327.53,0.8,0,22,10.9,2026-03-12,163,2026-03-12,5.45,2026-03-26,177,2026-03-26,0.8,,,,21,TRUE
1057,sntl_1057,CO,Colorado,Glen Cove,11410,38.87602,-105.07605,west,2005.81,1754.85,0,0.1429,22,2.6,2026-03-11,162,2026-03-11,1.3,2026-03-22,173,2026-03-22,0,,,,21,TRUE
1058,sntl_1058,CO,Colorado,Grayback,11620,37.47051,-106.5379,west,1829.67,1932.49,0,0,22,4,2026-02-23,146,2026-02-23,2,2026-03-04,155,2026-03-04,0,,,,21,TRUE
1059,sntl_1059,CO,Colorado,Cochetopa Pass,10020,38.16273,-106.5988,west,1833.79,1836.39,0,0,22,3.9,2026-03-10,161,2026-03-10,1.95,2026-03-22,173,2026-03-22,0,,,,21,TRUE
1060,sntl_1060,CO,Colorado,Sharkstooth,10730,37.50356,-108.11405,west,1660.67,1907.64,0.4,0,22,9.6,2026-02-25,148,2026-02-25,4.8,2026-03-22,173,2026-03-22,0.4,,,,21,TRUE
1061,sntl_1061,CO,Colorado,Bear River,9100,40.06152,-107.00948,west,1820.41,1569.94,3,0,22,5.7,2026-03-19,170,2026-03-19,2.85,2026-04-02,184,2026-04-02,3,,,,21,TRUE
1062,sntl_1062,AK,Alaska,Anchor River Divide,1650,59.8608,-151.31494,ak,753.33,425.1,7.6,0.0588,35,7.8,2026-04-18,200,2026-04-18,3.9,2026-05-06,218,2026-05-06,7.6,12.2,202,222,33,TRUE
1065,sntl_1065,UT,Utah,Gutz Peak,6790,37.49617,-113.94235,west,1037.19,1809.25,0,,22,2.5,2026-02-23,146,2026-02-23,1.25,2026-03-01,152,2026-03-01,0,,,,21,TRUE
1066,sntl_1066,UT,Utah,Gardner Peak,8320,37.40083,-113.45988,west,1086.13,1831.92,0,0.0476,22,4.4,2026-02-24,147,2026-02-24,2.2,2026-03-03,154,2026-03-03,0,,,,21,TRUE
1067,sntl_1067,CA,California,Carson Pass,8360,38.6927,-120.0022,west,438.26,1504.97,5.8,0.0476,22,20.8,2026-02-25,148,2026-02-25,10.4,2026-03-23,174,2026-03-23,5.8,,,,21,TRUE
1068,sntl_1068,WA,Washington,Sawmill Ridge,4640,47.15992,-121.42172,west,600.99,338.89,9.9,0.0526,20,12.7,2026-03-17,168,2026-03-17,6.35,2026-04-11,193,2026-04-11,9.9,,,,19,TRUE
1069,sntl_1069,WA,Washington,Lynn Lake,3900,47.20172,-121.77972,west,569.99,324.4,6,0.0556,19,9.2,2026-03-16,167,2026-03-16,4.6,2026-04-12,194,2026-04-12,6,,,,18,TRUE
1070,sntl_1070,AK,Alaska,Anchorage Hillside,1910,61.11315,-149.68345,ak,779.09,379.61,8.3,0.35,21,9.4,2026-04-24,206,2026-04-24,4.7,2026-05-14,226,2026-05-14,8.3,,,,20,TRUE
1072,sntl_1072,AK,Alaska,Kantishna,1590,63.53667,-150.98593,ak,753.24,295.67,6.2,0.3333,7,7,2026-04-28,210,2026-04-28,3.5,2026-05-13,225,2026-05-13,6.2,,,,6,FALSE
1073,sntl_1073,AK,Alaska,Mt. Eyak,1450,60.55648,-145.72201,ak,848.16,392.71,7.9,0.05,21,11.5,2026-04-23,205,2026-04-23,5.75,2026-05-11,223,2026-05-11,7.9,,,,19,TRUE
1077,sntl_1077,OR,Oregon,Swan Lake Mtn,6830,42.41323,-121.68002,west,403.09,962.1,0,0.0526,20,8.6,2026-02-25,148,2026-02-25,4.3,2026-03-15,166,2026-03-15,0,,,,18,TRUE
1078,sntl_1078,OR,Oregon,Sun Pass,5400,42.78637,-121.97715,west,388.07,904.36,0,0.0526,20,7.1,2026-02-24,147,2026-02-24,3.55,2026-03-14,165,2026-03-14,0,,,,19,TRUE
1079,sntl_1079,OR,Oregon,Milk Shakes,5580,45.9821,-117.94883,west,881.32,576.78,19.3,0.0556,19,23.2,2026-03-14,165,2026-03-14,11.6,2026-05-05,217,2026-05-05,19.3,,,,18,TRUE
1080,sntl_1080,WA,Washington,Brown Top,5850,48.92753,-121.19717,west,684.58,111.84,62.4,0.5625,17,63.9,2026-03-21,172,2026-03-21,31.95,2026-05-24,236,2026-05-24,62.4,,,,15,TRUE
1081,sntl_1081,ID,Idaho,Ragged Mountain,4210,47.85583,-117.03667,west,1022.95,346.16,3.6,0.0526,20,7.7,2026-03-17,168,2026-03-17,3.85,2026-03-26,177,2026-03-26,3.6,,,,19,TRUE
1082,sntl_1082,WY,Wyoming,Grand Targhee,9260,43.77933,-110.92783,west,1494.94,1006.19,33.7,0.1053,20,37.5,2026-04-27,209,2026-04-27,18.75,2026-06-04,247,2026-06-04,33.7,,,,19,TRUE
1083,sntl_1083,NM,New Mexico,Tres Ritos,8740,36.1279,-105.52706,west,1919.97,2129.15,0,,20,0.9,2025-12-11,72,2025-12-11,0.45,2025-12-14,75,2025-12-14,0,,,,19,TRUE
1084,sntl_1084,OR,Oregon,Miller Woods,420,45.24755,-123.27563,west,358.61,542.69,0,,20,0.2,2025-12-18,79,2025-12-18,0.1,2025-12-19,80,2025-12-19,0,,,,18,TRUE
1085,sntl_1085,WA,Washington,Cayuse Pass,5260,46.86956,-121.53434,west,580.2,374.39,28.1,0.0526,20,33.3,2026-03-18,169,2026-03-18,16.65,2026-05-03,215,2026-05-03,28.1,,,,19,TRUE
1089,sntl_1089,AK,Alaska,Tokositna Valley,840,62.62918,-150.7741,ak,758.09,327.38,8.2,0,20,10.4,2026-04-24,206,2026-04-24,5.2,2026-05-14,226,2026-05-14,8.2,,,,17,TRUE
1090,sntl_1090,AK,Alaska,Upper Nome Creek,2500,65.3671,-146.592,ak,814.48,226.43,4.6,0,6,5.4,2026-04-24,206,2026-04-24,2.7,2026-05-10,222,2026-05-10,4.6,,,,5,FALSE
1091,sntl_1091,AK,Alaska,Independence Mine,3450,61.79001,-149.2839,ak,784.13,355.4,10.5,,5,21.7,2026-05-11,223,2026-05-11,10.85,2026-06-07,250,2026-06-07,10.5,,,,4,FALSE
1092,sntl_1092,AK,Alaska,Exit Glacier,360,60.18957,-149.6228,ak,782.25,411.98,8.3,0.1429,15,8.3,2026-04-09,191,2026-04-09,4.15,2026-04-28,210,2026-04-28,8.3,,,,14,TRUE
1093,sntl_1093,AK,Alaska,Chisana,3320,62.06947,-142.04919,ak,901.05,330.75,6.1,0.9412,18,6.3,2026-04-22,204,2026-04-22,3.15,2026-05-08,220,2026-05-08,6.1,,,,17,TRUE
1094,sntl_1094,AK,Alaska,Monahan Flat,2690,63.30464,-147.64883,ak,806,300.11,6,0.1429,8,6.7,2026-04-24,206,2026-04-24,3.35,2026-05-11,223,2026-05-11,6,,,,6,FALSE
1096,sntl_1096,AK,Alaska,May Creek,1550,61.34918,-142.69355,ak,894.94,357.57,8.4,0.8889,19,8.7,2026-04-25,207,2026-04-25,4.35,2026-05-08,220,2026-05-08,8.4,,,,17,TRUE
1097,sntl_1097,UT,Utah,Timberline,8720,39.67712,-110.43395,west,1457.45,1574.81,0,0.0556,19,4.4,2026-02-24,147,2026-02-24,2.2,2026-03-11,162,2026-03-11,0,,,,18,TRUE
1098,sntl_1098,UT,Utah,Usu Doc Daniel,8610,41.86425,-111.50603,west,1395.34,1258.2,18,0,19,21.1,2026-05-06,218,2026-05-06,10.55,2026-05-24,236,2026-05-24,18,,,,18,TRUE
1099,sntl_1099,UT,Utah,Jones Corral,9710,38.07125,-112.16788,west,1239.81,1764.99,0,0,19,3.8,2026-03-18,169,2026-03-18,1.9,2026-03-24,175,2026-03-24,0,,,,18,TRUE
1100,sntl_1100,CO,Colorado,Saint Elmo,10420,38.69985,-106.36805,west,1866.52,1765.1,0,0,19,4.4,2026-03-14,165,2026-03-14,2.2,2026-03-24,175,2026-03-24,0,,,,18,TRUE
1101,sntl_1101,CO,Colorado,Chapman Tunnel,10090,39.2621,-106.62944,west,1847.53,1684.57,4,0,19,7.8,2026-03-17,168,2026-03-17,3.9,2026-04-06,188,2026-04-06,4,,,,18,TRUE
1102,sntl_1102,CO,Colorado,Hayden Pass,10700,38.29303,-105.85027,west,1915.55,1827.06,0,0,19,6.3,2026-03-16,167,2026-03-16,3.15,2026-03-23,174,2026-03-23,0,,,,18,TRUE
1103,sntl_1103,AK,Alaska,Mt. Alyeska,1500,60.95842,-149.08858,ak,789.52,384.35,12.7,0.0208,49,14.4,2026-04-23,205,2026-04-23,7.2,2026-06-05,248,2026-06-05,12.7,34.3,208,234,46,TRUE
1104,sntl_1104,WA,Washington,Pepper Creek,2140,46.10242,-121.95555,west,513.4,464.99,0,,19,3,2026-01-10,102,2026-01-10,1.5,2026-02-08,131,2026-02-08,0,,,,18,TRUE
1105,sntl_1105,MT,Montana,East Boulder Mine,6310,45.50381,-110.08019,west,1613.08,784.03,1.1,0.0588,18,4.7,2026-03-17,168,2026-03-17,2.35,2026-03-24,175,2026-03-24,1.1,,,,17,TRUE
1107,sntl_1107,WA,Washington,Buckinghorse,4850,47.7086,-123.45747,west,437.81,214.3,27.4,0.0588,18,28.4,2026-04-04,186,2026-04-04,14.2,2026-05-06,218,2026-05-06,27.4,,,,17,TRUE
1109,sntl_1109,WA,Washington,Calamity,2510,45.90362,-122.21633,west,481.92,484.47,0,,18,1.5,2026-02-23,146,2026-02-23,0.75,2026-02-26,149,2026-02-26,0,,,,17,TRUE
1110,sntl_1110,NV,Nevada,Rainbow Canyon,7840,36.2493,-115.62972,west,822.54,1942.48,0,,18,5,2026-02-24,147,2026-02-24,2.5,2026-03-02,153,2026-03-02,0,,,,17,TRUE
1111,sntl_1111,NV,Nevada,Bristlecone Trail,8900,36.31575,-115.69543,west,817.35,1931.98,0.4,0.4118,18,7.3,2026-02-27,150,2026-02-27,3.65,2026-03-11,162,2026-03-11,0.4,,,,17,TRUE
1112,sntl_1112,NV,Nevada,Lee Canyon,8620,36.30537,-115.67508,west,819.24,1933.85,0.5,0.2353,18,2.9,2026-02-24,147,2026-02-24,1.45,2026-02-28,151,2026-02-28,0.5,,,,17,TRUE
1113,sntl_1113,UT,Utah,Tony Grove RS,6320,41.88573,-111.56918,west,1389.47,1254.22,0,0.125,17,3.7,2026-02-27,150,2026-02-27,1.85,2026-03-10,161,2026-03-10,0,,,,16,TRUE
1114,sntl_1114,UT,Utah,Garden City Summit,7680,41.9215,-111.4693,west,1400.32,1250.99,7.4,0,17,13.2,2026-03-18,169,2026-03-18,6.6,2026-04-08,190,2026-04-08,7.4,,,,16,TRUE
1115,sntl_1115,UT,Utah,Klondike Narrows,7280,41.96769,-111.59713,west,1388.51,1242.56,5.1,0,17,16.6,2026-03-09,160,2026-03-09,8.3,2026-03-28,179,2026-03-28,5.1,,,,16,TRUE
1116,sntl_1116,UT,Utah,Lakefork #3,8430,40.5502,-110.3529,west,1484.08,1456.48,0,0.0625,17,3,2026-02-25,148,2026-02-25,1.5,2026-03-13,164,2026-03-13,0,,,,16,TRUE
1117,sntl_1117,UT,Utah,Spirit Lk,10240,40.83868,-110.00527,west,1525.65,1422.32,2.3,0,17,10.4,2026-03-17,168,2026-03-17,5.2,2026-03-28,179,2026-03-28,2.3,,,,16,TRUE
1118,sntl_1118,UT,Utah,Lost Creek Resv,6070,41.22155,-111.35947,west,1395.77,1348.42,0,,16,0.6,2026-02-23,146,2026-02-23,0.3,2026-02-24,147,2026-02-24,0,,,,15,TRUE
1119,sntl_1119,WY,Wyoming,Blackhall Mtn,9830,41.05623,-106.714,west,1866.62,1436.53,12.7,0,17,17.3,2026-03-17,168,2026-03-17,8.65,2026-05-12,224,2026-05-12,12.7,,,,16,TRUE
1120,sntl_1120,CO,Colorado,Elliot Ridge,10550,39.8638,-106.42473,west,1878.18,1604.06,8.5,0,17,12.6,2026-03-19,170,2026-03-19,6.3,2026-04-26,208,2026-04-26,8.5,,,,16,TRUE
1121,sntl_1121,AZ,Arizona,Fort Valley,7360,35.26773,-111.74479,west,1220.58,2155.72,0,,18,1.1,2025-11-21,52,2025-11-21,0.55,2025-11-24,55,2025-11-24,0,,,,17,TRUE
1122,sntl_1122,CO,Colorado,Hourglass Lake,9380,40.57717,-105.62584,west,1971.49,1514.53,0,0,18,8.3,2026-03-13,164,2026-03-13,4.15,2026-03-23,174,2026-03-23,0,,,,17,TRUE
1123,sntl_1123,CO,Colorado,Long Draw Resv,9980,40.51154,-105.7654,west,1956.14,1522.1,7.6,0,17,13.2,2026-03-18,169,2026-03-18,6.6,2026-04-09,191,2026-04-09,7.6,,,,16,TRUE
1124,sntl_1124,CO,Colorado,Moon Pass,11110,37.96627,-106.55857,west,1835.06,1863.94,0,0,18,3.1,2026-03-10,161,2026-03-10,1.55,2026-03-19,170,2026-03-19,0,,,,17,TRUE
1125,sntl_1125,AZ,Arizona,Mormon Mtn Summit,8450,34.96942,-111.50868,west,1239.86,2200.77,0,0.1176,18,4.3,2026-02-25,148,2026-02-25,2.15,2026-03-09,160,2026-03-09,0,,,,17,TRUE
1126,sntl_1126,WA,Washington,Mt. Tebo,3380,47.46061,-123.41219,west,432.24,247.98,3.6,0,6,8.7,2026-03-16,167,2026-03-16,4.35,2026-03-22,173,2026-03-22,3.6,,,,5,FALSE
1127,sntl_1127,AZ,Arizona,Nutrioso,8550,33.89791,-109.15465,west,1480.08,2387.16,0,,18,1,2026-01-13,105,2026-01-13,0.5,2026-01-15,107,2026-01-15,0,,,,17,TRUE
1128,sntl_1128,CO,Colorado,Sargents Mesa,11490,38.2856,-106.37085,west,1859.97,1822.16,0,0,18,6.3,2026-03-14,165,2026-03-14,3.15,2026-03-26,177,2026-03-26,0,,,,17,TRUE
1129,sntl_1129,WA,Washington,Indian Rock,5320,45.99077,-120.80768,west,615.52,508.82,0.1,0.0588,18,6.5,2026-03-13,164,2026-03-13,3.25,2026-03-18,169,2026-03-18,0.1,,,,17,TRUE
1130,sntl_1130,WY,Wyoming,Castle Creek,8410,43.6748,-109.3774,west,1644.96,1043.28,0,0,16,5.6,2026-03-17,168,2026-03-17,2.8,2026-03-25,176,2026-03-25,0,,,,15,TRUE
1131,sntl_1131,WY,Wyoming,Little Goose,8560,44.54315,-107.17865,west,1875.57,952.5,2.9,0,16,5.9,2026-03-17,168,2026-03-17,2.95,2026-04-01,183,2026-04-01,2.9,,,,15,TRUE
1132,sntl_1132,WY,Wyoming,Soldier Park,8680,44.34847,-107.0136,west,1888.54,981.03,0,0,16,2.5,2026-03-17,168,2026-03-17,1.25,2026-03-20,171,2026-03-20,0,,,,15,TRUE
1133,sntl_1133,WY,Wyoming,Pocket Creek,9370,42.7121,-109.4112,west,1622.93,1174.46,7.4,0.0909,12,9.4,2026-03-01,152,2026-03-01,4.7,2026-06-01,244,2026-06-01,7.4,,,,9,FALSE
1134,sntl_1134,WY,Wyoming,Larsen Creek,8880,42.58019,-109.08829,west,1652.64,1197.05,0.1,0,15,6.1,2026-03-13,164,2026-03-13,3.05,2026-03-23,174,2026-03-23,0.1,,,,14,TRUE
1135,sntl_1135,UT,Utah,Burts Miller Ranch,7900,40.98492,-110.85075,west,1442.35,1389.08,0,0.0625,17,3.4,2026-03-09,160,2026-03-09,1.7,2026-03-18,169,2026-03-18,0,,,,16,TRUE
1136,sntl_1136,NV,Nevada,Toe Jam,7700,41.3187,-116.3408,west,895.17,1239.59,0.4,0,17,7.4,2026-03-08,159,2026-03-08,3.7,2026-03-20,171,2026-03-20,0.4,,,,16,TRUE
1137,sntl_1137,NV,Nevada,Vacarro Springs,7890,39.4495,-115.9834,west,877.01,1500.6,0,0.0714,15,3.6,2026-02-24,147,2026-02-24,1.8,2026-03-10,161,2026-03-10,0,,,,14,TRUE
1138,sntl_1138,NM,New Mexico,Navajo Whiskey Ck,9050,36.17716,-108.94556,west,1546.43,2077.91,0,,16,1.4,2026-02-24,147,2026-02-24,0.7,2026-02-28,151,2026-02-28,0,,,,15,TRUE
1139,sntl_1139,AZ,Arizona,Chalender,7020,35.26238,-112.06221,west,1185.54,2150.55,0,,17,1.1,2026-02-23,146,2026-02-23,0.55,2026-02-26,149,2026-02-26,0,,,,16,TRUE
1140,sntl_1140,AZ,Arizona,Baker Butte Smt,7730,34.45552,-111.38262,west,1242.34,2273.22,0,0.0625,17,3.7,2026-02-24,147,2026-02-24,1.85,2026-03-02,153,2026-03-02,0,,,,15,TRUE
1141,sntl_1141,CO,Colorado,Upper Taylor,10710,38.99071,-106.74504,west,1831.14,1720.58,0,0,17,8.6,2026-03-09,160,2026-03-09,4.3,2026-03-25,176,2026-03-25,0,,,,16,TRUE
1142,sntl_1142,ID,Idaho,Pierce R.S.,3080,46.49597,-115.7957,west,1097.58,552.83,0,0.0625,17,4.6,2026-03-14,165,2026-03-14,2.3,2026-03-25,176,2026-03-25,0,,,,16,TRUE
1143,sntl_1143,AZ,Arizona,Beaver Spring,9240,36.32671,-109.05702,west,1537.1,2055.71,0,,17,1.4,2026-02-24,147,2026-02-24,0.7,2026-02-26,149,2026-02-26,0,,,,16,TRUE
1144,sntl_1144,MT,Montana,Blacktail Mtn,5660,47.98317,-114.35443,west,1271.12,380.59,4.7,0.0667,16,7.4,2026-03-18,169,2026-03-18,3.7,2026-04-08,190,2026-04-08,4.7,,,,15,TRUE
1145,sntl_1145,UT,Utah,Kilfoil Creek,7230,41.24764,-111.41249,west,1390.97,1343.98,0,0,16,5.8,2026-03-09,160,2026-03-09,2.9,2026-03-23,174,2026-03-23,0,,,,15,TRUE
1146,sntl_1146,UT,Utah,Oak Creek,7840,39.3485,-112.192,west,1267.28,1590.04,0,0.1333,16,3.4,2026-02-24,147,2026-02-24,1.7,2026-03-03,154,2026-03-03,0,,,,15,TRUE
1147,sntl_1147,NV,Nevada,Wheeler Peak,10070,39.00995,-114.31021,west,1038.25,1595.72,2.5,0,16,9.6,2026-03-13,164,2026-03-13,4.8,2026-03-26,177,2026-03-26,2.5,,,,15,TRUE
1148,sntl_1148,UT,Utah,Panguitch Lake RS,8300,37.70463,-112.65037,west,1179.86,1806.13,0,,12,2.8,2026-02-23,146,2026-02-23,1.4,2026-03-01,152,2026-03-01,0,,,,11,TRUE
1149,sntl_1149,UT,Utah,Fish Lake Utah,8780,38.50455,-111.76693,west,1292.22,1712.95,0,0,16,0.9,2026-02-20,143,2026-02-20,0.45,2026-02-26,149,2026-02-26,0,,,,15,TRUE
1150,sntl_1150,NV,Nevada,Kalamazoo,7740,39.5579,-114.62762,west,1020,1514.71,0,0.0714,15,3,2026-02-25,148,2026-02-25,1.5,2026-03-11,162,2026-03-11,0,,,,14,TRUE
1151,sntl_1151,UT,Utah,George Creek,8960,41.91562,-113.41154,west,1205.27,1217.73,13.7,0.0667,16,15.2,2026-03-10,161,2026-03-10,7.6,2026-05-04,216,2026-05-04,13.7,,,,15,TRUE
1152,sntl_1152,NV,Nevada,Cave Mountain,10580,39.16337,-114.6133,west,1010.83,1568.65,2.1,0,15,9,2026-03-13,164,2026-03-13,4.5,2026-03-26,177,2026-03-26,2.1,,,,14,TRUE
1153,sntl_1153,UT,Utah,Buckboard Flat,8920,37.86943,-109.44717,west,1524.74,1838.07,0.1,0,14,5.6,2026-03-13,164,2026-03-13,2.8,2026-03-20,171,2026-03-20,0.1,,,,13,TRUE
1154,sntl_1154,UT,Utah,Brian Head,10040,37.67994,-112.85674,west,1157.31,1805.59,4.2,0,15,11.6,2026-03-13,164,2026-03-13,5.8,2026-03-28,179,2026-03-28,4.2,,,,14,TRUE
1155,sntl_1155,NV,Nevada,Bird Creek,7530,39.46138,-114.64863,west,1015.22,1527.4,0,,15,0.9,2026-02-24,147,2026-02-24,0.45,2026-02-25,148,2026-02-25,0,,,,14,TRUE
1156,sntl_1156,UT,Utah,Box Springs,9230,38.49746,-112.00779,west,1266.68,1709.64,0,0.0667,16,1.5,2026-02-23,146,2026-02-23,0.75,2026-02-25,148,2026-02-25,0,,,,15,TRUE
1158,sntl_1158,OR,Oregon,Howard Prairie,4580,42.215,-122.3713,west,328.26,969.56,0,,14,0.9,2026-02-23,146,2026-02-23,0.45,2026-02-25,148,2026-02-25,0,,,,13,TRUE
1159,sntl_1159,WA,Washington,Gold Axe Camp,5380,48.9516,-118.9864,west,881.69,159.53,0,0.0667,16,3.5,2026-03-10,161,2026-03-10,1.75,2026-03-20,171,2026-03-20,0,,,,15,TRUE
1160,sntl_1160,CO,Colorado,Weminuche Creek,10730,37.51968,-107.32139,west,1746.14,1915.98,0.2,0,16,8.8,2026-02-24,147,2026-02-24,4.4,2026-03-20,171,2026-03-20,0.2,,,,15,TRUE
1161,sntl_1161,CO,Colorado,Black Mountain,8940,40.8879,-105.66404,west,1971.91,1471.31,2.5,0,16,6,2026-03-18,169,2026-03-18,3,2026-03-31,182,2026-03-31,2.5,,,,15,TRUE
1162,sntl_1162,UT,Utah,Blacks Fork Jct,8880,40.95814,-110.5828,west,1469.11,1397.01,0,0,16,6.9,2026-03-12,163,2026-03-12,3.45,2026-03-22,173,2026-03-22,0,,,,15,TRUE
1163,sntl_1163,UT,Utah,EF Blacks Fork GS,9360,40.88472,-110.54056,west,1471.87,1407.73,0,0,16,4.6,2026-03-19,170,2026-03-19,2.3,2026-03-25,176,2026-03-25,0,,,,15,TRUE
1164,sntl_1164,UT,Utah,Wolf Creek Peak,9770,40.47733,-111.04469,west,1411.49,1455.38,6.8,0,6,12.8,2026-03-09,160,2026-03-09,6.4,2026-04-17,199,2026-04-17,6.8,,,,5,FALSE
1166,sntl_1166,OR,Oregon,Bear Grass,4720,44.3253,-122.0938,west,434.37,696.71,4.1,0.0714,15,14.1,2026-03-12,163,2026-03-12,7.05,2026-03-25,176,2026-03-25,4.1,,,,14,TRUE
1167,sntl_1167,OR,Oregon,Smith Ridge,3270,44.30325,-122.04053,west,438.59,701.05,0,,15,1.1,2026-01-12,104,2026-01-12,0.55,2026-01-17,109,2026-01-17,0,,,,13,TRUE
1168,sntl_1168,NM,New Mexico,Taos Powderhorn,11020,36.58195,-105.45617,west,1934,2067.34,5.8,0,16,9.3,2026-05-08,220,2026-05-08,4.65,2026-05-14,226,2026-05-14,5.8,,,,15,TRUE
1169,sntl_1169,NM,New Mexico,Shuree,10070,36.78765,-105.2392,west,1960.44,2041.31,0,,16,2.4,2026-02-24,147,2026-02-24,1.2,2026-02-26,149,2026-02-26,0,,,,15,TRUE
1170,sntl_1170,NM,New Mexico,Palo,9330,36.40869,-105.33038,west,1945.37,2092.59,0,,16,1.1,2026-02-21,144,2026-02-21,0.55,2026-02-25,148,2026-02-25,0,,,,15,TRUE
1171,sntl_1171,WA,Washington,Trinity,2890,48.07471,-120.84989,west,685.33,232.28,20,0.0667,16,22,2026-03-16,167,2026-03-16,11,2026-04-22,204,2026-04-22,20,,,,15,TRUE
1172,sntl_1172,NM,New Mexico,San Antonio Sink,9120,36.85967,-106.22657,west,1854.11,2020.34,0,0,15,5,2026-02-25,148,2026-02-25,2.5,2026-03-19,170,2026-03-19,0,,,,14,TRUE
1173,sntl_1173,NM,New Mexico,Garita Peak,10100,36.00469,-106.54805,west,1806.08,2134.24,0,0.1111,10,1.8,2026-02-02,125,2026-02-02,0.9,2026-02-07,130,2026-02-07,0,,,,9,FALSE
1175,sntl_1175,AK,Alaska,Kelly Station,300,67.9297,-162.2906,ak,596.2,136.03,,,,,,,,,,,,,,,,0,FALSE
1182,sntl_1182,AK,Alaska,Bettles Field,640,66.91467,-151.53318,ak,740.3,177.68,,,,,,,,,,,,,,,,0,FALSE
1184,sntl_1184,UT,Utah,Gooseberry RS Up,8400,38.7882,-111.68892,west,1306.9,1675.53,0,0.0714,15,4.4,2026-02-24,147,2026-02-24,2.2,2026-03-13,164,2026-03-13,0,,,,14,TRUE
1185,sntl_1185,CO,Colorado,Black Mesa,11580,37.78968,-108.18376,west,1658.26,1867.34,11.3,0,14,15,2026-05-09,221,2026-05-09,7.5,2026-05-29,241,2026-05-29,11.3,,,,13,TRUE
1186,sntl_1186,CO,Colorado,Fool Creek,11130,39.86866,-105.86765,west,1936.33,1609.61,10.6,0,15,12.4,2026-03-20,171,2026-03-20,6.2,2026-05-15,227,2026-05-15,10.6,,,,14,TRUE
1187,sntl_1187,CO,Colorado,High Lonesome,10630,40.0359,-105.75472,west,1950.49,1587.78,8.2,0,13,11.9,2026-03-19,170,2026-03-19,5.95,2026-04-23,205,2026-04-23,8.2,,,,12,TRUE
1188,sntl_1188,CO,Colorado,Wager Gulch,11110,37.88248,-107.36428,west,1747.53,1865.49,0,0,15,4.3,2026-02-26,149,2026-02-26,2.15,2026-03-22,173,2026-03-22,0,,,,14,TRUE
1189,sntl_1189,AK,Alaska,American Creek,1020,64.78969,-141.23376,ak,895.92,234.43,5.9,0.9286,15,6.5,2026-04-23,205,2026-04-23,3.25,2026-05-04,216,2026-05-04,5.9,,,,14,TRUE
1190,sntl_1190,MT,Montana,Bassoo Peak,5130,47.85562,-114.75841,west,1230.81,390.35,1.1,0,4,5.9,2026-03-17,168,2026-03-17,2.95,2026-03-22,173,2026-03-22,1.1,,,,3,FALSE
1192,sntl_1192,UT,Utah,Buck Pasture,9630,40.84456,-110.66068,west,1458.75,1411.32,5.6,0,14,11.7,2026-03-17,168,2026-03-17,5.85,2026-03-31,182,2026-03-31,5.6,,,,13,TRUE
1194,sntl_1194,NV,Nevada,Summit Lk,7600,41.48953,-118.99663,west,635.04,1154.95,0,0.0714,15,3.8,2026-03-07,158,2026-03-07,1.9,2026-03-16,167,2026-03-16,0,,,,14,TRUE
1195,sntl_1195,NV,Nevada,Golconda,6640,40.88358,-117.58812,west,756.55,1270.26,0,,15,1.1,2026-02-24,147,2026-02-24,0.55,2026-02-26,149,2026-02-26,0,,,,14,TRUE
1196,sntl_1196,WY,Wyoming,Med Bow,10500,41.37833,-106.34697,west,1909.08,1396.38,23.2,0,14,26.9,2026-05-09,221,2026-05-09,13.45,2026-05-29,241,2026-05-29,23.2,,,,12,TRUE
1197,sntl_1197,UT,Utah,Yankee Reservoir,8680,37.74797,-112.77495,west,1167.67,1797.86,0,0.0769,14,2.2,2026-02-24,147,2026-02-24,1.1,2026-02-26,149,2026-02-26,0,,,,13,TRUE
1207,sntl_1207,NV,Nevada,Merritt Mountain,6920,41.8927,-115.858,west,960.16,1172.28,,,,,,,,,,,,,,,,0,FALSE
1209,sntl_1209,NV,Nevada,Corduroy Flat,8640,38.99651,-115.42478,west,921.93,1574.22,0.4,0.5,3,1.3,2026-04-28,210,2026-04-28,0.65,2026-04-30,212,2026-04-30,0.4,,,,2,FALSE
1212,sntl_1212,AZ,Arizona,Bar M,6380,34.86142,-111.60497,west,1226.78,2213.76,0,,14,2.2,2026-02-22,145,2026-02-22,1.1,2026-02-25,148,2026-02-25,0,,,,13,TRUE
1214,sntl_1214,UT,Utah,Bevans Cabin,6470,40.46182,-112.25233,west,1287.26,1436.91,0,,14,1.2,2026-02-25,148,2026-02-25,0.6,2026-02-27,150,2026-02-27,0,,,,13,TRUE
1215,sntl_1215,UT,Utah,Lasal Mountain-Lower,8780,38.48167,-109.29164,west,1553.17,1756.37,0,0.0769,14,3,2026-02-24,147,2026-02-24,1.5,2026-03-03,154,2026-03-03,0,,,,13,TRUE
1216,sntl_1216,UT,Utah,Huntington Horse,9650,39.61774,-111.30576,west,1365.59,1568.65,3.2,0,14,12.3,2026-03-17,168,2026-03-17,6.15,2026-03-27,178,2026-03-27,3.2,,,,13,TRUE
1217,sntl_1217,UT,Utah,Rees Flat,7190,39.49667,-111.72508,west,1319.28,1578.03,0,0,14,2.1,2026-03-10,161,2026-03-10,1.05,2026-03-17,168,2026-03-17,0,,,,13,TRUE
1221,sntl_1221,UT,Utah,GBRC HQ,8800,39.32019,-111.48827,west,1339.94,1606.25,0.1,0,14,5.5,2026-02-25,148,2026-02-25,2.75,2026-03-18,169,2026-03-18,0.1,,,,13,TRUE
1222,sntl_1222,UT,Utah,GBRC Meadows,9850,39.30229,-111.45383,west,1343.13,1609.29,1.2,0,14,10.1,2026-03-13,164,2026-03-13,5.05,2026-03-26,177,2026-03-26,1.2,,,,13,TRUE
1223,sntl_1223,UT,Utah,Hobble Creek,7360,40.18538,-111.35971,west,1372.64,1490.09,0,0.0769,14,4.2,2026-02-25,148,2026-02-25,2.1,2026-03-10,161,2026-03-10,0,,,,13,TRUE
1224,sntl_1224,UT,Utah,Mt Baldy,9520,39.13648,-111.50527,west,1334.03,1631.09,0.4,0,14,12.9,2026-03-11,162,2026-03-11,6.45,2026-03-25,176,2026-03-25,0.4,,,,13,TRUE
1225,sntl_1225,UT,Utah,Redden Mine Lwr,8540,40.67505,-111.21765,west,1398.1,1425.49,0,0,14,10.9,2026-03-09,160,2026-03-09,5.45,2026-03-25,176,2026-03-25,0,,,,13,TRUE
1226,sntl_1226,UT,Utah,Thistle Flat,8790,39.23803,-111.51998,west,1334.78,1616.94,0,0,14,5.7,2026-03-09,160,2026-03-09,2.85,2026-03-20,171,2026-03-20,0,,,,13,TRUE
1227,sntl_1227,UT,Utah,Upper Joes Valley,8600,39.4155,-111.2491,west,1366.99,1597.28,0,0,14,3.9,2026-03-11,162,2026-03-11,1.95,2026-03-18,169,2026-03-18,0,,,,13,TRUE
1228,sntl_1228,UT,Utah,Wrigley Creek,9330,39.13233,-111.35685,west,1349.45,1634.2,0,0,14,5.2,2026-03-08,159,2026-03-08,2.6,2026-03-19,170,2026-03-19,0,,,,13,TRUE
1231,sntl_1231,WA,Washington,Satus Pass,3960,45.98797,-120.67734,west,627.5,512.41,0,0.0769,14,4.4,2026-02-26,149,2026-02-26,2.2,2026-03-17,168,2026-03-17,0,,,,13,TRUE
1236,sntl_1236,UT,Utah,Corral,8210,39.65795,-110.37906,west,1462.75,1578.31,0,,13,1.6,2026-02-25,148,2026-02-25,0.8,2026-02-28,151,2026-02-28,0,,,,12,TRUE
1242,sntl_1242,NV,Nevada,Little Valley,6500,39.25259,-119.8771,west,470.47,1433.12,0,,13,8.2,2026-02-24,147,2026-02-24,4.1,2026-03-01,152,2026-03-01,0,,,,12,TRUE
1243,sntl_1243,NV,Nevada,Dry Creek,6550,40.8638,-115.22014,west,995.18,1325.1,0,,13,2.4,2026-02-02,125,2026-02-02,1.2,2026-02-09,132,2026-02-09,0,,,,12,TRUE
1244,sntl_1244,NV,Nevada,Pole Canyon,7760,40.86293,-115.12067,west,1005.23,1327.27,0.3,0.0833,13,6.4,2026-02-24,147,2026-02-24,3.2,2026-03-14,165,2026-03-14,0.3,,,,12,TRUE
1247,sntl_1247,UT,Utah,Takka Wiiya,9110,39.74104,-113.98262,west,1091.44,1502.78,0,0,13,4.8,2026-03-16,167,2026-03-16,2.4,2026-03-21,172,2026-03-21,0,,,,12,TRUE
1248,sntl_1248,UT,Utah,Suu Ranch,8050,37.59711,-112.92949,west,1147.54,1815.5,0,0,13,4.9,2026-02-24,147,2026-02-24,2.45,2026-03-20,171,2026-03-20,0,,,,12,TRUE
1249,sntl_1249,UT,Utah,Sunflower Flat,10010,38.048,-111.33981,west,1327.08,1782.86,9.1,0.25,13,11.9,2026-03-17,168,2026-03-17,5.95,2026-04-20,202,2026-04-20,9.1,,,,12,TRUE
1251,sntl_1251,CO,Colorado,Sawtooth,9640,40.13632,-105.58486,west,1969.57,1575.74,11.9,0,12,15.8,2026-03-19,170,2026-03-19,7.9,2026-05-14,226,2026-05-14,11.9,,,,11,TRUE
1252,sntl_1252,CO,Colorado,Elkhead Divide,8780,40.79637,-107.10113,west,1822.76,1467.7,2.8,0,10,11.2,2026-03-16,167,2026-03-16,5.6,2026-03-27,178,2026-03-27,2.8,,,,9,FALSE
1254,sntl_1254,NM,New Mexico,Rio Santa Barbara,10640,36.07196,-105.62949,west,1907.94,2135.73,0.4,0,13,6.6,2026-02-21,144,2026-02-21,3.3,2026-03-27,178,2026-03-27,0.4,,,,12,TRUE
1256,sntl_1256,WA,Washington,Gold Mountain,4500,48.19253,-118.45715,west,904.66,271.46,0,0.0909,12,3.4,2026-03-04,155,2026-03-04,1.7,2026-03-19,170,2026-03-19,0,,,,11,TRUE
1257,sntl_1257,WA,Washington,Skate Creek,3770,46.64336,-121.83044,west,544.86,396.75,19.4,0.0909,12,23.6,2026-03-14,165,2026-03-14,11.8,2026-04-30,212,2026-04-30,19.4,,,,11,TRUE
1258,sntl_1258,CA,California,State Line,5690,41.98609,-120.71574,west,482.03,1044.76,0,,12,1,2026-02-23,146,2026-02-23,0.5,2026-02-25,148,2026-02-25,0,,,,10,TRUE
1259,sntl_1259,WA,Washington,Muckamuck,4470,48.58526,-119.86624,west,791.07,188.09,0,,12,3,2026-02-27,150,2026-02-27,1.5,2026-03-08,159,2026-03-08,0,,,,11,TRUE
1260,sntl_1260,AK,Alaska,Chena Lakes,500,64.75793,-147.21823,ak,807.54,248.66,5.2,0.6,6,5.2,2026-04-07,189,2026-04-07,2.6,2026-04-26,208,2026-04-26,5.2,,,,5,FALSE
1261,sntl_1261,UT,Utah,Lonesome Beaver,9530,38.07,-110.77241,west,1387.79,1789.47,0,0.0909,12,3.6,2026-02-24,147,2026-02-24,1.8,2026-03-17,168,2026-03-17,0,,,,11,TRUE
1262,sntl_1262,NV,Nevada,Fry Canyon,6790,41.58008,-115.9364,west,943.33,1212.93,0,,12,1.4,2026-02-19,142,2026-02-19,0.7,2026-02-23,146,2026-02-23,0,,,,11,TRUE
1263,sntl_1263,WA,Washington,Pinto Rock,4450,46.32318,-121.94219,west,522.8,436.16,15.2,0.0909,12,19.8,2026-03-13,164,2026-03-13,9.9,2026-04-25,207,2026-04-25,15.2,,,,11,TRUE
1266,sntl_1266,AK,Alaska,Telaquana Lake,1250,60.98347,-153.91866,ak,707.57,386.55,5.6,0.6364,12,5.6,2026-04-06,188,2026-04-06,2.8,2026-04-26,208,2026-04-26,5.6,,,,11,TRUE
1267,sntl_1267,AK,Alaska,Alexander Lake,170,61.7493,-150.89199,ak,757.65,358.39,9,0.5455,12,9,2026-04-09,191,2026-04-09,4.5,2026-04-27,209,2026-04-27,9,,,,11,TRUE
1268,sntl_1268,AK,Alaska,Fielding Lake,3000,63.2026,-145.63442,ak,837.96,300.17,6.7,0.0909,12,9.2,2026-04-26,208,2026-04-26,4.6,2026-05-21,233,2026-05-21,6.7,,,,11,TRUE
1269,sntl_1269,UT,Utah,Mt Pennell,9210,37.97793,-110.7933,west,1383.59,1801.73,0,,11,4.5,2026-02-23,146,2026-02-23,2.25,2026-03-11,162,2026-03-11,0,,,,10,TRUE
1270,sntl_1270,AK,Alaska,Heen Latinee,2100,58.69652,-134.86448,ak,1049.29,417.23,21.2,0.5556,10,23.9,2026-04-23,205,2026-04-23,11.95,2026-05-24,236,2026-05-24,21.2,,,,8,FALSE
1271,sntl_1271,AZ,Arizona,Hawley Lake,8290,33.97121,-109.76531,west,1412.89,2367.34,0,0.1,11,5.2,2026-02-25,148,2026-02-25,2.6,2026-03-11,162,2026-03-11,0,,,,10,TRUE
1272,sntl_1272,NV,Nevada,ONeil Creek,6490,41.86411,-115.08251,west,1036.75,1192.23,0,0,8,1.5,2026-02-25,148,2026-02-25,0.75,2026-02-28,151,2026-02-28,0,,,,7,FALSE
1275,sntl_1275,AK,Alaska,Jack Wade Jct,3660,64.14797,-141.32985,ak,898.78,256.83,6.5,0.5556,10,6.7,2026-04-24,206,2026-04-24,3.35,2026-05-13,225,2026-05-13,6.5,,,,9,FALSE
1277,sntl_1277,CA,California,Fredonyer Peak,7220,40.68799,-120.60805,west,446.6,1221.31,0,0,10,6.9,2026-02-24,147,2026-02-24,3.45,2026-03-15,166,2026-03-15,0,,,,8,FALSE
1278,sntl_1278,UT,Utah,Bobs Hollow,9320,38.94569,-112.15349,west,1261.84,1645.77,0,0,10,6.9,2026-02-23,146,2026-02-23,3.45,2026-03-26,177,2026-03-26,0,,,,9,FALSE
1280,sntl_1280,UT,Utah,Santaquin Meadows,7830,39.92076,-111.71802,west,1329.7,1520.17,0.1,0,10,8.1,2026-03-12,163,2026-03-12,4.05,2026-03-23,174,2026-03-23,0.1,,,,9,FALSE
1285,sntl_1285,AK,Alaska,Flower Mountain,2540,59.39617,-136.28123,ak,1018.03,400.55,31.4,0.75,9,33.7,2026-05-02,214,2026-05-02,16.85,2026-06-16,259,2026-06-16,31.4,,,,8,FALSE
1286,sntl_1286,MT,Montana,Slagamelt Lakes,8600,45.36526,-113.71834,west,1262.79,744.19,29.1,0.8,6,31.2,2026-04-29,211,2026-04-29,15.6,2026-05-26,238,2026-05-26,29.1,,,,5,FALSE
1287,sntl_1287,MT,Montana,JL Meadow,8750,44.77665,-113.12217,west,1305.06,834.41,10.4,0.1429,8,11.6,2026-03-17,168,2026-03-17,5.8,2026-05-10,222,2026-05-10,10.4,,,,7,FALSE
1299,sntl_1299,ID,Idaho,Pebble Creek,6520,42.7674,-112.10648,west,1356.03,1124.94,0,0,5,7.6,2026-03-09,160,2026-03-09,3.8,2026-03-24,175,2026-03-24,0,,,,4,FALSE
1300,sntl_1300,UT,Utah,Powder Mountain,8490,41.37428,-111.76673,west,1357.92,1320.74,11.1,0,5,17.8,2026-03-10,161,2026-03-10,8.9,2026-04-22,204,2026-04-22,11.1,,,,4,FALSE
1301,sntl_1301,AK,Alaska,Paradise Hill,2010,62.83329,-141.40918,ak,906.3,302.44,4.8,0.5,5,5.4,2026-04-22,204,2026-04-22,2.7,2026-04-29,211,2026-04-29,4.8,,,,4,FALSE
1302,sntl_1302,AK,Alaska,Creamers Field,440,64.86534,-147.73617,ak,799.47,245.67,5.4,0.75,5,5.7,2026-04-23,205,2026-04-23,2.85,2026-04-29,211,2026-04-29,5.4,,,,4,FALSE
1303,sntl_1303,AK,Alaska,Dahl Creek,250,66.94517,-156.90318,ak,666.08,176.37,5.2,0,4,6.2,2026-04-25,207,2026-04-25,3.1,2026-05-06,218,2026-05-06,5.2,,,,3,FALSE
1304,sntl_1304,UT,Utah,Gold Basin,10070,38.46516,-109.26332,west,1555.85,1759.06,3.5,0,5,10,2026-02-27,150,2026-02-27,5,2026-03-29,180,2026-03-29,3.5,,,,4,FALSE
1305,sntl_1305,ID,Idaho,Fish Ck,6380,43.55545,-113.71931,west,1216.47,989.24,0,0,5,3.4,2026-03-06,157,2026-03-06,1.7,2026-03-14,165,2026-03-14,0,,,,3,FALSE
1306,sntl_1306,ID,Idaho,Couch Summit,6780,43.51762,-114.80214,west,1109.69,973.78,0,0,5,7.3,2026-03-05,156,2026-03-05,3.65,2026-03-22,173,2026-03-22,0,,,,4,FALSE
1307,sntl_1307,NM,New Mexico,Taos Pueblo,10990,36.54099,-105.35944,west,1944,2074.03,0.3,0,5,6.2,2026-02-26,149,2026-02-26,3.1,2026-03-11,162,2026-03-11,0.3,,,,4,FALSE
1308,sntl_1308,UT,Utah,Atwater,8750,40.59124,-111.63775,west,1353.21,1429.9,14.8,0,4,26.8,2026-03-08,159,2026-03-08,13.4,2026-04-11,193,2026-04-11,14.8,,,,3,FALSE
1309,sntl_1309,UT,Utah,Rockwood GS,8600,38.67101,-112.3305,west,1236.8,1680.09,0,,4,2.8,2026-02-24,147,2026-02-24,1.4,2026-03-02,153,2026-03-02,0,,,,3,FALSE
1310,sntl_1310,NV,Nevada,Lamoille Upper,8990,40.59965,-115.37902,west,971.68,1357.62,9.6,0,4,14.2,2026-03-17,168,2026-03-17,7.1,2026-05-03,215,2026-05-03,9.6,,,,3,FALSE
1311,sntl_1311,MT,Montana,Stryker Basin,6200,48.68005,-114.66365,west,1261.4,281.91,28.5,0.5,3,32,2026-04-19,201,2026-04-19,16,2026-05-25,237,2026-05-25,28.5,,,,2,FALSE
1312,sntl_1312,MT,Montana,Chicago Ridge,5700,48.06224,-115.69748,west,1150.81,345.17,33.3,0.3333,4,34.5,2026-04-05,187,2026-04-05,17.25,2026-05-13,225,2026-05-13,33.3,,,,3,FALSE
1314,sntl_1314,OR,Oregon,Fifteenmile,5970,45.35265,-121.53,west,525.34,575.21,20,0,4,21.7,2026-03-14,165,2026-03-14,10.85,2026-05-06,218,2026-05-06,20,,,,3,FALSE
1316,sntl_1316,MT,Montana,Elk Peak Alt,7820,46.47617,-110.72148,west,1572.4,642.78,14.5,0.5,3,18.3,2026-04-30,212,2026-04-30,9.15,2026-05-16,228,2026-05-16,14.5,,,,2,FALSE
1317,sntl_1317,CA,California,Willow Flat CA,8220,38.27203,-119.45124,west,480.91,1576.04,0,,3,10.2,2026-02-24,147,2026-02-24,5.1,2026-03-20,171,2026-03-20,0,,,,2,FALSE
1318,sntl_1318,AK,Alaska,Hoonah,1520,58.12411,-135.413,ak,1045.28,439.37,19.7,0.5,3,21.2,2026-04-19,201,2026-04-19,10.6,2026-05-17,229,2026-05-17,19.7,,,,0,FALSE
1319,sntl_1319,WA,Washington,Decline Creek,4480,48.23594,-121.455,west,636.85,196.37,22.3,0,7,24.1,2026-03-17,168,2026-03-17,12.05,2026-05-04,216,2026-05-04,22.3,,,,5,FALSE
1321,sntl_1321,UT,Utah,Mill Creek Canyon,6960,40.69656,-111.67712,west,1351.58,1414.84,0,,2,7.9,2026-03-11,162,2026-03-11,3.95,2026-03-26,177,2026-03-26,0,,,,1,FALSE
1322,sntl_1322,MT,Montana,Mill Creek,7420,45.263,-110.40501,west,1577.03,812.08,8.9,,1,10.4,2026-03-18,169,2026-03-18,5.2,2026-05-04,216,2026-05-04,8.9,,,,0,FALSE
1323,sntl_1323,UT,Utah,Elk Ridge,8540,37.82308,-109.77156,west,1489.21,1839.44,0,,2,2.9,2026-02-24,147,2026-02-24,1.45,2026-03-01,152,2026-03-01,0,,,,1,FALSE
1324,sntl_1324,CO,Colorado,Rat Creek,11680,37.93571,-106.98192,west,1789.3,1863,1.3,0,2,6.8,2026-03-13,164,2026-03-13,3.4,2026-03-23,174,2026-03-23,1.3,,,,1,FALSE
1325,sntl_1325,CO,Colorado,Elwood Pass,11680,37.40563,-106.64136,west,1817.52,1940.18,4.9,0,2,12,2026-03-10,161,2026-03-10,6,2026-03-30,181,2026-03-30,4.9,,,,1,FALSE
1326,sntl_1326,CO,Colorado,Castle Peak,11510,39.00074,-106.83912,west,1821.38,1718.07,11.5,0,2,16.1,2026-05-08,220,2026-05-08,8.05,2026-05-25,237,2026-05-25,11.5,,,,1,FALSE
1327,sntl_1327,AK,Alaska,Pilgrim Hot Springs,20,65.09455,-164.92472,ak,545.3,228.77,4.3,1,2,4.8,2026-04-23,205,2026-04-23,2.4,2026-04-28,210,2026-04-28,4.3,,,,1,FALSE
1330,sntl_1330,AK,Alaska,Seven Mile,660,65.93772,-149.8631,ak,765.5,210.63,,,,3.4,2026-02-06,129,2026-02-06,1.7,2026-05-10,222,2026-05-10,,,,,1,FALSE
1331,sntl_1331,CA,California,Lost Lakes,8640,38.64745,-119.95141,west,441.93,1512.4,27.3,0,2,35.2,2026-02-25,148,2026-02-25,17.6,2026-05-23,235,2026-05-23,27.3,,,,1,FALSE
1332,sntl_1332,AK,Alaska,Elmendorf Field,170,61.24777,-149.82331,ak,776.43,375.04,5,1,2,5,2026-04-03,185,2026-04-03,2.5,2026-04-10,192,2026-04-10,5,,,,1,FALSE
1344,sntl_1344,CO,Colorado,Alta Lakes,11290,37.88929,-107.84484,west,1696.25,1858.25,9.9,,1,12.2,2026-05-05,217,2026-05-05,6.1,2026-05-17,229,2026-05-17,9.9,,,,0,FALSE
1345,sntl_1345,WA,Washington,Deer Pass,3360,48.3325,-121.72133,west,616.56,177.12,14.1,0,3,22.2,2026-03-17,168,2026-03-17,11.1,2026-04-07,189,2026-04-07,14.1,,,,2,FALSE
2029,sntl_2029,ID,Idaho,Reynolds Creek,5590,43.28863,-116.8431,west,904.05,962.57,0,,24,0.7,2026-02-23,146,2026-02-23,0.35,2026-02-25,148,2026-02-25,0,,,,23,TRUE
2065,sntl_2065,AK,Alaska,Aniak,90,61.58337,-159.57708,ak,613.43,361.54,5.8,1,2,5.8,2026-04-06,188,2026-04-06,2.9,2026-04-26,208,2026-04-26,5.8,,,,1,FALSE
2080,sntl_2080,AK,Alaska,Tok,1640,63.32529,-143.03834,ak,877.82,289.97,4.1,0.6667,7,4.1,2026-04-21,203,2026-04-21,2.05,2026-04-30,212,2026-04-30,4.1,,,,4,FALSE
2170,sntl_2170,NV,Nevada,Porter Canyon,7190,39.46544,-117.62069,west,708.95,1460.95,0,,12,0.8,2026-02-24,147,2026-02-24,0.4,2026-02-25,148,2026-02-25,0,,,,11,TRUE
